job_id,state,name,filename,size_mb,created
10057453,Arizona,Avondale,10057453_Avondale_Arizona_expanded_cel_cdl_report.zip,155.4789333343506,2025-12-24 17:35:14
10057453,Arizona,Avondale,10057453_Avondale_Arizona_pin_report.zip,1547.9980688095093,2025-12-24 17:36:26
10057417,Arizona,Buckeye_1_a,10057417_Buckeye_1_a_Arizona_expanded_cel_cdl_report.zip,30.671829223632812,2025-12-24 17:41:07
10057417,Arizona,Buckeye_1_a,10057417_Buckeye_1_a_Arizona_pin_report.tsv.gz,206.66918182373047,2025-12-24 17:41:26
10057416,Arizona,Buckeye_1_b,10057416_Buckeye_1_b_Arizona_pin_report.tsv.gz,206.53188800811768,2025-12-24 17:41:29
10057416,Arizona,Buckeye_1_b,10057416_Buckeye_1_b_Arizona_expanded_cel_cdl_report.zip,30.67189311981201,2025-12-24 17:41:16
10057425,Arizona,Casa_Grande_a,10057425_Casa_Grande_a_Arizona_expanded_cel_cdl_report.zip,93.65274238586426,2025-12-24 17:39:17
10057425,Arizona,Casa_Grande_a,10057425_Casa_Grande_a_Arizona_pin_report.tsv.gz,1213.1839542388916,2025-12-24 17:40:14
10057424,Arizona,Casa_Grande_b,10057424_Casa_Grande_b_Arizona_pin_report.tsv.gz,1213.1704025268555,2025-12-24 17:41:36
10057424,Arizona,Casa_Grande_b,10057424_Casa_Grande_b_Arizona_expanded_cel_cdl_report.zip,93.65540313720703,2025-12-24 17:39:33
10057444,Arizona,Chandler_1,10057444_Chandler_1_Arizona_expanded_cel_cdl_report.zip,214.93113327026367,2025-12-24 17:37:15
10057444,Arizona,Chandler_1,10057444_Chandler_1_Arizona_pin_report.zip,2545.826192855835,2025-12-24 17:41:36
10057466,Arizona,Chandler_2,10057466_Chandler_2_Arizona_expanded_cel_cdl_report.zip,138.8081693649292,2025-12-24 17:33:08
10057466,Arizona,Chandler_2,10057466_Chandler_2_Arizona_pin_report.tsv.gz,681.7700567245483,2025-12-24 17:33:31
10057475,Arizona,Chandler_3_a,10057475_Chandler_3_a_Arizona_expanded_cel_cdl_report.zip,84.38920974731445,2025-12-24 17:31:41
10057475,Arizona,Chandler_3_a,10057475_Chandler_3_a_Arizona_pin_report.tsv.gz,414.31345653533936,2025-12-24 17:32:38
10057474,Arizona,Chandler_3_b,10057474_Chandler_3_b_Arizona_expanded_cel_cdl_report.zip,84.38793659210205,2025-12-24 17:32:07
10057474,Arizona,Chandler_3_b,10057474_Chandler_3_b_Arizona_pin_report.tsv.gz,414.8511047363281,2025-12-24 17:32:45
10057422,Arizona,Chandler_4,10057422_Chandler_4_Arizona_pin_report.tsv.gz,927.077112197876,2025-12-24 17:41:41
10057422,Arizona,Chandler_4,10057422_Chandler_4_Arizona_expanded_cel_cdl_report.zip,189.12672901153564,2025-12-24 17:40:09
10057428,Arizona,Flagstaff_a,10057428_Flagstaff_a_Arizona_pin_report.tsv.gz,818.7886075973511,2025-12-24 17:40:09
10057428,Arizona,Flagstaff_a,10057428_Flagstaff_a_Arizona_expanded_cel_cdl_report.zip,99.20299816131592,2025-12-24 17:38:49
10057427,Arizona,Flagstaff_b,10057427_Flagstaff_b_Arizona_pin_report.tsv.gz,819.0227766036987,2025-12-24 17:39:54
10057427,Arizona,Flagstaff_b,10057427_Flagstaff_b_Arizona_expanded_cel_cdl_report.zip,99.19829559326172,2025-12-24 17:38:57
10057443,Arizona,Gilbert_1,10057443_Gilbert_1_Arizona_pin_report.tsv.gz,841.241870880127,2025-12-24 17:37:59
10057443,Arizona,Gilbert_1,10057443_Gilbert_1_Arizona_expanded_cel_cdl_report.zip,139.63105487823486,2025-12-24 17:37:16
10057452,Arizona,Gilbert_2,10057452_Gilbert_2_Arizona_expanded_cel_cdl_report.zip,220.3577709197998,2025-12-24 17:35:01
10057452,Arizona,Gilbert_2,10057452_Gilbert_2_Arizona_pin_report.zip,1968.7012243270874,2025-12-24 17:37:18
10057476,Arizona,Gilbert_3,10057476_Gilbert_3_Arizona_pin_report.zip,1547.4257125854492,2025-12-24 17:34:02
10057476,Arizona,Gilbert_3,10057476_Gilbert_3_Arizona_expanded_cel_cdl_report.zip,193.5146656036377,2025-12-24 17:31:30
10057462,Arizona,Gilbert_4_a,10057462_Gilbert_4_a_Arizona_pin_report.tsv.gz,525.5801687240601,2025-12-24 17:34:32
10057462,Arizona,Gilbert_4_a,10057462_Gilbert_4_a_Arizona_expanded_cel_cdl_report.zip,99.82218074798584,2025-12-24 17:33:37
10057461,Arizona,Gilbert_4_b,10057461_Gilbert_4_b_Arizona_pin_report.tsv.gz,526.479850769043,2025-12-24 17:33:50
10057461,Arizona,Gilbert_4_b,10057461_Gilbert_4_b_Arizona_expanded_cel_cdl_report.zip,99.82422256469727,2025-12-24 17:33:41
10057458,Arizona,Glendale_1,10057458_Glendale_1_Arizona_pin_report.zip,1472.0317783355713,2025-12-24 17:36:29
10057458,Arizona,Glendale_1,10057458_Glendale_1_Arizona_expanded_cel_cdl_report.zip,170.84289741516113,2025-12-24 17:34:38
10057469,Arizona,Glendale_2,10057469_Glendale_2_Arizona_expanded_cel_cdl_report.zip,322.28585052490234,2025-12-24 17:32:55
10057469,Arizona,Glendale_2,10057469_Glendale_2_Arizona_pin_report.zip,2317.8495864868164,2025-12-24 17:38:14
10057434,Arizona,Globe,10057434_Globe_Arizona_expanded_cel_cdl_report.zip,44.74285411834717,2025-12-24 17:38:08
10057434,Arizona,Globe,10057434_Globe_Arizona_pin_report.tsv.gz,664.1509609222412,2025-12-24 17:39:34
10057436,Arizona,Goodyear_a,10057436_Goodyear_a_Arizona_expanded_cel_cdl_report.zip,41.324501037597656,2025-12-24 17:37:51
10057436,Arizona,Goodyear_a,10057436_Goodyear_a_Arizona_pin_report.tsv.gz,346.43606090545654,2025-12-24 17:38:04
10057435,Arizona,Goodyear_b,10057435_Goodyear_b_Arizona_expanded_cel_cdl_report.zip,41.32547664642334,2025-12-24 17:38:04
10057435,Arizona,Goodyear_b,10057435_Goodyear_b_Arizona_pin_report.tsv.gz,345.9896993637085,2025-12-24 17:38:35
10057472,Arizona,Marana_a,10057472_Marana_a_Arizona_pin_report.tsv.gz,328.81252574920654,2025-12-24 17:32:46
10057472,Arizona,Marana_a,10057472_Marana_a_Arizona_expanded_cel_cdl_report.zip,37.32064151763916,2025-12-24 17:32:37
10057471,Arizona,Marana_b,10057471_Marana_b_Arizona_pin_report.tsv.gz,328.2523021697998,2025-12-24 17:33:24
10057471,Arizona,Marana_b,10057471_Marana_b_Arizona_expanded_cel_cdl_report.zip,37.32072162628174,2025-12-24 17:32:44
10057465,Arizona,Maricopa_a,10057465_Maricopa_a_Arizona_expanded_cel_cdl_report.zip,50.23247051239014,2025-12-24 17:33:28
10057465,Arizona,Maricopa_a,10057465_Maricopa_a_Arizona_pin_report.tsv.gz,326.9222536087036,2025-12-24 17:33:29
10057464,Arizona,Maricopa_b,10057464_Maricopa_b_Arizona_expanded_cel_cdl_report.zip,50.23536777496338,2025-12-24 17:33:28
10057464,Arizona,Maricopa_b,10057464_Maricopa_b_Arizona_pin_report.tsv.gz,326.8267068862915,2025-12-24 17:33:39
10057460,Arizona,Mesa_1,10057460_Mesa_1_Arizona_pin_report.zip,1447.2916193008423,2025-12-24 17:34:34
10057460,Arizona,Mesa_1,10057460_Mesa_1_Arizona_expanded_cel_cdl_report.zip,219.6624402999878,2025-12-24 17:34:01
10057438,Arizona,Mesa_2_a,10057438_Mesa_2_a_Arizona_pin_report.tsv.gz,468.64345359802246,2025-12-24 17:38:06
10057438,Arizona,Mesa_2_a,10057438_Mesa_2_a_Arizona_expanded_cel_cdl_report.zip,102.61946678161621,2025-12-24 17:37:38
10057437,Arizona,Mesa_2_b,10057437_Mesa_2_b_Arizona_pin_report.tsv.gz,468.90369415283203,2025-12-24 17:38:34
10057437,Arizona,Mesa_2_b,10057437_Mesa_2_b_Arizona_expanded_cel_cdl_report.zip,102.62144470214844,2025-12-24 17:37:46
10057451,Arizona,Mesa_3,10057451_Mesa_3_Arizona_pin_report.tsv.gz,938.6121006011963,2025-12-24 17:36:17
10057451,Arizona,Mesa_3,10057451_Mesa_3_Arizona_expanded_cel_cdl_report.zip,164.69974040985107,2025-12-24 17:35:22
10057457,Arizona,Mesa_4_a,10057457_Mesa_4_a_Arizona_expanded_cel_cdl_report.zip,173.99464893341064,2025-12-24 17:34:42
10057457,Arizona,Mesa_4_a,10057457_Mesa_4_a_Arizona_pin_report.tsv.gz,1311.1689949035645,2025-12-24 17:36:40
10057456,Arizona,Mesa_4_b,10057456_Mesa_4_b_Arizona_pin_report.tsv.gz,1309.9675407409668,2025-12-24 17:36:32
10057456,Arizona,Mesa_4_b,10057456_Mesa_4_b_Arizona_expanded_cel_cdl_report.zip,173.99774932861328,2025-12-24 17:34:47
10057440,Arizona,Oro_Valley_a,10057440_Oro_Valley_a_Arizona_expanded_cel_cdl_report.zip,19.137207984924316,2025-12-24 17:37:21
10057440,Arizona,Oro_Valley_a,10057440_Oro_Valley_a_Arizona_pin_report.tsv.gz,119.56885051727295,2025-12-24 17:37:27
10057439,Arizona,Oro_Valley_b,10057439_Oro_Valley_b_Arizona_pin_report.tsv.gz,119.54033088684082,2025-12-24 17:37:33
10057439,Arizona,Oro_Valley_b,10057439_Oro_Valley_b_Arizona_expanded_cel_cdl_report.zip,19.135395050048828,2025-12-24 17:37:26
10057446,Arizona,Peoria_1_a,10057446_Peoria_1_a_Arizona_expanded_cel_cdl_report.zip,131.98938941955566,2025-12-24 17:36:44
10057446,Arizona,Peoria_1_a,10057446_Peoria_1_a_Arizona_pin_report.tsv.gz,1093.7300806045532,2025-12-24 17:38:21
10057445,Arizona,Peoria_1_b,10057445_Peoria_1_b_Arizona_pin_report.tsv.gz,1090.8447647094727,2025-12-24 17:37:18
10057445,Arizona,Peoria_1_b,10057445_Peoria_1_b_Arizona_expanded_cel_cdl_report.zip,131.98707962036133,2025-12-24 17:36:46
10057423,Arizona,Phoenix_1,10057423_Phoenix_1_Arizona_expanded_cel_cdl_report.zip,454.88687324523926,2025-12-24 17:40:10
10057423,Arizona,Phoenix_1,10057423_Phoenix_1_Arizona_pin_report.zip,2505.886552810669,2025-12-24 17:41:26
10057463,Arizona,Phoenix_2,10057463_Phoenix_2_Arizona_pin_report.zip,2936.0864038467407,2025-12-24 17:37:43
10057463,Arizona,Phoenix_2,10057463_Phoenix_2_Arizona_expanded_cel_cdl_report.zip,539.3392429351807,2025-12-24 17:34:36
10057442,Arizona,Phoenix_3,10057442_Phoenix_3_Arizona_expanded_cel_cdl_report.zip,927.1293210983276,2025-12-24 17:38:06
10057442,Arizona,Phoenix_3,10057442_Phoenix_3_Arizona_pin_report.zip,5202.997094154358,2025-12-24 17:45:58
10057470,Arizona,Phoenix_4,10057470_Phoenix_4_Arizona_expanded_cel_cdl_report.zip,170.90848922729492,2025-12-24 17:32:55
10057470,Arizona,Phoenix_4,10057470_Phoenix_4_Arizona_pin_report.tsv.gz,763.932671546936,2025-12-24 17:34:06
10057448,Arizona,Phoenix_5_a,10057448_Phoenix_5_a_Arizona_pin_report.tsv.gz,422.52545833587646,2025-12-24 17:36:56
10057448,Arizona,Phoenix_5_a,10057448_Phoenix_5_a_Arizona_expanded_cel_cdl_report.zip,71.5235071182251,2025-12-24 17:36:23
10057447,Arizona,Phoenix_5_b,10057447_Phoenix_5_b_Arizona_pin_report.tsv.gz,420.91302967071533,2025-12-24 17:37:01
10057447,Arizona,Phoenix_5_b,10057447_Phoenix_5_b_Arizona_expanded_cel_cdl_report.zip,71.52102375030518,2025-12-24 17:36:39
10057421,Arizona,Prescott_Valley,10057421_Prescott_Valley_Arizona_expanded_cel_cdl_report.zip,115.93147468566895,2025-12-24 17:40:17
10057421,Arizona,Prescott_Valley,10057421_Prescott_Valley_Arizona_pin_report.tsv.gz,1370.2821187973022,2025-12-24 17:43:09
10057432,Arizona,Queen_Creek_1_a,10057432_Queen_Creek_1_a_Arizona_expanded_cel_cdl_report.zip,47.54275131225586,2025-12-24 17:38:20
10057432,Arizona,Queen_Creek_1_a,10057432_Queen_Creek_1_a_Arizona_pin_report.tsv.gz,246.26711463928223,2025-12-24 17:38:37
10057431,Arizona,Queen_Creek_1_b,10057431_Queen_Creek_1_b_Arizona_pin_report.tsv.gz,246.61624336242676,2025-12-24 17:38:54
10057431,Arizona,Queen_Creek_1_b,10057431_Queen_Creek_1_b_Arizona_expanded_cel_cdl_report.zip,47.5411376953125,2025-12-24 17:38:26
10057468,Arizona,San_Tan_Valley_a,10057468_San_Tan_Valley_a_Arizona_pin_report.tsv.gz,466.05944061279297,2025-12-24 17:33:04
10057468,Arizona,San_Tan_Valley_a,10057468_San_Tan_Valley_a_Arizona_expanded_cel_cdl_report.zip,39.83019733428955,2025-12-24 17:32:50
10057467,Arizona,San_Tan_Valley_b,10057467_San_Tan_Valley_b_Arizona_expanded_cel_cdl_report.zip,39.829407691955566,2025-12-24 17:32:59
10057467,Arizona,San_Tan_Valley_b,10057467_San_Tan_Valley_b_Arizona_pin_report.tsv.gz,468.2784004211426,2025-12-24 17:33:34
10057420,Arizona,Scottsdale_1_a,10057420_Scottsdale_1_a_Arizona_pin_report.tsv.gz,579.5074281692505,2025-12-24 17:41:12
10057420,Arizona,Scottsdale_1_a,10057420_Scottsdale_1_a_Arizona_expanded_cel_cdl_report.zip,73.3206672668457,2025-12-24 17:40:23
10057419,Arizona,Scottsdale_1_b,10057419_Scottsdale_1_b_Arizona_pin_report.tsv.gz,579.1571273803711,2025-12-24 17:40:51
10057419,Arizona,Scottsdale_1_b,10057419_Scottsdale_1_b_Arizona_expanded_cel_cdl_report.zip,73.32098388671875,2025-12-24 17:40:30
10057429,Arizona,Show_Low,10057429_Show_Low_Arizona_expanded_cel_cdl_report.zip,121.35135555267334,2025-12-24 17:38:36
10057429,Arizona,Show_Low,10057429_Show_Low_Arizona_pin_report.tsv.gz,1287.025050163269,2025-12-24 17:39:10
10057455,Arizona,Sierra_Vista_a,10057455_Sierra_Vista_a_Arizona_expanded_cel_cdl_report.zip,4.80013370513916,2025-12-24 17:34:41
10057455,Arizona,Sierra_Vista_a,10057455_Sierra_Vista_a_Arizona_pin_report.tsv.gz,34.21462631225586,2025-12-24 17:34:47
10057454,Arizona,Sierra_Vista_b,10057454_Sierra_Vista_b_Arizona_pin_report.tsv.gz,34.23122596740723,2025-12-24 17:34:49
10057454,Arizona,Sierra_Vista_b,10057454_Sierra_Vista_b_Arizona_expanded_cel_cdl_report.zip,4.79926872253418,2025-12-24 17:34:45
10057433,Arizona,Surprise_1,10057433_Surprise_1_Arizona_pin_report.zip,2179.934076309204,2025-12-24 17:40:42
10057433,Arizona,Surprise_1,10057433_Surprise_1_Arizona_expanded_cel_cdl_report.zip,183.04577827453613,2025-12-24 17:38:21
10057441,Arizona,Surprise_2,10057441_Surprise_2_Arizona_expanded_cel_cdl_report.zip,66.5211181640625,2025-12-24 17:37:23
10057441,Arizona,Surprise_2,10057441_Surprise_2_Arizona_pin_report.tsv.gz,462.4467144012451,2025-12-24 17:38:22
10057418,Arizona,Tempe_1,10057418_Tempe_1_Arizona_expanded_cel_cdl_report.zip,230.70073699951172,2025-12-24 17:41:02
10057418,Arizona,Tempe_1,10057418_Tempe_1_Arizona_pin_report.zip,2126.1141080856323,2025-12-24 17:43:14
10057459,Arizona,Tempe_2,10057459_Tempe_2_Arizona_pin_report.tsv.gz,1406.7623100280762,2025-12-24 17:36:40
10057459,Arizona,Tempe_2,10057459_Tempe_2_Arizona_expanded_cel_cdl_report.zip,255.31103324890137,2025-12-24 17:34:21
10057426,Arizona,Tucson_1,10057426_Tucson_1_Arizona_expanded_cel_cdl_report.zip,255.03715801239014,2025-12-24 17:39:40
10057426,Arizona,Tucson_1,10057426_Tucson_1_Arizona_pin_report.zip,1940.317816734314,2025-12-24 17:43:47
10057450,Arizona,Tucson_2_a,10057450_Tucson_2_a_Arizona_expanded_cel_cdl_report.zip,75.25298404693604,2025-12-24 17:35:31
10057450,Arizona,Tucson_2_a,10057450_Tucson_2_a_Arizona_pin_report.tsv.gz,350.7748718261719,2025-12-24 17:35:58
10057449,Arizona,Tucson_2_b,10057449_Tucson_2_b_Arizona_pin_report.tsv.gz,350.890682220459,2025-12-24 17:36:41
10057449,Arizona,Tucson_2_b,10057449_Tucson_2_b_Arizona_expanded_cel_cdl_report.zip,75.25596332550049,2025-12-24 17:36:12
10057473,Arizona,Tucson_3,10057473_Tucson_3_Arizona_expanded_cel_cdl_report.zip,174.6624050140381,2025-12-24 17:32:20
10057473,Arizona,Tucson_3,10057473_Tucson_3_Arizona_pin_report.tsv.gz,955.676965713501,2025-12-24 17:35:12
10057430,Arizona,Yuma,10057430_Yuma_Arizona_expanded_cel_cdl_report.zip,72.36486911773682,2025-12-24 17:38:28
10057430,Arizona,Yuma,10057430_Yuma_Arizona_pin_report.tsv.gz,1108.4500970840454,2025-12-24 17:39:26
10057220,California,Alameda_a,10057220_Alameda_a_California_expanded_cel_cdl_report.zip,130.30138111114502,2025-12-23 18:40:33
10057220,California,Alameda_a,10057220_Alameda_a_California_pin_report.tsv.gz,845.2504110336304,2025-12-23 18:42:56
10057219,California,Alameda_b,10057219_Alameda_b_California_pin_report.tsv.gz,845.0739469528198,2025-12-23 18:42:54
10057219,California,Alameda_b,10057219_Alameda_b_California_expanded_cel_cdl_report.zip,130.30478477478027,2025-12-23 18:41:05
10057357,California,Anaheim,10057357_Anaheim_California_pin_report.zip,2599.7970809936523,2025-12-23 18:12:53
10057357,California,Anaheim,10057357_Anaheim_California_expanded_cel_cdl_report.zip,524.4345445632935,2025-12-23 18:09:25
10057322,California,Antelope,10057322_Antelope_California_pin_report.zip,1598.3795518875122,2025-12-23 18:21:48
10057322,California,Antelope,10057322_Antelope_California_expanded_cel_cdl_report.zip,200.95048236846924,2025-12-23 18:19:05
10057340,California,Antioch_a,10057340_Antioch_a_California_pin_report.tsv.gz,300.8717670440674,2025-12-23 18:12:30
10057340,California,Antioch_a,10057340_Antioch_a_California_expanded_cel_cdl_report.zip,27.009753227233887,2025-12-23 18:12:20
10057339,California,Antioch_b,10057339_Antioch_b_California_expanded_cel_cdl_report.zip,27.011333465576172,2025-12-23 18:12:32
10057339,California,Antioch_b,10057339_Antioch_b_California_pin_report.tsv.gz,300.81313037872314,2025-12-23 18:12:43
10057182,California,Arcata,10057182_Arcata_California_expanded_cel_cdl_report.zip,74.37563133239746,2025-12-23 18:51:30
10057182,California,Arcata,10057182_Arcata_California_pin_report.tsv.gz,1359.5101709365845,2025-12-23 18:54:05
10057286,California,Bakersfield_1,10057286_Bakersfield_1_California_pin_report.tsv.gz,1272.576880455017,2025-12-23 18:28:13
10057286,California,Bakersfield_1,10057286_Bakersfield_1_California_expanded_cel_cdl_report.zip,123.77551555633545,2025-12-23 18:25:55
10057304,California,Bakersfield_2,10057304_Bakersfield_2_California_pin_report.tsv.gz,766.9554357528687,2025-12-23 18:23:28
10057304,California,Bakersfield_2,10057304_Bakersfield_2_California_expanded_cel_cdl_report.zip,142.69964027404785,2025-12-23 18:21:58
10057206,California,Beaumont,10057206_Beaumont_California_expanded_cel_cdl_report.zip,77.10668468475342,2025-12-23 18:44:34
10057206,California,Beaumont,10057206_Beaumont_California_pin_report.tsv.gz,624.2003145217896,2025-12-23 18:45:11
10057295,California,Brentwood,10057295_Brentwood_California_expanded_cel_cdl_report.zip,120.98008251190186,2025-12-23 18:23:29
10057295,California,Brentwood,10057295_Brentwood_California_pin_report.tsv.gz,1274.3729076385498,2025-12-23 18:26:44
10057323,California,Burbank,10057323_Burbank_California_pin_report.zip,1842.2696733474731,2025-12-23 18:23:25
10057323,California,Burbank,10057323_Burbank_California_expanded_cel_cdl_report.zip,208.92345333099365,2025-12-23 18:18:54
10057354,California,Carlsbad,10057354_Carlsbad_California_expanded_cel_cdl_report.zip,113.246750831604,2025-12-23 18:08:32
10057354,California,Carlsbad,10057354_Carlsbad_California_pin_report.tsv.gz,720.0925493240356,2025-12-23 18:10:27
10057278,California,Carson,10057278_Carson_California_pin_report.zip,2357.5085020065308,2025-12-23 18:34:04
10057278,California,Carson,10057278_Carson_California_expanded_cel_cdl_report.zip,229.39043045043945,2025-12-23 18:28:23
10057268,California,Chico,10057268_Chico_California_expanded_cel_cdl_report.zip,56.75508499145508,2025-12-23 18:30:15
10057268,California,Chico,10057268_Chico_California_pin_report.tsv.gz,400.49289321899414,2025-12-23 18:30:32
10057229,California,Chino,10057229_Chino_Hills_California_pin_report.tsv.gz,908.9825563430786,2025-12-23 18:40:21
10057291,California,Chino,10057291_Chino_California_expanded_cel_cdl_report.zip,295.61262702941895,2025-12-23 18:24:43
10057229,California,Chino_Hills,10057229_Chino_Hills_California_pin_report.tsv.gz,908.9825563430786,2025-12-23 18:40:21
10057229,California,Chino_Hills,10057229_Chino_Hills_California_expanded_cel_cdl_report.zip,124.40170955657959,2025-12-23 18:38:55
10057306,California,Chula_Vista_1,10057306_Chula_Vista_1_California_expanded_cel_cdl_report.zip,155.3031759262085,2025-12-23 18:21:43
10057306,California,Chula_Vista_1,10057306_Chula_Vista_1_California_pin_report.zip,1628.048225402832,2025-12-23 18:24:30
10057210,California,Citrus_Heights,10057210_Citrus_Heights_California_expanded_cel_cdl_report.zip,223.5529384613037,2025-12-23 18:43:50
10057210,California,Citrus_Heights,10057210_Citrus_Heights_California_pin_report.zip,1679.6196775436401,2025-12-23 18:47:17
10057233,California,Clovis,10057233_Clovis_California_expanded_cel_cdl_report.zip,151.4686794281006,2025-12-23 18:38:09
10057233,California,Clovis,10057233_Clovis_California_pin_report.zip,1617.1733894348145,2025-12-23 18:40:15
10057335,California,Concord,10057335_Concord_California_expanded_cel_cdl_report.zip,236.25215530395508,2025-12-23 18:13:39
10057335,California,Concord,10057335_Concord_California_pin_report.zip,2097.7800159454346,2025-12-23 18:18:38
10057326,California,Corona,10057326_Corona_California_expanded_cel_cdl_report.zip,178.5784158706665,2025-12-23 18:18:18
10057326,California,Corona,10057326_Corona_California_pin_report.tsv.gz,1362.2781524658203,2025-12-23 18:22:11
10057238,California,Cupertino_a,10057238_Cupertino_a_California_pin_report.tsv.gz,1066.7995386123657,2025-12-23 18:37:02
10057238,California,Cupertino_a,10057238_Cupertino_a_California_expanded_cel_cdl_report.zip,132.75107765197754,2025-12-23 18:36:14
10057237,California,Cupertino_b,10057237_Cupertino_b_California_expanded_cel_cdl_report.zip,132.75146293640137,2025-12-23 18:36:48
10057237,California,Cupertino_b,10057237_Cupertino_b_California_pin_report.tsv.gz,1066.6428184509277,2025-12-23 18:38:13
10057353,California,Davis,10057353_Davis_California_expanded_cel_cdl_report.zip,52.588433265686035,2025-12-23 18:09:21
10057353,California,Davis,10057353_Davis_California_pin_report.tsv.gz,313.4368476867676,2025-12-23 18:09:28
10057218,California,Delano,10057218_Delano_California_expanded_cel_cdl_report.zip,159.63861560821533,2025-12-23 18:41:20
10057218,California,Delano,10057218_Delano_California_pin_report.zip,2662.549512863159,2025-12-23 18:47:53
10057225,California,Eastvale,10057225_Eastvale_California_expanded_cel_cdl_report.zip,183.34899997711182,2025-12-23 18:39:55
10057225,California,Eastvale,10057225_Eastvale_California_pin_report.zip,1583.5643920898438,2025-12-23 18:41:18
10057320,California,El_Centro,10057320_El_Centro_California_expanded_cel_cdl_report.zip,42.49576282501221,2025-12-23 18:19:07
10057320,California,El_Centro,10057320_El_Centro_California_pin_report.tsv.gz,347.27653408050537,2025-12-23 18:19:40
10057281,California,El_Cerrito,10057281_El_Cerrito_California_pin_report.zip,1589.9993028640747,2025-12-23 18:28:26
10057281,California,El_Cerrito,10057281_El_Cerrito_California_expanded_cel_cdl_report.zip,136.04181003570557,2025-12-23 18:26:51
10057717,California,El_Paso_de_Robles__Paso_Robles_,10057717_El_Paso_de_Robles__Paso_Robles__California_expanded_cel_cdl_report.zip,82.93086433410645,2025-12-24 22:25:02
10057717,California,El_Paso_de_Robles__Paso_Robles_,10057717_El_Paso_de_Robles__Paso_Robles__California_pin_report.tsv.gz,578.6617527008057,2025-12-24 22:25:31
10057290,California,El_Segundo,10057290_El_Segundo_California_pin_report.zip,3985.077570915222,2025-12-23 18:34:35
10057290,California,El_Segundo,10057290_El_Segundo_California_expanded_cel_cdl_report.zip,581.5456314086914,2025-12-23 18:25:22
10057187,California,Elk_Grove_1,10057187_Elk_Grove_1_California_pin_report.zip,1682.7498092651367,2025-12-23 18:52:45
10057187,California,Elk_Grove_1,10057187_Elk_Grove_1_California_expanded_cel_cdl_report.zip,184.43505001068115,2025-12-23 18:50:03
10057298,California,Encinitas,10057298_Encinitas_California_pin_report.tsv.gz,1187.4175052642822,2025-12-23 18:24:57
10057298,California,Encinitas,10057298_Encinitas_California_expanded_cel_cdl_report.zip,132.26782131195068,2025-12-23 18:22:44
10057305,California,Escondido,10057305_Escondido_California_expanded_cel_cdl_report.zip,169.87436294555664,2025-12-23 18:21:51
10057305,California,Escondido,10057305_Escondido_California_pin_report.zip,1640.5657844543457,2025-12-23 18:25:47
10057330,California,Fairfield_a,10057330_Fairfield_a_California_expanded_cel_cdl_report.zip,70.97767353057861,2025-12-23 18:17:45
10057330,California,Fairfield_a,10057330_Fairfield_a_California_pin_report.tsv.gz,613.456976890564,2025-12-23 18:18:27
10057329,California,Fairfield_b,10057329_Fairfield_b_California_pin_report.tsv.gz,614.4240655899048,2025-12-23 18:18:10
10057329,California,Fairfield_b,10057329_Fairfield_b_California_expanded_cel_cdl_report.zip,70.97420501708984,2025-12-23 18:17:49
10057729,California,Folsom_a,10057729_Folsom_a_California_pin_report.tsv.gz,288.6544933319092,2025-12-24 22:24:05
10057729,California,Folsom_a,10057729_Folsom_a_California_expanded_cel_cdl_report.zip,40.926751136779785,2025-12-24 22:23:36
10057728,California,Folsom_b,10057728_Folsom_b_California_expanded_cel_cdl_report.zip,40.92326259613037,2025-12-24 22:23:45
10057728,California,Folsom_b,10057728_Folsom_b_California_pin_report.tsv.gz,289.5359010696411,2025-12-24 22:23:54
10057192,California,Fontana,10057192_Fontana_California_pin_report.tsv.gz,1271.5221138000488,2025-12-23 18:51:20
10057192,California,Fontana,10057192_Fontana_California_expanded_cel_cdl_report.zip,243.5133810043335,2025-12-23 18:48:41
10057249,California,Fremont_1_a,10057249_Fremont_1_a_California_expanded_cel_cdl_report.zip,54.90502738952637,2025-12-23 18:34:16
10057249,California,Fremont_1_a,10057249_Fremont_1_a_California_pin_report.tsv.gz,313.07936573028564,2025-12-23 18:34:18
10057248,California,Fremont_1_b,10057248_Fremont_1_b_California_expanded_cel_cdl_report.zip,54.90113830566406,2025-12-23 18:34:22
10057248,California,Fremont_1_b,10057248_Fremont_1_b_California_pin_report.tsv.gz,314.96698093414307,2025-12-23 18:34:55
10057250,California,Fresno_1,10057250_Fresno_1_California_pin_report.zip,2429.5447130203247,2025-12-23 18:38:34
10057250,California,Fresno_1,10057250_Fresno_1_California_expanded_cel_cdl_report.zip,251.75513648986816,2025-12-23 18:34:24
10057216,California,Fresno_2,10057216_Fresno_2_California_expanded_cel_cdl_report.zip,243.05688095092773,2025-12-23 18:42:22
10057216,California,Fresno_2,10057216_Fresno_2_California_pin_report.zip,1681.8868837356567,2025-12-23 18:43:34
10057294,California,Fullerton,10057294_Fullerton_California_pin_report.zip,2474.11398601532,2025-12-23 18:25:42
10057294,California,Fullerton,10057294_Fullerton_California_expanded_cel_cdl_report.zip,302.0025215148926,2025-12-23 18:23:54
10057263,California,Garden_Grove,10057263_Garden_Grove_California_pin_report.tsv.gz,1351.2180480957031,2025-12-23 18:32:58
10057263,California,Garden_Grove,10057263_Garden_Grove_California_expanded_cel_cdl_report.zip,180.1977767944336,2025-12-23 18:32:00
10057355,California,Glendale,10057355_Glendale_California_pin_report.zip,2178.1755046844482,2025-12-23 18:17:44
10057355,California,Glendale,10057355_Glendale_California_expanded_cel_cdl_report.zip,192.53753471374512,2025-12-23 18:08:26
10057336,California,Glendora,10057336_Glendora_California_pin_report.tsv.gz,690.6338024139404,2025-12-23 18:15:31
10057336,California,Glendora,10057336_Glendora_California_expanded_cel_cdl_report.zip,113.26711845397949,2025-12-23 18:13:13
10057257,California,Goleta,10057257_Goleta_California_expanded_cel_cdl_report.zip,55.254578590393066,2025-12-23 18:32:36
10057257,California,Goleta,10057257_Goleta_California_pin_report.tsv.gz,380.5253372192383,2025-12-23 18:33:34
10057246,California,Greenfield,10057246_Greenfield_California_pin_report.tsv.gz,1137.285249710083,2025-12-23 18:35:43
10057246,California,Greenfield,10057246_Greenfield_California_expanded_cel_cdl_report.zip,105.53262138366699,2025-12-23 18:34:29
10057265,California,Hayward_a,10057265_Hayward_a_California_pin_report.tsv.gz,814.5733861923218,2025-12-23 18:31:45
10057265,California,Hayward_a,10057265_Hayward_a_California_expanded_cel_cdl_report.zip,137.4076271057129,2025-12-23 18:31:12
10057264,California,Hayward_b,10057264_Hayward_b_California_pin_report.tsv.gz,814.4700164794922,2025-12-23 18:31:49
10057264,California,Hayward_b,10057264_Hayward_b_California_expanded_cel_cdl_report.zip,137.41181755065918,2025-12-23 18:31:30
10057331,California,Huntington_Beach,10057331_Huntington_Beach_California_pin_report.zip,1512.2969255447388,2025-12-23 18:18:51
10057331,California,Huntington_Beach,10057331_Huntington_Beach_California_expanded_cel_cdl_report.zip,160.4815158843994,2025-12-23 18:16:52
10057214,California,Indio,10057214_Indio_California_pin_report.zip,2480.0795164108276,2025-12-23 18:45:01
10057214,California,Indio,10057214_Indio_California_expanded_cel_cdl_report.zip,188.67352867126465,2025-12-23 18:42:32
10057303,California,Irvine_1,10057303_Irvine_1_California_expanded_cel_cdl_report.zip,80.54959106445312,2025-12-23 18:22:09
10057303,California,Irvine_1,10057303_Irvine_1_California_pin_report.tsv.gz,629.3357038497925,2025-12-23 18:23:05
10057334,California,Irvine_2,10057334_Irvine_2_California_pin_report.tsv.gz,710.8647079467773,2025-12-23 18:16:06
10057334,California,Irvine_2,10057334_Irvine_2_California_expanded_cel_cdl_report.zip,103.41415786743164,2025-12-23 18:13:45
10057234,California,Irvine_3,10057234_Irvine_3_California_pin_report.zip,2600.033472061157,2025-12-23 18:43:52
10057234,California,Irvine_3,10057234_Irvine_3_California_expanded_cel_cdl_report.zip,492.8825492858887,2025-12-23 18:37:57
10057189,California,La_Mesa,10057189_La_Mesa_California_pin_report.zip,1465.0308256149292,2025-12-23 18:51:16
10057189,California,La_Mesa,10057189_La_Mesa_California_expanded_cel_cdl_report.zip,176.29571723937988,2025-12-23 18:49:27
10057231,California,Laguna_Hills,10057231_Laguna_Hills_California_expanded_cel_cdl_report.zip,125.68944358825684,2025-12-23 18:38:50
10057231,California,Laguna_Hills,10057231_Laguna_Hills_California_pin_report.tsv.gz,930.0579986572266,2025-12-23 18:39:57
10057226,California,Laguna_Niguel,10057226_Laguna_Niguel_California_expanded_cel_cdl_report.zip,182.57285118103027,2025-12-23 18:39:15
10057226,California,Laguna_Niguel,10057226_Laguna_Niguel_California_pin_report.zip,1718.9230241775513,2025-12-23 18:41:01
10057333,California,Lake_Forest,10057333_Lake_Forest_California_expanded_cel_cdl_report.zip,221.82154846191406,2025-12-23 18:15:42
10057333,California,Lake_Forest,10057333_Lake_Forest_California_pin_report.zip,1990.0594415664673,2025-12-23 18:17:36
10057240,California,Lancaster,10057240_Lancaster_California_expanded_cel_cdl_report.zip,130.94372463226318,2025-12-23 18:35:34
10057240,California,Lancaster,10057240_Lancaster_California_pin_report.tsv.gz,1280.907569885254,2025-12-23 18:36:42
10057297,California,Live_Oak,10057297_Live_Oak_California_expanded_cel_cdl_report.zip,75.0642728805542,2025-12-23 18:23:04
10057297,California,Live_Oak,10057297_Live_Oak_California_pin_report.tsv.gz,626.8320684432983,2025-12-23 18:24:41
10057184,California,Livermore,10057184_Livermore_California_pin_report.zip,1404.441780090332,2025-12-23 18:52:58
10057184,California,Livermore,10057184_Livermore_California_expanded_cel_cdl_report.zip,130.1044569015503,2025-12-23 18:51:18
10057325,California,Lodi,10057325_Lodi_California_expanded_cel_cdl_report.zip,207.2206916809082,2025-12-23 18:18:41
10057325,California,Lodi,10057325_Lodi_California_pin_report.tsv.gz,915.2336502075195,2025-12-23 18:19:02
10057202,California,Long_Beach_1,10057202_Long_Beach_1_California_expanded_cel_cdl_report.zip,280.1681909561157,2025-12-23 18:45:36
10057202,California,Long_Beach_1,10057202_Long_Beach_1_California_pin_report.zip,2623.264760017395,2025-12-23 18:49:46
10057207,California,Los_Angeles_1,10057207_Los_Angeles_1_California_pin_report.zip,5118.020204544067,2025-12-23 18:53:00
10057207,California,Los_Angeles_1,10057207_Los_Angeles_1_California_expanded_cel_cdl_report.zip,1001.8851346969604,2025-12-23 18:44:51
10057280,California,Los_Angeles_2,10057280_Los_Angeles_2_California_expanded_cel_cdl_report.zip,294.4207019805908,2025-12-23 18:27:37
10057280,California,Los_Angeles_2,10057280_Los_Angeles_2_California_pin_report.zip,2567.568325996399,2025-12-23 18:30:06
10057236,California,Los_Angeles_3,10057236_Los_Angeles_3_California_expanded_cel_cdl_report.zip,430.2045135498047,2025-12-23 18:37:08
10057236,California,Los_Angeles_3,10057236_Los_Angeles_3_California_pin_report.zip,3044.2227687835693,2025-12-23 18:43:28
10057194,California,Los_Angeles_4,10057194_Los_Angeles_4_California_expanded_cel_cdl_report.zip,745.6329298019409,2025-12-23 18:48:34
10057194,California,Los_Angeles_4,10057194_Los_Angeles_4_California_pin_report.zip,4606.907031059265,2025-12-23 18:53:15
10057716,California,Los_Angeles_5,10057716_Los_Angeles_5_California_pin_report.zip,4069.437481880188,2025-12-24 22:26:14
10057279,California,Los_Angeles_5,10057279_Los_Angeles_5_California_expanded_cel_cdl_report.zip,652.4018039703369,2025-12-23 18:28:35
10057289,California,Los_Angeles_6,10057289_Los_Angeles_6_California_pin_report.zip,4445.184080123901,2025-12-23 18:29:42
10057289,California,Los_Angeles_6,10057289_Los_Angeles_6_California_expanded_cel_cdl_report.zip,931.9721040725708,2025-12-23 18:25:37
10057342,California,Los_Angeles_7,10057342_Los_Angeles_7_California_expanded_cel_cdl_report.zip,773.5867252349854,2025-12-23 18:11:59
10057342,California,Los_Angeles_7,10057342_Los_Angeles_7_California_pin_report.zip,4247.318471908569,2025-12-23 18:21:32
10057315,California,Los_Banos_a,10057315_Los_Banos_a_California_expanded_cel_cdl_report.zip,34.51027202606201,2025-12-23 18:20:00
10057315,California,Los_Banos_a,10057315_Los_Banos_a_California_pin_report.tsv.gz,291.04822731018066,2025-12-23 18:20:10
10057314,California,Los_Banos_b,10057314_Los_Banos_b_California_pin_report.tsv.gz,291.5613136291504,2025-12-23 18:20:22
10057314,California,Los_Banos_b,10057314_Los_Banos_b_California_expanded_cel_cdl_report.zip,34.512290954589844,2025-12-23 18:20:11
10057255,California,Manteca_a,10057255_Manteca_a_California_pin_report.tsv.gz,516.5107898712158,2025-12-23 18:34:04
10057255,California,Manteca_a,10057255_Manteca_a_California_expanded_cel_cdl_report.zip,70.9506778717041,2025-12-23 18:33:28
10057254,California,Manteca_b,10057254_Manteca_b_California_pin_report.tsv.gz,516.6026124954224,2025-12-23 18:34:17
10057254,California,Manteca_b,10057254_Manteca_b_California_expanded_cel_cdl_report.zip,70.95533084869385,2025-12-23 18:33:36
10057221,California,Menifee,10057221_Menifee_California_pin_report.tsv.gz,722.2927627563477,2025-12-23 18:41:08
10057221,California,Menifee,10057221_Menifee_California_expanded_cel_cdl_report.zip,89.15336513519287,2025-12-23 18:40:24
10057185,California,Merced,10057185_Merced_California_pin_report.zip,1547.9057178497314,2025-12-23 18:52:13
10057185,California,Merced,10057185_Merced_California_expanded_cel_cdl_report.zip,121.67895603179932,2025-12-23 18:50:36
10057302,California,Mill_Valley_a,10057302_Mill_Valley_a_California_pin_report.tsv.gz,120.14493465423584,2025-12-23 18:22:16
10057302,California,Mill_Valley_a,10057302_Mill_Valley_a_California_expanded_cel_cdl_report.zip,26.422818183898926,2025-12-23 18:22:10
10057301,California,Mill_Valley_b,10057301_Mill_Valley_b_California_expanded_cel_cdl_report.zip,26.423142433166504,2025-12-23 18:22:14
10057301,California,Mill_Valley_b,10057301_Mill_Valley_b_California_pin_report.tsv.gz,120.66332817077637,2025-12-23 18:22:19
10057215,California,Mission_Viejo,10057215_Mission_Viejo_California_expanded_cel_cdl_report.zip,130.12109661102295,2025-12-23 18:42:32
10057215,California,Mission_Viejo,10057215_Mission_Viejo_California_pin_report.tsv.gz,855.3018255233765,2025-12-23 18:43:47
10057239,California,Modesto_1,10057239_Modesto_1_California_pin_report.zip,3137.6348457336426,2025-12-23 18:38:44
10057239,California,Modesto_1,10057239_Modesto_1_California_expanded_cel_cdl_report.zip,253.05014991760254,2025-12-23 18:35:58
10057203,California,Monterey_Park,10057203_Monterey_Park_California_pin_report.zip,2337.6327447891235,2025-12-23 18:47:37
10057203,California,Monterey_Park,10057203_Monterey_Park_California_expanded_cel_cdl_report.zip,235.74929237365723,2025-12-23 18:45:29
10057284,California,Monterey_a,10057284_Monterey_a_California_pin_report.tsv.gz,170.5258207321167,2025-12-23 18:26:16
10057284,California,Monterey_a,10057284_Monterey_a_California_expanded_cel_cdl_report.zip,42.030500411987305,2025-12-23 18:26:12
10057283,California,Monterey_b,10057283_Monterey_b_California_expanded_cel_cdl_report.zip,42.028812408447266,2025-12-23 18:26:17
10057283,California,Monterey_b,10057283_Monterey_b_California_pin_report.tsv.gz,170.56638526916504,2025-12-23 18:26:21
10057247,California,Moorpark,10057247_Moorpark_California_expanded_cel_cdl_report.zip,71.94080829620361,2025-12-23 18:34:21
10057247,California,Moorpark,10057247_Moorpark_California_pin_report.tsv.gz,659.8474798202515,2025-12-23 18:35:29
10057253,California,Moreno_Valley,10057253_Moreno_Valley_California_pin_report.tsv.gz,526.6485586166382,2025-12-23 18:33:57
10057253,California,Moreno_Valley,10057253_Moreno_Valley_California_expanded_cel_cdl_report.zip,86.32080841064453,2025-12-23 18:33:41
10057358,California,Morgan_Hill,10057358_Morgan_Hill_California_expanded_cel_cdl_report.zip,137.18803310394287,2025-12-23 18:07:52
10057358,California,Morgan_Hill,10057358_Morgan_Hill_California_pin_report.zip,1576.267331123352,2025-12-23 18:10:57
10057272,California,Murrieta,10057272_Murrieta_California_expanded_cel_cdl_report.zip,130.00261306762695,2025-12-23 18:29:49
10057272,California,Murrieta,10057272_Murrieta_California_pin_report.tsv.gz,1160.0721426010132,2025-12-23 18:31:14
10057262,California,Napa_a,10057262_Napa_a_California_expanded_cel_cdl_report.zip,42.46468639373779,2025-12-23 18:31:51
10057262,California,Napa_a,10057262_Napa_a_California_pin_report.tsv.gz,273.9199161529541,2025-12-23 18:31:59
10057261,California,Napa_b,10057261_Napa_b_California_pin_report.tsv.gz,273.7900638580322,2025-12-23 18:32:33
10057261,California,Napa_b,10057261_Napa_b_California_expanded_cel_cdl_report.zip,42.46618843078613,2025-12-23 18:31:59
10057183,California,Newport_Beach,10057183_Newport_Beach_California_expanded_cel_cdl_report.zip,182.3002119064331,2025-12-23 18:51:26
10057183,California,Newport_Beach,10057183_Newport_Beach_California_pin_report.tsv.gz,1316.9478673934937,2025-12-23 18:53:27
10057725,California,Norwalk_a,10057725_Norwalk_a_California_pin_report.tsv.gz,399.4868459701538,2025-12-24 22:24:32
10057725,California,Norwalk_a,10057725_Norwalk_a_California_expanded_cel_cdl_report.zip,83.48399543762207,2025-12-24 22:24:20
10057724,California,Norwalk_b,10057724_Norwalk_b_California_pin_report.tsv.gz,399.58726596832275,2025-12-24 22:25:09
10057724,California,Norwalk_b,10057724_Norwalk_b_California_expanded_cel_cdl_report.zip,83.47893810272217,2025-12-24 22:24:16
10057317,California,Novato_a,10057317_Novato_a_California_expanded_cel_cdl_report.zip,182.2909631729126,2025-12-23 18:19:31
10057317,California,Novato_a,10057317_Novato_a_California_pin_report.tsv.gz,821.8137836456299,2025-12-23 18:21:00
10057316,California,Novato_b,10057316_Novato_b_California_expanded_cel_cdl_report.zip,182.35502243041992,2025-12-23 18:19:58
10057316,California,Novato_b,10057316_Novato_b_California_pin_report.tsv.gz,821.5244436264038,2025-12-23 18:20:47
10057258,California,Oakland_1,10057258_Oakland_1_California_expanded_cel_cdl_report.zip,645.2959747314453,2025-12-23 18:33:49
10057258,California,Oakland_1,10057258_Oakland_1_California_pin_report.zip,4348.403396606445,2025-12-23 18:38:21
10057275,California,Oakland_2,10057275_Oakland_2_California_expanded_cel_cdl_report.zip,134.7332410812378,2025-12-23 18:29:25
10057275,California,Oakland_2,10057275_Oakland_2_California_pin_report.tsv.gz,585.0054998397827,2025-12-23 18:30:00
10057190,California,Ontario,10057190_Ontario_California_expanded_cel_cdl_report.zip,206.3374423980713,2025-12-23 18:49:01
10057190,California,Ontario,10057190_Ontario_California_pin_report.tsv.gz,1238.5514125823975,2025-12-23 18:51:12
10057235,California,Orange,10057235_Orange_California_expanded_cel_cdl_report.zip,217.1828498840332,2025-12-23 18:37:20
10057235,California,Orange,10057235_Orange_California_pin_report.zip,1694.2332763671875,2025-12-23 18:39:30
10057311,California,Oroville,10057311_Oroville_California_pin_report.tsv.gz,367.36982917785645,2025-12-23 18:21:11
10057311,California,Oroville,10057311_Oroville_California_expanded_cel_cdl_report.zip,70.46072387695312,2025-12-23 18:20:51
10057212,California,Oxnard,10057212_Oxnard_California_pin_report.zip,1965.632740020752,2025-12-23 18:46:53
10057212,California,Oxnard,10057212_Oxnard_California_expanded_cel_cdl_report.zip,152.32498455047607,2025-12-23 18:43:05
10057345,California,Palm_Desert,10057345_Palm_Desert_California_pin_report.tsv.gz,1259.5684804916382,2025-12-23 18:13:07
10057345,California,Palm_Desert,10057345_Palm_Desert_California_expanded_cel_cdl_report.zip,109.73204612731934,2025-12-23 18:11:20
10057319,California,Palo_Alto_a,10057319_Palo_Alto_a_California_expanded_cel_cdl_report.zip,110.01842975616455,2025-12-23 18:19:11
10057319,California,Palo_Alto_a,10057319_Palo_Alto_a_California_pin_report.tsv.gz,879.8291578292847,2025-12-23 18:20:46
10057318,California,Palo_Alto_b,10057318_Palo_Alto_b_California_pin_report.tsv.gz,878.9915409088135,2025-12-23 18:20:14
10057318,California,Palo_Alto_b,10057318_Palo_Alto_b_California_expanded_cel_cdl_report.zip,110.01848697662354,2025-12-23 18:19:20
10057270,California,Palos_Verdes_Estates,10057270_Palos_Verdes_Estates_California_expanded_cel_cdl_report.zip,137.06560516357422,2025-12-23 18:30:12
10057270,California,Palos_Verdes_Estates,10057270_Palos_Verdes_Estates_California_pin_report.tsv.gz,1152.5398683547974,2025-12-23 18:31:00
10057312,California,Paramount,10057312_Paramount_California_expanded_cel_cdl_report.zip,257.94145107269287,2025-12-23 18:20:31
10057312,California,Paramount,10057312_Paramount_California_pin_report.zip,1946.934331893921,2025-12-23 18:22:35
10057188,California,Pasadena,10057188_Pasadena_California_pin_report.zip,2033.6482858657837,2025-12-23 18:52:05
10057188,California,Pasadena,10057188_Pasadena_California_expanded_cel_cdl_report.zip,215.91807174682617,2025-12-23 18:49:40
10057344,California,Petaluma_a,10057344_Petaluma_a_California_expanded_cel_cdl_report.zip,15.323328971862793,2025-12-23 18:11:21
10057344,California,Petaluma_a,10057344_Petaluma_a_California_pin_report.tsv.gz,90.581298828125,2025-12-23 18:11:26
10057343,California,Petaluma_b,10057343_Petaluma_b_California_pin_report.tsv.gz,90.58326816558838,2025-12-23 18:11:31
10057343,California,Petaluma_b,10057343_Petaluma_b_California_expanded_cel_cdl_report.zip,15.324820518493652,2025-12-23 18:11:27
10057321,California,Pleasanton,10057321_Pleasanton_California_pin_report.tsv.gz,889.2042512893677,2025-12-23 18:19:50
10057321,California,Pleasanton,10057321_Pleasanton_California_expanded_cel_cdl_report.zip,124.02485656738281,2025-12-23 18:19:05
10057245,California,Rancho_Cucamonga,10057245_Rancho_Cucamonga_California_expanded_cel_cdl_report.zip,103.85645771026611,2025-12-23 18:34:34
10057245,California,Rancho_Cucamonga,10057245_Rancho_Cucamonga_California_pin_report.tsv.gz,607.1090469360352,2025-12-23 18:35:24
10057327,California,Redding,10057327_Redding_California_pin_report.tsv.gz,460.3447780609131,2025-12-23 18:18:55
10057327,California,Redding,10057327_Redding_California_expanded_cel_cdl_report.zip,86.4258680343628,2025-12-23 18:18:09
10057201,California,Redwood_City_a,10057201_Redwood_City_a_California_pin_report.tsv.gz,394.76673698425293,2025-12-23 18:45:56
10057201,California,Redwood_City_a,10057201_Redwood_City_a_California_expanded_cel_cdl_report.zip,56.49736499786377,2025-12-23 18:45:39
10057200,California,Redwood_City_b,10057200_Redwood_City_b_California_pin_report.tsv.gz,394.9210395812988,2025-12-23 18:46:24
10057200,California,Redwood_City_b,10057200_Redwood_City_b_California_expanded_cel_cdl_report.zip,56.49944496154785,2025-12-23 18:46:00
10057251,California,Reedley,10057251_Reedley_California_expanded_cel_cdl_report.zip,123.6049337387085,2025-12-23 18:34:05
10057251,California,Reedley,10057251_Reedley_California_pin_report.zip,1483.7079467773438,2025-12-23 18:37:27
10057224,California,Richmond,10057224_Richmond_California_expanded_cel_cdl_report.zip,224.3988437652588,2025-12-23 18:40:08
10057224,California,Richmond,10057224_Richmond_California_pin_report.zip,2579.574788093567,2025-12-23 18:43:37
10057232,California,Ridgecrest,10057232_Ridgecrest_California_pin_report.tsv.gz,736.3785543441772,2025-12-23 18:38:49
10057232,California,Ridgecrest,10057232_Ridgecrest_California_expanded_cel_cdl_report.zip,73.68382263183594,2025-12-23 18:38:19
10057259,California,Riverside_1,10057259_Riverside_1_California_expanded_cel_cdl_report.zip,293.63815784454346,2025-12-23 18:32:24
10057259,California,Riverside_1,10057259_Riverside_1_California_pin_report.zip,2000.9984674453735,2025-12-23 18:33:39
10057244,California,Rocklin,10057244_Rocklin_California_pin_report.tsv.gz,708.8949136734009,2025-12-23 18:34:59
10057244,California,Rocklin,10057244_Rocklin_California_expanded_cel_cdl_report.zip,96.12310028076172,2025-12-23 18:34:38
10057292,California,Rohnert_Park,10057292_Rohnert_Park_California_pin_report.tsv.gz,1115.1909914016724,2025-12-23 18:24:44
10057292,California,Rohnert_Park,10057292_Rohnert_Park_California_expanded_cel_cdl_report.zip,98.95792293548584,2025-12-23 18:23:58
10057223,California,Roseville_1,10057223_Roseville_1_California_pin_report.tsv.gz,764.2914333343506,2025-12-23 18:42:05
10057223,California,Roseville_1,10057223_Roseville_1_California_expanded_cel_cdl_report.zip,98.89100742340088,2025-12-23 18:40:04
10057186,California,Sacramento_1,10057186_Sacramento_1_California_pin_report.tsv.gz,1209.4289264678955,2025-12-23 18:52:06
10057186,California,Sacramento_1,10057186_Sacramento_1_California_expanded_cel_cdl_report.zip,206.71714973449707,2025-12-23 18:50:28
10057282,California,Sacramento_2,10057282_Sacramento_2_California_pin_report.tsv.gz,1393.7659769058228,2025-12-23 18:29:41
10057282,California,Sacramento_2,10057282_Sacramento_2_California_expanded_cel_cdl_report.zip,223.44564056396484,2025-12-23 18:26:25
10057204,California,Sacramento_3,10057204_Sacramento_3_California_pin_report.zip,3110.4522762298584,2025-12-23 18:50:16
10057204,California,Sacramento_3,10057204_Sacramento_3_California_expanded_cel_cdl_report.zip,594.1473655700684,2025-12-23 18:45:22
10057285,California,Salinas,10057285_Salinas_California_pin_report.zip,1995.489948272705,2025-12-23 18:27:56
10057285,California,Salinas,10057285_Salinas_California_expanded_cel_cdl_report.zip,160.94770622253418,2025-12-23 18:26:10
10057211,California,San_Bernardino,10057211_San_Bernardino_California_expanded_cel_cdl_report.zip,218.8002700805664,2025-12-23 18:43:38
10057211,California,San_Bernardino,10057211_San_Bernardino_California_pin_report.tsv.gz,1274.00807762146,2025-12-23 18:44:33
10057718,California,San_Buenaventura__Ventura_,10057718_San_Buenaventura__Ventura__California_pin_report.tsv.gz,1262.4084692001343,2025-12-24 22:26:07
10057718,California,San_Buenaventura__Ventura_,10057718_San_Buenaventura__Ventura__California_expanded_cel_cdl_report.zip,134.32234954833984,2025-12-24 22:24:58
10057341,California,San_Clemente,10057341_San_Clemente_California_pin_report.tsv.gz,1259.4835138320923,2025-12-23 18:17:52
10057341,California,San_Clemente,10057341_San_Clemente_California_expanded_cel_cdl_report.zip,151.0776834487915,2025-12-23 18:12:08
10057199,California,San_Diego_1,10057199_San_Diego_1_California_expanded_cel_cdl_report.zip,150.9144468307495,2025-12-23 18:46:30
10057199,California,San_Diego_1,10057199_San_Diego_1_California_pin_report.tsv.gz,1348.6381998062134,2025-12-23 18:49:19
10057230,California,San_Diego_2,10057230_San_Diego_2_California_expanded_cel_cdl_report.zip,330.03544330596924,2025-12-23 18:39:20
10057230,California,San_Diego_2,10057230_San_Diego_2_California_pin_report.zip,2844.0693578720093,2025-12-23 18:41:50
10057271,California,San_Diego_3,10057271_San_Diego_3_California_expanded_cel_cdl_report.zip,284.94869327545166,2025-12-23 18:30:09
10057271,California,San_Diego_3,10057271_San_Diego_3_California_pin_report.tsv.gz,1248.7724676132202,2025-12-23 18:32:35
10057252,California,San_Diego_4,10057252_San_Diego_4_California_expanded_cel_cdl_report.zip,192.93258571624756,2025-12-23 18:34:03
10057252,California,San_Diego_4,10057252_San_Diego_4_California_pin_report.tsv.gz,1262.7285642623901,2025-12-23 18:36:06
10057256,California,San_Diego_5,10057256_San_Diego_5_California_pin_report.tsv.gz,675.0323524475098,2025-12-23 18:33:52
10057256,California,San_Diego_5,10057256_San_Diego_5_California_expanded_cel_cdl_report.zip,161.193922996521,2025-12-23 18:32:46
10057193,California,San_Diego_6,10057193_San_Diego_6_California_expanded_cel_cdl_report.zip,286.04048347473145,2025-12-23 18:48:45
10057193,California,San_Diego_6,10057193_San_Diego_6_California_pin_report.zip,1544.6655435562134,2025-12-23 18:51:53
10057338,California,San_Francisco_1,10057338_San_Francisco_1_California_expanded_cel_cdl_report.zip,655.7364959716797,2025-12-23 18:13:24
10057338,California,San_Francisco_1,10057338_San_Francisco_1_California_pin_report.zip,4164.699589729309,2025-12-23 18:22:06
10057288,California,San_Francisco_2_a,10057288_San_Francisco_2_a_California_pin_report.zip,2759.5751609802246,2025-12-23 18:29:40
10057288,California,San_Francisco_2_a,10057288_San_Francisco_2_a_California_expanded_cel_cdl_report.zip,560.4293012619019,2025-12-23 18:26:10
10057287,California,San_Francisco_2_b,10057287_San_Francisco_2_b_California_expanded_cel_cdl_report.zip,560.4277076721191,2025-12-23 18:27:02
10057287,California,San_Francisco_2_b,10057287_San_Francisco_2_b_California_pin_report.zip,2759.4587755203247,2025-12-23 18:29:42
10057308,California,San_Jacinto,10057308_San_Jacinto_California_expanded_cel_cdl_report.zip,87.09098148345947,2025-12-23 18:21:15
10057308,California,San_Jacinto,10057308_San_Jacinto_California_pin_report.tsv.gz,667.6834573745728,2025-12-23 18:22:06
10057352,California,San_Jose_1_a,10057352_San_Jose_1_a_California_expanded_cel_cdl_report.zip,219.34554481506348,2025-12-23 18:09:57
10057352,California,San_Jose_1_a,10057352_San_Jose_1_a_California_pin_report.tsv.gz,1391.0546646118164,2025-12-23 18:12:25
10057351,California,San_Jose_1_b,10057351_San_Jose_1_b_California_expanded_cel_cdl_report.zip,219.2633466720581,2025-12-23 18:10:17
10057351,California,San_Jose_1_b,10057351_San_Jose_1_b_California_pin_report.tsv.gz,1391.2405138015747,2025-12-23 18:12:18
10057727,California,San_Jose_2_a,10057727_San_Jose_2_a_California_pin_report.tsv.gz,664.754132270813,2025-12-24 22:24:33
10057727,California,San_Jose_2_a,10057727_San_Jose_2_a_California_expanded_cel_cdl_report.zip,139.07923889160156,2025-12-24 22:24:03
10057726,California,San_Jose_2_b,10057726_San_Jose_2_b_California_pin_report.tsv.gz,665.0632028579712,2025-12-24 22:24:41
10057726,California,San_Jose_2_b,10057726_San_Jose_2_b_California_expanded_cel_cdl_report.zip,139.08188438415527,2025-12-24 22:24:07
10057296,California,San_Jose_3,10057296_San_Jose_3_California_expanded_cel_cdl_report.zip,446.2350044250488,2025-12-23 18:23:37
10057296,California,San_Jose_3,10057296_San_Jose_3_California_pin_report.zip,2457.218692779541,2025-12-23 18:25:54
10057347,California,San_Jose_4_a,10057347_San_Jose_4_a_California_expanded_cel_cdl_report.zip,324.6167278289795,2025-12-23 18:11:09
10057347,California,San_Jose_4_a,10057347_San_Jose_4_a_California_pin_report.zip,1819.2296667099,2025-12-23 18:18:42
10057346,California,San_Jose_4_b,10057346_San_Jose_4_b_California_expanded_cel_cdl_report.zip,324.6177225112915,2025-12-23 18:11:10
10057346,California,San_Jose_4_b,10057346_San_Jose_4_b_California_pin_report.zip,1819.3678817749023,2025-12-23 18:18:00
10057241,California,San_Luis_Obispo,10057241_San_Luis_Obispo_California_pin_report.tsv.gz,467.5140037536621,2025-12-23 18:35:49
10057241,California,San_Luis_Obispo,10057241_San_Luis_Obispo_California_expanded_cel_cdl_report.zip,65.28290176391602,2025-12-23 18:35:28
10057293,California,San_Marcos,10057293_San_Marcos_California_expanded_cel_cdl_report.zip,151.21082592010498,2025-12-23 18:23:42
10057293,California,San_Marcos,10057293_San_Marcos_California_pin_report.tsv.gz,1250.5110082626343,2025-12-23 18:25:50
10057300,California,San_Mateo_a,10057300_San_Mateo_a_California_pin_report.tsv.gz,1045.1937370300293,2025-12-23 18:23:23
10057300,California,San_Mateo_a,10057300_San_Mateo_a_California_expanded_cel_cdl_report.zip,123.76298141479492,2025-12-23 18:22:22
10057299,California,San_Mateo_b,10057299_San_Mateo_b_California_expanded_cel_cdl_report.zip,123.76709175109863,2025-12-23 18:22:40
10057299,California,San_Mateo_b,10057299_San_Mateo_b_California_pin_report.tsv.gz,1047.1086864471436,2025-12-23 18:23:16
10057209,California,San_Ramon_a,10057209_San_Ramon_a_California_expanded_cel_cdl_report.zip,81.46432685852051,2025-12-23 18:43:42
10057209,California,San_Ramon_a,10057209_San_Ramon_a_California_pin_report.tsv.gz,615.5339632034302,2025-12-23 18:44:29
10057208,California,San_Ramon_b,10057208_San_Ramon_b_California_pin_report.tsv.gz,616.0343866348267,2025-12-23 18:45:12
10057208,California,San_Ramon_b,10057208_San_Ramon_b_California_expanded_cel_cdl_report.zip,81.45912265777588,2025-12-23 18:43:53
10057356,California,Santa_Ana,10057356_Santa_Ana_California_pin_report.zip,2080.7833223342896,2025-12-23 18:13:20
10057356,California,Santa_Ana,10057356_Santa_Ana_California_expanded_cel_cdl_report.zip,304.55674743652344,2025-12-23 18:08:18
10057197,California,Santa_Barbara,10057197_Santa_Barbara_California_pin_report.tsv.gz,912.3755331039429,2025-12-23 18:48:34
10057197,California,Santa_Barbara,10057197_Santa_Barbara_California_expanded_cel_cdl_report.zip,110.89724922180176,2025-12-23 18:47:09
10057310,California,Santa_Clara_a,10057310_Santa_Clara_a_California_expanded_cel_cdl_report.zip,146.58112812042236,2025-12-23 18:20:59
10057310,California,Santa_Clara_a,10057310_Santa_Clara_a_California_pin_report.tsv.gz,662.9925765991211,2025-12-23 18:21:39
10057309,California,Santa_Clara_b,10057309_Santa_Clara_b_California_pin_report.tsv.gz,663.0838174819946,2025-12-23 18:21:30
10057309,California,Santa_Clara_b,10057309_Santa_Clara_b_California_expanded_cel_cdl_report.zip,146.57744026184082,2025-12-23 18:21:06
10057332,California,Santa_Clarita,10057332_Santa_Clarita_California_expanded_cel_cdl_report.zip,165.40251350402832,2025-12-23 18:16:21
10057332,California,Santa_Clarita,10057332_Santa_Clarita_California_pin_report.zip,1864.0631036758423,2025-12-23 18:18:26
10057277,California,Santa_Cruz_a,10057277_Santa_Cruz_a_California_pin_report.tsv.gz,507.1375560760498,2025-12-23 18:29:18
10057277,California,Santa_Cruz_a,10057277_Santa_Cruz_a_California_expanded_cel_cdl_report.zip,58.71365737915039,2025-12-23 18:28:28
10057276,California,Santa_Cruz_b,10057276_Santa_Cruz_b_California_pin_report.tsv.gz,507.29883003234863,2025-12-23 18:29:37
10057276,California,Santa_Cruz_b,10057276_Santa_Cruz_b_California_expanded_cel_cdl_report.zip,58.714542388916016,2025-12-23 18:28:41
10057349,California,Santa_Maria_a,10057349_Santa_Maria_a_California_expanded_cel_cdl_report.zip,66.04938697814941,2025-12-23 18:10:39
10057349,California,Santa_Maria_a,10057349_Santa_Maria_a_California_pin_report.tsv.gz,595.5959634780884,2025-12-23 18:11:15
10057348,California,Santa_Maria_b,10057348_Santa_Maria_b_California_expanded_cel_cdl_report.zip,66.04806900024414,2025-12-23 18:10:59
10057348,California,Santa_Maria_b,10057348_Santa_Maria_b_California_pin_report.tsv.gz,595.060378074646,2025-12-23 18:11:38
10057213,California,Santa_Monica,10057213_Santa_Monica_California_expanded_cel_cdl_report.zip,266.5393991470337,2025-12-23 18:43:17
10057213,California,Santa_Monica,10057213_Santa_Monica_California_pin_report.zip,1822.6734600067139,2025-12-23 18:46:48
10057307,California,Santa_Rosa,10057307_Santa_Rosa_California_pin_report.zip,1745.455026626587,2025-12-23 18:24:35
10057307,California,Santa_Rosa,10057307_Santa_Rosa_California_expanded_cel_cdl_report.zip,135.32860660552979,2025-12-23 18:21:36
10057328,California,Santee,10057328_Santee_California_pin_report.tsv.gz,473.62668228149414,2025-12-23 18:19:15
10057328,California,Santee,10057328_Santee_California_expanded_cel_cdl_report.zip,79.35321617126465,2025-12-23 18:18:05
10057350,California,Simi_Valley,10057350_Simi_Valley_California_pin_report.tsv.gz,525.4703493118286,2025-12-23 18:10:46
10057350,California,Simi_Valley,10057350_Simi_Valley_California_expanded_cel_cdl_report.zip,73.72202396392822,2025-12-23 18:10:30
10057198,California,Stockton,10057198_Stockton_California_expanded_cel_cdl_report.zip,307.0937919616699,2025-12-23 18:47:01
10057198,California,Stockton,10057198_Stockton_California_pin_report.zip,2475.576425552368,2025-12-23 18:50:32
10057196,California,Sunnyvale_a,10057196_Sunnyvale_a_California_pin_report.tsv.gz,462.4781541824341,2025-12-23 18:47:59
10057196,California,Sunnyvale_a,10057196_Sunnyvale_a_California_expanded_cel_cdl_report.zip,76.98085308074951,2025-12-23 18:47:15
10057195,California,Sunnyvale_b,10057195_Sunnyvale_b_California_pin_report.tsv.gz,462.8127498626709,2025-12-23 18:47:44
10057195,California,Sunnyvale_b,10057195_Sunnyvale_b_California_expanded_cel_cdl_report.zip,76.98330020904541,2025-12-23 18:47:23
10057723,California,Temecula_1_a,10057723_Temecula_1_a_California_expanded_cel_cdl_report.zip,74.11900806427002,2025-12-24 22:24:24
10057723,California,Temecula_1_a,10057723_Temecula_1_a_California_pin_report.tsv.gz,608.5556192398071,2025-12-24 22:25:26
10057722,California,Temecula_1_b,10057722_Temecula_1_b_California_expanded_cel_cdl_report.zip,74.11785316467285,2025-12-24 22:24:37
10057722,California,Temecula_1_b,10057722_Temecula_1_b_California_pin_report.tsv.gz,609.5045728683472,2025-12-24 22:25:24
10057324,California,Thousand_Oaks,10057324_Thousand_Oaks_California_pin_report.tsv.gz,662.8147640228271,2025-12-23 18:19:21
10057324,California,Thousand_Oaks,10057324_Thousand_Oaks_California_expanded_cel_cdl_report.zip,77.53378486633301,2025-12-23 18:18:42
10057269,California,Torrance,10057269_Torrance_California_expanded_cel_cdl_report.zip,296.6089153289795,2025-12-23 18:30:31
10057269,California,Torrance,10057269_Torrance_California_pin_report.zip,2997.28537273407,2025-12-23 18:36:59
10057337,California,Tracy,10057337_Tracy_California_expanded_cel_cdl_report.zip,143.87960815429688,2025-12-23 18:13:00
10057337,California,Tracy,10057337_Tracy_California_pin_report.tsv.gz,1396.986081123352,2025-12-23 18:16:44
10057242,California,Turlock,10057242_Turlock_California_expanded_cel_cdl_report.zip,186.279559135437,2025-12-23 18:35:26
10057242,California,Turlock,10057242_Turlock_California_pin_report.zip,2411.7420902252197,2025-12-23 18:38:58
10057267,California,Union_City_a,10057267_Union_City_a_California_expanded_cel_cdl_report.zip,111.42802906036377,2025-12-23 18:30:36
10057267,California,Union_City_a,10057267_Union_City_a_California_pin_report.tsv.gz,714.8440246582031,2025-12-23 18:31:18
10057266,California,Union_City_b,10057266_Union_City_b_California_expanded_cel_cdl_report.zip,111.4288501739502,2025-12-23 18:30:41
10057266,California,Union_City_b,10057266_Union_City_b_California_pin_report.tsv.gz,714.8545227050781,2025-12-23 18:31:57
10057274,California,Upland,10057274_Upland_California_pin_report.zip,2500.6365451812744,2025-12-23 18:32:19
10057274,California,Upland,10057274_Upland_California_expanded_cel_cdl_report.zip,235.56230545043945,2025-12-23 18:30:00
10057260,California,Vacaville,10057260_Vacaville_California_expanded_cel_cdl_report.zip,65.46974658966064,2025-12-23 18:32:10
10057260,California,Vacaville,10057260_Vacaville_California_pin_report.tsv.gz,486.5892906188965,2025-12-23 18:32:25
10057228,California,Vallejo_a,10057228_Vallejo_a_California_expanded_cel_cdl_report.zip,55.20970630645752,2025-12-23 18:38:58
10057228,California,Vallejo_a,10057228_Vallejo_a_California_pin_report.tsv.gz,326.185152053833,2025-12-23 18:39:08
10057227,California,Vallejo_b,10057227_Vallejo_b_California_expanded_cel_cdl_report.zip,55.208746910095215,2025-12-23 18:39:08
10057227,California,Vallejo_b,10057227_Vallejo_b_California_pin_report.tsv.gz,325.93339920043945,2025-12-23 18:39:35
10057222,California,Victorville,10057222_Victorville_California_expanded_cel_cdl_report.zip,148.83785438537598,2025-12-23 18:40:27
10057222,California,Victorville,10057222_Victorville_California_pin_report.zip,2063.468282699585,2025-12-23 18:42:24
10057205,California,Visalia,10057205_Visalia_California_expanded_cel_cdl_report.zip,174.95967960357666,2025-12-23 18:44:40
10057205,California,Visalia,10057205_Visalia_California_pin_report.zip,1803.6659088134766,2025-12-23 18:47:06
10057191,California,Watsonville,10057191_Watsonville_California_expanded_cel_cdl_report.zip,101.76433181762695,2025-12-23 18:48:45
10057191,California,Watsonville,10057191_Watsonville_California_pin_report.tsv.gz,1144.8103332519531,2025-12-23 18:49:32
10057313,California,West_Covina,10057313_West_Covina_California_pin_report.tsv.gz,1295.952507019043,2025-12-23 18:22:57
10057313,California,West_Covina,10057313_West_Covina_California_expanded_cel_cdl_report.zip,147.59275722503662,2025-12-23 18:20:20
10057273,California,West_Sacramento,10057273_West_Sacramento_California_pin_report.zip,1603.3881587982178,2025-12-23 18:33:18
10057273,California,West_Sacramento,10057273_West_Sacramento_California_expanded_cel_cdl_report.zip,231.29425430297852,2025-12-23 18:29:56
10057217,California,Whittier,10057217_Whittier_California_expanded_cel_cdl_report.zip,270.3454828262329,2025-12-23 18:41:34
10057217,California,Whittier,10057217_Whittier_California_pin_report.zip,1692.8617906570435,2025-12-23 18:42:24
10057243,California,Woodland,10057243_Woodland_California_pin_report.zip,1657.6560583114624,2025-12-23 18:38:21
10057243,California,Woodland,10057243_Woodland_California_expanded_cel_cdl_report.zip,157.18150234222412,2025-12-23 18:35:16
10057170,Colorado,Air_Force_Academy_a,10057170_Air_Force_Academy_a_Colorado_pin_report.tsv.gz,182.46938705444336,2025-12-23 18:52:26
10057170,Colorado,Air_Force_Academy_a,10057170_Air_Force_Academy_a_Colorado_expanded_cel_cdl_report.zip,29.243557929992676,2025-12-23 18:52:18
10057169,Colorado,Air_Force_Academy_b,10057169_Air_Force_Academy_b_Colorado_expanded_cel_cdl_report.zip,29.242087364196777,2025-12-23 18:52:28
10057169,Colorado,Air_Force_Academy_b,10057169_Air_Force_Academy_b_Colorado_pin_report.tsv.gz,182.73243618011475,2025-12-23 18:52:34
10057172,Colorado,Alamosa_a,10057172_Alamosa_a_Colorado_pin_report.tsv.gz,526.0633316040039,2025-12-23 18:52:45
10057172,Colorado,Alamosa_a,10057172_Alamosa_a_Colorado_expanded_cel_cdl_report.zip,39.73691654205322,2025-12-23 18:52:14
10057171,Colorado,Alamosa_b,10057171_Alamosa_b_Colorado_expanded_cel_cdl_report.zip,39.73346138000488,2025-12-23 18:52:15
10057171,Colorado,Alamosa_b,10057171_Alamosa_b_Colorado_pin_report.tsv.gz,526.8800020217896,2025-12-23 18:52:39
10056867,Colorado,Arvada_1,10056867_Arvada_1_Colorado_pin_report.tsv.gz,1338.7283687591553,2025-12-23 19:05:40
10056867,Colorado,Arvada_1,10056867_Arvada_1_Colorado_expanded_cel_cdl_report.zip,111.51501369476318,2025-12-23 19:04:33
10056852,Colorado,Arvada_2,10056852_Arvada_2_Colorado_pin_report.tsv.gz,512.3920707702637,2025-12-23 09:32:49
10056852,Colorado,Arvada_2,10056852_Arvada_2_Colorado_expanded_cel_cdl_report.zip,72.27429389953613,2025-12-23 09:19:17
10056870,Colorado,Aspen,10056870_Aspen_Colorado_expanded_cel_cdl_report.zip,75.94536876678467,2025-12-23 19:03:49
10056870,Colorado,Aspen,10056870_Aspen_Colorado_pin_report.tsv.gz,735.0117359161377,2025-12-23 19:04:24
10056856,Colorado,Aurora_1,10056856_Aurora_1_Colorado_expanded_cel_cdl_report.zip,186.33015727996826,2025-12-23 12:04:03
10056856,Colorado,Aurora_1,10056856_Aurora_1_Colorado_pin_report.tsv.gz,1447.0156936645508,2025-12-23 12:42:27
10056882,Colorado,Aurora_2,10056882_Aurora_2_Colorado_expanded_cel_cdl_report.zip,299.5849494934082,2025-12-23 19:00:44
10056882,Colorado,Aurora_2,10056882_Aurora_2_Colorado_pin_report.zip,2027.9029817581177,2025-12-23 19:03:31
10056885,Colorado,Aurora_3,10056885_Aurora_3_Colorado_expanded_cel_cdl_report.zip,395.8704309463501,2025-12-23 19:00:33
10056885,Colorado,Aurora_3,10056885_Aurora_3_Colorado_pin_report.zip,2527.3064098358154,2025-12-23 19:05:24
10056864,Colorado,Boulder,10056864_Boulder_Colorado_pin_report.zip,1701.173981666565,2025-12-23 19:06:05
10056864,Colorado,Boulder,10056864_Boulder_Colorado_expanded_cel_cdl_report.zip,151.2265386581421,2025-12-23 19:04:58
10056888,Colorado,Brighton,10056888_Brighton_Colorado_pin_report.tsv.gz,621.6769008636475,2025-12-23 18:59:55
10056888,Colorado,Brighton,10056888_Brighton_Colorado_expanded_cel_cdl_report.zip,77.2326602935791,2025-12-23 18:59:14
10056865,Colorado,Broomfield_1,10056865_Broomfield_1_Colorado_expanded_cel_cdl_report.zip,84.5881700515747,2025-12-23 19:04:54
10056865,Colorado,Broomfield_1,10056865_Broomfield_1_Colorado_pin_report.tsv.gz,664.9155931472778,2025-12-23 19:05:37
10056887,Colorado,Castle_Rock,10056887_Castle_Rock_Colorado_expanded_cel_cdl_report.zip,495.996621131897,2025-12-23 18:59:52
10056887,Colorado,Castle_Rock,10056887_Castle_Rock_Colorado_pin_report.zip,2775.1387701034546,2025-12-23 19:03:45
10056849,Colorado,Centennial_1,10056849_Centennial_1_Colorado_expanded_cel_cdl_report.zip,83.95050525665283,2025-12-23 01:49:41
10056849,Colorado,Centennial_1,10056849_Centennial_1_Colorado_pin_report.tsv.gz,800.3797283172607,2025-12-23 02:09:01
10056884,Colorado,Colorado_Springs_1,10056884_Colorado_Springs_1_Colorado_pin_report.zip,4057.918354988098,2025-12-23 19:04:21
10056884,Colorado,Colorado_Springs_1,10056884_Colorado_Springs_1_Colorado_expanded_cel_cdl_report.zip,337.9244785308838,2025-12-23 19:00:13
10056858,Colorado,Colorado_Springs_2,10056858_Colorado_Springs_2_Colorado_expanded_cel_cdl_report.zip,194.72359371185303,2025-12-23 13:08:05
10056858,Colorado,Colorado_Springs_2,10056858_Colorado_Springs_2_Colorado_pin_report.zip,2221.180842399597,2025-12-23 14:05:27
10056871,Colorado,Colorado_Springs_3,10056871_Colorado_Springs_3_Colorado_expanded_cel_cdl_report.zip,202.4880199432373,2025-12-23 19:03:48
10056871,Colorado,Colorado_Springs_3,10056871_Colorado_Springs_3_Colorado_pin_report.zip,1806.277668952942,2025-12-23 19:06:08
10056872,Colorado,Colorado_Springs_4,10056872_Colorado_Springs_4_Colorado_expanded_cel_cdl_report.zip,235.74511623382568,2025-12-23 19:03:43
10056872,Colorado,Colorado_Springs_4,10056872_Colorado_Springs_4_Colorado_pin_report.zip,1723.2121906280518,2025-12-23 19:05:54
10056851,Colorado,Commerce_City,10056851_Commerce_City_Colorado_pin_report.zip,1498.3103618621826,2025-12-23 09:17:26
10056851,Colorado,Commerce_City,10056851_Commerce_City_Colorado_expanded_cel_cdl_report.zip,174.7945957183838,2025-12-23 08:38:55
10056859,Colorado,Denver_1,10056859_Denver_1_Colorado_expanded_cel_cdl_report.zip,212.48089790344238,2025-12-23 14:11:00
10056859,Colorado,Denver_1,10056859_Denver_1_Colorado_pin_report.tsv.gz,1147.3812427520752,2025-12-23 14:41:20
10056881,Colorado,Denver_2,10056881_Denver_2_Colorado_pin_report.tsv.gz,698.4561929702759,2025-12-23 19:01:41
10056881,Colorado,Denver_2,10056881_Denver_2_Colorado_expanded_cel_cdl_report.zip,137.5599822998047,2025-12-23 19:00:39
10056854,Colorado,Denver_3,10056854_Denver_3_Colorado_pin_report.zip,2281.525683403015,2025-12-23 11:44:52
10056854,Colorado,Denver_3,10056854_Denver_3_Colorado_expanded_cel_cdl_report.zip,428.18219470977783,2025-12-23 10:45:07
.10056850,Colorado,Denver_4,.10056850_Denver_4_Colorado_pin_report.zip.8Sg1Yr,2841.3125,2025-12-23 03:59:33
10056850,Colorado,Denver_4,10056850_Denver_4_Colorado_expanded_cel_cdl_report.zip,1187.584846496582,2025-12-23 02:37:35
10056850,Colorado,Denver_4,10056850_Denver_4_Colorado_pin_report.zip,6256.206174850464,2025-12-23 08:34:22
10056889,Colorado,Denver_5,10056889_Denver_5_Colorado_pin_report.tsv.gz,621.0866184234619,2025-12-23 19:00:09
10056889,Colorado,Denver_5,10056889_Denver_5_Colorado_expanded_cel_cdl_report.zip,77.23394680023193,2025-12-23 18:59:22
10056874,Colorado,Durango,10056874_Durango_Colorado_expanded_cel_cdl_report.zip,65.74296951293945,2025-12-23 19:03:08
10056874,Colorado,Durango,10056874_Durango_Colorado_pin_report.tsv.gz,536.6397323608398,2025-12-23 19:03:37
10056883,Colorado,Erie,10056883_Erie_Colorado_pin_report.tsv.gz,539.2536554336548,2025-12-23 19:00:32
10056883,Colorado,Erie,10056883_Erie_Colorado_expanded_cel_cdl_report.zip,53.983537673950195,2025-12-23 19:00:04
10056862,Colorado,Fort_Collins_1,10056862_Fort_Collins_1_Colorado_expanded_cel_cdl_report.zip,77.70342922210693,2025-12-23 15:31:06
10056862,Colorado,Fort_Collins_1,10056862_Fort_Collins_1_Colorado_pin_report.tsv.gz,802.5398063659668,2025-12-23 15:51:38
10056860,Colorado,Fountain,10056860_Fountain_Colorado_expanded_cel_cdl_report.zip,75.38429737091064,2025-12-23 14:43:27
10056860,Colorado,Fountain,10056860_Fountain_Colorado_pin_report.tsv.gz,555.7209339141846,2025-12-23 14:57:49
10056866,Colorado,Frederick,10056866_Frederick_Colorado_expanded_cel_cdl_report.zip,103.2545108795166,2025-12-23 19:04:38
10056866,Colorado,Frederick,10056866_Frederick_Colorado_pin_report.tsv.gz,757.5790739059448,2025-12-23 19:05:39
10057174,Colorado,Golden_a,10057174_Golden_a_Colorado_expanded_cel_cdl_report.zip,83.22112274169922,2025-12-23 18:52:02
10057174,Colorado,Golden_a,10057174_Golden_a_Colorado_pin_report.tsv.gz,320.35862159729004,2025-12-23 18:52:52
10057173,Colorado,Golden_b,10057173_Golden_b_Colorado_pin_report.tsv.gz,320.2553834915161,2025-12-23 18:52:14
10057173,Colorado,Golden_b,10057173_Golden_b_Colorado_expanded_cel_cdl_report.zip,83.21725368499756,2025-12-23 18:52:12
10056863,Colorado,Grand_Junction,10056863_Grand_Junction_Colorado_expanded_cel_cdl_report.zip,82.51519107818604,2025-12-23 15:53:31
10056863,Colorado,Grand_Junction,10056863_Grand_Junction_Colorado_pin_report.tsv.gz,731.7414484024048,2025-12-23 19:05:21
10056857,Colorado,Greeley,10056857_Greeley_Colorado_pin_report.tsv.gz,712.4303007125854,2025-12-23 13:02:51
10056857,Colorado,Greeley,10056857_Greeley_Colorado_expanded_cel_cdl_report.zip,66.65905380249023,2025-12-23 12:44:24
10056873,Colorado,Greenwood_Village,10056873_Greenwood_Village_Colorado_expanded_cel_cdl_report.zip,128.4050235748291,2025-12-23 19:03:28
10056873,Colorado,Greenwood_Village,10056873_Greenwood_Village_Colorado_pin_report.tsv.gz,856.7062425613403,2025-12-23 19:04:50
10056879,Colorado,Highlands_Ranch,10056879_Highlands_Ranch_Colorado_pin_report.zip,2492.5776653289795,2025-12-23 19:04:21
10056879,Colorado,Highlands_Ranch,10056879_Highlands_Ranch_Colorado_expanded_cel_cdl_report.zip,349.8284969329834,2025-12-23 19:01:03
10056853,Colorado,Lakewood_1,10056853_Lakewood_1_Colorado_expanded_cel_cdl_report.zip,235.55891132354736,2025-12-23 09:39:05
10056853,Colorado,Lakewood_1,10056853_Lakewood_1_Colorado_pin_report.zip,2071.3483753204346,2025-12-23 10:33:56
10056861,Colorado,Littleton,10056861_Littleton_Colorado_expanded_cel_cdl_report.zip,115.76709842681885,2025-12-23 15:00:51
10056861,Colorado,Littleton,10056861_Littleton_Colorado_pin_report.tsv.gz,1088.75452709198,2025-12-23 15:29:00
10056880,Colorado,Longmont,10056880_Longmont_Colorado_expanded_cel_cdl_report.zip,114.94956874847412,2025-12-23 19:00:47
10056880,Colorado,Longmont,10056880_Longmont_Colorado_pin_report.tsv.gz,1397.335015296936,2025-12-23 19:03:22
10056886,Colorado,Loveland,10056886_Loveland_Colorado_expanded_cel_cdl_report.zip,249.90077018737793,2025-12-23 18:59:48
10056886,Colorado,Loveland,10056886_Loveland_Colorado_pin_report.zip,1613.381067276001,2025-12-23 19:02:32
10056878,Colorado,Parker,10056878_Parker_Colorado_expanded_cel_cdl_report.zip,103.14344120025635,2025-12-23 19:01:46
10056878,Colorado,Parker,10056878_Parker_Colorado_pin_report.tsv.gz,825.9020118713379,2025-12-23 19:02:52
10056890,Colorado,Pueblo,10056890_Pueblo_Colorado_pin_report.tsv.gz,622.7145414352417,2025-12-23 18:59:44
10056890,Colorado,Pueblo,10056890_Pueblo_Colorado_expanded_cel_cdl_report.zip,77.23353862762451,2025-12-23 18:59:05
10056868,Colorado,Steamboat_Springs,10056868_Steamboat_Springs_Colorado_pin_report.tsv.gz,890.6711225509644,2025-12-23 19:05:27
10056868,Colorado,Steamboat_Springs,10056868_Steamboat_Springs_Colorado_expanded_cel_cdl_report.zip,80.89161968231201,2025-12-23 19:04:23
10056855,Colorado,Superior,10056855_Superior_Colorado_expanded_cel_cdl_report.zip,47.99934101104736,2025-12-23 11:46:16
10056855,Colorado,Superior,10056855_Superior_Colorado_pin_report.tsv.gz,488.56655406951904,2025-12-23 11:59:08
10056875,Colorado,Thornton_1,10056875_Thornton_1_Colorado_expanded_cel_cdl_report.zip,219.70004749298096,2025-12-23 19:03:03
10056875,Colorado,Thornton_1,10056875_Thornton_1_Colorado_pin_report.zip,1870.3685426712036,2025-12-23 19:05:58
10056869,Colorado,Thornton_2,10056869_Thornton_2_Colorado_expanded_cel_cdl_report.zip,121.46786975860596,2025-12-23 19:03:53
10056869,Colorado,Thornton_2,10056869_Thornton_2_Colorado_pin_report.tsv.gz,723.6663599014282,2025-12-23 19:04:53
10056877,Colorado,Westminster_1,10056877_Westminster_1_Colorado_expanded_cel_cdl_report.zip,101.26813888549805,2025-12-23 19:02:34
10056877,Colorado,Westminster_1,10056877_Westminster_1_Colorado_pin_report.tsv.gz,1076.1878786087036,2025-12-23 19:04:49
10056876,Colorado,Wheat_Ridge,10056876_Wheat_Ridge_Colorado_pin_report.tsv.gz,450.8124656677246,2025-12-23 19:02:52
10056876,Colorado,Wheat_Ridge,10056876_Wheat_Ridge_Colorado_expanded_cel_cdl_report.zip,72.8899564743042,2025-12-23 19:02:37
10057480,Nevada,Carson_City,10057480_Carson_City_Nevada_pin_report.tsv.gz,323.955472946167,2025-12-24 17:31:03
10057480,Nevada,Carson_City,10057480_Carson_City_Nevada_expanded_cel_cdl_report.zip,50.472150802612305,2025-12-24 17:30:55
10057484,Nevada,Enterprise_a,10057484_Enterprise_a_Nevada_expanded_cel_cdl_report.zip,123.62384605407715,2025-12-24 17:30:21
10057484,Nevada,Enterprise_a,10057484_Enterprise_a_Nevada_pin_report.tsv.gz,735.0712594985962,2025-12-24 17:30:54
10057483,Nevada,Enterprise_b,10057483_Enterprise_b_Nevada_pin_report.tsv.gz,734.6277112960815,2025-12-24 17:31:10
10057483,Nevada,Enterprise_b,10057483_Enterprise_b_Nevada_expanded_cel_cdl_report.zip,123.62560844421387,2025-12-24 17:30:30
10057735,Nevada,Henderson_1_a,10057735_Henderson_1_a_Nevada_expanded_cel_cdl_report.zip,52.90889072418213,2025-12-24 22:23:18
10057735,Nevada,Henderson_1_a,10057735_Henderson_1_a_Nevada_pin_report.tsv.gz,384.6239709854126,2025-12-24 22:24:12
10057734,Nevada,Henderson_1_b,10057734_Henderson_1_b_Nevada_pin_report.tsv.gz,385.6842622756958,2025-12-24 22:23:32
10057734,Nevada,Henderson_1_b,10057734_Henderson_1_b_Nevada_expanded_cel_cdl_report.zip,52.90801429748535,2025-12-24 22:23:20
10057489,Nevada,Las_Vegas_1,10057489_North_Las_Vegas_1_b_Nevada_pin_report.zip,1406.0201768875122,2025-12-24 17:31:04
10057490,Nevada,Las_Vegas_1,10057490_North_Las_Vegas_1_a_Nevada_expanded_cel_cdl_report.zip,128.51711177825928,2025-12-24 17:28:30
10057481,Nevada,Las_Vegas_2,10057481_Las_Vegas_2_Nevada_pin_report.zip,1859.0958318710327,2025-12-24 17:33:23
10057481,Nevada,Las_Vegas_2,10057481_Las_Vegas_2_Nevada_expanded_cel_cdl_report.zip,257.91997623443604,2025-12-24 17:30:47
10057479,Nevada,Las_Vegas_3,10057479_Las_Vegas_3_Nevada_pin_report.tsv.gz,1179.4004468917847,2025-12-24 17:32:03
10057479,Nevada,Las_Vegas_3,10057479_Las_Vegas_3_Nevada_expanded_cel_cdl_report.zip,175.92453956604004,2025-12-24 17:31:11
10057490,Nevada,North_Las_Vegas_1_a,10057490_North_Las_Vegas_1_a_Nevada_expanded_cel_cdl_report.zip,128.51711177825928,2025-12-24 17:28:30
10057490,Nevada,North_Las_Vegas_1_a,10057490_North_Las_Vegas_1_a_Nevada_pin_report.zip,1406.7956619262695,2025-12-24 17:29:55
10057489,Nevada,North_Las_Vegas_1_b,10057489_North_Las_Vegas_1_b_Nevada_pin_report.zip,1406.0201768875122,2025-12-24 17:31:04
10057489,Nevada,North_Las_Vegas_1_b,10057489_North_Las_Vegas_1_b_Nevada_expanded_cel_cdl_report.zip,128.51933002471924,2025-12-24 17:28:38
10057488,Nevada,Paradise_a,10057488_Paradise_a_Nevada_pin_report.zip,2523.173638343811,2025-12-24 17:30:34
10057488,Nevada,Paradise_a,10057488_Paradise_a_Nevada_expanded_cel_cdl_report.zip,429.96114444732666,2025-12-24 17:29:33
10057487,Nevada,Paradise_b,10057487_Paradise_b_Nevada_pin_report.zip,2523.1116075515747,2025-12-24 17:34:22
10057487,Nevada,Paradise_b,10057487_Paradise_b_Nevada_expanded_cel_cdl_report.zip,429.9388494491577,2025-12-24 17:29:09
10057486,Nevada,Reno_1,10057486_Reno_1_Nevada_pin_report.zip,1438.524082183838,2025-12-24 17:32:33
10057486,Nevada,Reno_1,10057486_Reno_1_Nevada_expanded_cel_cdl_report.zip,145.93397426605225,2025-12-24 17:29:24
10057477,Nevada,Reno_2,10057477_Reno_2_Nevada_expanded_cel_cdl_report.zip,189.78621578216553,2025-12-24 17:31:17
10057477,Nevada,Reno_2,10057477_Reno_2_Nevada_pin_report.tsv.gz,1258.0595445632935,2025-12-24 17:32:37
10057485,Nevada,Sparks,10057485_Sparks_Nevada_expanded_cel_cdl_report.zip,119.44883823394775,2025-12-24 17:29:55
10057485,Nevada,Sparks,10057485_Sparks_Nevada_pin_report.zip,1424.9442310333252,2025-12-24 17:32:45
10057478,Nevada,Sunrise_Manor,10057478_Sunrise_Manor_Nevada_expanded_cel_cdl_report.zip,174.09035682678223,2025-12-24 17:31:13
10057478,Nevada,Sunrise_Manor,10057478_Sunrise_Manor_Nevada_pin_report.tsv.gz,1328.5419473648071,2025-12-24 17:32:40
10057148,New_Mexico,Alamogordo_a,10057148_Alamogordo_a_New_Mexico_expanded_cel_cdl_report.zip,33.3122501373291,2025-12-29 23:16:16
10057148,New_Mexico,Alamogordo_a,10057148_Alamogordo_a_New_Mexico_pin_report.tsv.gz,407.43519020080566,2025-12-29 23:16:16
10057147,New_Mexico,Alamogordo_b,10057147_Alamogordo_b_New_Mexico_pin_report.tsv.gz,407.49971771240234,2025-12-29 23:16:16
10057147,New_Mexico,Alamogordo_b,10057147_Alamogordo_b_New_Mexico_expanded_cel_cdl_report.zip,33.31223773956299,2025-12-29 23:16:16
10057739,New_Mexico,Albuquerque_1_a,10057739_Albuquerque_1_a_New_Mexico_pin_report.tsv.gz,1348.3223457336426,2025-12-24 22:25:41
10057739,New_Mexico,Albuquerque_1_a,10057739_Albuquerque_1_a_New_Mexico_expanded_cel_cdl_report.zip,150.86973571777344,2025-12-24 22:23:22
10057738,New_Mexico,Albuquerque_1_b,10057738_Albuquerque_1_b_New_Mexico_expanded_cel_cdl_report.zip,150.86969375610352,2025-12-24 22:23:45
10057738,New_Mexico,Albuquerque_1_b,10057738_Albuquerque_1_b_New_Mexico_pin_report.tsv.gz,1349.0753917694092,2025-12-24 22:25:31
10057737,New_Mexico,Albuquerque_2_a,10057737_Albuquerque_2_a_New_Mexico_expanded_cel_cdl_report.zip,111.2390365600586,2025-12-24 22:23:23
10057737,New_Mexico,Albuquerque_2_a,10057737_Albuquerque_2_a_New_Mexico_pin_report.tsv.gz,814.1440963745117,2025-12-24 22:24:57
10057736,New_Mexico,Albuquerque_2_b,10057736_Albuquerque_2_b_New_Mexico_expanded_cel_cdl_report.zip,111.23966884613037,2025-12-24 22:23:43
10057736,New_Mexico,Albuquerque_2_b,10057736_Albuquerque_2_b_New_Mexico_pin_report.tsv.gz,813.330491065979,2025-12-24 22:24:50
10057099,New_Mexico,Albuquerque_3,10057099_Albuquerque_3_New_Mexico_expanded_cel_cdl_report.zip,381.0310401916504,2025-12-29 23:16:16
10057099,New_Mexico,Albuquerque_3,10057099_Albuquerque_3_New_Mexico_pin_report.zip,3457.500834465027,2025-12-29 23:19:25
10057096,New_Mexico,Albuquerque_4,10057096_Albuquerque_4_New_Mexico_expanded_cel_cdl_report.zip,382.72148418426514,2025-12-29 23:16:16
10057096,New_Mexico,Albuquerque_4,10057096_Albuquerque_4_New_Mexico_pin_report.zip,2637.882787704468,2025-12-29 23:19:25
10057068,New_Mexico,Aztec,10057068_Aztec_New_Mexico_pin_report.tsv.gz,66.26398372650146,2025-12-29 23:16:16
10057068,New_Mexico,Aztec,10057068_Aztec_New_Mexico_expanded_cel_cdl_report.zip,7.899837493896484,2025-12-29 23:16:16
10057151,New_Mexico,Belen_a,10057151_Belen_a_New_Mexico_pin_report.tsv.gz,94.55861377716064,2025-12-29 23:16:16
10057151,New_Mexico,Belen_a,10057151_Belen_a_New_Mexico_expanded_cel_cdl_report.zip,22.106172561645508,2025-12-29 23:16:16
10057150,New_Mexico,Belen_b,10057150_Belen_b_New_Mexico_pin_report.tsv.gz,94.77701663970947,2025-12-29 23:16:16
10057150,New_Mexico,Belen_b,10057150_Belen_b_New_Mexico_expanded_cel_cdl_report.zip,22.10525417327881,2025-12-29 23:16:16
10057101,New_Mexico,Farmington,10057101_Farmington_New_Mexico_expanded_cel_cdl_report.zip,74.45628833770752,2025-12-29 23:16:16
10057101,New_Mexico,Farmington,10057101_Farmington_New_Mexico_pin_report.tsv.gz,918.2224178314209,2025-12-29 23:16:16
10057153,New_Mexico,Hobbs_a,10057153_Hobbs_a_New_Mexico_expanded_cel_cdl_report.zip,80.9507646560669,2025-12-29 23:16:16
10057153,New_Mexico,Hobbs_a,10057153_Hobbs_a_New_Mexico_pin_report.tsv.gz,1142.0698308944702,2025-12-29 23:16:16
10057152,New_Mexico,Hobbs_b,10057152_Hobbs_b_New_Mexico_expanded_cel_cdl_report.zip,80.94981861114502,2025-12-29 23:16:16
10057152,New_Mexico,Hobbs_b,10057152_Hobbs_b_New_Mexico_pin_report.tsv.gz,1142.013053894043,2025-12-29 23:16:16
10057730,New_Mexico,Las_Cruces_a,10057730_Las_Cruces_a_New_Mexico_pin_report.tsv.gz,672.4880199432373,2025-12-24 22:24:40
10057730,New_Mexico,Las_Cruces_a,10057730_Las_Cruces_a_New_Mexico_expanded_cel_cdl_report.zip,91.47711372375488,2025-12-24 22:23:34
10057731,New_Mexico,Las_Cruces_b,10057731_Las_Cruces_b_New_Mexico_expanded_cel_cdl_report.zip,91.47918891906738,2025-12-24 22:23:29
10057731,New_Mexico,Las_Cruces_b,10057731_Las_Cruces_b_New_Mexico_pin_report.tsv.gz,671.780330657959,2025-12-24 22:23:48
10057100,New_Mexico,Los_Alamos,10057100_Los_Alamos_New_Mexico_expanded_cel_cdl_report.zip,28.742369651794434,2025-12-29 23:16:16
10057100,New_Mexico,Los_Alamos,10057100_Los_Alamos_New_Mexico_pin_report.tsv.gz,469.8318214416504,2025-12-29 23:16:16
10057098,New_Mexico,Rio_Rancho,10057098_Rio_Rancho_New_Mexico_pin_report.tsv.gz,534.6703472137451,2025-12-29 23:16:16
10057098,New_Mexico,Rio_Rancho,10057098_Rio_Rancho_New_Mexico_expanded_cel_cdl_report.zip,71.01397514343262,2025-12-29 23:16:16
10057155,New_Mexico,Roswell_a,10057155_Roswell_a_New_Mexico_expanded_cel_cdl_report.zip,11.883371353149414,2025-12-29 23:16:16
10057155,New_Mexico,Roswell_a,10057155_Roswell_a_New_Mexico_pin_report.tsv.gz,62.37231636047363,2025-12-29 23:16:16
10057154,New_Mexico,Roswell_b,10057154_Roswell_b_New_Mexico_expanded_cel_cdl_report.zip,11.881861686706543,2025-12-29 23:16:16
10057154,New_Mexico,Roswell_b,10057154_Roswell_b_New_Mexico_pin_report.tsv.gz,62.15990924835205,2025-12-29 23:16:16
10057097,New_Mexico,Santa_Fe,10057097_Santa_Fe_New_Mexico_pin_report.tsv.gz,402.6603031158447,2025-12-29 23:16:16
10057097,New_Mexico,Santa_Fe,10057097_Santa_Fe_New_Mexico_expanded_cel_cdl_report.zip,64.6761360168457,2025-12-29 23:16:16
10057149,New_Mexico,South_Valley_a,10057149_South_Valley_a_New_Mexico_expanded_cel_cdl_report.zip,37.82609939575195,2025-12-29 23:16:16
10057149,New_Mexico,South_Valley_a,10057149_South_Valley_a_New_Mexico_pin_report.tsv.gz,256.6341915130615,2025-12-29 23:16:16
10057719,New_Mexico,South_Valley_b,10057719_South_Valley_b_New_Mexico_expanded_cel_cdl_report.zip,37.83390712738037,2025-12-24 22:24:52
10057719,New_Mexico,South_Valley_b,10057719_South_Valley_b_New_Mexico_pin_report.tsv.gz,256.79102420806885,2025-12-24 22:25:05
10057387,North_Carolina,Apex,10057387_Apex_North_Carolina_pin_report.tsv.gz,921.2971410751343,2025-12-29 23:16:16
10057387,North_Carolina,Apex,10057387_Apex_North_Carolina_expanded_cel_cdl_report.zip,136.93726253509521,2025-12-29 23:16:16
10057391,North_Carolina,Asheville_a,10057391_Asheville_a_North_Carolina_expanded_cel_cdl_report.zip,106.03831481933594,2025-12-29 23:16:16
10057391,North_Carolina,Asheville_a,10057391_Asheville_a_North_Carolina_pin_report.tsv.gz,472.1532516479492,2025-12-29 23:16:16
10057390,North_Carolina,Asheville_b,10057390_Asheville_b_North_Carolina_expanded_cel_cdl_report.zip,106.04174327850342,2025-12-29 23:16:16
10057390,North_Carolina,Asheville_b,10057390_Asheville_b_North_Carolina_pin_report.tsv.gz,471.6703281402588,2025-12-29 23:16:16
10057379,North_Carolina,Belmont_a,10057379_Belmont_a_North_Carolina_expanded_cel_cdl_report.zip,139.84495544433594,2025-12-29 23:16:16
10057379,North_Carolina,Belmont_a,10057379_Belmont_a_North_Carolina_pin_report.zip,1480.6842060089111,2025-12-29 23:19:25
10057378,North_Carolina,Belmont_b,10057378_Belmont_b_North_Carolina_expanded_cel_cdl_report.zip,139.8398790359497,2025-12-29 23:16:16
10057378,North_Carolina,Belmont_b,10057378_Belmont_b_North_Carolina_pin_report.zip,1480.6530141830444,2025-12-29 23:19:25
10057363,North_Carolina,Cary,10057363_Cary_North_Carolina_pin_report.tsv.gz,777.6677885055542,2025-12-29 23:16:16
10057363,North_Carolina,Cary,10057363_Cary_North_Carolina_expanded_cel_cdl_report.zip,101.43385314941406,2025-12-29 23:16:16
10057388,North_Carolina,Chapel_Hill,10057388_Chapel_Hill_North_Carolina_pin_report.tsv.gz,802.1618309020996,2025-12-29 23:16:16
10057388,North_Carolina,Chapel_Hill,10057388_Chapel_Hill_North_Carolina_expanded_cel_cdl_report.zip,105.52673149108887,2025-12-29 23:16:16
10057399,North_Carolina,Charlotte_1,10057399_Charlotte_1_North_Carolina_expanded_cel_cdl_report.zip,57.16682529449463,2025-12-29 23:16:16
10057399,North_Carolina,Charlotte_1,10057399_Charlotte_1_North_Carolina_pin_report.tsv.gz,436.06458377838135,2025-12-29 23:16:16
10057380,North_Carolina,Charlotte_2,10057380_Charlotte_2_North_Carolina_expanded_cel_cdl_report.zip,300.1548557281494,2025-12-29 23:16:16
10057380,North_Carolina,Charlotte_2,10057380_Charlotte_2_North_Carolina_pin_report.tsv.gz,1212.8053560256958,2025-12-29 23:16:16
10057361,North_Carolina,Charlotte_3_a,10057361_Charlotte_3_a_North_Carolina_expanded_cel_cdl_report.zip,68.34351921081543,2025-12-29 23:16:16
10057361,North_Carolina,Charlotte_3_a,10057361_Charlotte_3_a_North_Carolina_pin_report.tsv.gz,365.1092481613159,2025-12-29 23:16:16
10057360,North_Carolina,Charlotte_3_b,10057360_Charlotte_3_b_North_Carolina_pin_report.tsv.gz,364.6929063796997,2025-12-29 23:16:16
10057360,North_Carolina,Charlotte_3_b,10057360_Charlotte_3_b_North_Carolina_expanded_cel_cdl_report.zip,68.34189414978027,2025-12-29 23:16:16
10057377,North_Carolina,Charlotte_4_a,10057377_Charlotte_4_a_North_Carolina_pin_report.tsv.gz,500.41447925567627,2025-12-29 23:16:16
10057377,North_Carolina,Charlotte_4_a,10057377_Charlotte_4_a_North_Carolina_expanded_cel_cdl_report.zip,149.60509300231934,2025-12-29 23:16:16
10057376,North_Carolina,Charlotte_4_b,10057376_Charlotte_4_b_North_Carolina_expanded_cel_cdl_report.zip,149.6013708114624,2025-12-29 23:16:16
10057376,North_Carolina,Charlotte_4_b,10057376_Charlotte_4_b_North_Carolina_pin_report.tsv.gz,500.3785181045532,2025-12-29 23:16:16
10057413,North_Carolina,Charlotte_5,10057413_Charlotte_5_North_Carolina_expanded_cel_cdl_report.zip,299.53357219696045,2025-12-29 23:16:16
10057413,North_Carolina,Charlotte_5,10057413_Charlotte_5_North_Carolina_pin_report.tsv.gz,1121.368070602417,2025-12-29 23:16:16
10057409,North_Carolina,Concord_a,10057409_Concord_a_North_Carolina_expanded_cel_cdl_report.zip,140.93727588653564,2025-12-29 23:16:16
10057409,North_Carolina,Concord_a,10057409_Concord_a_North_Carolina_pin_report.tsv.gz,1112.6249475479126,2025-12-29 23:16:16
10057408,North_Carolina,Concord_b,10057408_Concord_b_North_Carolina_pin_report.tsv.gz,1112.441855430603,2025-12-29 23:16:16
10057408,North_Carolina,Concord_b,10057408_Concord_b_North_Carolina_expanded_cel_cdl_report.zip,140.93422508239746,2025-12-29 23:16:16
10057382,North_Carolina,Davidson_a,10057382_Davidson_a_North_Carolina_expanded_cel_cdl_report.zip,80.80469417572021,2025-12-29 23:16:16
10057382,North_Carolina,Davidson_a,10057382_Davidson_a_North_Carolina_pin_report.tsv.gz,616.5601396560669,2025-12-29 23:16:16
10057381,North_Carolina,Davidson_b,10057381_Davidson_b_North_Carolina_pin_report.tsv.gz,616.29616355896,2025-12-29 23:16:16
10057381,North_Carolina,Davidson_b,10057381_Davidson_b_North_Carolina_expanded_cel_cdl_report.zip,80.80392932891846,2025-12-29 23:16:16
10057362,North_Carolina,Durham_1,10057362_Durham_1_North_Carolina_pin_report.zip,1557.3676834106445,2025-12-29 23:19:25
10057362,North_Carolina,Durham_1,10057362_Durham_1_North_Carolina_expanded_cel_cdl_report.zip,196.93287563323975,2025-12-29 23:16:16
10057401,North_Carolina,Fayetteville_a,10057401_Fayetteville_a_North_Carolina_pin_report.tsv.gz,521.2737073898315,2025-12-29 23:16:16
10057401,North_Carolina,Fayetteville_a,10057401_Fayetteville_a_North_Carolina_expanded_cel_cdl_report.zip,163.83159160614014,2025-12-29 23:16:16
10057400,North_Carolina,Fayetteville_b,10057400_Fayetteville_b_North_Carolina_expanded_cel_cdl_report.zip,163.83496284484863,2025-12-29 23:16:16
10057400,North_Carolina,Fayetteville_b,10057400_Fayetteville_b_North_Carolina_pin_report.tsv.gz,521.392261505127,2025-12-29 23:16:16
10057389,North_Carolina,Goldsboro,10057389_Goldsboro_North_Carolina_pin_report.tsv.gz,361.6913814544678,2025-12-29 23:16:16
10057389,North_Carolina,Goldsboro,10057389_Goldsboro_North_Carolina_expanded_cel_cdl_report.zip,60.20004463195801,2025-12-29 23:16:16
10057359,North_Carolina,Greensboro_1,10057359_Greensboro_1_North_Carolina_pin_report.tsv.gz,554.5070209503174,2025-12-29 23:16:16
10057359,North_Carolina,Greensboro_1,10057359_Greensboro_1_North_Carolina_expanded_cel_cdl_report.zip,74.17365074157715,2025-12-29 23:16:16
10057385,North_Carolina,Greensboro_2,10057385_Greensboro_2_North_Carolina_expanded_cel_cdl_report.zip,153.26157093048096,2025-12-29 23:16:16
10057385,North_Carolina,Greensboro_2,10057385_Greensboro_2_North_Carolina_pin_report.tsv.gz,1268.5136604309082,2025-12-29 23:16:16
10057375,North_Carolina,Greenville,10057375_Greenville_North_Carolina_expanded_cel_cdl_report.zip,123.8215799331665,2025-12-29 23:16:16
10057375,North_Carolina,Greenville,10057375_Greenville_North_Carolina_pin_report.tsv.gz,895.1896677017212,2025-12-29 23:16:16
10057396,North_Carolina,Havelock,10057396_Havelock_North_Carolina_expanded_cel_cdl_report.zip,116.01255989074707,2025-12-29 23:16:16
10057396,North_Carolina,Havelock,10057396_Havelock_North_Carolina_pin_report.tsv.gz,519.6886672973633,2025-12-29 23:16:16
10057395,North_Carolina,Hickory_a,10057395_Hickory_a_North_Carolina_expanded_cel_cdl_report.zip,78.2635269165039,2025-12-29 23:16:16
10057395,North_Carolina,Hickory_a,10057395_Hickory_a_North_Carolina_pin_report.tsv.gz,621.6314945220947,2025-12-29 23:16:16
10057394,North_Carolina,Hickory_b,10057394_Hickory_b_North_Carolina_pin_report.tsv.gz,621.9974479675293,2025-12-29 23:16:16
10057394,North_Carolina,Hickory_b,10057394_Hickory_b_North_Carolina_expanded_cel_cdl_report.zip,78.25994873046875,2025-12-29 23:16:16
10057407,North_Carolina,High_Point_a,10057407_High_Point_a_North_Carolina_pin_report.tsv.gz,1151.7978525161743,2025-12-29 23:16:16
10057407,North_Carolina,High_Point_a,10057407_High_Point_a_North_Carolina_expanded_cel_cdl_report.zip,121.12013530731201,2025-12-29 23:16:16
10057406,North_Carolina,High_Point_b,10057406_High_Point_b_North_Carolina_pin_report.tsv.gz,1152.6712408065796,2025-12-29 23:16:16
10057406,North_Carolina,High_Point_b,10057406_High_Point_b_North_Carolina_expanded_cel_cdl_report.zip,121.11806392669678,2025-12-29 23:16:16
10057384,North_Carolina,Highlands_a,10057384_Highlands_a_North_Carolina_pin_report.tsv.gz,201.3481674194336,2025-12-29 23:16:16
10057384,North_Carolina,Highlands_a,10057384_Highlands_a_North_Carolina_expanded_cel_cdl_report.zip,44.131300926208496,2025-12-29 23:16:16
10057383,North_Carolina,Highlands_b,10057383_Highlands_b_North_Carolina_pin_report.tsv.gz,201.30754470825195,2025-12-29 23:16:16
10057383,North_Carolina,Highlands_b,10057383_Highlands_b_North_Carolina_expanded_cel_cdl_report.zip,44.129862785339355,2025-12-29 23:16:16
10057411,North_Carolina,Huntersville_a,10057411_Huntersville_a_North_Carolina_pin_report.tsv.gz,1096.2085208892822,2025-12-29 23:16:16
10057411,North_Carolina,Huntersville_a,10057411_Huntersville_a_North_Carolina_expanded_cel_cdl_report.zip,127.8652515411377,2025-12-29 23:16:16
10057410,North_Carolina,Huntersville_b,10057410_Huntersville_b_North_Carolina_expanded_cel_cdl_report.zip,127.865159034729,2025-12-29 23:16:16
10057410,North_Carolina,Huntersville_b,10057410_Huntersville_b_North_Carolina_pin_report.tsv.gz,1096.1493425369263,2025-12-29 23:16:16
10057373,North_Carolina,Kernersville,10057373_Kernersville_North_Carolina_pin_report.zip,1963.4522104263306,2025-12-29 23:19:25
10057373,North_Carolina,Kernersville,10057373_Kernersville_North_Carolina_expanded_cel_cdl_report.zip,156.2251853942871,2025-12-29 23:16:16
10057415,North_Carolina,Leland_a,10057415_Leland_a_North_Carolina_pin_report.tsv.gz,173.9345235824585,2025-12-29 23:16:16
10057415,North_Carolina,Leland_a,10057415_Leland_a_North_Carolina_expanded_cel_cdl_report.zip,37.972137451171875,2025-12-29 23:16:16
10057414,North_Carolina,Leland_b,10057414_Leland_b_North_Carolina_expanded_cel_cdl_report.zip,37.97183704376221,2025-12-29 23:16:16
10057414,North_Carolina,Leland_b,10057414_Leland_b_North_Carolina_pin_report.tsv.gz,173.94495487213135,2025-12-29 23:16:16
10057393,North_Carolina,Matthews_a,10057393_Matthews_a_North_Carolina_pin_report.tsv.gz,747.9541091918945,2025-12-29 23:16:16
10057393,North_Carolina,Matthews_a,10057393_Matthews_a_North_Carolina_expanded_cel_cdl_report.zip,221.60230159759521,2025-12-29 23:16:16
10057392,North_Carolina,Matthews_b,10057392_Matthews_b_North_Carolina_expanded_cel_cdl_report.zip,221.60140800476074,2025-12-29 23:16:16
10057392,North_Carolina,Matthews_b,10057392_Matthews_b_North_Carolina_pin_report.tsv.gz,748.022162437439,2025-12-29 23:16:16
10057368,North_Carolina,Monroe_a,10057368_Monroe_a_North_Carolina_pin_report.tsv.gz,315.37461280822754,2025-12-29 23:16:16
10057368,North_Carolina,Monroe_a,10057368_Monroe_a_North_Carolina_expanded_cel_cdl_report.zip,39.681182861328125,2025-12-29 23:16:16
10057367,North_Carolina,Monroe_b,10057367_Monroe_b_North_Carolina_pin_report.tsv.gz,315.4827547073364,2025-12-29 23:16:16
10057367,North_Carolina,Monroe_b,10057367_Monroe_b_North_Carolina_expanded_cel_cdl_report.zip,39.68301486968994,2025-12-29 23:16:16
10057398,North_Carolina,Morganton_a,10057398_Morganton_a_North_Carolina_pin_report.tsv.gz,245.3470811843872,2025-12-29 23:16:16
10057398,North_Carolina,Morganton_a,10057398_Morganton_a_North_Carolina_expanded_cel_cdl_report.zip,50.60933208465576,2025-12-29 23:16:16
10057397,North_Carolina,Morganton_b,10057397_Morganton_b_North_Carolina_expanded_cel_cdl_report.zip,50.60741329193115,2025-12-29 23:16:16
10057397,North_Carolina,Morganton_b,10057397_Morganton_b_North_Carolina_pin_report.tsv.gz,245.368013381958,2025-12-29 23:16:16
10057364,North_Carolina,Raleigh_1,10057364_Raleigh_1_North_Carolina_pin_report.zip,1599.7794218063354,2025-12-29 23:19:25
10057364,North_Carolina,Raleigh_1,10057364_Raleigh_1_North_Carolina_expanded_cel_cdl_report.zip,256.37657356262207,2025-12-29 23:16:16
10057366,North_Carolina,Raleigh_2_a,10057366_Raleigh_2_a_North_Carolina_expanded_cel_cdl_report.zip,230.2822504043579,2025-12-29 23:16:16
10057366,North_Carolina,Raleigh_2_a,10057366_Raleigh_2_a_North_Carolina_pin_report.tsv.gz,1095.7805089950562,2025-12-29 23:16:16
10057365,North_Carolina,Raleigh_2_b,10057365_Raleigh_2_b_North_Carolina_expanded_cel_cdl_report.zip,230.2561855316162,2025-12-29 23:16:16
10057365,North_Carolina,Raleigh_2_b,10057365_Raleigh_2_b_North_Carolina_pin_report.tsv.gz,1095.0875205993652,2025-12-29 23:16:16
10057403,North_Carolina,Reidsville_a,10057403_Reidsville_a_North_Carolina_expanded_cel_cdl_report.zip,85.9101619720459,2025-12-29 23:16:16
10057403,North_Carolina,Reidsville_a,10057403_Reidsville_a_North_Carolina_pin_report.tsv.gz,704.9597206115723,2025-12-29 23:16:16
10057402,North_Carolina,Reidsville_b,10057402_Reidsville_b_North_Carolina_expanded_cel_cdl_report.zip,85.90905094146729,2025-12-29 23:16:16
10057402,North_Carolina,Reidsville_b,10057402_Reidsville_b_North_Carolina_pin_report.tsv.gz,704.9300050735474,2025-12-29 23:16:16
10057412,North_Carolina,Rocky_Mount,10057412_Rocky_Mount_North_Carolina_pin_report.tsv.gz,1301.4497871398926,2025-12-29 23:16:16
10057412,North_Carolina,Rocky_Mount,10057412_Rocky_Mount_North_Carolina_expanded_cel_cdl_report.zip,179.85326385498047,2025-12-29 23:16:16
10057405,North_Carolina,Sanford_a,10057405_Sanford_a_North_Carolina_pin_report.tsv.gz,287.6494379043579,2025-12-29 23:16:16
10057405,North_Carolina,Sanford_a,10057405_Sanford_a_North_Carolina_expanded_cel_cdl_report.zip,44.63898944854736,2025-12-29 23:16:16
10057404,North_Carolina,Sanford_b,10057404_Sanford_b_North_Carolina_expanded_cel_cdl_report.zip,44.640830993652344,2025-12-29 23:16:16
10057404,North_Carolina,Sanford_b,10057404_Sanford_b_North_Carolina_pin_report.tsv.gz,287.24939346313477,2025-12-29 23:16:16
10057371,North_Carolina,Southern_Pines_a,10057371_Southern_Pines_a_North_Carolina_pin_report.tsv.gz,200.77956676483154,2025-12-29 23:16:16
10057371,North_Carolina,Southern_Pines_a,10057371_Southern_Pines_a_North_Carolina_expanded_cel_cdl_report.zip,42.876495361328125,2025-12-29 23:16:16
10057370,North_Carolina,Southern_Pines_b,10057370_Southern_Pines_b_North_Carolina_pin_report.tsv.gz,200.83076667785645,2025-12-29 23:16:16
10057370,North_Carolina,Southern_Pines_b,10057370_Southern_Pines_b_North_Carolina_expanded_cel_cdl_report.zip,42.87772083282471,2025-12-29 23:16:16
10057372,North_Carolina,Wake_Forest,10057372_Wake_Forest_North_Carolina_expanded_cel_cdl_report.zip,93.16532707214355,2025-12-29 23:16:16
10057372,North_Carolina,Wake_Forest,10057372_Wake_Forest_North_Carolina_pin_report.tsv.gz,537.3695640563965,2025-12-29 23:16:16
10057374,North_Carolina,Wilmington,10057374_Wilmington_North_Carolina_pin_report.tsv.gz,599.5555667877197,2025-12-29 23:16:16
10057374,North_Carolina,Wilmington,10057374_Wilmington_North_Carolina_expanded_cel_cdl_report.zip,106.46818161010742,2025-12-29 23:16:16
10057386,North_Carolina,Wilson,10057386_Wilson_North_Carolina_expanded_cel_cdl_report.zip,132.8351755142212,2025-12-29 23:16:16
10057386,North_Carolina,Wilson,10057386_Wilson_North_Carolina_pin_report.zip,1465.9535217285156,2025-12-29 23:19:25
10057369,North_Carolina,Winston-Salem_1,10057369_Winston-Salem_1_North_Carolina_pin_report.tsv.gz,739.268895149231,2025-12-29 23:16:16
10057369,North_Carolina,Winston-Salem_1,10057369_Winston-Salem_1_North_Carolina_expanded_cel_cdl_report.zip,119.16730499267578,2025-12-29 23:16:16
10057505,Oklahoma,Altus_a,10057505_Altus_a_Oklahoma_pin_report.tsv.gz,607.4003000259399,2025-12-24 17:27:50
10057505,Oklahoma,Altus_a,10057505_Altus_a_Oklahoma_expanded_cel_cdl_report.zip,55.52797317504883,2025-12-24 17:26:21
10057504,Oklahoma,Altus_b,10057504_Altus_b_Oklahoma_expanded_cel_cdl_report.zip,55.524582862854004,2025-12-24 17:26:25
10057504,Oklahoma,Altus_b,10057504_Altus_b_Oklahoma_pin_report.tsv.gz,606.8077087402344,2025-12-24 17:27:07
10057491,Oklahoma,Alva,10057491_Alva_Oklahoma_pin_report.tsv.gz,362.6465368270874,2025-12-24 17:28:28
10057491,Oklahoma,Alva,10057491_Alva_Oklahoma_expanded_cel_cdl_report.zip,67.07000255584717,2025-12-24 17:28:19
10057503,Oklahoma,Broken_Arrow,10057503_Broken_Arrow_Oklahoma_pin_report.zip,2243.316714286804,2025-12-24 17:30:45
10057503,Oklahoma,Broken_Arrow,10057503_Broken_Arrow_Oklahoma_expanded_cel_cdl_report.zip,265.23766899108887,2025-12-24 17:26:37
10057509,Oklahoma,Duncan_a,10057509_Duncan_a_Oklahoma_pin_report.tsv.gz,865.9370775222778,2025-12-24 17:26:27
10057509,Oklahoma,Duncan_a,10057509_Duncan_a_Oklahoma_expanded_cel_cdl_report.zip,91.3915605545044,2025-12-24 17:25:06
10057508,Oklahoma,Duncan_b,10057508_Duncan_b_Oklahoma_pin_report.tsv.gz,864.8174314498901,2025-12-24 17:26:53
10057508,Oklahoma,Duncan_b,10057508_Duncan_b_Oklahoma_expanded_cel_cdl_report.zip,91.39420318603516,2025-12-24 17:25:23
10057500,Oklahoma,Durant,10057500_Durant_Oklahoma_pin_report.tsv.gz,1103.712613105774,2025-12-24 17:27:34
10057500,Oklahoma,Durant,10057500_Durant_Oklahoma_expanded_cel_cdl_report.zip,110.52914142608643,2025-12-24 17:27:03
10057517,Oklahoma,Lawton_1_a,10057517_Lawton_1_a_Oklahoma_pin_report.tsv.gz,670.2906723022461,2025-12-24 17:25:07
10057517,Oklahoma,Lawton_1_a,10057517_Lawton_1_a_Oklahoma_expanded_cel_cdl_report.zip,69.71206855773926,2025-12-24 17:24:23
10057516,Oklahoma,Lawton_1_b,10057516_Lawton_1_b_Oklahoma_pin_report.tsv.gz,669.4436664581299,2025-12-24 17:25:21
10057516,Oklahoma,Lawton_1_b,10057516_Lawton_1_b_Oklahoma_expanded_cel_cdl_report.zip,69.70926475524902,2025-12-24 17:24:23
10057498,Oklahoma,Midwest_City_a,10057498_Midwest_City_a_Oklahoma_pin_report.tsv.gz,419.99448585510254,2025-12-24 17:27:31
10057498,Oklahoma,Midwest_City_a,10057498_Midwest_City_a_Oklahoma_expanded_cel_cdl_report.zip,101.15172863006592,2025-12-24 17:27:33
10057497,Oklahoma,Midwest_City_b,10057497_Midwest_City_b_Oklahoma_pin_report.tsv.gz,419.6076965332031,2025-12-24 17:27:57
10057497,Oklahoma,Midwest_City_b,10057497_Midwest_City_b_Oklahoma_expanded_cel_cdl_report.zip,101.14842414855957,2025-12-24 17:27:39
10057502,Oklahoma,Norman_a,10057502_Norman_a_Oklahoma_pin_report.tsv.gz,935.0871171951294,2025-12-24 17:28:43
10057502,Oklahoma,Norman_a,10057502_Norman_a_Oklahoma_expanded_cel_cdl_report.zip,121.35029411315918,2025-12-24 17:26:38
10057501,Oklahoma,Norman_b,10057501_Norman_b_Oklahoma_pin_report.tsv.gz,934.4032869338989,2025-12-24 17:28:17
10057501,Oklahoma,Norman_b,10057501_Norman_b_Oklahoma_expanded_cel_cdl_report.zip,121.3520565032959,2025-12-24 17:26:45
10057499,Oklahoma,Oklahoma_City_1,10057499_Oklahoma_City_1_Oklahoma_expanded_cel_cdl_report.zip,532.2892398834229,2025-12-24 17:27:10
10057499,Oklahoma,Oklahoma_City_1,10057499_Oklahoma_City_1_Oklahoma_pin_report.zip,2520.1371812820435,2025-12-24 17:30:05
10057492,Oklahoma,Oklahoma_City_2,10057492_Oklahoma_City_2_Oklahoma_pin_report.zip,2020.0253238677979,2025-12-24 17:30:22
10057492,Oklahoma,Oklahoma_City_2,10057492_Oklahoma_City_2_Oklahoma_expanded_cel_cdl_report.zip,325.03741359710693,2025-12-24 17:28:15
10057507,Oklahoma,Oklahoma_City_3,10057507_Oklahoma_City_3_Oklahoma_expanded_cel_cdl_report.zip,400.82295417785645,2025-12-24 17:26:14
10057507,Oklahoma,Oklahoma_City_3,10057507_Oklahoma_City_3_Oklahoma_pin_report.zip,1997.2331113815308,2025-12-24 17:30:10
10057515,Oklahoma,Owasso,10057515_Owasso_Oklahoma_expanded_cel_cdl_report.zip,123.11021614074707,2025-12-24 17:24:33
10057515,Oklahoma,Owasso,10057515_Owasso_Oklahoma_pin_report.tsv.gz,1296.8333225250244,2025-12-24 17:26:42
10057511,Oklahoma,Ponca_City_a,10057511_Ponca_City_a_Oklahoma_expanded_cel_cdl_report.zip,94.38540649414062,2025-12-24 17:24:49
10057511,Oklahoma,Ponca_City_a,10057511_Ponca_City_a_Oklahoma_pin_report.tsv.gz,775.5209350585938,2025-12-24 17:26:20
10057510,Oklahoma,Ponca_City_b,10057510_Ponca_City_b_Oklahoma_pin_report.tsv.gz,775.272047996521,2025-12-24 17:25:47
10057510,Oklahoma,Ponca_City_b,10057510_Ponca_City_b_Oklahoma_expanded_cel_cdl_report.zip,94.38971138000488,2025-12-24 17:24:56
10057512,Oklahoma,Sapulpa,10057512_Sapulpa_Oklahoma_pin_report.tsv.gz,1361.5927696228027,2025-12-24 17:26:16
10057512,Oklahoma,Sapulpa,10057512_Sapulpa_Oklahoma_expanded_cel_cdl_report.zip,163.75023365020752,2025-12-24 17:24:43
10057494,Oklahoma,Shawnee_a,10057494_Shawnee_a_Oklahoma_expanded_cel_cdl_report.zip,9.92879581451416,2025-12-24 17:28:01
10057494,Oklahoma,Shawnee_a,10057494_Shawnee_a_Oklahoma_pin_report.tsv.gz,44.936490058898926,2025-12-24 17:28:02
10057493,Oklahoma,Shawnee_b,10057493_Shawnee_b_Oklahoma_pin_report.tsv.gz,44.92527198791504,2025-12-24 17:28:05
10057493,Oklahoma,Shawnee_b,10057493_Shawnee_b_Oklahoma_expanded_cel_cdl_report.zip,9.928318977355957,2025-12-24 17:28:03
10057514,Oklahoma,Stillwater,10057514_Stillwater_Oklahoma_pin_report.tsv.gz,969.8031406402588,2025-12-24 17:25:48
10057514,Oklahoma,Stillwater,10057514_Stillwater_Oklahoma_expanded_cel_cdl_report.zip,160.83755683898926,2025-12-24 17:24:45
10057506,Oklahoma,Tulsa_1,10057506_Tulsa_1_Oklahoma_expanded_cel_cdl_report.zip,100.50605201721191,2025-12-24 17:26:02
10057506,Oklahoma,Tulsa_1,10057506_Tulsa_1_Oklahoma_pin_report.tsv.gz,703.2270278930664,2025-12-24 17:26:24
10057513,Oklahoma,Tulsa_2,10057513_Tulsa_2_Oklahoma_pin_report.zip,1668.079951286316,2025-12-24 17:26:39
10057513,Oklahoma,Tulsa_2,10057513_Tulsa_2_Oklahoma_expanded_cel_cdl_report.zip,226.09849071502686,2025-12-24 17:24:31
10057518,Oklahoma,Tulsa_3,10057518_Tulsa_3_Oklahoma_expanded_cel_cdl_report.zip,311.03340911865234,2025-12-24 17:24:59
10057518,Oklahoma,Tulsa_3,10057518_Tulsa_3_Oklahoma_pin_report.zip,2181.44082736969,2025-12-24 17:28:47
10057496,Oklahoma,Yukon_a,10057496_Yukon_a_Oklahoma_expanded_cel_cdl_report.zip,171.04719257354736,2025-12-24 17:27:44
10057496,Oklahoma,Yukon_a,10057496_Yukon_a_Oklahoma_pin_report.tsv.gz,708.7752656936646,2025-12-24 17:28:17
10057495,Oklahoma,Yukon_b,10057495_Yukon_b_Oklahoma_pin_report.tsv.gz,709.0050497055054,2025-12-24 17:29:01
10057495,Oklahoma,Yukon_b,10057495_Yukon_b_Oklahoma_expanded_cel_cdl_report.zip,171.05537223815918,2025-12-24 17:27:58
10057106,Utah,American_Fork,10057106_American_Fork_Utah_expanded_cel_cdl_report.zip,117.5688591003418,2025-12-23 18:56:02
10057106,Utah,American_Fork,10057106_American_Fork_Utah_pin_report.tsv.gz,894.8005485534668,2025-12-23 18:59:02
10057113,Utah,Draper,10057113_Draper_Utah_pin_report.tsv.gz,874.1578731536865,2025-12-23 18:56:02
10057113,Utah,Draper,10057113_Draper_Utah_expanded_cel_cdl_report.zip,141.18450450897217,2025-12-23 18:55:15
10057105,Utah,Eagle_Mountain,10057105_Eagle_Mountain_Utah_pin_report.tsv.gz,1110.816107749939,2025-12-23 18:57:44
10057105,Utah,Eagle_Mountain,10057105_Eagle_Mountain_Utah_expanded_cel_cdl_report.zip,123.66629600524902,2025-12-23 18:56:14
10057120,Utah,Herriman,10057120_Herriman_Utah_expanded_cel_cdl_report.zip,162.46222019195557,2025-12-23 18:54:13
10057120,Utah,Herriman,10057120_Herriman_Utah_pin_report.zip,1584.7515649795532,2025-12-23 18:55:34
10057114,Utah,Layton,10057114_Layton_Utah_pin_report.zip,2152.943841934204,2025-12-23 18:59:39
10057114,Utah,Layton,10057114_Layton_Utah_expanded_cel_cdl_report.zip,192.50754070281982,2025-12-23 18:55:37
10057108,Utah,Lehi,10057108_Lehi_Utah_pin_report.zip,1915.1237163543701,2025-12-23 18:58:04
10057108,Utah,Lehi,10057108_Lehi_Utah_expanded_cel_cdl_report.zip,178.7601900100708,2025-12-23 18:55:55
10057104,Utah,Logan,10057104_Logan_Utah_pin_report.tsv.gz,1227.4176626205444,2025-12-23 18:57:41
10057104,Utah,Logan,10057104_Logan_Utah_expanded_cel_cdl_report.zip,94.97910118103027,2025-12-23 18:56:41
10057119,Utah,Ogden,10057119_Ogden_Utah_pin_report.tsv.gz,1292.574423789978,2025-12-23 18:56:36
10057119,Utah,Ogden,10057119_Ogden_Utah_expanded_cel_cdl_report.zip,140.78626823425293,2025-12-23 18:54:32
10057139,Utah,Orem_a,10057139_Orem_a_Utah_expanded_cel_cdl_report.zip,79.15445327758789,2025-12-23 18:53:20
10057139,Utah,Orem_a,10057139_Orem_a_Utah_pin_report.tsv.gz,664.0659456253052,2025-12-23 18:54:45
10057140,Utah,Orem_b,10057140_Orem_b_Utah_expanded_cel_cdl_report.zip,79.15148735046387,2025-12-23 18:53:18
10057140,Utah,Orem_b,10057140_Orem_b_Utah_pin_report.tsv.gz,664.5253963470459,2025-12-23 18:54:07
10057118,Utah,Pleasant_Grove,10057118_Pleasant_Grove_Utah_pin_report.tsv.gz,606.6848888397217,2025-12-23 18:55:01
10057118,Utah,Pleasant_Grove,10057118_Pleasant_Grove_Utah_expanded_cel_cdl_report.zip,66.88611888885498,2025-12-23 18:54:22
10057122,Utah,Provo,10057122_Provo_Utah_pin_report.zip,2199.823719024658,2025-12-23 18:57:57
10057122,Utah,Provo,10057122_Provo_Utah_expanded_cel_cdl_report.zip,172.13841247558594,2025-12-23 18:53:44
10057102,Utah,Richfield,10057102_Richfield_Utah_expanded_cel_cdl_report.zip,74.79373073577881,2025-12-23 18:57:46
10057102,Utah,Richfield,10057102_Richfield_Utah_pin_report.tsv.gz,1285.35910987854,2025-12-23 18:59:33
10057117,Utah,Roy,10057117_Roy_Utah_expanded_cel_cdl_report.zip,65.59644889831543,2025-12-23 18:54:35
10057117,Utah,Roy,10057117_Roy_Utah_pin_report.tsv.gz,497.5980224609375,2025-12-23 18:55:02
10057136,Utah,Salt_Lake_City_1_a,10057136_Salt_Lake_City_1_a_Utah_pin_report.tsv.gz,617.7050590515137,2025-12-23 18:53:57
10057136,Utah,Salt_Lake_City_1_a,10057136_Salt_Lake_City_1_a_Utah_expanded_cel_cdl_report.zip,111.203293800354,2025-12-23 18:53:36
10057145,Utah,Salt_Lake_City_1_b,10057145_Salt_Lake_City_1_b_Utah_expanded_cel_cdl_report.zip,111.20296001434326,2025-12-23 18:53:09
10057145,Utah,Salt_Lake_City_1_b,10057145_Salt_Lake_City_1_b_Utah_pin_report.tsv.gz,618.2013177871704,2025-12-23 18:53:56
10057721,Utah,Sandy_a,10057721_Sandy_a_Utah_pin_report.tsv.gz,703.7492456436157,2025-12-24 22:25:41
10057721,Utah,Sandy_a,10057721_Sandy_a_Utah_expanded_cel_cdl_report.zip,123.82590961456299,2025-12-24 22:24:43
10057720,Utah,Sandy_b,10057720_Sandy_b_Utah_pin_report.tsv.gz,702.9050998687744,2025-12-24 22:25:18
10057720,Utah,Sandy_b,10057720_Sandy_b_Utah_expanded_cel_cdl_report.zip,123.82742595672607,2025-12-24 22:24:47
10057107,Utah,Saratoga_Springs,10057107_Saratoga_Springs_Utah_expanded_cel_cdl_report.zip,95.42221546173096,2025-12-23 18:55:58
10057107,Utah,Saratoga_Springs,10057107_Saratoga_Springs_Utah_pin_report.tsv.gz,1228.0221796035767,2025-12-23 18:59:05
10057110,Utah,Smithfield,10057110_Smithfield_Utah_expanded_cel_cdl_report.zip,24.825373649597168,2025-12-23 18:55:36
10057110,Utah,Smithfield,10057110_Smithfield_Utah_pin_report.tsv.gz,227.2916202545166,2025-12-23 18:55:45
10057116,Utah,South_Jordan,10057116_South_Jordan_Utah_pin_report.tsv.gz,729.3133773803711,2025-12-23 18:55:29
10057116,Utah,South_Jordan,10057116_South_Jordan_Utah_expanded_cel_cdl_report.zip,119.39188766479492,2025-12-23 18:54:53
10057103,Utah,Spanish_Fork,10057103_Spanish_Fork_Utah_expanded_cel_cdl_report.zip,96.92843055725098,2025-12-23 18:57:01
10057103,Utah,Spanish_Fork,10057103_Spanish_Fork_Utah_pin_report.tsv.gz,1430.5163593292236,2025-12-23 19:00:00
10057112,Utah,St__George,10057112_St__George_Utah_expanded_cel_cdl_report.zip,109.37384414672852,2025-12-23 18:55:18
10057112,Utah,St__George,10057112_St__George_Utah_pin_report.tsv.gz,1271.5663900375366,2025-12-23 18:56:41
10057109,Utah,Taylorsville,10057109_Taylorsville_Utah_expanded_cel_cdl_report.zip,271.1872797012329,2025-12-23 18:55:53
10057109,Utah,Taylorsville,10057109_Taylorsville_Utah_pin_report.zip,1831.9419803619385,2025-12-23 18:58:50
10057138,Utah,Washington_a,10057138_Washington_a_Utah_expanded_cel_cdl_report.zip,73.31754398345947,2025-12-23 18:53:24
10057138,Utah,Washington_a,10057138_Washington_a_Utah_pin_report.tsv.gz,651.667049407959,2025-12-23 18:54:17
10057137,Utah,Washington_b,10057137_Washington_b_Utah_pin_report.tsv.gz,650.4250154495239,2025-12-23 18:54:51
10057137,Utah,Washington_b,10057137_Washington_b_Utah_expanded_cel_cdl_report.zip,73.3180341720581,2025-12-23 18:53:33
10057111,Utah,West_Jordan,10057111_West_Jordan_Utah_pin_report.zip,2864.7133207321167,2025-12-23 18:58:05
10057111,Utah,West_Jordan,10057111_West_Jordan_Utah_expanded_cel_cdl_report.zip,293.17954540252686,2025-12-23 18:55:47
10057121,Utah,West_Valley_City,10057121_West_Valley_City_Utah_pin_report.tsv.gz,1379.0531301498413,2025-12-23 18:55:47
10057121,Utah,West_Valley_City,10057121_West_Valley_City_Utah_expanded_cel_cdl_report.zip,211.3983678817749,2025-12-23 18:54:06
