{
  "type": "FeatureCollection",
  "name": "Summit",
  "crs": {
    "type": "name",
    "properties": {
      "name": "urn:ogc:def:crs:OGC:1.3:CRS84"
    }
  },
  "features": [
    {
      "type": "Feature",
      "properties": {
        "largest_city": "Summit",
        "all_cities": "Branchville, Califon, Cedar Knolls, Chatham, Dunellen, Florham Park, Middlesex, Mount Tabor, New Providence, North Plainfield, Panther Valley, Summit, Watchung",
        "total_area_ft2": 19966825.22201615
      },
      "geometry": {
        "type": "MultiPolygon",
        "coordinates": [
          [
            [
              [
                -74.36801355635794,
                40.72442831012693
              ],
              [
                -74.3678151,
                40.72431289999997
              ],
              [
                -74.3682306,
                40.72389419999996
              ],
              [
                -74.36825198832004,
                40.72390751556159
              ],
              [
                -74.368348,
                40.72369779999997
              ],
              [
                -74.3689678,
                40.7238608
              ],
              [
                -74.3685753,
                40.7247179
              ],
              [
                -74.3679556,
                40.72455489999999
              ],
              [
                -74.36801355635794,
                40.72442831012693
              ]
            ]
          ],
          [
            [
              [
                -74.3494707,
                40.7280595
              ],
              [
                -74.34943850000002,
                40.7280804
              ],
              [
                -74.349411,
                40.7280856
              ],
              [
                -74.3492807,
                40.7280996
              ],
              [
                -74.3492416,
                40.7280897
              ],
              [
                -74.3492117,
                40.72807109999999
              ],
              [
                -74.34918490000001,
                40.7280322
              ],
              [
                -74.3491159,
                40.72764129999999
              ],
              [
                -74.3491274,
                40.7276134
              ],
              [
                -74.3491604,
                40.7275931
              ],
              [
                -74.3491941,
                40.727582100000014
              ],
              [
                -74.3493205,
                40.7275676
              ],
              [
                -74.3493604,
                40.727574
              ],
              [
                -74.34939260000002,
                40.727592
              ],
              [
                -74.3494163,
                40.72762040000001
              ],
              [
                -74.349424,
                40.7276512
              ],
              [
                -74.3494945,
                40.7280049
              ],
              [
                -74.3494892,
                40.7280328
              ],
              [
                -74.3494707,
                40.7280595
              ]
            ]
          ],
          [
            [
              [
                -74.3467594,
                40.727703
              ],
              [
                -74.346772,
                40.7276913
              ],
              [
                -74.3471279,
                40.727716799999975
              ],
              [
                -74.3470881,
                40.7280362
              ],
              [
                -74.3467212,
                40.72801
              ],
              [
                -74.3467594,
                40.727703
              ]
            ]
          ],
          [
            [
              [
                -74.3668019,
                40.7554582
              ],
              [
                -74.367073,
                40.7551949
              ],
              [
                -74.3675097,
                40.755453
              ],
              [
                -74.3672385,
                40.7557163
              ],
              [
                -74.3668019,
                40.7554582
              ]
            ]
          ],
          [
            [
              [
                -74.3669615,
                40.7559715
              ],
              [
                -74.3665319,
                40.7557111
              ],
              [
                -74.3667871,
                40.7554696
              ],
              [
                -74.3672166,
                40.75572989999998
              ],
              [
                -74.3669615,
                40.7559715
              ]
            ]
          ],
          [
            [
              [
                -74.3702784,
                40.786477199999986
              ],
              [
                -74.370243,
                40.7864558
              ],
              [
                -74.3702253,
                40.78642629999999
              ],
              [
                -74.3702129,
                40.7863754
              ],
              [
                -74.3702288,
                40.7861958
              ],
              [
                -74.3702749,
                40.785814
              ],
              [
                -74.370381,
                40.7853571
              ],
              [
                -74.3705049,
                40.78488410000001
              ],
              [
                -74.3710215,
                40.7849178
              ],
              [
                -74.3712337,
                40.784969799999985
              ],
              [
                -74.3716231,
                40.78511449999998
              ],
              [
                -74.3717347,
                40.78512929999998
              ],
              [
                -74.3717958,
                40.7851246
              ],
              [
                -74.3720073,
                40.785211
              ],
              [
                -74.3716038,
                40.78556339999997
              ],
              [
                -74.371119,
                40.7859882
              ],
              [
                -74.3706925,
                40.786371399999986
              ],
              [
                -74.3705775,
                40.78643970000001
              ],
              [
                -74.3704341,
                40.78647849999998
              ],
              [
                -74.3703297,
                40.78648519999999
              ],
              [
                -74.3702784,
                40.786477199999986
              ]
            ]
          ],
          [
            [
              [
                -74.3723889,
                40.7885688
              ],
              [
                -74.3730111,
                40.78879619999998
              ],
              [
                -74.3728502,
                40.7890887
              ],
              [
                -74.3728931,
                40.789109
              ],
              [
                -74.3728395,
                40.7892105
              ],
              [
                -74.3727858,
                40.78921049999998
              ],
              [
                -74.3724908,
                40.7896857
              ],
              [
                -74.3718474,
                40.7894666
              ],
              [
                -74.3723889,
                40.7885688
              ]
            ]
          ],
          [
            [
              [
                -74.50316097259548,
                40.56881523720482
              ],
              [
                -74.50316617780595,
                40.568819927823284
              ],
              [
                -74.50181434086412,
                40.56969442124365
              ],
              [
                -74.50176746870197,
                40.56965195433662
              ],
              [
                -74.5017574,
                40.569658
              ],
              [
                -74.5008259,
                40.56883160000001
              ],
              [
                -74.50084710531884,
                40.56881809081414
              ],
              [
                -74.5007985537886,
                40.56877410237352
              ],
              [
                -74.50216184604695,
                40.56791488524533
              ],
              [
                -74.50220451205297,
                40.56795333324991
              ],
              [
                -74.502211,
                40.56794919999999
              ],
              [
                -74.50316270000002,
                40.56881419999998
              ],
              [
                -74.50316097259548,
                40.56881523720482
              ]
            ]
          ],
          [
            [
              [
                -74.4988567,
                40.5702429
              ],
              [
                -74.49855779999999,
                40.57046440000003
              ],
              [
                -74.4984116,
                40.5703155
              ],
              [
                -74.4987398,
                40.570128199999985
              ],
              [
                -74.4988567,
                40.5702429
              ]
            ]
          ],
          [
            [
              [
                -74.5060625,
                40.574168
              ],
              [
                -74.5059711,
                40.5742034
              ],
              [
                -74.50589990000002,
                40.57422089999998
              ],
              [
                -74.5057843,
                40.5742435
              ],
              [
                -74.5056965,
                40.5742414
              ],
              [
                -74.5056284,
                40.574242
              ],
              [
                -74.505577,
                40.5742386
              ],
              [
                -74.5056085,
                40.5738173
              ],
              [
                -74.5056432,
                40.573793
              ],
              [
                -74.5062691,
                40.5738254
              ],
              [
                -74.5062588,
                40.57391819999998
              ],
              [
                -74.5062347,
                40.574009
              ],
              [
                -74.50619610000001,
                40.574071299999986
              ],
              [
                -74.5061442,
                40.57412329999999
              ],
              [
                -74.5060625,
                40.574168
              ]
            ]
          ],
          [
            [
              [
                -74.5158777,
                40.57422159999998
              ],
              [
                -74.5156626,
                40.5744659
              ],
              [
                -74.5151662,
                40.5742137
              ],
              [
                -74.5153813,
                40.57396940000001
              ],
              [
                -74.5158777,
                40.57422159999998
              ]
            ]
          ],
          [
            [
              [
                -74.5156316,
                40.57460550000002
              ],
              [
                -74.5156987,
                40.5746402
              ],
              [
                -74.5154975,
                40.5748907
              ],
              [
                -74.515122,
                40.5747095
              ],
              [
                -74.5152105,
                40.57462179999999
              ],
              [
                -74.51535,
                40.5745627
              ],
              [
                -74.5154948,
                40.5745647
              ],
              [
                -74.5156316,
                40.57460550000002
              ]
            ]
          ],
          [
            [
              [
                -74.5151434,
                40.5750741
              ],
              [
                -74.5150603,
                40.5751678
              ],
              [
                -74.5148564,
                40.57505779999998
              ],
              [
                -74.5149396,
                40.5749661
              ],
              [
                -74.5151434,
                40.5750741
              ]
            ]
          ],
          [
            [
              [
                -74.50413278840787,
                40.57535690302027
              ],
              [
                -74.50509838571013,
                40.57532241737611
              ],
              [
                -74.50503631122568,
                40.576260426431304
              ],
              [
                -74.50421555378826,
                40.576294910909624
              ],
              [
                -74.50420478338103,
                40.576172846262494
              ],
              [
                -74.5041895,
                40.576163
              ],
              [
                -74.5041574,
                40.57589409999998
              ],
              [
                -74.504169359766,
                40.57577137852056
              ],
              [
                -74.50413278840787,
                40.57535690302027
              ]
            ]
          ],
          [
            [
              [
                -74.5063282,
                40.5764707
              ],
              [
                -74.505842,
                40.5764179
              ],
              [
                -74.5058962,
                40.576173099999984
              ],
              [
                -74.5063811,
                40.576227
              ],
              [
                -74.5063282,
                40.5764707
              ]
            ]
          ],
          [
            [
              [
                -74.4929152,
                40.57255739999998
              ],
              [
                -74.4928975,
                40.5725675
              ],
              [
                -74.4928784,
                40.5725805
              ],
              [
                -74.4928549,
                40.57258069999999
              ],
              [
                -74.4928321,
                40.57258039999997
              ],
              [
                -74.4928073,
                40.572578
              ],
              [
                -74.4927887,
                40.5725724
              ],
              [
                -74.4925844,
                40.5723915
              ],
              [
                -74.492811,
                40.5722469
              ],
              [
                -74.49297110000002,
                40.5724015
              ],
              [
                -74.4930401,
                40.57235580000001
              ],
              [
                -74.4931109,
                40.572419
              ],
              [
                -74.4929957,
                40.5724968
              ],
              [
                -74.49296,
                40.5725267
              ],
              [
                -74.4929445,
                40.5725368
              ],
              [
                -74.4929295,
                40.5725459
              ],
              [
                -74.4929152,
                40.57255739999998
              ]
            ]
          ],
          [
            [
              [
                -74.4950285507512,
                40.574061430241436
              ],
              [
                -74.49689052297657,
                40.572845277202596
              ],
              [
                -74.49793473813757,
                40.573788844466954
              ],
              [
                -74.49608534502111,
                40.57499661033602
              ],
              [
                -74.4950285507512,
                40.574061430241436
              ]
            ]
          ],
          [
            [
              [
                -74.4688743,
                40.58206269999998
              ],
              [
                -74.4678727,
                40.5818329
              ],
              [
                -74.4680285,
                40.5814956
              ],
              [
                -74.4688549,
                40.5814028
              ],
              [
                -74.4690039,
                40.58166709999997
              ],
              [
                -74.4690212,
                40.5818625
              ],
              [
                -74.4688743,
                40.58206269999998
              ]
            ]
          ],
          [
            [
              [
                -74.4785813,
                40.582932900000024
              ],
              [
                -74.4794832,
                40.5827039
              ],
              [
                -74.4798181,
                40.583464899999974
              ],
              [
                -74.47891620000001,
                40.58369379999998
              ],
              [
                -74.4785813,
                40.582932900000024
              ]
            ]
          ],
          [
            [
              [
                -74.46849087276733,
                40.58451942651724
              ],
              [
                -74.4684180670085,
                40.584094313628164
              ],
              [
                -74.46818243172295,
                40.58411777132694
              ],
              [
                -74.46820718839386,
                40.5842623364457
              ],
              [
                -74.46777586680177,
                40.58430068706283
              ],
              [
                -74.46731984423432,
                40.584341233057295
              ],
              [
                -74.46718197170281,
                40.583403941764374
              ],
              [
                -74.46728972192712,
                40.58339541631651
              ],
              [
                -74.4672868,
                40.58336829999999
              ],
              [
                -74.4676423,
                40.5833462
              ],
              [
                -74.4683064,
                40.583305
              ],
              [
                -74.46830746328929,
                40.58331489025777
              ],
              [
                -74.46921197559871,
                40.58324332314447
              ],
              [
                -74.46945260731388,
                40.58476973296579
              ],
              [
                -74.46899968752741,
                40.584814823625315
              ],
              [
                -74.46898807949732,
                40.58474676874118
              ],
              [
                -74.46896486343711,
                40.58461066012968
              ],
              [
                -74.46894164917353,
                40.584474551923435
              ],
              [
                -74.46849087276733,
                40.58451942651724
              ]
            ]
          ],
          [
            [
              [
                -74.47614660667274,
                40.58832494477541
              ],
              [
                -74.47614714153704,
                40.58832581573357
              ],
              [
                -74.47615808804039,
                40.58834364071101
              ],
              [
                -74.47617542977554,
                40.58836795888898
              ],
              [
                -74.47617766682203,
                40.58837109588021
              ],
              [
                -74.47618161760525,
                40.588373914822625
              ],
              [
                -74.47620218094784,
                40.588388587066895
              ],
              [
                -74.47621678000036,
                40.58839419034053
              ],
              [
                -74.47622500803749,
                40.58839734834872
              ],
              [
                -74.47625408532595,
                40.5884007196059
              ],
              [
                -74.47625571436735,
                40.58840090847877
              ],
              [
                -74.47625608076318,
                40.588400950959134
              ],
              [
                -74.4762598407428,
                40.588400495839515
              ],
              [
                -74.4762757781224,
                40.588398566728245
              ],
              [
                -74.47628008313544,
                40.588397872013466
              ],
              [
                -74.47631502911041,
                40.58839223265531
              ],
              [
                -74.476337173895,
                40.58838449129662
              ],
              [
                -74.47633958994861,
                40.58838364669393
              ],
              [
                -74.47635139565483,
                40.588372143016166
              ],
              [
                -74.47637795160449,
                40.588346266436965
              ],
              [
                -74.47638485939747,
                40.58834449581501
              ],
              [
                -74.47639271721282,
                40.58834248168049
              ],
              [
                -74.47643273069357,
                40.588335092475
              ],
              [
                -74.4764335519307,
                40.588334940818726
              ],
              [
                -74.47646135209379,
                40.58832997861193
              ],
              [
                -74.47647016513939,
                40.58832930187033
              ],
              [
                -74.47649239248013,
                40.5883275950607
              ],
              [
                -74.47653167221425,
                40.58833616806777
              ],
              [
                -74.47654877254398,
                40.58834492799211
              ],
              [
                -74.47657419037495,
                40.588361238325604
              ],
              [
                -74.47660928395983,
                40.588401022588386
              ],
              [
                -74.47665999385762,
                40.58846721071329
              ],
              [
                -74.47665955822028,
                40.58846734154798
              ],
              [
                -74.47625025608686,
                40.588590266122374
              ],
              [
                -74.47596591594325,
                40.58823060410132
              ],
              [
                -74.47602549784051,
                40.588212442449915
              ],
              [
                -74.4760257221816,
                40.5882123740666
              ],
              [
                -74.47610737095609,
                40.58829130899627
              ],
              [
                -74.47614112884571,
                40.58832024877659
              ],
              [
                -74.47614660667274,
                40.58832494477541
              ]
            ]
          ],
          [
            [
              [
                -74.45964915966762,
                40.587658556028565
              ],
              [
                -74.45962010545641,
                40.58766951133179
              ],
              [
                -74.45950559541049,
                40.58748300146731
              ],
              [
                -74.45953465141837,
                40.58747204681576
              ],
              [
                -74.45964915966762,
                40.587658556028565
              ]
            ]
          ],
          [
            [
              [
                -74.46620548951427,
                40.588027603929056
              ],
              [
                -74.46622859867495,
                40.588040171179756
              ],
              [
                -74.4662486912929,
                40.588055456942854
              ],
              [
                -74.46629034347768,
                40.58809285237053
              ],
              [
                -74.46614682772957,
                40.58807869495264
              ],
              [
                -74.46610842834446,
                40.5885080250082
              ],
              [
                -74.46596544080573,
                40.58848161499892
              ],
              [
                -74.46600260410902,
                40.58803647304375
              ],
              [
                -74.46604195570836,
                40.588022027048765
              ],
              [
                -74.46606845780587,
                40.588014275354936
              ],
              [
                -74.46609626785043,
                40.58800994210108
              ],
              [
                -74.46612463664712,
                40.58800914667064
              ],
              [
                -74.46615278894981,
                40.588011910211485
              ],
              [
                -74.4661799890383,
                40.588018097650284
              ],
              [
                -74.46620548951427,
                40.588027603929056
              ]
            ]
          ],
          [
            [
              [
                -74.45822786139476,
                40.5894879317165
              ],
              [
                -74.45834007355016,
                40.5894440441494
              ],
              [
                -74.45840951781321,
                40.589434683374776
              ],
              [
                -74.45860726754997,
                40.58940802678478
              ],
              [
                -74.45883411731202,
                40.5893774449586
              ],
              [
                -74.45905978668782,
                40.58934702274711
              ],
              [
                -74.4591046961638,
                40.58934128361947
              ],
              [
                -74.4592184956423,
                40.58965586458096
              ],
              [
                -74.45920866325224,
                40.58965793166786
              ],
              [
                -74.459253,
                40.5897709
              ],
              [
                -74.4594129,
                40.590178199999976
              ],
              [
                -74.4589392,
                40.590270699999984
              ],
              [
                -74.4585665,
                40.5903435
              ],
              [
                -74.4583326,
                40.59039689999999
              ],
              [
                -74.4584499,
                40.5907803
              ],
              [
                -74.45842480295501,
                40.59078633005346
              ],
              [
                -74.45842854413092,
                40.59079733628128
              ],
              [
                -74.45828498807542,
                40.59082569413236
              ],
              [
                -74.4582056,
                40.59085939999998
              ],
              [
                -74.45823511388024,
                40.59097733480974
              ],
              [
                -74.45849068059911,
                40.59092685084614
              ],
              [
                -74.45861713733998,
                40.5912988746836
              ],
              [
                -74.45860977558137,
                40.59130032892314
              ],
              [
                -74.4586244,
                40.5913421
              ],
              [
                -74.45695339999999,
                40.59194710000001
              ],
              [
                -74.45634494209182,
                40.59216735457947
              ],
              [
                -74.4562396,
                40.5922055
              ],
              [
                -74.4557644,
                40.5923775
              ],
              [
                -74.45563139827509,
                40.592272208981655
              ],
              [
                -74.45545220475691,
                40.592108259228176
              ],
              [
                -74.4560823,
                40.5917428
              ],
              [
                -74.4558175,
                40.5913745
              ],
              [
                -74.45546692048352,
                40.590794792155855
              ],
              [
                -74.45510028241,
                40.59034943469952
              ],
              [
                -74.45525152995776,
                40.59029736718752
              ],
              [
                -74.45546160008864,
                40.59022505025975
              ],
              [
                -74.45567167381276,
                40.5901527318894
              ],
              [
                -74.45588174394365,
                40.590080412758674
              ],
              [
                -74.45609181587116,
                40.59000809423199
              ],
              [
                -74.45630188690036,
                40.589935773580486
              ],
              [
                -74.45656858952168,
                40.58984395852064
              ],
              [
                -74.45677753765675,
                40.58977202448171
              ],
              [
                -74.45685186875495,
                40.5898817909002
              ],
              [
                -74.45701448178768,
                40.589837131376626
              ],
              [
                -74.457022876544,
                40.58983559581481
              ],
              [
                -74.45742001184963,
                40.58976297482225
              ],
              [
                -74.45761131886917,
                40.58970999138147
              ],
              [
                -74.45783022033761,
                40.589625586434124
              ],
              [
                -74.45796509968257,
                40.58958291663313
              ],
              [
                -74.45808965469001,
                40.58954198838934
              ],
              [
                -74.45822786139476,
                40.5894879317165
              ]
            ]
          ],
          [
            [
              [
                -74.4594465,
                40.593636799999956
              ],
              [
                -74.45972320000001,
                40.5938759
              ],
              [
                -74.4589305,
                40.594405
              ],
              [
                -74.4586538,
                40.59416589999998
              ],
              [
                -74.4594465,
                40.593636799999956
              ]
            ]
          ],
          [
            [
              [
                -74.4645866,
                40.594769599999964
              ],
              [
                -74.46451179999998,
                40.59473719999998
              ],
              [
                -74.4638638,
                40.594135499999986
              ],
              [
                -74.464647,
                40.593632
              ],
              [
                -74.4646963,
                40.59363279999998
              ],
              [
                -74.4647935,
                40.59372109999999
              ],
              [
                -74.4652235,
                40.5941115
              ],
              [
                -74.46534540000002,
                40.59422219999998
              ],
              [
                -74.4653593,
                40.594279399999984
              ],
              [
                -74.4645866,
                40.594769599999964
              ]
            ]
          ],
          [
            [
              [
                -74.46390047088569,
                40.599085764082226
              ],
              [
                -74.46378341052271,
                40.59908272066642
              ],
              [
                -74.46354706916135,
                40.59886432896045
              ],
              [
                -74.46368487521752,
                40.59877596997001
              ],
              [
                -74.46382268037536,
                40.59868761086277
              ],
              [
                -74.46396048193994,
                40.5985992543671
              ],
              [
                -74.46409828619946,
                40.59851089434419
              ],
              [
                -74.46423608866236,
                40.5984225362508
              ],
              [
                -74.46457985326036,
                40.59874019090263
              ],
              [
                -74.46401806305134,
                40.59910040685278
              ],
              [
                -74.46390047088569,
                40.599085764082226
              ]
            ]
          ],
          [
            [
              [
                -74.46538318158463,
                40.59889611986149
              ],
              [
                -74.46530304108151,
                40.59891635637965
              ],
              [
                -74.4652550979948,
                40.59893382775605
              ],
              [
                -74.46509087158782,
                40.59900687872695
              ],
              [
                -74.46497668493542,
                40.59906897413801
              ],
              [
                -74.46495117278135,
                40.59908284889642
              ],
              [
                -74.46486741745754,
                40.59912691020462
              ],
              [
                -74.46476631386894,
                40.59915158490653
              ],
              [
                -74.46465862832424,
                40.59915739822025
              ],
              [
                -74.46433274738695,
                40.59913538701889
              ],
              [
                -74.46475276368118,
                40.59886607439448
              ],
              [
                -74.46516615220526,
                40.59860100731091
              ],
              [
                -74.4654966953989,
                40.598900511750514
              ],
              [
                -74.4654562182105,
                40.59889290455381
              ],
              [
                -74.46538318158463,
                40.59889611986149
              ]
            ]
          ],
          [
            [
              [
                -74.45453368786191,
                40.60353094860351
              ],
              [
                -74.4547036874616,
                40.60318494788127
              ],
              [
                -74.4547566873325,
                40.60309194768757
              ],
              [
                -74.4547886872512,
                40.60304894759845
              ],
              [
                -74.45482168716742,
                40.60300394750518
              ],
              [
                -74.45487168703274,
                40.60296694742978
              ],
              [
                -74.45488768698966,
                40.60295494740533
              ],
              [
                -74.4549716867636,
                40.602890947274844
              ],
              [
                -74.45515968625136,
                40.60276994702981
              ],
              [
                -74.45519868614869,
                40.60272894694531
              ],
              [
                -74.45523668605426,
                40.60266494681211
              ],
              [
                -74.45534068582892,
                40.60234494614092
              ],
              [
                -74.45539468570036,
                40.60222594589222
              ],
              [
                -74.45544368557302,
                40.60216294576177
              ],
              [
                -74.45551668537854,
                40.60208894560942
              ],
              [
                -74.45557068522932,
                40.60205694554488
              ],
              [
                -74.45563868504055,
                40.60201994547054
              ],
              [
                -74.45568268491475,
                40.602011945456184
              ],
              [
                -74.45572968477848,
                40.60201194545893
              ],
              [
                -74.45577868463175,
                40.60203294550627
              ],
              [
                -74.45598368400469,
                40.60218394583791
              ],
              [
                -74.45605468379162,
                40.602218945916185
              ],
              [
                -74.45614168353552,
                40.6022389459636
              ],
              [
                -74.45627868313235,
                40.6022709460394
              ],
              [
                -74.45638868280895,
                40.602295946098785
              ],
              [
                -74.45679068163554,
                40.602349946236714
              ],
              [
                -74.45687568138746,
                40.6023619462671
              ],
              [
                -74.45688968134661,
                40.602363946272156
              ],
              [
                -74.45699768103076,
                40.60238294631874
              ],
              [
                -74.45709768073873,
                40.60239894635847
              ],
              [
                -74.45716168055431,
                40.60239594635588
              ],
              [
                -74.4571986804498,
                40.602382946330536
              ],
              [
                -74.45724868030955,
                40.602359946284786
              ],
              [
                -74.45726318762435,
                40.60235332087623
              ],
              [
                -74.45758233472654,
                40.602804789009674
              ],
              [
                -74.45534497900182,
                40.60384161202369
              ],
              [
                -74.45527949541086,
                40.60380887136604
              ],
              [
                -74.4549411629254,
                40.60439822393777
              ],
              [
                -74.45478836758042,
                40.604398223255764
              ],
              [
                -74.45464648586781,
                40.60432182604384
              ],
              [
                -74.4542535843221,
                40.60389618293351
              ],
              [
                -74.45408361639493,
                40.6039654291272
              ],
              [
                -74.45409768899745,
                40.603954949475074
              ],
              [
                -74.45417168880458,
                40.60388594933345
              ],
              [
                -74.45424768860786,
                40.60380894917495
              ],
              [
                -74.4543406883615,
                40.603734949023846
              ],
              [
                -74.45446268803241,
                40.60365894887021
              ],
              [
                -74.45449968793936,
                40.60360894876659
              ],
              [
                -74.45452868787265,
                40.60354494863285
              ],
              [
                -74.45453368786191,
                40.60353094860351
              ]
            ]
          ],
          [
            [
              [
                -74.45010370010179,
                40.604725950869906
              ],
              [
                -74.45016169995795,
                40.60466995075487
              ],
              [
                -74.45021569981802,
                40.60463395068192
              ],
              [
                -74.45026269970505,
                40.604577950566245
              ],
              [
                -74.45029769963607,
                40.60449395039063
              ],
              [
                -74.45029869963719,
                40.60448295036742
              ],
              [
                -74.45032269960647,
                40.604378950148835
              ],
              [
                -74.45034969956855,
                40.60427094992197
              ],
              [
                -74.45035269956432,
                40.60425894989677
              ],
              [
                -74.45037069954394,
                40.60417294971592
              ],
              [
                -74.45040069948324,
                40.604103949571694
              ],
              [
                -74.45044969936406,
                40.60404694945404
              ],
              [
                -74.45049369924833,
                40.60401994939951
              ],
              [
                -74.45052269916994,
                40.60400794937584
              ],
              [
                -74.45058169900429,
                40.60400094936454
              ],
              [
                -74.45063369885646,
                40.603999949365495
              ],
              [
                -74.45068369871083,
                40.604008949387485
              ],
              [
                -74.45074669852296,
                40.60403294944199
              ],
              [
                -74.45080169834787,
                40.60408594955734
              ],
              [
                -74.45083369823388,
                40.60415194969887
              ],
              [
                -74.45085169815947,
                40.60421894984169
              ],
              [
                -74.45085869810636,
                40.60431495004519
              ],
              [
                -74.45085369807525,
                40.60444595032202
              ],
              [
                -74.45083669809995,
                40.60451395046487
              ],
              [
                -74.45078669816006,
                40.604748950959056
              ],
              [
                -74.45078169815542,
                40.60480295107298
              ],
              [
                -74.45078869811962,
                40.60484895117073
              ],
              [
                -74.45080969805156,
                40.604873951224846
              ],
              [
                -74.45083169798242,
                40.604893951268465
              ],
              [
                -74.45086569788249,
                40.60490495129379
              ],
              [
                -74.45094669765112,
                40.60491195131338
              ],
              [
                -74.45102469743271,
                40.60490595130533
              ],
              [
                -74.45107269730211,
                40.60489095127643
              ],
              [
                -74.45111469719222,
                40.60486495122391
              ],
              [
                -74.45115969708053,
                40.60481895112928
              ],
              [
                -74.45118869701233,
                40.60477795104427
              ],
              [
                -74.45123669691618,
                40.604659950797455
              ],
              [
                -74.45127869684582,
                40.60451495049316
              ],
              [
                -74.45133369672587,
                40.604406950267936
              ],
              [
                -74.4513996965624,
                40.60433495011953
              ],
              [
                -74.45147569636266,
                40.604285950020355
              ],
              [
                -74.45154569617783,
                40.604242949933514
              ],
              [
                -74.45160069603418,
                40.60420394985428
              ],
              [
                -74.45166969585549,
                40.6041499497441
              ],
              [
                -74.45171769573446,
                40.604101949645376
              ],
              [
                -74.45175669564186,
                40.60404494952711
              ],
              [
                -74.45177369562184,
                40.603956949341914
              ],
              [
                -74.45175969568113,
                40.60389694921415
              ],
              [
                -74.45174669572857,
                40.603864949145695
              ],
              [
                -74.45171469583154,
                40.60382894906761
              ],
              [
                -74.4516816959358,
                40.60379794900006
              ],
              [
                -74.45163869607029,
                40.603761948921374
              ],
              [
                -74.45154669634977,
                40.60371094880801
              ],
              [
                -74.4514326966993,
                40.603638948648985
              ],
              [
                -74.45138269685688,
                40.60359494855294
              ],
              [
                -74.45137769687683,
                40.60357794851667
              ],
              [
                -74.4513776968815,
                40.60356394848706
              ],
              [
                -74.45138069688223,
                40.60353594842801
              ],
              [
                -74.4513956968453,
                40.6035179483908
              ],
              [
                -74.45143169675154,
                40.60348994833369
              ],
              [
                -74.45146869665159,
                40.60347194829778
              ],
              [
                -74.45156169638763,
                40.60346494828846
              ],
              [
                -74.45174669585472,
                40.603474948320525
              ],
              [
                -74.45185069555444,
                40.603482948343604
              ],
              [
                -74.45192769532797,
                40.60350194838833
              ],
              [
                -74.4520216950491,
                40.60353294845946
              ],
              [
                -74.45209569482728,
                40.603564948531556
              ],
              [
                -74.45215569464658,
                40.60359394859645
              ],
              [
                -74.45221269446797,
                40.6036439487056
              ],
              [
                -74.45234469405672,
                40.60375394894617
              ],
              [
                -74.45241669383638,
                40.603801949051984
              ],
              [
                -74.45251569354193,
                40.60384094914035
              ],
              [
                -74.45262469322093,
                40.60387394921661
              ],
              [
                -74.4527146929627,
                40.603878949232524
              ],
              [
                -74.45281569267785,
                40.60386794921519
              ],
              [
                -74.45299669217519,
                40.60382094912644
              ],
              [
                -74.45313869178518,
                40.6037679490227
              ],
              [
                -74.4532036916036,
                40.603753948996896
              ],
              [
                -74.45327469140229,
                40.60374894899051
              ],
              [
                -74.45333769121952,
                40.603758949015386
              ],
              [
                -74.45337469111244,
                40.60376394902815
              ],
              [
                -74.45349469075302,
                40.60382394916223
              ],
              [
                -74.45372569005436,
                40.60396794948059
              ],
              [
                -74.4537746899054,
                40.60400194955546
              ],
              [
                -74.45382668975101,
                40.604024949607194
              ],
              [
                -74.45388268958878,
                40.604034949631675
              ],
              [
                -74.45393668943628,
                40.60402994962428
              ],
              [
                -74.4539505180395,
                40.60402672293817
              ],
              [
                -74.45382794098094,
                40.60417994508088
              ],
              [
                -74.45371880196211,
                40.60411446067102
              ],
              [
                -74.45344595396594,
                40.60442005130683
              ],
              [
                -74.45390433910256,
                40.60471472759375
              ],
              [
                -74.45327133045785,
                40.6048893509759
              ],
              [
                -74.45310762237877,
                40.604627417095614
              ],
              [
                -74.45187434598647,
                40.60502031753113
              ],
              [
                -74.45173246427385,
                40.60510762956203
              ],
              [
                -74.45127408003552,
                40.605314994581555
              ],
              [
                -74.45078295310337,
                40.60563149867026
              ],
              [
                -74.45103397293647,
                40.605882519264554
              ],
              [
                -74.45083752306194,
                40.60602440002328
              ],
              [
                -74.44982672224366,
                40.60526630060445
              ],
              [
                -74.4498947005536,
                40.60510395165708
              ],
              [
                -74.45007670015924,
                40.60477795097832
              ],
              [
                -74.45010370010179,
                40.604725950869906
              ]
            ]
          ],
          [
            [
              [
                -74.45740608616612,
                40.60968604905399
              ],
              [
                -74.45647512340962,
                40.61046770252652
              ],
              [
                -74.45506231780946,
                40.60936482175139
              ],
              [
                -74.45573748888205,
                40.60895436557793
              ],
              [
                -74.45608251112144,
                40.609183388304075
              ],
              [
                -74.45638886627772,
                40.60898113440223
              ],
              [
                -74.45728711418819,
                40.60954030794828
              ],
              [
                -74.45723952324109,
                40.60959384579871
              ],
              [
                -74.45740608616612,
                40.60968604905399
              ]
            ]
          ],
          [
            [
              [
                -74.4581808,
                40.61032589999996
              ],
              [
                -74.4575985,
                40.6107785
              ],
              [
                -74.4570162,
                40.6103599
              ],
              [
                -74.45762310000002,
                40.60989439999999
              ],
              [
                -74.4581808,
                40.61032589999996
              ]
            ]
          ],
          [
            [
              [
                -74.4474729,
                40.6119816
              ],
              [
                -74.4478643,
                40.6117343
              ],
              [
                -74.448476,
                40.6122924
              ],
              [
                -74.4480846,
                40.6125396
              ],
              [
                -74.4474729,
                40.6119816
              ]
            ]
          ],
          [
            [
              [
                -74.4669794,
                40.59678490000001
              ],
              [
                -74.46739655560107,
                40.5971960753984
              ],
              [
                -74.46748266387957,
                40.59714440974583
              ],
              [
                -74.46813611927432,
                40.59776110933658
              ],
              [
                -74.4681888,
                40.597795799999986
              ],
              [
                -74.4678848,
                40.5979897
              ],
              [
                -74.46785882554488,
                40.59798729956027
              ],
              [
                -74.46714817618351,
                40.598435188172175
              ],
              [
                -74.4670624104301,
                40.598207908170075
              ],
              [
                -74.46700042651419,
                40.59813638846832
              ],
              [
                -74.46697165194293,
                40.5980899378072
              ],
              [
                -74.46688865218728,
                40.59801193763708
              ],
              [
                -74.46677465252546,
                40.59794193748215
              ],
              [
                -74.46674064901055,
                40.59792506349418
              ],
              [
                -74.46669361876829,
                40.59789057429806
              ],
              [
                -74.46647920258808,
                40.59778765418044
              ],
              [
                -74.46642119839042,
                40.59773641732064
              ],
              [
                -74.4663909,
                40.5977299
              ],
              [
                -74.4662579414944,
                40.59766417192519
              ],
              [
                -74.46588400583029,
                40.59790395069595
              ],
              [
                -74.4658259566966,
                40.597851493456126
              ],
              [
                -74.46617896078824,
                40.597625136369714
              ],
              [
                -74.4658492,
                40.5974622
              ],
              [
                -74.46600503799202,
                40.59736881027075
              ],
              [
                -74.46596460716913,
                40.59733309650369
              ],
              [
                -74.46678795983942,
                40.59679705785153
              ],
              [
                -74.46685245350155,
                40.596860975794904
              ],
              [
                -74.4669794,
                40.59678490000001
              ]
            ]
          ],
          [
            [
              [
                -74.47056621283899,
                40.59787193900908
              ],
              [
                -74.47053109499959,
                40.597904479994966
              ],
              [
                -74.47042420176899,
                40.59795232970302
              ],
              [
                -74.4701220246771,
                40.59767586470517
              ],
              [
                -74.47039760445004,
                40.597499138691205
              ],
              [
                -74.4707151948356,
                40.59778970521781
              ],
              [
                -74.47064009298292,
                40.59783146806259
              ],
              [
                -74.47056621283899,
                40.59787193900908
              ]
            ]
          ],
          [
            [
              [
                -74.46923437509032,
                40.59839380289553
              ],
              [
                -74.4691190978832,
                40.59828808223997
              ],
              [
                -74.46953353024963,
                40.59802396505552
              ],
              [
                -74.46965138023174,
                40.59813204341148
              ],
              [
                -74.46923437509032,
                40.59839380289553
              ]
            ]
          ],
          [
            [
              [
                -74.4723634,
                40.6283847
              ],
              [
                -74.4722405,
                40.62841749999998
              ],
              [
                -74.4721464,
                40.62821450000001
              ],
              [
                -74.47226940000002,
                40.6281816
              ],
              [
                -74.4723634,
                40.6283847
              ]
            ]
          ],
          [
            [
              [
                -74.44691930000002,
                40.6127542
              ],
              [
                -74.44691730000001,
                40.6127109
              ],
              [
                -74.4473787,
                40.61233579999998
              ],
              [
                -74.4474312,
                40.6123692
              ],
              [
                -74.4474777,
                40.6124075
              ],
              [
                -74.4475173,
                40.61245
              ],
              [
                -74.4475493,
                40.612496
              ],
              [
                -74.4475734,
                40.6125448
              ],
              [
                -74.447589,
                40.6125955
              ],
              [
                -74.4475959,
                40.6126473
              ],
              [
                -74.4475938,
                40.612700799999985
              ],
              [
                -74.4475825,
                40.61275369999998
              ],
              [
                -74.4475804591023,
                40.61275879726984
              ],
              [
                -74.4477791,
                40.6126136
              ],
              [
                -74.4484632,
                40.613152899999974
              ],
              [
                -74.4480182,
                40.61347809999999
              ],
              [
                -74.44738899708909,
                40.61298200521107
              ],
              [
                -74.4473411,
                40.6130077
              ],
              [
                -74.44691930000002,
                40.6127542
              ]
            ]
          ],
          [
            [
              [
                -74.440979,
                40.6246081
              ],
              [
                -74.4404171,
                40.6242474
              ],
              [
                -74.4408084,
                40.62389690000001
              ],
              [
                -74.4407863,
                40.6238823
              ],
              [
                -74.4411791,
                40.6234927
              ],
              [
                -74.44131,
                40.623480399999984
              ],
              [
                -74.4413968,
                40.62351829999998
              ],
              [
                -74.4413836,
                40.6235362
              ],
              [
                -74.4420735,
                40.62397279999996
              ],
              [
                -74.4420897,
                40.6239627
              ],
              [
                -74.4421117,
                40.62396159999999
              ],
              [
                -74.4421308,
                40.62398059999998
              ],
              [
                -74.4421353,
                40.624006299999984
              ],
              [
                -74.442125,
                40.624032
              ],
              [
                -74.4421029,
                40.62405990000001
              ],
              [
                -74.4414174,
                40.6246371
              ],
              [
                -74.4414247,
                40.62464939999999
              ],
              [
                -74.4414144,
                40.624672799999985
              ],
              [
                -74.4413997,
                40.62469069999999
              ],
              [
                -74.4413821,
                40.62470069999998
              ],
              [
                -74.4413571,
                40.6247052
              ],
              [
                -74.4413262,
                40.624701899999984
              ],
              [
                -74.44131,
                40.6246952
              ],
              [
                -74.4412938,
                40.624679499999985
              ],
              [
                -74.4412762,
                40.624660499999976
              ],
              [
                -74.4410673,
                40.6245388
              ],
              [
                -74.440979,
                40.6246081
              ]
            ]
          ],
          [
            [
              [
                -74.4511643,
                40.6322537
              ],
              [
                -74.4510528,
                40.632203899999986
              ],
              [
                -74.451197,
                40.632018199999976
              ],
              [
                -74.4513085,
                40.6320681
              ],
              [
                -74.4511643,
                40.6322537
              ]
            ]
          ],
          [
            [
              [
                -74.4495425081551,
                40.639707644395486
              ],
              [
                -74.44950927048957,
                40.63974196390822
              ],
              [
                -74.4494753411213,
                40.63977573671266
              ],
              [
                -74.44944063201535,
                40.639809004391
              ],
              [
                -74.44940526174935,
                40.6398419312236
              ],
              [
                -74.44936908120297,
                40.639874353612974
              ],
              [
                -74.44933212181724,
                40.63990624770194
              ],
              [
                -74.44929446983042,
                40.63993761758113
              ],
              [
                -74.44925603810593,
                40.63996848301942
              ],
              [
                -74.44921694701803,
                40.63999882084109
              ],
              [
                -74.44917716332904,
                40.640028656268214
              ],
              [
                -74.4491367238699,
                40.64005798793807
              ],
              [
                -74.44909562055575,
                40.64008679199345
              ],
              [
                -74.4490539180653,
                40.640115070479965
              ],
              [
                -74.44900996260016,
                40.64014380634516
              ],
              [
                -74.44863626703523,
                40.640382896498544
              ],
              [
                -74.44732728871558,
                40.64118795906536
              ],
              [
                -74.44686933207534,
                40.641446495453245
              ],
              [
                -74.44663039009124,
                40.64098125752004
              ],
              [
                -74.44725322531536,
                40.64058849562259
              ],
              [
                -74.44706989892882,
                40.64042764153769
              ],
              [
                -74.44773747923726,
                40.63998615361273
              ],
              [
                -74.44773759601824,
                40.639834849474674
              ],
              [
                -74.44771118465057,
                40.639774428609
              ],
              [
                -74.44784366998532,
                40.63967687631404
              ],
              [
                -74.44821730087153,
                40.63940201542941
              ],
              [
                -74.4488497462726,
                40.63893650284988
              ],
              [
                -74.44904828562848,
                40.63879110026882
              ],
              [
                -74.44932365968727,
                40.63858774444202
              ],
              [
                -74.44937267536243,
                40.638536295974035
              ],
              [
                -74.44975335263373,
                40.63813689448472
              ],
              [
                -74.44997222535609,
                40.63790724979947
              ],
              [
                -74.45011988143933,
                40.63895215461748
              ],
              [
                -74.45010939181178,
                40.63896484658206
              ],
              [
                -74.45007693118897,
                40.63900532192883
              ],
              [
                -74.45004536888146,
                40.63904632417925
              ],
              [
                -74.45001479831406,
                40.639087646105835
              ],
              [
                -74.45000848585254,
                40.63909640619563
              ],
              [
                -74.44980413260014,
                40.63938127719785
              ],
              [
                -74.44977842820659,
                40.63941901200831
              ],
              [
                -74.44975182459945,
                40.639456401194664
              ],
              [
                -74.44972443945801,
                40.63949344748412
              ],
              [
                -74.44969612456025,
                40.63953015087732
              ],
              [
                -74.44966705867091,
                40.639566510011406
              ],
              [
                -74.44963706302526,
                40.639602366060075
              ],
              [
                -74.44960640442294,
                40.639637855356106
              ],
              [
                -74.44957484750533,
                40.639673024253106
              ],
              [
                -74.4495425081551,
                40.639707644395486
              ]
            ]
          ],
          [
            [
              [
                -74.42434975793522,
                40.61959498070927
              ],
              [
                -74.42440075786061,
                40.61954498060701
              ],
              [
                -74.42444283001086,
                40.61950714820507
              ],
              [
                -74.42422603947168,
                40.61984070489246
              ],
              [
                -74.42425175798272,
                40.61978498110394
              ],
              [
                -74.424317757959,
                40.61964898082122
              ],
              [
                -74.42434975793522,
                40.61959498070927
              ]
            ]
          ],
          [
            [
              [
                -74.4351062060435,
                40.62135750548864
              ],
              [
                -74.43497533587964,
                40.62124567156799
              ],
              [
                -74.4348896752291,
                40.6213027797395
              ],
              [
                -74.43455655117567,
                40.62093396189082
              ],
              [
                -74.43458272448979,
                40.620900650033285
              ],
              [
                -74.4346874204412,
                40.62089827105256
              ],
              [
                -74.43481115438844,
                40.62086495781354
              ],
              [
                -74.43488491685304,
                40.62082212794291
              ],
              [
                -74.43500626756982,
                40.62078167702974
              ],
              [
                -74.43510144676912,
                40.62076264173862
              ],
              [
                -74.43522042054367,
                40.620748364414446
              ],
              [
                -74.43554640568554,
                40.620745984746456
              ],
              [
                -74.43567035882171,
                40.62074670137427
              ],
              [
                -74.43573438265032,
                40.620748364414446
              ],
              [
                -74.43574602661303,
                40.62074713912411
              ],
              [
                -74.43591522250018,
                40.62072932911377
              ],
              [
                -74.4361888601155,
                40.6207245697764
              ],
              [
                -74.43627690130157,
                40.62069125713256
              ],
              [
                -74.43641531102557,
                40.62096632664059
              ],
              [
                -74.43638786929027,
                40.6209024160292
              ],
              [
                -74.43683131454544,
                40.62170014707517
              ],
              [
                -74.43651484795234,
                40.621857193190436
              ],
              [
                -74.43612937367739,
                40.622066585163644
              ],
              [
                -74.43609130307564,
                40.62202613500405
              ],
              [
                -74.43593187906218,
                40.62209751886538
              ],
              [
                -74.43522993819413,
                40.6215930723222
              ],
              [
                -74.43527276986686,
                40.62156451870758
              ],
              [
                -74.43502768430453,
                40.62141461356457
              ],
              [
                -74.4351062060435,
                40.62135750548864
              ]
            ]
          ],
          [
            [
              [
                -74.4208665,
                40.631457
              ],
              [
                -74.4213508,
                40.6310272
              ],
              [
                -74.4216791,
                40.63124039999999
              ],
              [
                -74.4211948,
                40.6316701
              ],
              [
                -74.4208665,
                40.631457
              ]
            ]
          ],
          [
            [
              [
                -74.43062770000002,
                40.634727599999984
              ],
              [
                -74.430884,
                40.63447819999997
              ],
              [
                -74.4310535,
                40.6345786
              ],
              [
                -74.4307972,
                40.6348279
              ],
              [
                -74.43062770000002,
                40.634727599999984
              ]
            ]
          ],
          [
            [
              [
                -74.4492097,
                40.64710169999998
              ],
              [
                -74.4491777,
                40.647004400000014
              ],
              [
                -74.4494533,
                40.6469523
              ],
              [
                -74.4494852,
                40.64704949999999
              ],
              [
                -74.4492097,
                40.64710169999998
              ]
            ]
          ],
          [
            [
              [
                -74.4390249,
                40.6595871
              ],
              [
                -74.4391435,
                40.65977850000003
              ],
              [
                -74.4390263,
                40.6598203
              ],
              [
                -74.4389077,
                40.6596289
              ],
              [
                -74.4390249,
                40.6595871
              ]
            ]
          ],
          [
            [
              [
                -74.4392362,
                40.6601494
              ],
              [
                -74.4391176,
                40.659958
              ],
              [
                -74.4392348,
                40.6599162
              ],
              [
                -74.4393534,
                40.6601076
              ],
              [
                -74.4392362,
                40.6601494
              ]
            ]
          ],
          [
            [
              [
                -74.4390733,
                40.660210499999984
              ],
              [
                -74.4389546,
                40.660019
              ],
              [
                -74.4390718,
                40.6599772
              ],
              [
                -74.4391905,
                40.6601687
              ],
              [
                -74.4390733,
                40.660210499999984
              ]
            ]
          ],
          [
            [
              [
                -74.41935297282708,
                40.652361396711655
              ],
              [
                -74.41873293944832,
                40.65197612641818
              ],
              [
                -74.4184639685809,
                40.651809016014575
              ],
              [
                -74.41897691559126,
                40.6513301806468
              ],
              [
                -74.41924206233053,
                40.65150554773476
              ],
              [
                -74.42003890931005,
                40.65075908159148
              ],
              [
                -74.42060873854254,
                40.65110313236854
              ],
              [
                -74.42061909342281,
                40.65110947685513
              ],
              [
                -74.4206712837442,
                40.651141286516555
              ],
              [
                -74.42074199732672,
                40.65118438455221
              ],
              [
                -74.42191669098611,
                40.65190214922391
              ],
              [
                -74.42061623408527,
                40.653040301891544
              ],
              [
                -74.42049974325417,
                40.65307556391048
              ],
              [
                -74.42002646315177,
                40.6527799607517
              ],
              [
                -74.41935297282708,
                40.652361396711655
              ]
            ]
          ],
          [
            [
              [
                -74.4389484,
                40.65984919999999
              ],
              [
                -74.4388312,
                40.659891
              ],
              [
                -74.4387125,
                40.6596996
              ],
              [
                -74.4388297,
                40.6596578
              ],
              [
                -74.4389484,
                40.65984919999999
              ]
            ]
          ],
          [
            [
              [
                -74.4386354,
                40.65996120000001
              ],
              [
                -74.4385167,
                40.6597698
              ],
              [
                -74.4386339,
                40.659728
              ],
              [
                -74.4387526,
                40.659919400000014
              ],
              [
                -74.4386354,
                40.65996120000001
              ]
            ]
          ],
          [
            [
              [
                -74.4389158,
                40.660263499999985
              ],
              [
                -74.4387972,
                40.66007209999998
              ],
              [
                -74.4389144,
                40.66003029999999
              ],
              [
                -74.439033,
                40.6602217
              ],
              [
                -74.4389158,
                40.660263499999985
              ]
            ]
          ],
          [
            [
              [
                -74.46640833539361,
                40.5881987856167
              ],
              [
                -74.46657326787641,
                40.58834686130135
              ],
              [
                -74.46632220312755,
                40.58850938937275
              ],
              [
                -74.46640833539361,
                40.5881987856167
              ]
            ]
          ],
          [
            [
              [
                -74.47162326133213,
                40.59111264507485
              ],
              [
                -74.47151834259851,
                40.590734530563275
              ],
              [
                -74.47158226552955,
                40.59072416612288
              ],
              [
                -74.4715802,
                40.590717
              ],
              [
                -74.471903,
                40.59066320000002
              ],
              [
                -74.4725762,
                40.590551
              ],
              [
                -74.4726846,
                40.5909259
              ],
              [
                -74.47267602528383,
                40.59092732795652
              ],
              [
                -74.47267990827835,
                40.590941321453464
              ],
              [
                -74.4725038007534,
                40.59096987519346
              ],
              [
                -74.47232769322846,
                40.590998429603445
              ],
              [
                -74.47215158570354,
                40.59102698400115
              ],
              [
                -74.47185921282465,
                40.59107438909057
              ],
              [
                -74.47162326133213,
                40.59111264507485
              ]
            ]
          ],
          [
            [
              [
                -74.47832825607009,
                40.5927352043273
              ],
              [
                -74.47843138805459,
                40.59285307036307
              ],
              [
                -74.47817355809332,
                40.59298566829653
              ],
              [
                -74.477952559957,
                40.59309616819253
              ],
              [
                -74.4779223472871,
                40.59317032704645
              ],
              [
                -74.47791261748436,
                40.59318192802635
              ],
              [
                -74.47789161756032,
                40.59321292809093
              ],
              [
                -74.47786961763939,
                40.593243928155474
              ],
              [
                -74.47784961771858,
                40.593293928260415
              ],
              [
                -74.47781361786424,
                40.59339392847052
              ],
              [
                -74.47780661793077,
                40.59352792875444
              ],
              [
                -74.47778361808166,
                40.593765929258055
              ],
              [
                -74.47777061814801,
                40.59384392942283
              ],
              [
                -74.4777456182499,
                40.59391692957628
              ],
              [
                -74.47770161840732,
                40.59397992970744
              ],
              [
                -74.47768109426767,
                40.59400118698282
              ],
              [
                -74.4774663656741,
                40.59409065699288
              ],
              [
                -74.47711637512582,
                40.594330767830186
              ],
              [
                -74.47709962038826,
                40.59433893043481
              ],
              [
                -74.47700762068696,
                40.594383930525055
              ],
              [
                -74.47691462098884,
                40.59442993061732
              ],
              [
                -74.47686162116628,
                40.59447393070766
              ],
              [
                -74.47682262130563,
                40.59453493083485
              ],
              [
                -74.47681373034003,
                40.59456089831577
              ],
              [
                -74.47650870947894,
                40.595129345009916
              ],
              [
                -74.47643504403239,
                40.59508514600818
              ],
              [
                -74.47637169340383,
                40.59508967099038
              ],
              [
                -74.47634762293464,
                40.595080931965995
              ],
              [
                -74.47630262306858,
                40.5950659319316
              ],
              [
                -74.47619962337855,
                40.59504293187693
              ],
              [
                -74.4760936237025,
                40.595035931856046
              ],
              [
                -74.47601162395758,
                40.595045931872555
              ],
              [
                -74.4759366241934,
                40.59506393190647
              ],
              [
                -74.47585462445663,
                40.59510293198451
              ],
              [
                -74.4758416245,
                40.59511493200923
              ],
              [
                -74.47566095371208,
                40.595267949964075
              ],
              [
                -74.47552895382948,
                40.595357709805015
              ],
              [
                -74.47549892123689,
                40.595371172690975
              ],
              [
                -74.47537162602683,
                40.595416932622925
              ],
              [
                -74.47516462667805,
                40.59547893274263
              ],
              [
                -74.47507962694543,
                40.5955049327929
              ],
              [
                -74.4750076271718,
                40.59552693283544
              ],
              [
                -74.47496762729985,
                40.5955479328777
              ],
              [
                -74.4749666517399,
                40.59554842066044
              ],
              [
                -74.47487332740252,
                40.59556397481492
              ],
              [
                -74.47436503276698,
                40.59503358012818
              ],
              [
                -74.47492489249647,
                40.594716817811104
              ],
              [
                -74.4746523292662,
                40.59452528604664
              ],
              [
                -74.47415876879796,
                40.594864147832766
              ],
              [
                -74.47370204015469,
                40.594466352823275
              ],
              [
                -74.47469652907314,
                40.593884392894715
              ],
              [
                -74.47527849095185,
                40.59429692181895
              ],
              [
                -74.47565418706492,
                40.59403172338641
              ],
              [
                -74.4756541852683,
                40.59397279177442
              ],
              [
                -74.47608144917025,
                40.59366339484318
              ],
              [
                -74.4764424093194,
                40.59393595829678
              ],
              [
                -74.47695070485324,
                40.59360446154231
              ],
              [
                -74.47687703940669,
                40.59353079552525
              ],
              [
                -74.47745163240512,
                40.593147733520325
              ],
              [
                -74.47760633128021,
                40.593206667223804
              ],
              [
                -74.47832825607009,
                40.5927352043273
              ]
            ]
          ],
          [
            [
              [
                -74.472507,
                40.596242
              ],
              [
                -74.4726853,
                40.596407
              ],
              [
                -74.472585,
                40.5964695
              ],
              [
                -74.4724066,
                40.596304499999974
              ],
              [
                -74.472507,
                40.596242
              ]
            ]
          ],
          [
            [
              [
                -74.47356046027602,
                40.59696843877142
              ],
              [
                -74.47353842550044,
                40.59697427273783
              ],
              [
                -74.47351781904614,
                40.59698260726703
              ],
              [
                -74.47349912869832,
                40.5969932445503
              ],
              [
                -74.47332878656088,
                40.597136550656515
              ],
              [
                -74.47321181423278,
                40.59713775114236
              ],
              [
                -74.4730348802578,
                40.59714388726169
              ],
              [
                -74.47291492103139,
                40.59714542470192
              ],
              [
                -74.47282398637181,
                40.59715929303861
              ],
              [
                -74.47280280050416,
                40.5971658697887
              ],
              [
                -74.47234158657267,
                40.596743916280765
              ],
              [
                -74.47264727338238,
                40.59654908350146
              ],
              [
                -74.47292355114632,
                40.59637299295643
              ],
              [
                -74.4735834095366,
                40.596965237695095
              ],
              [
                -74.47356046027602,
                40.59696843877142
              ]
            ]
          ],
          [
            [
              [
                -74.47185697781623,
                40.59757705725827
              ],
              [
                -74.47185354625184,
                40.597589590656035
              ],
              [
                -74.47184753113271,
                40.59760154359338
              ],
              [
                -74.47183908696904,
                40.59761261049449
              ],
              [
                -74.47182842845818,
                40.59762250624642
              ],
              [
                -74.47181324603157,
                40.597632230110435
              ],
              [
                -74.47180209075238,
                40.59763597819041
              ],
              [
                -74.47178987276618,
                40.59763844667097
              ],
              [
                -74.47178104771683,
                40.597641277340735
              ],
              [
                -74.471772828132,
                40.59764502064554
              ],
              [
                -74.47173927695444,
                40.59766126050174
              ],
              [
                -74.47119186428155,
                40.59716044373119
              ],
              [
                -74.47132965057479,
                40.59707207839616
              ],
              [
                -74.4714674359697,
                40.59698371499061
              ],
              [
                -74.47185359835413,
                40.597337013759265
              ],
              [
                -74.47183851294555,
                40.59734588436759
              ],
              [
                -74.47183177108936,
                40.59735051304447
              ],
              [
                -74.47182602366817,
                40.59735586473847
              ],
              [
                -74.47182140453097,
                40.59736181871928
              ],
              [
                -74.47181802327225,
                40.597368236522
              ],
              [
                -74.47181595265552,
                40.59737497081471
              ],
              [
                -74.47180831517898,
                40.597431137640626
              ],
              [
                -74.47180867360677,
                40.59744075649048
              ],
              [
                -74.47181105863385,
                40.59745020754454
              ],
              [
                -74.47182471931438,
                40.59748247317105
              ],
              [
                -74.47184182862729,
                40.59751376816744
              ],
              [
                -74.4718500769582,
                40.59753000941967
              ],
              [
                -74.47185541025607,
                40.59754694298939
              ],
              [
                -74.47185773599433,
                40.597564267392244
              ],
              [
                -74.47185697781623,
                40.59757705725827
              ]
            ]
          ],
          [
            [
              [
                -74.5030635396726,
                40.584710913520226
              ],
              [
                -74.50306053962248,
                40.58465291339551
              ],
              [
                -74.50304053957682,
                40.584591913251906
              ],
              [
                -74.5030055395055,
                40.58449491302113
              ],
              [
                -74.5029355394399,
                40.58438791274336
              ],
              [
                -74.50285653939132,
                40.58429591249061
              ],
              [
                -74.50278053933611,
                40.584197912227324
              ],
              [
                -74.50268753930835,
                40.58412291200002
              ],
              [
                -74.50262853928061,
                40.58406391183167
              ],
              [
                -74.50260653132537,
                40.58405657582965
              ],
              [
                -74.50278152099793,
                40.58409793625496
              ],
              [
                -74.50323330082229,
                40.584509854928655
              ],
              [
                -74.50333960296143,
                40.58446999125984
              ],
              [
                -74.50353891846173,
                40.58457629318682
              ],
              [
                -74.50377876241078,
                40.584980239648246
              ],
              [
                -74.50376853961227,
                40.58497591459853
              ],
              [
                -74.5036975396243,
                40.58495591450412
              ],
              [
                -74.50361853964941,
                40.58494691442703
              ],
              [
                -74.50356653967117,
                40.58494691438877
              ],
              [
                -74.50349553971414,
                40.584961914368236
              ],
              [
                -74.50339353978072,
                40.5849889143502
              ],
              [
                -74.50330453983833,
                40.585011914333336
              ],
              [
                -74.50320953988606,
                40.58502091428246
              ],
              [
                -74.50312353988399,
                40.58497791412842
              ],
              [
                -74.50310253986974,
                40.58495191405805
              ],
              [
                -74.50307853982665,
                40.58489191391365
              ],
              [
                -74.50307453978668,
                40.58484491381143
              ],
              [
                -74.5030635396726,
                40.584710913520226
              ]
            ]
          ],
          [
            [
              [
                -74.8349928,
                40.7222119
              ],
              [
                -74.8350531,
                40.7222347
              ],
              [
                -74.8351919,
                40.72228710000001
              ],
              [
                -74.8351127,
                40.72240749999999
              ],
              [
                -74.8349136,
                40.722332399999985
              ],
              [
                -74.8349928,
                40.7222119
              ]
            ]
          ],
          [
            [
              [
                -74.83586,
                40.72295919999998
              ],
              [
                -74.8354957,
                40.7234617
              ],
              [
                -74.8352015,
                40.7233166
              ],
              [
                -74.834996,
                40.7231078
              ],
              [
                -74.834982,
                40.7228424
              ],
              [
                -74.8351268,
                40.7226052
              ],
              [
                -74.835846,
                40.722891900000015
              ],
              [
                -74.83586,
                40.72295919999998
              ]
            ]
          ],
          [
            [
              [
                -74.8352716,
                40.723543100000015
              ],
              [
                -74.8353089,
                40.7236175
              ],
              [
                -74.8350427,
                40.72406339999998
              ],
              [
                -74.8347439,
                40.7239431
              ],
              [
                -74.8345617,
                40.7237024
              ],
              [
                -74.83459910000002,
                40.72346529999998
              ],
              [
                -74.8347532,
                40.72324579999999
              ],
              [
                -74.8352716,
                40.723543100000015
              ]
            ]
          ],
          [
            [
              [
                -74.3829771,
                40.7392009
              ],
              [
                -74.3831298,
                40.7392326
              ],
              [
                -74.3831109,
                40.739285
              ],
              [
                -74.3829581,
                40.7392533
              ],
              [
                -74.3829771,
                40.7392009
              ]
            ]
          ],
          [
            [
              [
                -74.3829847,
                40.7400241
              ],
              [
                -74.3829776,
                40.7399423
              ],
              [
                -74.3830749,
                40.73996239999999
              ],
              [
                -74.3832006,
                40.7396258
              ],
              [
                -74.3836624,
                40.7397814
              ],
              [
                -74.3835492,
                40.7401581
              ],
              [
                -74.3834819,
                40.7401434
              ],
              [
                -74.3830802,
                40.7400603
              ],
              [
                -74.3829847,
                40.7400241
              ]
            ]
          ],
          [
            [
              [
                -74.3866244,
                40.76132559999998
              ],
              [
                -74.3867725,
                40.7612047
              ],
              [
                -74.3870803,
                40.761421
              ],
              [
                -74.3869321,
                40.7615419
              ],
              [
                -74.3866244,
                40.76132559999998
              ]
            ]
          ],
          [
            [
              [
                -74.3839232239853,
                40.78062008467495
              ],
              [
                -74.38389864877406,
                40.779870554228715
              ],
              [
                -74.38473418888782,
                40.77983369342976
              ],
              [
                -74.384721903528,
                40.78057093545234
              ],
              [
                -74.3839232239853,
                40.78062008467495
              ]
            ]
          ],
          [
            [
              [
                -74.3875048,
                40.78303560000001
              ],
              [
                -74.38738480688437,
                40.78296863789755
              ],
              [
                -74.38729153978811,
                40.78303666808344
              ],
              [
                -74.38690988895216,
                40.78280608772759
              ],
              [
                -74.3867186,
                40.7829503
              ],
              [
                -74.3863201,
                40.78269870000001
              ],
              [
                -74.3873908,
                40.7818052
              ],
              [
                -74.3883968,
                40.78227889999997
              ],
              [
                -74.3875048,
                40.78303560000001
              ]
            ]
          ],
          [
            [
              [
                -74.378886050387,
                40.79364485052816
              ],
              [
                -74.37876317702582,
                40.792919895329966
              ],
              [
                -74.38027452421939,
                40.79276015971174
              ],
              [
                -74.38024994990647,
                40.7940134713961
              ],
              [
                -74.37967244187493,
                40.79408719627619
              ],
              [
                -74.37934068326071,
                40.794160920394326
              ],
              [
                -74.37909493474172,
                40.79406262087189
              ],
              [
                -74.37894748706762,
                40.7939643239242
              ],
              [
                -74.37893519811452,
                40.793804586738204
              ],
              [
                -74.378886050387,
                40.79364485052816
              ]
            ]
          ],
          [
            [
              [
                -74.4292054,
                40.7730031
              ],
              [
                -74.42888890000002,
                40.77323669999998
              ],
              [
                -74.4284999,
                40.7729238
              ],
              [
                -74.4288164,
                40.7726821
              ],
              [
                -74.4292054,
                40.7730031
              ]
            ]
          ],
          [
            [
              [
                -74.42810830000002,
                40.7733992
              ],
              [
                -74.4283739,
                40.7733017
              ],
              [
                -74.4284812,
                40.7734682
              ],
              [
                -74.4282156,
                40.77356569999998
              ],
              [
                -74.42810830000002,
                40.7733992
              ]
            ]
          ],
          [
            [
              [
                -74.4290717759585,
                40.77176968333605
              ],
              [
                -74.4291046,
                40.7717759
              ],
              [
                -74.4292434,
                40.77170059999998
              ],
              [
                -74.4295483,
                40.7714899
              ],
              [
                -74.4298877,
                40.77165560000001
              ],
              [
                -74.4318921,
                40.77267470000001
              ],
              [
                -74.43369,
                40.77359259999998
              ],
              [
                -74.4341786,
                40.77384209999999
              ],
              [
                -74.4349785,
                40.774247299999985
              ],
              [
                -74.4366411,
                40.7750836
              ],
              [
                -74.437883,
                40.7757082
              ],
              [
                -74.4381593,
                40.7758481
              ],
              [
                -74.4384245,
                40.7760058
              ],
              [
                -74.4386854,
                40.7761666
              ],
              [
                -74.4389207,
                40.77633139999999
              ],
              [
                -74.439169,
                40.776489
              ],
              [
                -74.4402524,
                40.77717659999998
              ],
              [
                -74.44068090000002,
                40.7774874
              ],
              [
                -74.44070001153136,
                40.77749909816778
              ],
              [
                -74.44069842064573,
                40.777502560679444
              ],
              [
                -74.4406764,
                40.7774888
              ],
              [
                -74.4402679,
                40.7772297
              ],
              [
                -74.4397937,
                40.7769154
              ],
              [
                -74.43931950000001,
                40.7766159
              ],
              [
                -74.4386369,
                40.776173
              ],
              [
                -74.4383798,
                40.7760152
              ],
              [
                -74.4381006,
                40.775863499999986
              ],
              [
                -74.4375545,
                40.77558409999998
              ],
              [
                -74.4368033,
                40.7752005
              ],
              [
                -74.4360504,
                40.774828899999974
              ],
              [
                -74.4345457,
                40.774074
              ],
              [
                -74.4343046,
                40.7739425
              ],
              [
                -74.4340086,
                40.773794
              ],
              [
                -74.4334371,
                40.77350160000001
              ],
              [
                -74.4322533,
                40.77290750000002
              ],
              [
                -74.431566,
                40.77256279999998
              ],
              [
                -74.4308961,
                40.7722312
              ],
              [
                -74.4301971,
                40.7718714
              ],
              [
                -74.4295689,
                40.77155709999998
              ],
              [
                -74.4291336,
                40.7718412
              ],
              [
                -74.42901637874306,
                40.77182345977257
              ],
              [
                -74.4290717759585,
                40.77176968333605
              ]
            ]
          ],
          [
            [
              [
                -74.4385413,
                40.77654469999999
              ],
              [
                -74.4381774,
                40.7768937
              ],
              [
                -74.4371493,
                40.7762746
              ],
              [
                -74.4375122,
                40.77591869999998
              ],
              [
                -74.4385413,
                40.77654469999999
              ]
            ]
          ],
          [
            [
              [
                -74.4337441,
                40.7779027
              ],
              [
                -74.4338372,
                40.77823519999997
              ],
              [
                -74.4334422,
                40.7782987
              ],
              [
                -74.4333491,
                40.77796619999999
              ],
              [
                -74.4337441,
                40.7779027
              ]
            ]
          ],
          [
            [
              [
                -74.43874580000002,
                40.77812619999999
              ],
              [
                -74.4389343,
                40.7782835
              ],
              [
                -74.43883860000001,
                40.7783493
              ],
              [
                -74.4386501,
                40.778192
              ],
              [
                -74.43874580000002,
                40.77812619999999
              ]
            ]
          ],
          [
            [
              [
                -74.438617,
                40.7782148
              ],
              [
                -74.4388055,
                40.77837219999998
              ],
              [
                -74.4387098,
                40.7784379
              ],
              [
                -74.4385213,
                40.7782806
              ],
              [
                -74.438617,
                40.7782148
              ]
            ]
          ],
          [
            [
              [
                -74.4384564,
                40.778327399999974
              ],
              [
                -74.4386449,
                40.7784847
              ],
              [
                -74.4385492,
                40.77855049999998
              ],
              [
                -74.43836070000002,
                40.77839319999998
              ],
              [
                -74.4384564,
                40.778327399999974
              ]
            ]
          ],
          [
            [
              [
                -74.4382316,
                40.7784824
              ],
              [
                -74.4383274,
                40.7784166
              ],
              [
                -74.4385159,
                40.778574
              ],
              [
                -74.4384202,
                40.778639699999985
              ],
              [
                -74.4382316,
                40.7784824
              ]
            ]
          ],
          [
            [
              [
                -74.4389389,
                40.7784826
              ],
              [
                -74.4391275,
                40.77863989999999
              ],
              [
                -74.4390318,
                40.7787056
              ],
              [
                -74.4388432,
                40.7785483
              ],
              [
                -74.4389389,
                40.7784826
              ]
            ]
          ],
          [
            [
              [
                -74.43133880000002,
                40.77984369999998
              ],
              [
                -74.4314032,
                40.7801484
              ],
              [
                -74.4310572,
                40.7802012
              ],
              [
                -74.4309848,
                40.7798965
              ],
              [
                -74.43133880000002,
                40.77984369999998
              ]
            ]
          ],
          [
            [
              [
                -74.4302016,
                40.7803921
              ],
              [
                -74.4301077,
                40.780075199999985
              ],
              [
                -74.43035180000001,
                40.78002849999997
              ],
              [
                -74.4304349,
                40.780349399999984
              ],
              [
                -74.4302016,
                40.7803921
              ]
            ]
          ],
          [
            [
              [
                -74.4231006,
                40.7865672
              ],
              [
                -74.4229756,
                40.786691699999984
              ],
              [
                -74.4226856,
                40.7865248
              ],
              [
                -74.4228106,
                40.7864002
              ],
              [
                -74.4231006,
                40.7865672
              ]
            ]
          ],
          [
            [
              [
                -74.40334671054667,
                40.77815603307693
              ],
              [
                -74.40334671020328,
                40.77815603301761
              ],
              [
                -74.4034179,
                40.77769089999998
              ],
              [
                -74.4044873,
                40.7779667
              ],
              [
                -74.4054257,
                40.7782213
              ],
              [
                -74.4053912,
                40.77835929999997
              ],
              [
                -74.405035,
                40.77862909999999
              ],
              [
                -74.4046414,
                40.7787823
              ],
              [
                -74.4044836,
                40.7787925
              ],
              [
                -74.40329180000002,
                40.77851479999999
              ],
              [
                -74.40334671054667,
                40.77815603307693
              ]
            ]
          ],
          [
            [
              [
                -74.389042,
                40.788179699999986
              ],
              [
                -74.3890522,
                40.78820439999998
              ],
              [
                -74.3890809,
                40.78827350000001
              ],
              [
                -74.38910040000002,
                40.78837
              ],
              [
                -74.38908270000002,
                40.7884557
              ],
              [
                -74.3889517,
                40.7887626
              ],
              [
                -74.3885412,
                40.7886447
              ],
              [
                -74.389042,
                40.788179699999986
              ]
            ]
          ],
          [
            [
              [
                -74.3925322677255,
                40.79040994500164
              ],
              [
                -74.39272393227452,
                40.790409945001656
              ],
              [
                -74.39272393227452,
                40.790541263885935
              ],
              [
                -74.3927079182665,
                40.79055505491903
              ],
              [
                -74.3925322677255,
                40.79055505491902
              ],
              [
                -74.3925322677255,
                40.79040994500164
              ]
            ]
          ],
          [
            [
              [
                -74.3951303,
                40.7930153
              ],
              [
                -74.3951791,
                40.7929468
              ],
              [
                -74.3953133,
                40.79300159999998
              ],
              [
                -74.3952645,
                40.7930701
              ],
              [
                -74.3951303,
                40.7930153
              ]
            ]
          ],
          [
            [
              [
                -74.3957584,
                40.793056599999986
              ],
              [
                -74.3957451,
                40.7932717
              ],
              [
                -74.3956147,
                40.793267
              ],
              [
                -74.39562810000001,
                40.793052
              ],
              [
                -74.3957584,
                40.793056599999986
              ]
            ]
          ],
          [
            [
              [
                -74.3959191,
                40.7932785
              ],
              [
                -74.3957887,
                40.7932739
              ],
              [
                -74.39580210000001,
                40.793058799999976
              ],
              [
                -74.3959324,
                40.7930635
              ],
              [
                -74.3959191,
                40.7932785
              ]
            ]
          ],
          [
            [
              [
                -74.4721992,
                40.628429
              ],
              [
                -74.4720762,
                40.628461799999975
              ],
              [
                -74.4719821,
                40.6282588
              ],
              [
                -74.4721051,
                40.628226
              ],
              [
                -74.4721992,
                40.628429
              ]
            ]
          ],
          [
            [
              [
                -74.4720366,
                40.6284707
              ],
              [
                -74.47191370000002,
                40.6285035
              ],
              [
                -74.4718196,
                40.62830050000003
              ],
              [
                -74.4719426,
                40.62826769999999
              ],
              [
                -74.4720366,
                40.6284707
              ]
            ]
          ],
          [
            [
              [
                -74.46855830911576,
                40.81140294969185
              ],
              [
                -74.46856059423105,
                40.81139604504558
              ],
              [
                -74.46856376252305,
                40.81138934316933
              ],
              [
                -74.4685677834793,
                40.81138290860595
              ],
              [
                -74.46857261837587,
                40.811376803323874
              ],
              [
                -74.46857822065003,
                40.811371086120424
              ],
              [
                -74.46858453634884,
                40.811365812055456
              ],
              [
                -74.46859150464864,
                40.81136103192122
              ],
              [
                -74.46859905844092,
                40.8113567917532
              ],
              [
                -74.4686071249785,
                40.81135313238656
              ],
              [
                -74.46861562657625,
                40.81135008906316
              ],
              [
                -74.46862448135911,
                40.811347691091896
              ],
              [
                -74.46863360405071,
                40.81134596156667
              ],
              [
                -74.46863647212359,
                40.811345639566916
              ],
              [
                -74.4687156,
                40.8114131
              ],
              [
                -74.46861254180838,
                40.81148300661465
              ],
              [
                -74.4686071249785,
                40.81148106755175
              ],
              [
                -74.46859905844092,
                40.811477408191955
              ],
              [
                -74.46859150464864,
                40.81147316803139
              ],
              [
                -74.46858453634884,
                40.811468387904895
              ],
              [
                -74.46857822065003,
                40.81146311384766
              ],
              [
                -74.46857261837587,
                40.811457396651626
              ],
              [
                -74.46856778347932,
                40.8114512913764
              ],
              [
                -74.46856376252305,
                40.81144485681903
              ],
              [
                -74.46856059423105,
                40.81143815494774
              ],
              [
                -74.46855830911576,
                40.81143125030506
              ],
              [
                -74.46855692918407,
                40.81142420938654
              ],
              [
                -74.46855646772549,
                40.8114171
              ],
              [
                -74.46855692918407,
                40.81140999061268
              ],
              [
                -74.46855830911576,
                40.81140294969185
              ]
            ]
          ],
          [
            [
              [
                -74.4788536,
                40.872925699999975
              ],
              [
                -74.4789944,
                40.87299260000001
              ],
              [
                -74.4791367,
                40.87304779999999
              ],
              [
                -74.4792359,
                40.87310240000002
              ],
              [
                -74.479292,
                40.87318950000002
              ],
              [
                -74.4793126,
                40.873268099999976
              ],
              [
                -74.4793549,
                40.8733378
              ],
              [
                -74.47937510000001,
                40.8733733
              ],
              [
                -74.4793547,
                40.8733799
              ],
              [
                -74.47914830000002,
                40.87348
              ],
              [
                -74.479115,
                40.8734665
              ],
              [
                -74.4789348,
                40.8733547
              ],
              [
                -74.47882780000002,
                40.87328989999999
              ],
              [
                -74.478787,
                40.87324239999999
              ],
              [
                -74.478749,
                40.8732107
              ],
              [
                -74.478743,
                40.87317329999997
              ],
              [
                -74.4787337,
                40.872999
              ],
              [
                -74.478689,
                40.872891
              ],
              [
                -74.47867950000001,
                40.872870699999986
              ],
              [
                -74.4787056,
                40.8728492
              ],
              [
                -74.4787287,
                40.8728508
              ],
              [
                -74.4788536,
                40.872925699999975
              ]
            ]
          ],
          [
            [
              [
                -74.4793822,
                40.87397989999999
              ],
              [
                -74.4794913,
                40.87389859999997
              ],
              [
                -74.4794107,
                40.873550499999986
              ],
              [
                -74.47993150000002,
                40.8732952
              ],
              [
                -74.48049430000002,
                40.873603899999985
              ],
              [
                -74.480706,
                40.8737639
              ],
              [
                -74.4808874,
                40.8739862
              ],
              [
                -74.4810335,
                40.8742301
              ],
              [
                -74.480748,
                40.87426819999999
              ],
              [
                -74.4806018,
                40.8742682
              ],
              [
                -74.4800373,
                40.874333
              ],
              [
                -74.4797803,
                40.87413739999998
              ],
              [
                -74.4794762,
                40.8740409
              ],
              [
                -74.4793822,
                40.87397989999999
              ]
            ]
          ],
          [
            [
              [
                -74.85405640000002,
                40.901132900000015
              ],
              [
                -74.8541668,
                40.9011843
              ],
              [
                -74.854019,
                40.90136590000003
              ],
              [
                -74.8539086,
                40.9013145
              ],
              [
                -74.85405640000002,
                40.901132900000015
              ]
            ]
          ],
          [
            [
              [
                -74.85420350000003,
                40.9012012
              ],
              [
                -74.854314,
                40.9012525
              ],
              [
                -74.8541662,
                40.90143409999999
              ],
              [
                -74.8540557,
                40.9013828
              ],
              [
                -74.85420350000003,
                40.9012012
              ]
            ]
          ],
          [
            [
              [
                -74.8542496,
                40.901506099999985
              ],
              [
                -74.8542252,
                40.90149219999998
              ],
              [
                -74.85421110000001,
                40.90147539999999
              ],
              [
                -74.8542034,
                40.90145290000001
              ],
              [
                -74.85434880000001,
                40.901273
              ],
              [
                -74.8543752,
                40.9012668
              ],
              [
                -74.8544028,
                40.90126779999997
              ],
              [
                -74.8544341,
                40.90127689999998
              ],
              [
                -74.8544609,
                40.90129240000001
              ],
              [
                -74.8544757,
                40.9013097
              ],
              [
                -74.8544829,
                40.9013288
              ],
              [
                -74.8544229,
                40.9014005
              ],
              [
                -74.8543343,
                40.9015064
              ],
              [
                -74.8543037,
                40.9015134
              ],
              [
                -74.8542777,
                40.9015128
              ],
              [
                -74.8542496,
                40.901506099999985
              ]
            ]
          ],
          [
            [
              [
                -74.8517857,
                40.9064816
              ],
              [
                -74.8519036,
                40.9064405
              ],
              [
                -74.8520216,
                40.90663359999998
              ],
              [
                -74.8519037,
                40.90667479999998
              ],
              [
                -74.8517857,
                40.9064816
              ]
            ]
          ],
          [
            [
              [
                -74.852141,
                40.90662060000002
              ],
              [
                -74.8522054,
                40.90646529999998
              ],
              [
                -74.8525643,
                40.906550299999985
              ],
              [
                -74.8524999,
                40.906705600000016
              ],
              [
                -74.852141,
                40.90662060000002
              ]
            ]
          ],
          [
            [
              [
                -74.8517278,
                40.90650329999998
              ],
              [
                -74.8518459,
                40.9066964
              ],
              [
                -74.851728,
                40.9067376
              ],
              [
                -74.85161,
                40.906544399999966
              ],
              [
                -74.8517278,
                40.90650329999998
              ]
            ]
          ],
          [
            [
              [
                -74.8572627,
                40.9075399
              ],
              [
                -74.8571861,
                40.9074916
              ],
              [
                -74.8573156,
                40.90737409999998
              ],
              [
                -74.8573923,
                40.9074223
              ],
              [
                -74.8572627,
                40.9075399
              ]
            ]
          ],
          [
            [
              [
                -74.8572318,
                40.9077629
              ],
              [
                -74.856992,
                40.90762240000002
              ],
              [
                -74.8571019,
                40.90751519999998
              ],
              [
                -74.8573418,
                40.9076556
              ],
              [
                -74.8572318,
                40.9077629
              ]
            ]
          ],
          [
            [
              [
                -74.4391307,
                40.777769499999984
              ],
              [
                -74.439171,
                40.77775709999999
              ],
              [
                -74.4391918,
                40.7777513
              ],
              [
                -74.4392135,
                40.7777464
              ],
              [
                -74.439248,
                40.7777388
              ],
              [
                -74.4392664,
                40.7777354
              ],
              [
                -74.4392851,
                40.7777338
              ],
              [
                -74.4393121,
                40.7777312
              ],
              [
                -74.4393482,
                40.77773029999999
              ],
              [
                -74.4393843,
                40.77773029999999
              ],
              [
                -74.43942,
                40.777732299999975
              ],
              [
                -74.4394564,
                40.7777357
              ],
              [
                -74.4394955,
                40.777742
              ],
              [
                -74.4395357,
                40.77775109999999
              ],
              [
                -74.4395752,
                40.777761
              ],
              [
                -74.4396147,
                40.77777249999998
              ],
              [
                -74.4396336,
                40.777779
              ],
              [
                -74.4396517,
                40.7777861
              ],
              [
                -74.4396728,
                40.777795
              ],
              [
                -74.4396931,
                40.77780419999998
              ],
              [
                -74.4397173,
                40.77781609999998
              ],
              [
                -74.4397394,
                40.7778292
              ],
              [
                -74.4397626,
                40.77784359999998
              ],
              [
                -74.4397738,
                40.777851599999984
              ],
              [
                -74.4397838,
                40.777859499999984
              ],
              [
                -74.439806,
                40.7778766
              ],
              [
                -74.43982680000002,
                40.77789509999998
              ],
              [
                -74.43984570000002,
                40.7779124
              ],
              [
                -74.4398617,
                40.777930799999986
              ],
              [
                -74.4399018,
                40.7779819
              ],
              [
                -74.4398392,
                40.778043199999985
              ],
              [
                -74.43970460000001,
                40.7781709
              ],
              [
                -74.4396153,
                40.7782556
              ],
              [
                -74.4394342,
                40.7784146
              ],
              [
                -74.4393474,
                40.77841819999997
              ],
              [
                -74.439179,
                40.7783094
              ],
              [
                -74.4390921,
                40.77825229999998
              ],
              [
                -74.4390342,
                40.7782121
              ],
              [
                -74.4387967,
                40.778046099999976
              ],
              [
                -74.4388035,
                40.77802739999998
              ],
              [
                -74.438813,
                40.778009
              ],
              [
                -74.4388233,
                40.7779922
              ],
              [
                -74.4388342,
                40.7779757
              ],
              [
                -74.438855,
                40.77794959999998
              ],
              [
                -74.4388779,
                40.7779245
              ],
              [
                -74.438917,
                40.77788709999999
              ],
              [
                -74.4389333,
                40.777873600000014
              ],
              [
                -74.4389505,
                40.77786089999998
              ],
              [
                -74.438975,
                40.7778438
              ],
              [
                -74.4389933,
                40.77783259999999
              ],
              [
                -74.4390124,
                40.7778218
              ],
              [
                -74.4390547,
                40.77779959999999
              ],
              [
                -74.4390757,
                40.7777896
              ],
              [
                -74.43909840000002,
                40.7777809
              ],
              [
                -74.4391141,
                40.77777489999998
              ],
              [
                -74.4391307,
                40.777769499999984
              ]
            ]
          ],
          [
            [
              [
                -74.4389711,
                40.77846
              ],
              [
                -74.4390668,
                40.77839419999998
              ],
              [
                -74.4392553,
                40.77855150000002
              ],
              [
                -74.4391596,
                40.7786173
              ],
              [
                -74.4389711,
                40.77846
              ]
            ]
          ],
          [
            [
              [
                -74.46510296772549,
                40.81204378076069
              ],
              [
                -74.46517069124029,
                40.81201346861283
              ],
              [
                -74.46529372852437,
                40.81201346861285
              ],
              [
                -74.4652946322745,
                40.81201463270742
              ],
              [
                -74.4652946322745,
                40.812158531307894
              ],
              [
                -74.46510296772549,
                40.81215853130791
              ],
              [
                -74.46510296772549,
                40.81204378076069
              ]
            ]
          ],
          [
            [
              [
                -74.4602902677255,
                40.814458028794064
              ],
              [
                -74.46029026772551,
                40.81431297112665
              ],
              [
                -74.46048193227452,
                40.81431297112663
              ],
              [
                -74.4604819322745,
                40.814458028794085
              ],
              [
                -74.4602902677255,
                40.814458028794064
              ]
            ]
          ],
          [
            [
              [
                -74.46000156772548,
                40.81441157123439
              ],
              [
                -74.4601932322745,
                40.814411571234416
              ],
              [
                -74.46019323227449,
                40.81455662868626
              ],
              [
                -74.46000156772548,
                40.81455662868629
              ],
              [
                -74.46000156772548,
                40.81441157123439
              ]
            ]
          ],
          [
            [
              [
                -74.4501256,
                40.8181302
              ],
              [
                -74.44945740000001,
                40.819101500000016
              ],
              [
                -74.448169,
                40.818333799999984
              ],
              [
                -74.44934730000001,
                40.81715129999998
              ],
              [
                -74.4505107,
                40.8178595
              ],
              [
                -74.4501256,
                40.8181302
              ]
            ]
          ],
          [
            [
              [
                -74.45411,
                40.82736279999997
              ],
              [
                -74.45423990000002,
                40.827042599999984
              ],
              [
                -74.4546176,
                40.8271318
              ],
              [
                -74.454485,
                40.82745
              ],
              [
                -74.45411,
                40.82736279999997
              ]
            ]
          ],
          [
            [
              [
                -74.4538903,
                40.82740339999999
              ],
              [
                -74.45407270000001,
                40.8274498
              ],
              [
                -74.454268,
                40.82749960000002
              ],
              [
                -74.4541371,
                40.8278122
              ],
              [
                -74.45375780000002,
                40.8277226
              ],
              [
                -74.4538903,
                40.82740339999999
              ]
            ]
          ],
          [
            [
              [
                -74.4520063,
                40.8312428
              ],
              [
                -74.4519676,
                40.8314316
              ],
              [
                -74.4501082,
                40.831224099999986
              ],
              [
                -74.4501258,
                40.8310886
              ],
              [
                -74.45062040000002,
                40.831176
              ],
              [
                -74.4508341,
                40.830756099999974
              ],
              [
                -74.4508858,
                40.83013359999998
              ],
              [
                -74.45131540000001,
                40.82997120000002
              ],
              [
                -74.4512977,
                40.82960339999999
              ],
              [
                -74.4515722,
                40.829057399999975
              ],
              [
                -74.4517712,
                40.82897220000001
              ],
              [
                -74.4519769,
                40.82906289999997
              ],
              [
                -74.4523493,
                40.8290001
              ],
              [
                -74.45273890000001,
                40.8292063
              ],
              [
                -74.4528621,
                40.8294038
              ],
              [
                -74.4525553,
                40.829899099999984
              ],
              [
                -74.4521055,
                40.83066329999998
              ],
              [
                -74.4519215,
                40.8311273
              ],
              [
                -74.4520063,
                40.8312428
              ]
            ]
          ],
          [
            [
              [
                -74.8568602,
                40.9077303
              ],
              [
                -74.8569396,
                40.90765209999998
              ],
              [
                -74.8571633,
                40.90778189999999
              ],
              [
                -74.8570838,
                40.9078601
              ],
              [
                -74.8568602,
                40.9077303
              ]
            ]
          ],
          [
            [
              [
                -74.8298231,
                40.9091786
              ],
              [
                -74.8298811,
                40.90938770000001
              ],
              [
                -74.8297536,
                40.90940789999998
              ],
              [
                -74.8296957,
                40.9091988
              ],
              [
                -74.8298231,
                40.9091786
              ]
            ]
          ],
          [
            [
              [
                -74.830081,
                40.9094766
              ],
              [
                -74.830139,
                40.9096857
              ],
              [
                -74.8300116,
                40.90970589999997
              ],
              [
                -74.8299536,
                40.909496799999985
              ],
              [
                -74.830081,
                40.9094766
              ]
            ]
          ],
          [
            [
              [
                -74.8299117,
                40.9095019
              ],
              [
                -74.8299697,
                40.9097109
              ],
              [
                -74.8298423,
                40.90973109999998
              ],
              [
                -74.8297843,
                40.909522
              ],
              [
                -74.8299117,
                40.9095019
              ]
            ]
          ],
          [
            [
              [
                -74.85780973140713,
                40.91022887712799
              ],
              [
                -74.85843790981058,
                40.91002186432252
              ],
              [
                -74.85898756557673,
                40.91058579631947
              ],
              [
                -74.86033671925084,
                40.910057556372195
              ],
              [
                -74.85997266171057,
                40.90959356025992
              ],
              [
                -74.86152882854861,
                40.909115289033295
              ],
              [
                -74.86202851552707,
                40.909943342288486
              ],
              [
                -74.85924454752839,
                40.9117850444308
              ],
              [
                -74.85780973140713,
                40.91022887712799
              ]
            ]
          ],
          [
            [
              [
                -74.8265542,
                40.9106262
              ],
              [
                -74.8264249,
                40.91063490000002
              ],
              [
                -74.8263997,
                40.91042189999998
              ],
              [
                -74.826529,
                40.91041319999999
              ],
              [
                -74.8265542,
                40.9106262
              ]
            ]
          ],
          [
            [
              [
                -74.8263976,
                40.91063579999998
              ],
              [
                -74.8262683,
                40.9106445
              ],
              [
                -74.8262432,
                40.9104314
              ],
              [
                -74.8263725,
                40.910422699999984
              ],
              [
                -74.8263976,
                40.91063579999998
              ]
            ]
          ],
          [
            [
              [
                -74.7454595,
                41.1477595
              ],
              [
                -74.7457237,
                41.14722989999997
              ],
              [
                -74.7458294,
                41.1472391
              ],
              [
                -74.7464515,
                41.14762789999999
              ],
              [
                -74.7462888,
                41.1477503
              ],
              [
                -74.746049,
                41.1478146
              ],
              [
                -74.7457929,
                41.147808499999975
              ],
              [
                -74.7454595,
                41.1477595
              ]
            ]
          ],
          [
            [
              [
                -74.7467792,
                41.1483051
              ],
              [
                -74.7464252,
                41.148202099999985
              ],
              [
                -74.7465807,
                41.14790109999998
              ],
              [
                -74.7469375,
                41.1479981
              ],
              [
                -74.7467792,
                41.1483051
              ]
            ]
          ]
        ]
      }
    }
  ]
}