{
"type": "FeatureCollection",
"name": "geo_2022-01-01",
"crs": { "type": "name", "properties": { "name": "urn:ogc:def:crs:OGC:1.3:CRS84" } },
"features": [
{ "type": "Feature", "properties": { "ID": 12738, "date": "2022-01-01T00:00:00", "smokePM_pred": 3.0996172428131099 }, "geometry": { "type": "Polygon", "coordinates": [ [ [ -80.848542395587771, 26.57767661132813 ], [ -80.839337868675869, 26.489315318718081 ], [ -80.937514473576215, 26.481019176275495 ], [ -80.946790873257214, 26.569348534795946 ], [ -80.848542395587771, 26.57767661132813 ] ] ] } },
{ "type": "Feature", "properties": { "ID": 12739, "date": "2022-01-01T00:00:00", "smokePM_pred": 3.9081373214721702 }, "geometry": { "type": "Polygon", "coordinates": [ [ [ -80.750251319181103, 26.585939248532121 ], [ -80.741118804409425, 26.497546268304369 ], [ -80.839337868675869, 26.489315318718081 ], [ -80.848542395587771, 26.57767661132813 ], [ -80.750251319181103, 26.585939248532121 ] ] ] } },
{ "type": "Feature", "properties": { "ID": 12740, "date": "2022-01-01T00:00:00", "smokePM_pred": 2.4849548339843799 }, "geometry": { "type": "Polygon", "coordinates": [ [ [ -80.651917967213009, 26.594136335197042 ], [ -80.642857603008622, 26.505711914353306 ], [ -80.741118804409425, 26.497546268304369 ], [ -80.750251319181103, 26.585939248532121 ], [ -80.651917967213009, 26.594136335197042 ] ] ] } },
{ "type": "Feature", "properties": { "ID": 13252, "date": "2022-01-01T00:00:00", "smokePM_pred": 3.8112590312957799 }, "geometry": { "type": "Polygon", "coordinates": [ [ [ -80.956110194118679, 26.657673778193775 ], [ -80.946790873257214, 26.569348534795946 ], [ -81.044996429893757, 26.560955130926942 ], [ -81.054387804625676, 26.649248147344842 ], [ -80.956110194118679, 26.657673778193775 ] ] ] } },
{ "type": "Feature", "properties": { "ID": 13253, "date": "2022-01-01T00:00:00", "smokePM_pred": 2.7801256179809601 }, "geometry": { "type": "Polygon", "coordinates": [ [ [ -80.85778952138358, 26.666033835461391 ], [ -80.848542395587771, 26.57767661132813 ], [ -80.946790873257214, 26.569348534795946 ], [ -80.956110194118679, 26.657673778193775 ], [ -80.85778952138358, 26.666033835461391 ] ] ] } },
{ "type": "Feature", "properties": { "ID": 13254, "date": "2022-01-01T00:00:00", "smokePM_pred": 4.3052945137023899 }, "geometry": { "type": "Polygon", "coordinates": [ [ [ -80.759426109660012, 26.674328206621063 ], [ -80.750251319181103, 26.585939248532121 ], [ -80.848542395587771, 26.57767661132813 ], [ -80.85778952138358, 26.666033835461391 ], [ -80.759426109660012, 26.674328206621063 ] ] ] } },
{ "type": "Feature", "properties": { "ID": 13255, "date": "2022-01-01T00:00:00", "smokePM_pred": 2.1136381626129199 }, "geometry": { "type": "Polygon", "coordinates": [ [ [ -80.661020283073256, 26.682556779930138 ], [ -80.651917967213009, 26.594136335197042 ], [ -80.750251319181103, 26.585939248532121 ], [ -80.759426109660012, 26.674328206621063 ], [ -80.661020283073256, 26.682556779930138 ] ] ] } },
{ "type": "Feature", "properties": { "ID": 13762, "date": "2022-01-01T00:00:00", "smokePM_pred": 2.1752972602844198 }, "geometry": { "type": "Polygon", "coordinates": [ [ [ -81.45678401556188, 26.703049449870203 ], [ -81.447061190877406, 26.614892165892787 ], [ -81.545118673021321, 26.606140382206597 ], [ -81.554913149450641, 26.694264167422016 ], [ -81.45678401556188, 26.703049449870203 ] ] ] } },
{ "type": "Feature", "properties": { "ID": 13763, "date": "2022-01-01T00:00:00", "smokePM_pred": 1.97073101997375 }, "geometry": { "type": "Polygon", "coordinates": [ [ [ -81.358610069969828, 26.711769489181172 ], [ -81.348959043778876, 26.623578950255602 ], [ -81.447061190877406, 26.614892165892787 ], [ -81.45678401556188, 26.703049449870203 ], [ -81.358610069969828, 26.711769489181172 ] ] ] } },
{ "type": "Feature", "properties": { "ID": 13767, "date": "2022-01-01T00:00:00", "smokePM_pred": 2.3863079547882098 }, "geometry": { "type": "Polygon", "coordinates": [ [ [ -80.965472577356778, 26.745994887736284 ], [ -80.956110194118679, 26.657673778193775 ], [ -81.054387804625676, 26.649248147344842 ], [ -81.063822564083765, 26.737536982704704 ], [ -80.965472577356778, 26.745994887736284 ] ] ] } },
{ "type": "Feature", "properties": { "ID": 13768, "date": "2022-01-01T00:00:00", "smokePM_pred": 1.64659523963928 }, "geometry": { "type": "Polygon", "coordinates": [ [ [ -80.867079386315453, 26.754386972634705 ], [ -80.85778952138358, 26.666033835461391 ], [ -80.956110194118679, 26.657673778193775 ], [ -80.965472577356778, 26.745994887736284 ], [ -80.867079386315453, 26.754386972634705 ] ] ] } },
{ "type": "Feature", "properties": { "ID": 13769, "date": "2022-01-01T00:00:00", "smokePM_pred": 1.49589371681213 }, "geometry": { "type": "Polygon", "coordinates": [ [ [ -80.768643315148807, 26.762713124336059 ], [ -80.759426109660012, 26.674328206621063 ], [ -80.85778952138358, 26.666033835461391 ], [ -80.867079386315453, 26.754386972634705 ], [ -80.768643315148807, 26.762713124336059 ] ] ] } },
{ "type": "Feature", "properties": { "ID": 13770, "date": "2022-01-01T00:00:00", "smokePM_pred": 0.91941511631011996 }, "geometry": { "type": "Polygon", "coordinates": [ [ [ -80.670164688937049, 26.770973230563964 ], [ -80.661020283073256, 26.682556779930138 ], [ -80.759426109660012, 26.674328206621063 ], [ -80.768643315148807, 26.762713124336059 ], [ -80.670164688937049, 26.770973230563964 ] ] ] } },
{ "type": "Feature", "properties": { "ID": 13771, "date": "2022-01-01T00:00:00", "smokePM_pred": 2.2703053951263401 }, "geometry": { "type": "Polygon", "coordinates": [ [ [ -80.571643833646078, 26.779167179833326 ], [ -80.562572366628714, 26.690719444433785 ], [ -80.661020283073256, 26.682556779930138 ], [ -80.670164688937049, 26.770973230563964 ], [ -80.571643833646078, 26.779167179833326 ] ] ] } },
{ "type": "Feature", "properties": { "ID": 13773, "date": "2022-01-01T00:00:00", "smokePM_pred": 1.9631034135818499 }, "geometry": { "type": "Polygon", "coordinates": [ [ [ -80.374476744085356, 26.795356165535779 ], [ -80.365551568555787, 26.706846607167336 ], [ -80.464082686206496, 26.698816089968798 ], [ -80.473081076121957, 26.787294861454249 ], [ -80.374476744085356, 26.795356165535779 ] ] ] } },
{ "type": "Feature", "properties": { "ID": 14277, "date": "2022-01-01T00:00:00", "smokePM_pred": 1.55267345905304 }, "geometry": { "type": "Polygon", "coordinates": [ [ [ -81.466551652103504, 26.79120234087063 ], [ -81.45678401556188, 26.703049449870203 ], [ -81.554913149450641, 26.694264167422016 ], [ -81.56475275646747, 26.782383510691883 ], [ -81.466551652103504, 26.79120234087063 ] ] ] } },
{ "type": "Feature", "properties": { "ID": 14278, "date": "2022-01-01T00:00:00", "smokePM_pred": 1.57461357116699 }, "geometry": { "type": "Polygon", "coordinates": [ [ [ -81.36830558836445, 26.799955683799698 ], [ -81.358610069969828, 26.711769489181172 ], [ -81.45678401556188, 26.703049449870203 ], [ -81.466551652103504, 26.79120234087063 ], [ -81.36830558836445, 26.799955683799698 ] ] ] } },
{ "type": "Feature", "properties": { "ID": 14280, "date": "2022-01-01T00:00:00", "smokePM_pred": 1.84417045116425 }, "geometry": { "type": "Polygon", "coordinates": [ [ [ -81.171679866000446, 26.817265438682266 ], [ -81.162129023203988, 26.729013371387506 ], [ -81.260391632327043, 26.720424168411963 ], [ -81.270014885829255, 26.808643421979607 ], [ -81.171679866000446, 26.817265438682266 ] ] ] } },
{ "type": "Feature", "properties": { "ID": 14281, "date": "2022-01-01T00:00:00", "smokePM_pred": 1.5219886302948 }, "geometry": { "type": "Polygon", "coordinates": [ [ [ -81.073300851298939, 26.82582161795488 ], [ -81.063822564083765, 26.737536982704704 ], [ -81.162129023203988, 26.729013371387506 ], [ -81.171679866000446, 26.817265438682266 ], [ -81.073300851298939, 26.82582161795488 ] ] ] } },
{ "type": "Feature", "properties": { "ID": 14282, "date": "2022-01-01T00:00:00", "smokePM_pred": 1.6770172119140601 }, "geometry": { "type": "Polygon", "coordinates": [ [ [ -80.974878165058641, 26.834311844623951 ], [ -80.965472577356778, 26.745994887736284 ], [ -81.063822564083765, 26.737536982704704 ], [ -81.073300851298939, 26.82582161795488 ], [ -80.974878165058641, 26.834311844623951 ] ] ] } },
{ "type": "Feature", "properties": { "ID": 14283, "date": "2022-01-01T00:00:00", "smokePM_pred": 1.790900349617 }, "geometry": { "type": "Polygon", "coordinates": [ [ [ -80.876412131521164, 26.842736004299191 ], [ -80.867079386315453, 26.754386972634705 ], [ -80.965472577356778, 26.745994887736284 ], [ -80.974878165058641, 26.834311844623951 ], [ -80.876412131521164, 26.842736004299191 ] ] ] } },
{ "type": "Feature", "properties": { "ID": 14284, "date": "2022-01-01T00:00:00", "smokePM_pred": 6.3159694671630904 }, "geometry": { "type": "Polygon", "coordinates": [ [ [ -80.777903075830324, 26.851093983377435 ], [ -80.768643315148807, 26.762713124336059 ], [ -80.867079386315453, 26.754386972634705 ], [ -80.876412131521164, 26.842736004299191 ], [ -80.777903075830324, 26.851093983377435 ] ] ] } },
{ "type": "Feature", "properties": { "ID": 14285, "date": "2022-01-01T00:00:00", "smokePM_pred": 1.6370059251785301 }, "geometry": { "type": "Polygon", "coordinates": [ [ [ -80.679351324026754, 26.859385669046503 ], [ -80.670164688937049, 26.770973230563964 ], [ -80.768643315148807, 26.762713124336059 ], [ -80.777903075830324, 26.851093983377435 ], [ -80.679351324026754, 26.859385669046503 ] ] ] } },
{ "type": "Feature", "properties": { "ID": 14286, "date": "2022-01-01T00:00:00", "smokePM_pred": 1.59377801418304 }, "geometry": { "type": "Polygon", "coordinates": [ [ [ -80.580757203042353, 26.867610949289102 ], [ -80.571643833646078, 26.779167179833326 ], [ -80.670164688937049, 26.770973230563964 ], [ -80.679351324026754, 26.859385669046503 ], [ -80.580757203042353, 26.867610949289102 ] ] ] } },
{ "type": "Feature", "properties": { "ID": 14287, "date": "2022-01-01T00:00:00", "smokePM_pred": 4.6338543891906703 }, "geometry": { "type": "Polygon", "coordinates": [ [ [ -80.482121040694764, 26.875769712886665 ], [ -80.473081076121957, 26.787294861454249 ], [ -80.571643833646078, 26.779167179833326 ], [ -80.580757203042353, 26.867610949289102 ], [ -80.482121040694764, 26.875769712886665 ] ] ] } },
{ "type": "Feature", "properties": { "ID": 14288, "date": "2022-01-01T00:00:00", "smokePM_pred": 4.9780988693237296 }, "geometry": { "type": "Polygon", "coordinates": [ [ [ -80.383443165681683, 26.883861849423127 ], [ -80.374476744085356, 26.795356165535779 ], [ -80.473081076121957, 26.787294861454249 ], [ -80.482121040694764, 26.875769712886665 ], [ -80.383443165681683, 26.883861849423127 ] ] ] } },
{ "type": "Feature", "properties": { "ID": 14792, "date": "2022-01-01T00:00:00", "smokePM_pred": 1.94000911712646 }, "geometry": { "type": "Polygon", "coordinates": [ [ [ -81.476364248175017, 26.879350818745966 ], [ -81.466551652103504, 26.79120234087063 ], [ -81.56475275646747, 26.782383510691883 ], [ -81.574637642665124, 26.870498391607544 ], [ -81.476364248175017, 26.879350818745966 ] ] ] } },
{ "type": "Feature", "properties": { "ID": 14793, "date": "2022-01-01T00:00:00", "smokePM_pred": 2.0644633769989 }, "geometry": { "type": "Polygon", "coordinates": [ [ [ -81.378045745709187, 26.888137514222166 ], [ -81.36830558836445, 26.799955683799698 ], [ -81.466551652103504, 26.79120234087063 ], [ -81.476364248175017, 26.879350818745966 ], [ -81.378045745709187, 26.888137514222166 ] ] ] } },
{ "type": "Feature", "properties": { "ID": 14795, "date": "2022-01-01T00:00:00", "smokePM_pred": 1.6791465282440201 }, "geometry": { "type": "Polygon", "coordinates": [ [ [ -81.181274703821785, 26.905513238730602 ], [ -81.171679866000446, 26.817265438682266 ], [ -81.270014885829255, 26.808643421979607 ], [ -81.279682456778147, 26.896858359978122 ], [ -81.181274703821785, 26.905513238730602 ] ] ] } },
{ "type": "Feature", "properties": { "ID": 14796, "date": "2022-01-01T00:00:00", "smokePM_pred": 1.7615883350372299 }, "geometry": { "type": "Polygon", "coordinates": [ [ [ -81.082822810204178, 26.914102033975102 ], [ -81.073300851298939, 26.82582161795488 ], [ -81.171679866000446, 26.817265438682266 ], [ -81.181274703821785, 26.905513238730602 ], [ -81.082822810204178, 26.914102033975102 ] ] ] } },
{ "type": "Feature", "properties": { "ID": 14797, "date": "2022-01-01T00:00:00", "smokePM_pred": 2.4827206134796098 }, "geometry": { "type": "Polygon", "coordinates": [ [ [ -80.984327100208077, 26.922624629989862 ], [ -80.974878165058641, 26.834311844623951 ], [ -81.073300851298939, 26.82582161795488 ], [ -81.082822810204178, 26.914102033975102 ], [ -80.984327100208077, 26.922624629989862 ] ] ] } },
{ "type": "Feature", "properties": { "ID": 14798, "date": "2022-01-01T00:00:00", "smokePM_pred": 2.4224874973297101 }, "geometry": { "type": "Polygon", "coordinates": [ [ [ -80.88578789902968, 26.931080911839789 ], [ -80.876412131521164, 26.842736004299191 ], [ -80.974878165058641, 26.834311844623951 ], [ -80.984327100208077, 26.922624629989862 ], [ -80.88578789902968, 26.931080911839789 ] ] ] } },
{ "type": "Feature", "properties": { "ID": 14799, "date": "2022-01-01T00:00:00", "smokePM_pred": 3.0553324222564702 }, "geometry": { "type": "Polygon", "coordinates": [ [ [ -80.787205532773115, 26.939470765380428 ], [ -80.777903075830324, 26.851093983377435 ], [ -80.876412131521164, 26.842736004299191 ], [ -80.88578789902968, 26.931080911839789 ], [ -80.787205532773115, 26.939470765380428 ] ] ] } },
{ "type": "Feature", "properties": { "ID": 14800, "date": "2022-01-01T00:00:00", "smokePM_pred": 2.5980906486511199 }, "geometry": { "type": "Polygon", "coordinates": [ [ [ -80.6885803284449, 26.94779407726184 ], [ -80.679351324026754, 26.859385669046503 ], [ -80.777903075830324, 26.851093983377435 ], [ -80.787205532773115, 26.939470765380428 ], [ -80.6885803284449, 26.94779407726184 ] ] ] } },
{ "type": "Feature", "properties": { "ID": 14801, "date": "2022-01-01T00:00:00", "smokePM_pred": 2.7840061187744101 }, "geometry": { "type": "Polygon", "coordinates": [ [ [ -80.589912613948528, 26.956050734932504 ], [ -80.580757203042353, 26.867610949289102 ], [ -80.679351324026754, 26.859385669046503 ], [ -80.6885803284449, 26.94779407726184 ], [ -80.589912613948528, 26.956050734932504 ] ] ] } },
{ "type": "Feature", "properties": { "ID": 14802, "date": "2022-01-01T00:00:00", "smokePM_pred": 2.8410718441009499 }, "geometry": { "type": "Polygon", "coordinates": [ [ [ -80.491202718078767, 26.964240626643164 ], [ -80.482121040694764, 26.875769712886665 ], [ -80.580757203042353, 26.867610949289102 ], [ -80.589912613948528, 26.956050734932504 ], [ -80.491202718078767, 26.964240626643164 ] ] ] } },
{ "type": "Feature", "properties": { "ID": 14803, "date": "2022-01-01T00:00:00", "smokePM_pred": 3.1251146793365501 }, "geometry": { "type": "Polygon", "coordinates": [ [ [ -80.39245097051608, 26.972363641450734 ], [ -80.383443165681683, 26.883861849423127 ], [ -80.482121040694764, 26.875769712886665 ], [ -80.491202718078767, 26.964240626643164 ], [ -80.39245097051608, 26.972363641450734 ] ] ] } },
{ "type": "Feature", "properties": { "ID": 15298, "date": "2022-01-01T00:00:00", "smokePM_pred": 0.70574533939361594 }, "geometry": { "type": "Polygon", "coordinates": [ [ [ -82.369668347806311, 26.885159539243968 ], [ -82.359162641019424, 26.797327054094129 ], [ -82.457015751668706, 26.787888480438731 ], [ -82.467592682160074, 26.875685142490553 ], [ -82.369668347806311, 26.885159539243968 ] ] ] } },
{ "type": "Feature", "properties": { "ID": 15299, "date": "2022-01-01T00:00:00", "smokePM_pred": 0.287970781326294 }, "geometry": { "type": "Polygon", "coordinates": [ [ [ -82.271695896856301, 26.894569061533602 ], [ -82.261261571473582, 26.806700992804736 ], [ -82.359162641019424, 26.797327054094129 ], [ -82.369668347806311, 26.885159539243968 ], [ -82.271695896856301, 26.894569061533602 ] ] ] } },
{ "type": "Feature", "properties": { "ID": 15306, "date": "2022-01-01T00:00:00", "smokePM_pred": 3.9409368038177499 }, "geometry": { "type": "Polygon", "coordinates": [ [ [ -81.584567957570997, 26.958608789685247 ], [ -81.574637642665124, 26.870498391607544 ], [ -81.672865608603701, 26.861580351635645 ], [ -81.68286838374614, 26.949656859112817 ], [ -81.584567957570997, 26.958608789685247 ] ] ] } },
{ "type": "Feature", "properties": { "ID": 15307, "date": "2022-01-01T00:00:00", "smokePM_pred": 2.6820704936981201 }, "geometry": { "type": "Polygon", "coordinates": [ [ [ -81.486221952378031, 26.96749486327419 ], [ -81.476364248175017, 26.879350818745966 ], [ -81.574637642665124, 26.870498391607544 ], [ -81.584567957570997, 26.958608789685247 ], [ -81.486221952378031, 26.96749486327419 ] ] ] } },
{ "type": "Feature", "properties": { "ID": 15308, "date": "2022-01-01T00:00:00", "smokePM_pred": 2.17857694625854 }, "geometry": { "type": "Polygon", "coordinates": [ [ [ -81.387830689674047, 26.976314960486878 ], [ -81.378045745709187, 26.888137514222166 ], [ -81.476364248175017, 26.879350818745966 ], [ -81.486221952378031, 26.96749486327419 ], [ -81.387830689674047, 26.976314960486878 ] ] ] } },
{ "type": "Feature", "properties": { "ID": 15310, "date": "2022-01-01T00:00:00", "smokePM_pred": 1.8447027206420901 }, "geometry": { "type": "Polygon", "coordinates": [ [ [ -81.190913682457534, 26.993756752087137 ], [ -81.181274703821785, 26.905513238730602 ], [ -81.279682456778147, 26.896858359978122 ], [ -81.28939449190635, 26.985068962704684 ], [ -81.190913682457534, 26.993756752087137 ] ] ] } },
{ "type": "Feature", "properties": { "ID": 15311, "date": "2022-01-01T00:00:00", "smokePM_pred": 1.37311363220215 }, "geometry": { "type": "Polygon", "coordinates": [ [ [ -81.092388585640109, 27.002378211575977 ], [ -81.082822810204178, 26.914102033975102 ], [ -81.181274703821785, 26.905513238730602 ], [ -81.190913682457534, 26.993756752087137 ], [ -81.092388585640109, 27.002378211575977 ] ] ] } },
{ "type": "Feature", "properties": { "ID": 15312, "date": "2022-01-01T00:00:00", "smokePM_pred": 1.4632033109664899 }, "geometry": { "type": "Polygon", "coordinates": [ [ [ -80.993819526691126, 27.010933224899105 ], [ -80.984327100208077, 26.922624629989862 ], [ -81.082822810204178, 26.914102033975102 ], [ -81.092388585640109, 27.002378211575977 ], [ -80.993819526691126, 27.010933224899105 ] ] ] } },
{ "type": "Feature", "properties": { "ID": 15313, "date": "2022-01-01T00:00:00", "smokePM_pred": 2.6679849624633798 }, "geometry": { "type": "Polygon", "coordinates": [ [ [ -80.895206831766814, 27.019421676574609 ], [ -80.88578789902968, 26.931080911839789 ], [ -80.984327100208077, 26.922624629989862 ], [ -80.993819526691126, 27.010933224899105 ], [ -80.895206831766814, 27.019421676574609 ] ] ] } },
{ "type": "Feature", "properties": { "ID": 15314, "date": "2022-01-01T00:00:00", "smokePM_pred": 2.46505975723267 }, "geometry": { "type": "Polygon", "coordinates": [ [ [ -80.796550827937011, 27.027843451914688 ], [ -80.787205532773115, 26.939470765380428 ], [ -80.88578789902968, 26.931080911839789 ], [ -80.895206831766814, 27.019421676574609 ], [ -80.796550827937011, 27.027843451914688 ] ] ] } },
{ "type": "Feature", "properties": { "ID": 15315, "date": "2022-01-01T00:00:00", "smokePM_pred": 1.8569318056106601 }, "geometry": { "type": "Polygon", "coordinates": [ [ [ -80.697851843179777, 27.036198437029611 ], [ -80.6885803284449, 26.94779407726184 ], [ -80.787205532773115, 26.939470765380428 ], [ -80.796550827937011, 27.027843451914688 ], [ -80.697851843179777, 27.036198437029611 ] ] ] } },
{ "type": "Feature", "properties": { "ID": 15316, "date": "2022-01-01T00:00:00", "smokePM_pred": 1.93018698692322 }, "geometry": { "type": "Polygon", "coordinates": [ [ [ -80.599110206375698, 27.044486518831611 ], [ -80.589912613948528, 26.956050734932504 ], [ -80.6885803284449, 26.94779407726184 ], [ -80.697851843179777, 27.036198437029611 ], [ -80.599110206375698, 27.044486518831611 ] ] ] } },
{ "type": "Feature", "properties": { "ID": 15317, "date": "2022-01-01T00:00:00", "smokePM_pred": 1.2802995443344101 }, "geometry": { "type": "Polygon", "coordinates": [ [ [ -80.50032624730234, 27.052707585038792 ], [ -80.491202718078767, 26.964240626643164 ], [ -80.589912613948528, 26.956050734932504 ], [ -80.599110206375698, 27.044486518831611 ], [ -80.50032624730234, 27.052707585038792 ] ] ] } },
{ "type": "Feature", "properties": { "ID": 15318, "date": "2022-01-01T00:00:00", "smokePM_pred": 1.1314445734023999 }, "geometry": { "type": "Polygon", "coordinates": [ [ [ -80.401500296628626, 27.060861524178971 ], [ -80.39245097051608, 26.972363641450734 ], [ -80.491202718078767, 26.964240626643164 ], [ -80.50032624730234, 27.052707585038792 ], [ -80.401500296628626, 27.060861524178971 ] ] ] } },
{ "type": "Feature", "properties": { "ID": 15812, "date": "2022-01-01T00:00:00", "smokePM_pred": 0.641579329967499 }, "geometry": { "type": "Polygon", "coordinates": [ [ [ -82.478218042225564, 26.963476840081245 ], [ -82.467592682160074, 26.875685142490553 ], [ -82.565468587104789, 26.866145997448324 ], [ -82.576165324121021, 26.953901580350074 ], [ -82.478218042225564, 26.963476840081245 ] ] ] } },
{ "type": "Feature", "properties": { "ID": 15813, "date": "2022-01-01T00:00:00", "smokePM_pred": 0.44861689209937999 }, "geometry": { "type": "Polygon", "coordinates": [ [ [ -82.380222171353765, 26.972987112316581 ], [ -82.369668347806311, 26.885159539243968 ], [ -82.467592682160074, 26.875685142490553 ], [ -82.478218042225564, 26.963476840081245 ], [ -82.380222171353765, 26.972987112316581 ] ] ] } },
{ "type": "Feature", "properties": { "ID": 15814, "date": "2022-01-01T00:00:00", "smokePM_pred": 0.219016343355179 }, "geometry": { "type": "Polygon", "coordinates": [ [ [ -82.28217802520021, 26.98243227028555 ], [ -82.271695896856301, 26.894569061533602 ], [ -82.369668347806311, 26.885159539243968 ], [ -82.380222171353765, 26.972987112316581 ], [ -82.28217802520021, 26.98243227028555 ] ] ] } },
{ "type": "Feature", "properties": { "ID": 15821, "date": "2022-01-01T00:00:00", "smokePM_pred": 4.0504388809204102 }, "geometry": { "type": "Polygon", "coordinates": [ [ [ -81.594543851652276, 27.046714684365501 ], [ -81.584567957570997, 26.958608789685247 ], [ -81.68286838374614, 26.949656859112817 ], [ -81.692917058625923, 27.037728813137964 ], [ -81.594543851652276, 27.046714684365501 ] ] ] } },
{ "type": "Feature", "properties": { "ID": 15822, "date": "2022-01-01T00:00:00", "smokePM_pred": 2.3784630298614502 }, "geometry": { "type": "Polygon", "coordinates": [ [ [ -81.49612491424881, 27.055634454158753 ], [ -81.486221952378031, 26.96749486327419 ], [ -81.584567957570997, 26.958608789685247 ], [ -81.594543851652276, 27.046714684365501 ], [ -81.49612491424881, 27.055634454158753 ] ] ] } },
{ "type": "Feature", "properties": { "ID": 15823, "date": "2022-01-01T00:00:00", "smokePM_pred": 2.36643314361572 }, "geometry": { "type": "Polygon", "coordinates": [ [ [ -81.39766056885847, 27.064488002558825 ], [ -81.387830689674047, 26.976314960486878 ], [ -81.486221952378031, 26.96749486327419 ], [ -81.49612491424881, 27.055634454158753 ], [ -81.39766056885847, 27.064488002558825 ] ] ] } },
{ "type": "Feature", "properties": { "ID": 15825, "date": "2022-01-01T00:00:00", "smokePM_pred": 1.7810703516006501 }, "geometry": { "type": "Polygon", "coordinates": [ [ [ -81.200596948615996, 27.081995959235599 ], [ -81.190913682457534, 26.993756752087137 ], [ -81.28939449190635, 26.985068962704684 ], [ -81.29915113887067, 27.073275210384367 ], [ -81.200596948615996, 27.081995959235599 ] ] ] } },
{ "type": "Feature", "properties": { "ID": 15826, "date": "2022-01-01T00:00:00", "smokePM_pred": 1.62881243228912 }, "geometry": { "type": "Polygon", "coordinates": [ [ [ -81.101998323360789, 27.090650131498407 ], [ -81.092388585640109, 27.002378211575977 ], [ -81.190913682457534, 26.993756752087137 ], [ -81.200596948615996, 27.081995959235599 ], [ -81.101998323360789, 27.090650131498407 ] ] ] } },
{ "type": "Feature", "properties": { "ID": 15827, "date": "2022-01-01T00:00:00", "smokePM_pred": 1.33508205413818 }, "geometry": { "type": "Polygon", "coordinates": [ [ [ -81.003355589301805, 27.099237610348286 ], [ -80.993819526691126, 27.010933224899105 ], [ -81.092388585640109, 27.002378211575977 ], [ -81.101998323360789, 27.090650131498407 ], [ -81.003355589301805, 27.099237610348286 ] ] ] } },
{ "type": "Feature", "properties": { "ID": 15828, "date": "2022-01-01T00:00:00", "smokePM_pred": 1.8602604866027801 }, "geometry": { "type": "Polygon", "coordinates": [ [ [ -80.904669073560754, 27.107758279754453 ], [ -80.895206831766814, 27.019421676574609 ], [ -80.993819526691126, 27.010933224899105 ], [ -81.003355589301805, 27.099237610348286 ], [ -80.904669073560754, 27.107758279754453 ] ] ] } },
{ "type": "Feature", "properties": { "ID": 15829, "date": "2022-01-01T00:00:00", "smokePM_pred": 1.3836709260940601 }, "geometry": { "type": "Polygon", "coordinates": [ [ [ -80.805939104178805, 27.116212024483694 ], [ -80.796550827937011, 27.027843451914688 ], [ -80.895206831766814, 27.019421676574609 ], [ -80.904669073560754, 27.107758279754453 ], [ -80.805939104178805, 27.116212024483694 ] ] ] } },
{ "type": "Feature", "properties": { "ID": 15830, "date": "2022-01-01T00:00:00", "smokePM_pred": 1.47609746456146 }, "geometry": { "type": "Polygon", "coordinates": [ [ [ -80.707166010110996, 27.12459873010447 ], [ -80.697851843179777, 27.036198437029611 ], [ -80.796550827937011, 27.027843451914688 ], [ -80.805939104178805, 27.116212024483694 ], [ -80.707166010110996, 27.12459873010447 ] ] ] } },
{ "type": "Feature", "properties": { "ID": 15831, "date": "2022-01-01T00:00:00", "smokePM_pred": 1.07665932178497 }, "geometry": { "type": "Polygon", "coordinates": [ [ [ -80.608350121220681, 27.132918282990726 ], [ -80.599110206375698, 27.044486518831611 ], [ -80.697851843179777, 27.036198437029611 ], [ -80.707166010110996, 27.12459873010447 ], [ -80.608350121220681, 27.132918282990726 ] ] ] } },
{ "type": "Feature", "properties": { "ID": 15832, "date": "2022-01-01T00:00:00", "smokePM_pred": 1.18488204479218 }, "geometry": { "type": "Polygon", "coordinates": [ [ [ -80.509491768273932, 27.141170570325887 ], [ -80.50032624730234, 27.052707585038792 ], [ -80.599110206375698, 27.044486518831611 ], [ -80.608350121220681, 27.132918282990726 ], [ -80.509491768273932, 27.141170570325887 ] ] ] } },
{ "type": "Feature", "properties": { "ID": 15833, "date": "2022-01-01T00:00:00", "smokePM_pred": 1.9742842912673999 }, "geometry": { "type": "Polygon", "coordinates": [ [ [ -80.410591282933723, 27.149355480106713 ], [ -80.401500296628626, 27.060861524178971 ], [ -80.50032624730234, 27.052707585038792 ], [ -80.509491768273932, 27.141170570325887 ], [ -80.410591282933723, 27.149355480106713 ] ] ] } },
{ "type": "Feature", "properties": { "ID": 16327, "date": "2022-01-01T00:00:00", "smokePM_pred": 0.58359676599502597 }, "geometry": { "type": "Polygon", "coordinates": [ [ [ -82.488891991433519, 27.051263550135662 ], [ -82.478218042225564, 26.963476840081245 ], [ -82.576165324121021, 26.953901580350074 ], [ -82.586910962978379, 27.041652122772607 ], [ -82.488891991433519, 27.051263550135662 ] ] ] } },
{ "type": "Feature", "properties": { "ID": 16328, "date": "2022-01-01T00:00:00", "smokePM_pred": 0.16471280157566101 }, "geometry": { "type": "Polygon", "coordinates": [ [ [ -82.390824270348276, 27.060809750513162 ], [ -82.380222171353765, 26.972987112316581 ], [ -82.478218042225564, 26.963476840081245 ], [ -82.488891991433519, 27.051263550135662 ], [ -82.390824270348276, 27.060809750513162 ] ] ] } },
{ "type": "Feature", "properties": { "ID": 16336, "date": "2022-01-01T00:00:00", "smokePM_pred": 2.4987053871154798 }, "geometry": { "type": "Polygon", "coordinates": [ [ [ -81.604565476322037, 27.13481605501245 ], [ -81.594543851652276, 27.046714684365501 ], [ -81.692917058625923, 27.037728813137964 ], [ -81.703011785586298, 27.125796192809624 ], [ -81.604565476322037, 27.13481605501245 ] ] ] } },
{ "type": "Feature", "properties": { "ID": 16342, "date": "2022-01-01T00:00:00", "smokePM_pred": 1.4383019208908101 }, "geometry": { "type": "Polygon", "coordinates": [ [ [ -81.012935433747785, 27.187537767264903 ], [ -81.003355589301805, 27.099237610348286 ], [ -81.101998323360789, 27.090650131498407 ], [ -81.111652170039392, 27.17891777441298 ], [ -81.012935433747785, 27.187537767264903 ] ] ] } },
{ "type": "Feature", "properties": { "ID": 16343, "date": "2022-01-01T00:00:00", "smokePM_pred": 1.83419418334961 }, "geometry": { "type": "Polygon", "coordinates": [ [ [ -80.914174769147934, 27.196090702562188 ], [ -80.904669073560754, 27.107758279754453 ], [ -81.003355589301805, 27.099237610348286 ], [ -81.012935433747785, 27.187537767264903 ], [ -80.914174769147934, 27.196090702562188 ] ] ] } },
{ "type": "Feature", "properties": { "ID": 16344, "date": "2022-01-01T00:00:00", "smokePM_pred": 0.9101921916008 }, "geometry": { "type": "Polygon", "coordinates": [ [ [ -80.815370505257832, 27.204576464524227 ], [ -80.805939104178805, 27.116212024483694 ], [ -80.904669073560754, 27.107758279754453 ], [ -80.914174769147934, 27.196090702562188 ], [ -80.815370505257832, 27.204576464524227 ] ] ] } },
{ "type": "Feature", "properties": { "ID": 16345, "date": "2022-01-01T00:00:00", "smokePM_pred": 1.0053188800811801 }, "geometry": { "type": "Polygon", "coordinates": [ [ [ -80.716522972015142, 27.212994938175537 ], [ -80.707166010110996, 27.12459873010447 ], [ -80.805939104178805, 27.116212024483694 ], [ -80.815370505257832, 27.204576464524227 ], [ -80.716522972015142, 27.212994938175537 ] ] ] } },
{ "type": "Feature", "properties": { "ID": 16346, "date": "2022-01-01T00:00:00", "smokePM_pred": 0.84553509950637795 }, "geometry": { "type": "Polygon", "coordinates": [ [ [ -80.617632500271625, 27.22134600934978 ], [ -80.608350121220681, 27.132918282990726 ], [ -80.707166010110996, 27.12459873010447 ], [ -80.716522972015142, 27.212994938175537 ], [ -80.617632500271625, 27.22134600934978 ] ] ] } },
{ "type": "Feature", "properties": { "ID": 16347, "date": "2022-01-01T00:00:00", "smokePM_pred": 1.20946729183197 }, "geometry": { "type": "Polygon", "coordinates": [ [ [ -80.518699421787503, 27.22962956469366 ], [ -80.509491768273932, 27.141170570325887 ], [ -80.608350121220681, 27.132918282990726 ], [ -80.617632500271625, 27.22134600934978 ], [ -80.518699421787503, 27.22962956469366 ] ] ] } },
{ "type": "Feature", "properties": { "ID": 16348, "date": "2022-01-01T00:00:00", "smokePM_pred": 1.2450984716415401 }, "geometry": { "type": "Polygon", "coordinates": [ [ [ -80.419724069225595, 27.237845491670832 ], [ -80.410591282933723, 27.149355480106713 ], [ -80.509491768273932, 27.141170570325887 ], [ -80.518699421787503, 27.22962956469366 ], [ -80.419724069225595, 27.237845491670832 ] ] ] } },
{ "type": "Feature", "properties": { "ID": 16842, "date": "2022-01-01T00:00:00", "smokePM_pred": 0.65071839094161998 }, "geometry": { "type": "Polygon", "coordinates": [ [ [ -82.499614690349006, 27.139045249490387 ], [ -82.488891991433519, 27.051263550135662 ], [ -82.586910962978379, 27.041652122772607 ], [ -82.597705665122419, 27.129397601273645 ], [ -82.499614690349006, 27.139045249490387 ] ] ] } },
{ "type": "Feature", "properties": { "ID": 16843, "date": "2022-01-01T00:00:00", "smokePM_pred": 0.19069829583167999 }, "geometry": { "type": "Polygon", "coordinates": [ [ [ -82.401474804468265, 27.148627430947908 ], [ -82.390824270348276, 27.060809750513162 ], [ -82.488891991433519, 27.051263550135662 ], [ -82.499614690349006, 27.139045249490387 ], [ -82.401474804468265, 27.148627430947908 ] ] ] } },
{ "type": "Feature", "properties": { "ID": 16857, "date": "2022-01-01T00:00:00", "smokePM_pred": 1.4431228637695299 }, "geometry": { "type": "Polygon", "coordinates": [ [ [ -81.02255920665624, 27.275833676506782 ], [ -81.012935433747785, 27.187537767264903 ], [ -81.111652170039392, 27.17891777441298 ], [ -81.121350273274089, 27.267181120919442 ], [ -81.02255920665624, 27.275833676506782 ] ] ] } },
{ "type": "Feature", "properties": { "ID": 16858, "date": "2022-01-01T00:00:00", "smokePM_pred": 1.30445349216461 }, "geometry": { "type": "Polygon", "coordinates": [ [ [ -80.923724064178685, 27.284418926112274 ], [ -80.914174769147934, 27.196090702562188 ], [ -81.012935433747785, 27.187537767264903 ], [ -81.02255920665624, 27.275833676506782 ], [ -80.923724064178685, 27.284418926112274 ] ] ] } },
{ "type": "Feature", "properties": { "ID": 16859, "date": "2022-01-01T00:00:00", "smokePM_pred": 0.911154925823212 }, "geometry": { "type": "Polygon", "coordinates": [ [ [ -80.824845175841787, 27.29293675340578 ], [ -80.815370505257832, 27.204576464524227 ], [ -80.914174769147934, 27.196090702562188 ], [ -80.923724064178685, 27.284418926112274 ], [ -80.824845175841787, 27.29293675340578 ] ] ] } },
{ "type": "Feature", "properties": { "ID": 16860, "date": "2022-01-01T00:00:00", "smokePM_pred": 0.81658244132995605 }, "geometry": { "type": "Polygon", "coordinates": [ [ [ -80.725922872571502, 27.301387042865869 ], [ -80.716522972015142, 27.212994938175537 ], [ -80.815370505257832, 27.204576464524227 ], [ -80.824845175841787, 27.29293675340578 ], [ -80.725922872571502, 27.301387042865869 ] ] ] } },
{ "type": "Feature", "properties": { "ID": 16861, "date": "2022-01-01T00:00:00", "smokePM_pred": 0.90975975990295399 }, "geometry": { "type": "Polygon", "coordinates": [ [ [ -80.626957486213655, 27.309769679783813 ], [ -80.617632500271625, 27.22134600934978 ], [ -80.716522972015142, 27.212994938175537 ], [ -80.725922872571502, 27.301387042865869 ], [ -80.626957486213655, 27.309769679783813 ] ] ] } },
{ "type": "Feature", "properties": { "ID": 16862, "date": "2022-01-01T00:00:00", "smokePM_pred": 1.1940889358520499 }, "geometry": { "type": "Polygon", "coordinates": [ [ [ -80.527949349528328, 27.318084550267567 ], [ -80.518699421787503, 27.22962956469366 ], [ -80.617632500271625, 27.22134600934978 ], [ -80.626957486213655, 27.309769679783813 ], [ -80.527949349528328, 27.318084550267567 ] ] ] } },
{ "type": "Feature", "properties": { "ID": 16863, "date": "2022-01-01T00:00:00", "smokePM_pred": 0.83937865495681796 }, "geometry": { "type": "Polygon", "coordinates": [ [ [ -80.428898796183987, 27.326331541245672 ], [ -80.419724069225595, 27.237845491670832 ], [ -80.518699421787503, 27.22962956469366 ], [ -80.527949349528328, 27.318084550267567 ], [ -80.428898796183987, 27.326331541245672 ] ] ] } },
{ "type": "Feature", "properties": { "ID": 17356, "date": "2022-01-01T00:00:00", "smokePM_pred": 0.61327177286148105 }, "geometry": { "type": "Polygon", "coordinates": [ [ [ -82.608549593006288, 27.217137992320641 ], [ -82.597705665122419, 27.129397601273645 ], [ -82.69574741432497, 27.119684615008087 ], [ -82.706663496435567, 27.207388492245855 ], [ -82.608549593006288, 27.217137992320641 ] ] ] } },
{ "type": "Feature", "properties": { "ID": 17357, "date": "2022-01-01T00:00:00", "smokePM_pred": 0.55553269386291504 }, "geometry": { "type": "Polygon", "coordinates": [ [ [ -82.510386300540048, 27.226821914893083 ], [ -82.499614690349006, 27.139045249490387 ], [ -82.597705665122419, 27.129397601273645 ], [ -82.608549593006288, 27.217137992320641 ], [ -82.510386300540048, 27.226821914893083 ] ] ] } },
{ "type": "Feature", "properties": { "ID": 17373, "date": "2022-01-01T00:00:00", "smokePM_pred": 1.5309711694717401 }, "geometry": { "type": "Polygon", "coordinates": [ [ [ -80.933317105223011, 27.372742931450091 ], [ -80.923724064178685, 27.284418926112274 ], [ -81.02255920665624, 27.275833676506782 ], [ -81.032227055579597, 27.364125318861511 ], [ -80.933317105223011, 27.372742931450091 ] ] ] } },
{ "type": "Feature", "properties": { "ID": 17374, "date": "2022-01-01T00:00:00", "smokePM_pred": 1.1129788160324099 }, "geometry": { "type": "Polygon", "coordinates": [ [ [ -80.834363261512436, 27.381292872430041 ], [ -80.824845175841787, 27.29293675340578 ], [ -80.923724064178685, 27.284418926112274 ], [ -80.933317105223011, 27.372742931450091 ], [ -80.834363261512436, 27.381292872430041 ] ] ] } },
{ "type": "Feature", "properties": { "ID": 17375, "date": "2022-01-01T00:00:00", "smokePM_pred": 0.888927161693573 }, "geometry": { "type": "Polygon", "coordinates": [ [ [ -80.735365856367764, 27.389775025731883 ], [ -80.725922872571502, 27.301387042865869 ], [ -80.824845175841787, 27.29293675340578 ], [ -80.834363261512436, 27.381292872430041 ], [ -80.735365856367764, 27.389775025731883 ] ] ] } },
{ "type": "Feature", "properties": { "ID": 17376, "date": "2022-01-01T00:00:00", "smokePM_pred": 1.0769724845886199 }, "geometry": { "type": "Polygon", "coordinates": [ [ [ -80.636325222634596, 27.39818927610245 ], [ -80.626957486213655, 27.309769679783813 ], [ -80.725922872571502, 27.301387042865869 ], [ -80.735365856367764, 27.389775025731883 ], [ -80.636325222634596, 27.39818927610245 ] ] ] } },
{ "type": "Feature", "properties": { "ID": 17377, "date": "2022-01-01T00:00:00", "smokePM_pred": 1.2912189960479701 }, "geometry": { "type": "Polygon", "coordinates": [ [ [ -80.537241694078588, 27.40653550910887 ], [ -80.527949349528328, 27.318084550267567 ], [ -80.626957486213655, 27.309769679783813 ], [ -80.636325222634596, 27.39818927610245 ], [ -80.537241694078588, 27.40653550910887 ] ] ] } },
{ "type": "Feature", "properties": { "ID": 17378, "date": "2022-01-01T00:00:00", "smokePM_pred": 1.0969310998916599 }, "geometry": { "type": "Polygon", "coordinates": [ [ [ -80.438115605379693, 27.414813611142499 ], [ -80.428898796183987, 27.326331541245672 ], [ -80.527949349528328, 27.318084550267567 ], [ -80.537241694078588, 27.40653550910887 ], [ -80.438115605379693, 27.414813611142499 ] ] ] } },
{ "type": "Feature", "properties": { "ID": 17871, "date": "2022-01-01T00:00:00", "smokePM_pred": 0.86364322900772095 }, "geometry": { "type": "Polygon", "coordinates": [ [ [ -82.619442910097206, 27.304873272290127 ], [ -82.608549593006288, 27.217137992320641 ], [ -82.706663496435567, 27.207388492245855 ], [ -82.717629282087216, 27.295087204338373 ], [ -82.619442910097206, 27.304873272290127 ] ] ] } },
{ "type": "Feature", "properties": { "ID": 17872, "date": "2022-01-01T00:00:00", "smokePM_pred": 0.42886283993721003 }, "geometry": { "type": "Polygon", "coordinates": [ [ [ -82.521206984583799, 27.31459352300169 ], [ -82.510386300540048, 27.226821914893083 ], [ -82.608549593006288, 27.217137992320641 ], [ -82.619442910097206, 27.304873272290127 ], [ -82.521206984583799, 27.31459352300169 ] ] ] } },
{ "type": "Feature", "properties": { "ID": 17889, "date": "2022-01-01T00:00:00", "smokePM_pred": 1.590460896492 }, "geometry": { "type": "Polygon", "coordinates": [ [ [ -80.843924908771541, 27.469644802830292 ], [ -80.834363261512436, 27.381292872430041 ], [ -80.933317105223011, 27.372742931450091 ], [ -80.942954039776538, 27.46106269955143 ], [ -80.843924908771541, 27.469644802830292 ] ] ] } },
{ "type": "Feature", "properties": { "ID": 17890, "date": "2022-01-01T00:00:00", "smokePM_pred": 1.53339159488678 }, "geometry": { "type": "Polygon", "coordinates": [ [ [ -80.7448520689059, 27.47815886826282 ], [ -80.735365856367764, 27.389775025731883 ], [ -80.834363261512436, 27.381292872430041 ], [ -80.843924908771541, 27.469644802830292 ], [ -80.7448520689059, 27.47815886826282 ] ] ] } },
{ "type": "Feature", "properties": { "ID": 17891, "date": "2022-01-01T00:00:00", "smokePM_pred": 1.3644232749939 }, "geometry": { "type": "Polygon", "coordinates": [ [ [ -80.645735854030747, 27.486604780049316 ], [ -80.636325222634596, 27.39818927610245 ], [ -80.735365856367764, 27.389775025731883 ], [ -80.7448520689059, 27.47815886826282 ], [ -80.645735854030747, 27.486604780049316 ] ] ] } },
{ "type": "Feature", "properties": { "ID": 17892, "date": "2022-01-01T00:00:00", "smokePM_pred": 1.19359791278839 }, "geometry": { "type": "Polygon", "coordinates": [ [ [ -80.546576598923181, 27.494982423214001 ], [ -80.537241694078588, 27.40653550910887 ], [ -80.636325222634596, 27.39818927610245 ], [ -80.645735854030747, 27.486604780049316 ], [ -80.546576598923181, 27.494982423214001 ] ] ] } },
{ "type": "Feature", "properties": { "ID": 18385, "date": "2022-01-01T00:00:00", "smokePM_pred": 1.0083856582641599 }, "geometry": { "type": "Polygon", "coordinates": [ [ [ -82.728644936655797, 27.382780727286431 ], [ -82.717629282087216, 27.295087204338373 ], [ -82.815765785332189, 27.285235449813982 ], [ -82.826854057277643, 27.372892111123004 ], [ -82.728644936655797, 27.382780727286431 ] ] ] } },
{ "type": "Feature", "properties": { "ID": 18386, "date": "2022-01-01T00:00:00", "smokePM_pred": 0.82182121276855502 }, "geometry": { "type": "Polygon", "coordinates": [ [ [ -82.630385780882619, 27.392603417466894 ], [ -82.619442910097206, 27.304873272290127 ], [ -82.717629282087216, 27.295087204338373 ], [ -82.728644936655797, 27.382780727286431 ], [ -82.630385780882619, 27.392603417466894 ] ] ] } },
{ "type": "Feature", "properties": { "ID": 18405, "date": "2022-01-01T00:00:00", "smokePM_pred": 1.78992938995361 }, "geometry": { "type": "Polygon", "coordinates": [ [ [ -80.754381656607833, 27.566538551880175 ], [ -80.7448520689059, 27.47815886826282 ], [ -80.843924908771541, 27.469644802830292 ], [ -80.853530265046516, 27.557992525770864 ], [ -80.754381656607833, 27.566538551880175 ] ] ] } },
{ "type": "Feature", "properties": { "ID": 18406, "date": "2022-01-01T00:00:00", "smokePM_pred": 1.5578155517578101 }, "geometry": { "type": "Polygon", "coordinates": [ [ [ -80.655189525812688, 27.57501617330151 ], [ -80.645735854030747, 27.486604780049316 ], [ -80.7448520689059, 27.47815886826282 ], [ -80.754381656607833, 27.566538551880175 ], [ -80.655189525812688, 27.57501617330151 ] ] ] } },
{ "type": "Feature", "properties": { "ID": 18407, "date": "2022-01-01T00:00:00", "smokePM_pred": 1.4225503206253101 }, "geometry": { "type": "Polygon", "coordinates": [ [ [ -80.55595420845539, 27.583425274514092 ], [ -80.546576598923181, 27.494982423214001 ], [ -80.645735854030747, 27.486604780049316 ], [ -80.655189525812688, 27.57501617330151 ], [ -80.55595420845539, 27.583425274514092 ] ] ] } },
{ "type": "Feature", "properties": { "ID": 18900, "date": "2022-01-01T00:00:00", "smokePM_pred": 1.0998567342758201 }, "geometry": { "type": "Polygon", "coordinates": [ [ [ -82.7397106265487, 27.470469036997081 ], [ -82.728644936655797, 27.382780727286431 ], [ -82.826854057277643, 27.372892111123004 ], [ -82.837992679625131, 27.460543504272984 ], [ -82.7397106265487, 27.470469036997081 ] ] ] } },
{ "type": "Feature", "properties": { "ID": 18901, "date": "2022-01-01T00:00:00", "smokePM_pred": 0.81355965137481701 }, "geometry": { "type": "Polygon", "coordinates": [ [ [ -82.641378370876723, 27.480328404043355 ], [ -82.630385780882619, 27.392603417466894 ], [ -82.728644936655797, 27.382780727286431 ], [ -82.7397106265487, 27.470469036997081 ], [ -82.641378370876723, 27.480328404043355 ] ] ] } },
{ "type": "Feature", "properties": { "ID": 19414, "date": "2022-01-01T00:00:00", "smokePM_pred": 0.95772063732147195 }, "geometry": { "type": "Polygon", "coordinates": [ [ [ -82.849181820711451, 27.548189604788558 ], [ -82.837992679625131, 27.460543504272984 ], [ -82.936224214137596, 27.450551938513051 ], [ -82.947486434262814, 27.538160827898558 ], [ -82.849181820711451, 27.548189604788558 ] ] ] } },
{ "type": "Feature", "properties": { "ID": 19415, "date": "2022-01-01T00:00:00", "smokePM_pred": 1.08495581150055 }, "geometry": { "type": "Polygon", "coordinates": [ [ [ -82.750826519211216, 27.558152109282865 ], [ -82.7397106265487, 27.470469036997081 ], [ -82.837992679625131, 27.460543504272984 ], [ -82.849181820711451, 27.548189604788558 ], [ -82.750826519211216, 27.558152109282865 ] ] ] } },
{ "type": "Feature", "properties": { "ID": 19416, "date": "2022-01-01T00:00:00", "smokePM_pred": 0.85257375240325906 }, "geometry": { "type": "Polygon", "coordinates": [ [ [ -82.652420846626796, 27.568048208118725 ], [ -82.641378370876723, 27.480328404043355 ], [ -82.7397106265487, 27.470469036997081 ], [ -82.750826519211216, 27.558152109282865 ], [ -82.652420846626796, 27.568048208118725 ] ] ] } },
{ "type": "Feature", "properties": { "ID": 19929, "date": "2022-01-01T00:00:00", "smokePM_pred": 0.82356363534927401 }, "geometry": { "type": "Polygon", "coordinates": [ [ [ -82.8604216499226, 27.63583038809778 ], [ -82.849181820711451, 27.548189604788558 ], [ -82.947486434262814, 27.538160827898558 ], [ -82.958799658322562, 27.625764344294176 ], [ -82.8604216499226, 27.63583038809778 ] ] ] } },
{ "type": "Feature", "properties": { "ID": 19930, "date": "2022-01-01T00:00:00", "smokePM_pred": 0.93524587154388406 }, "geometry": { "type": "Polygon", "coordinates": [ [ [ -82.761992783133081, 27.645829919861136 ], [ -82.750826519211216, 27.558152109282865 ], [ -82.849181820711451, 27.548189604788558 ], [ -82.8604216499226, 27.63583038809778 ], [ -82.761992783133081, 27.645829919861136 ] ] ] } },
{ "type": "Feature", "properties": { "ID": 19931, "date": "2022-01-01T00:00:00", "smokePM_pred": 0.952159523963928 }, "geometry": { "type": "Polygon", "coordinates": [ [ [ -82.663513375719759, 27.655762805698313 ], [ -82.652420846626796, 27.568048208118725 ], [ -82.750826519211216, 27.558152109282865 ], [ -82.761992783133081, 27.645829919861136 ], [ -82.663513375719759, 27.655762805698313 ] ] ] } },
{ "type": "Feature", "properties": { "ID": 19939, "date": "2022-01-01T00:00:00", "smokePM_pred": 4.3690652847290004 }, "geometry": { "type": "Polygon", "coordinates": [ [ [ -81.8738971325769, 27.732810823066973 ], [ -81.863400475241761, 27.644810652840352 ], [ -81.962197584284965, 27.635450505901279 ], [ -81.972769299538683, 27.723415833317844 ], [ -81.8738971325769, 27.732810823066973 ] ] ] } },
{ "type": "Feature", "properties": { "ID": 19940, "date": "2022-01-01T00:00:00", "smokePM_pred": 5.06825971603394 }, "geometry": { "type": "Polygon", "coordinates": [ [ [ -81.774977331879157, 27.742137996305633 ], [ -81.764555893597645, 27.654103228999901 ], [ -81.863400475241761, 27.644810652840352 ], [ -81.8738971325769, 27.732810823066973 ], [ -81.774977331879157, 27.742137996305633 ] ] ] } },
{ "type": "Feature", "properties": { "ID": 19941, "date": "2022-01-01T00:00:00", "smokePM_pred": 5.5103049278259304 }, "geometry": { "type": "Polygon", "coordinates": [ [ [ -81.676010225561555, 27.751397226871035 ], [ -81.665664166502594, 27.663328108807555 ], [ -81.764555893597645, 27.654103228999901 ], [ -81.774977331879157, 27.742137996305633 ], [ -81.676010225561555, 27.751397226871035 ] ] ] } },
{ "type": "Feature", "properties": { "ID": 19942, "date": "2022-01-01T00:00:00", "smokePM_pred": 5.3860878944396999 }, "geometry": { "type": "Polygon", "coordinates": [ [ [ -81.576996142746722, 27.760588389396862 ], [ -81.566725622106603, 27.672485167483963 ], [ -81.665664166502594, 27.663328108807555 ], [ -81.676010225561555, 27.751397226871035 ], [ -81.576996142746722, 27.760588389396862 ] ] ] } },
{ "type": "Feature", "properties": { "ID": 19954, "date": "2022-01-01T00:00:00", "smokePM_pred": 1.50614678859711 }, "geometry": { "type": "Polygon", "coordinates": [ [ [ -80.385284132592048, 27.865528505069285 ], [ -80.375932127685829, 27.777035504692652 ], [ -80.47540652746207, 27.768701737938223 ], [ -80.48483590299773, 27.857163641869565 ], [ -80.385284132592048, 27.865528505069285 ] ] ] } },
{ "type": "Feature", "properties": { "ID": 19955, "date": "2022-01-01T00:00:00", "smokePM_pred": 2.0297400951385498 }, "geometry": { "type": "Polygon", "coordinates": [ [ [ -80.285689753338531, 27.873823744874745 ], [ -80.276415265046836, 27.785299902268871 ], [ -80.375932127685829, 27.777035504692652 ], [ -80.385284132592048, 27.865528505069285 ], [ -80.285689753338531, 27.873823744874745 ] ] ] } },
{ "type": "Feature", "properties": { "ID": 20445, "date": "2022-01-01T00:00:00", "smokePM_pred": 1.0225464105606099 }, "geometry": { "type": "Polygon", "coordinates": [ [ [ -82.773209587855007, 27.733502444353213 ], [ -82.761992783133081, 27.645829919861136 ], [ -82.8604216499226, 27.63583038809778 ], [ -82.871712337700359, 27.723465829531385 ], [ -82.773209587855007, 27.733502444353213 ] ] ] } },
{ "type": "Feature", "properties": { "ID": 20453, "date": "2022-01-01T00:00:00", "smokePM_pred": 4.5186338424682599 }, "geometry": { "type": "Polygon", "coordinates": [ [ [ -81.983388975802185, 27.811376310387207 ], [ -81.972769299538683, 27.723415833317844 ], [ -82.071593505660246, 27.713953154013129 ], [ -82.082288403835477, 27.801878489717801 ], [ -81.983388975802185, 27.811376310387207 ] ] ] } },
{ "type": "Feature", "properties": { "ID": 20454, "date": "2022-01-01T00:00:00", "smokePM_pred": 6.2098894119262704 }, "geometry": { "type": "Polygon", "coordinates": [ [ [ -81.884441423816639, 27.820806196057021 ], [ -81.8738971325769, 27.732810823066973 ], [ -81.972769299538683, 27.723415833317844 ], [ -81.983388975802185, 27.811376310387207 ], [ -81.884441423816639, 27.820806196057021 ] ] ] } },
{ "type": "Feature", "properties": { "ID": 20455, "date": "2022-01-01T00:00:00", "smokePM_pred": 7.0704078674316397 }, "geometry": { "type": "Polygon", "coordinates": [ [ [ -81.785446075948229, 27.830168019176266 ], [ -81.774977331879157, 27.742137996305633 ], [ -81.8738971325769, 27.732810823066973 ], [ -81.884441423816639, 27.820806196057021 ], [ -81.785446075948229, 27.830168019176266 ] ] ] } },
{ "type": "Feature", "properties": { "ID": 20456, "date": "2022-01-01T00:00:00", "smokePM_pred": 6.9893536567687997 }, "geometry": { "type": "Polygon", "coordinates": [ [ [ -81.686403261284624, 27.839461652989502 ], [ -81.676010225561555, 27.751397226871035 ], [ -81.774977331879157, 27.742137996305633 ], [ -81.785446075948229, 27.830168019176266 ], [ -81.686403261284624, 27.839461652989502 ] ] ] } },
{ "type": "Feature", "properties": { "ID": 20457, "date": "2022-01-01T00:00:00", "smokePM_pred": 6.6452398300170898 }, "geometry": { "type": "Polygon", "coordinates": [ [ [ -81.587313309926373, 27.848686971541149 ], [ -81.576996142746722, 27.760588389396862 ], [ -81.676010225561555, 27.751397226871035 ], [ -81.686403261284624, 27.839461652989502 ], [ -81.587313309926373, 27.848686971541149 ] ] ] } },
{ "type": "Feature", "properties": { "ID": 20458, "date": "2022-01-01T00:00:00", "smokePM_pred": 5.64101219177246 }, "geometry": { "type": "Polygon", "coordinates": [ [ [ -81.488176552981542, 27.857843849679842 ], [ -81.477935413558285, 27.769711359317519 ], [ -81.576996142746722, 27.760588389396862 ], [ -81.587313309926373, 27.848686971541149 ], [ -81.488176552981542, 27.857843849679842 ] ] ] } },
{ "type": "Feature", "properties": { "ID": 20459, "date": "2022-01-01T00:00:00", "smokePM_pred": 5.0707769393920898 }, "geometry": { "type": "Polygon", "coordinates": [ [ [ -81.388993322560125, 27.866932163062749 ], [ -81.37882836911551, 27.778766012872453 ], [ -81.477935413558285, 27.769711359317519 ], [ -81.488176552981542, 27.857843849679842 ], [ -81.388993322560125, 27.866932163062749 ] ] ] } },
{ "type": "Feature", "properties": { "ID": 20460, "date": "2022-01-01T00:00:00", "smokePM_pred": 4.76082420349121 }, "geometry": { "type": "Polygon", "coordinates": [ [ [ -81.289763951768606, 27.875951788159842 ], [ -81.279675341527749, 27.787752227110456 ], [ -81.37882836911551, 27.778766012872453 ], [ -81.388993322560125, 27.866932163062749 ], [ -81.289763951768606, 27.875951788159842 ] ] ] } },
{ "type": "Feature", "properties": { "ID": 20468, "date": "2022-01-01T00:00:00", "smokePM_pred": 1.38618588447571 }, "geometry": { "type": "Polygon", "coordinates": [ [ [ -80.494308229231848, 27.945621458636182 ], [ -80.48483590299773, 27.857163641869565 ], [ -80.584344722860337, 27.84872926990387 ], [ -80.593894613450175, 27.937155687969149 ], [ -80.494308229231848, 27.945621458636182 ] ] ] } },
{ "type": "Feature", "properties": { "ID": 20469, "date": "2022-01-01T00:00:00", "smokePM_pred": 1.5401177406311 }, "geometry": { "type": "Polygon", "coordinates": [ [ [ -80.394678746500389, 27.954017466521453 ], [ -80.385284132592048, 27.865528505069285 ], [ -80.48483590299773, 27.857163641869565 ], [ -80.494308229231848, 27.945621458636182 ], [ -80.394678746500389, 27.954017466521453 ] ] ] } },
{ "type": "Feature", "properties": { "ID": 20470, "date": "2022-01-01T00:00:00", "smokePM_pred": 2.3565905094146702 }, "geometry": { "type": "Polygon", "coordinates": [ [ [ -80.295006508010133, 27.962343596454364 ], [ -80.285689753338531, 27.873823744874745 ], [ -80.385284132592048, 27.865528505069285 ], [ -80.394678746500389, 27.954017466521453 ], [ -80.295006508010133, 27.962343596454364 ] ] ] } },
{ "type": "Feature", "properties": { "ID": 20959, "date": "2022-01-01T00:00:00", "smokePM_pred": 1.09928107261658 }, "geometry": { "type": "Polygon", "coordinates": [ [ [ -82.883054055548939, 27.811095904321974 ], [ -82.871712337700359, 27.723465829531385 ], [ -82.970164057653051, 27.713362462738758 ], [ -82.98157980465767, 27.800955158171693 ], [ -82.883054055548939, 27.811095904321974 ] ] ] } },
{ "type": "Feature", "properties": { "ID": 20960, "date": "2022-01-01T00:00:00", "smokePM_pred": 0.92378556728363004 }, "geometry": { "type": "Polygon", "coordinates": [ [ [ -82.784477103975362, 27.821169658283623 ], [ -82.773209587855007, 27.733502444353213 ], [ -82.871712337700359, 27.723465829531385 ], [ -82.883054055548939, 27.811095904321974 ], [ -82.784477103975362, 27.821169658283623 ] ] ] } },
{ "type": "Feature", "properties": { "ID": 20968, "date": "2022-01-01T00:00:00", "smokePM_pred": 6.3986296653747603 }, "geometry": { "type": "Polygon", "coordinates": [ [ [ -81.994056776188515, 27.899331914922222 ], [ -81.983388975802185, 27.811376310387207 ], [ -82.082288403835477, 27.801878489717801 ], [ -82.093031753180185, 27.889798899189355 ], [ -81.994056776188515, 27.899331914922222 ] ] ] } },
{ "type": "Feature", "properties": { "ID": 20969, "date": "2022-01-01T00:00:00", "smokePM_pred": 8.9443836212158203 }, "geometry": { "type": "Polygon", "coordinates": [ [ [ -81.895033511108963, 27.90879674990321 ], [ -81.884441423816639, 27.820806196057021 ], [ -81.983388975802185, 27.811376310387207 ], [ -81.994056776188515, 27.899331914922222 ], [ -81.895033511108963, 27.90879674990321 ] ] ] } },
{ "type": "Feature", "properties": { "ID": 20970, "date": "2022-01-01T00:00:00", "smokePM_pred": 9.3290576934814506 }, "geometry": { "type": "Polygon", "coordinates": [ [ [ -81.79596228698135, 27.918193275982979 ], [ -81.785446075948229, 27.830168019176266 ], [ -81.884441423816639, 27.820806196057021 ], [ -81.895033511108963, 27.90879674990321 ], [ -81.79596228698135, 27.918193275982979 ] ] ] } },
{ "type": "Feature", "properties": { "ID": 20971, "date": "2022-01-01T00:00:00", "smokePM_pred": 8.7541322708129901 }, "geometry": { "type": "Polygon", "coordinates": [ [ [ -81.696843433870228, 27.927521365811128 ], [ -81.686403261284624, 27.839461652989502 ], [ -81.785446075948229, 27.830168019176266 ], [ -81.79596228698135, 27.918193275982979 ], [ -81.696843433870228, 27.927521365811128 ] ] ] } },
{ "type": "Feature", "properties": { "ID": 20972, "date": "2022-01-01T00:00:00", "smokePM_pred": 7.6049351692199698 }, "geometry": { "type": "Polygon", "coordinates": [ [ [ -81.597677282859621, 27.936780892840584 ], [ -81.587313309926373, 27.848686971541149 ], [ -81.686403261284624, 27.839461652989502 ], [ -81.696843433870228, 27.927521365811128 ], [ -81.597677282859621, 27.936780892840584 ] ] ] } },
{ "type": "Feature", "properties": { "ID": 20973, "date": "2022-01-01T00:00:00", "smokePM_pred": 7.0958514213562003 }, "geometry": { "type": "Polygon", "coordinates": [ [ [ -81.498464166047427, 27.945971731331937 ], [ -81.488176552981542, 27.857843849679842 ], [ -81.587313309926373, 27.848686971541149 ], [ -81.597677282859621, 27.936780892840584 ], [ -81.498464166047427, 27.945971731331937 ] ] ] } },
{ "type": "Feature", "properties": { "ID": 20974, "date": "2022-01-01T00:00:00", "smokePM_pred": 5.80023288726807 }, "geometry": { "type": "Polygon", "coordinates": [ [ [ -81.399204416539973, 27.955093756357787 ], [ -81.388993322560125, 27.866932163062749 ], [ -81.488176552981542, 27.857843849679842 ], [ -81.498464166047427, 27.945971731331937 ], [ -81.399204416539973, 27.955093756357787 ] ] ] } },
{ "type": "Feature", "properties": { "ID": 20975, "date": "2022-01-01T00:00:00", "smokePM_pred": 4.9950695037841797 }, "geometry": { "type": "Polygon", "coordinates": [ [ [ -81.299898368446463, 27.964146843807082 ], [ -81.289763951768606, 27.875951788159842 ], [ -81.388993322560125, 27.866932163062749 ], [ -81.399204416539973, 27.955093756357787 ], [ -81.299898368446463, 27.964146843807082 ] ] ] } },
{ "type": "Feature", "properties": { "ID": 20976, "date": "2022-01-01T00:00:00", "smokePM_pred": 4.7899956703186 }, "geometry": { "type": "Polygon", "coordinates": [ [ [ -81.200546356873261, 27.973130870389397 ], [ -81.190488774704292, 27.884902602258173 ], [ -81.289763951768606, 27.875951788159842 ], [ -81.299898368446463, 27.964146843807082 ], [ -81.200546356873261, 27.973130870389397 ] ] ] } },
{ "type": "Feature", "properties": { "ID": 20983, "date": "2022-01-01T00:00:00", "smokePM_pred": 1.40035617351532 }, "geometry": { "type": "Polygon", "coordinates": [ [ [ -80.503823654135431, 28.034075170092787 ], [ -80.494308229231848, 27.945621458636182 ], [ -80.593894613450175, 27.937155687969149 ], [ -80.603487944526705, 28.025577951885662 ], [ -80.503823654135431, 28.034075170092787 ] ] ] } },
{ "type": "Feature", "properties": { "ID": 20984, "date": "2022-01-01T00:00:00", "smokePM_pred": 2.0643396377563499 }, "geometry": { "type": "Polygon", "coordinates": [ [ [ -80.404116116322896, 28.042502371160776 ], [ -80.394678746500389, 27.954017466521453 ], [ -80.494308229231848, 27.945621458636182 ], [ -80.503823654135431, 28.034075170092787 ], [ -80.404116116322896, 28.042502371160776 ] ] ] } },
{ "type": "Feature", "properties": { "ID": 20985, "date": "2022-01-01T00:00:00", "smokePM_pred": 2.4847257137298602 }, "geometry": { "type": "Polygon", "coordinates": [ [ [ -80.304365674908567, 28.050859439374619 ], [ -80.295006508010133, 27.962343596454364 ], [ -80.394678746500389, 27.954017466521453 ], [ -80.404116116322896, 28.042502371160776 ], [ -80.304365674908567, 28.050859439374619 ] ] ] } },
{ "type": "Feature", "properties": { "ID": 21474, "date": "2022-01-01T00:00:00", "smokePM_pred": 1.09961497783661 }, "geometry": { "type": "Polygon", "coordinates": [ [ [ -82.89444697604165, 27.898720587603229 ], [ -82.883054055548939, 27.811095904321974 ], [ -82.98157980465767, 27.800955158171693 ], [ -82.993047072813695, 27.888542405432123 ], [ -82.89444697604165, 27.898720587603229 ] ] ] } },
{ "type": "Feature", "properties": { "ID": 21475, "date": "2022-01-01T00:00:00", "smokePM_pred": 0.76510787010192904 }, "geometry": { "type": "Polygon", "coordinates": [ [ [ -82.795795503156725, 27.908831537079383 ], [ -82.784477103975362, 27.821169658283623 ], [ -82.883054055548939, 27.811095904321974 ], [ -82.89444697604165, 27.898720587603229 ], [ -82.795795503156725, 27.908831537079383 ] ] ] } },
{ "type": "Feature", "properties": { "ID": 21483, "date": "2022-01-01T00:00:00", "smokePM_pred": 9.4263019561767596 }, "geometry": { "type": "Polygon", "coordinates": [ [ [ -82.004772864834408, 27.987282624648913 ], [ -81.994056776188515, 27.899331914922222 ], [ -82.093031753180185, 27.889798899189355 ], [ -82.103823718794985, 27.9777143598712 ], [ -82.004772864834408, 27.987282624648913 ] ] ] } },
{ "type": "Feature", "properties": { "ID": 21484, "date": "2022-01-01T00:00:00", "smokePM_pred": 12.126026153564499 }, "geometry": { "type": "Polygon", "coordinates": [ [ [ -81.905673557620176, 27.996782462612771 ], [ -81.895033511108963, 27.90879674990321 ], [ -81.994056776188515, 27.899331914922222 ], [ -82.004772864834408, 27.987282624648913 ], [ -81.905673557620176, 27.996782462612771 ] ] ] } },
{ "type": "Feature", "properties": { "ID": 21485, "date": "2022-01-01T00:00:00", "smokePM_pred": 11.0617351531982 }, "geometry": { "type": "Polygon", "coordinates": [ [ [ -81.806526127167842, 28.006213745012779 ], [ -81.79596228698135, 27.918193275982979 ], [ -81.895033511108963, 27.90879674990321 ], [ -81.905673557620176, 27.996782462612771 ], [ -81.806526127167842, 28.006213745012779 ] ] ] } },
{ "type": "Feature", "properties": { "ID": 21486, "date": "2022-01-01T00:00:00", "smokePM_pred": 10.404268264770501 }, "geometry": { "type": "Polygon", "coordinates": [ [ [ -81.707330904524341, 28.015576343901287 ], [ -81.696843433870228, 27.927521365811128 ], [ -81.79596228698135, 27.918193275982979 ], [ -81.806526127167842, 28.006213745012779 ], [ -81.707330904524341, 28.015576343901287 ] ] ] } },
{ "type": "Feature", "properties": { "ID": 21487, "date": "2022-01-01T00:00:00", "smokePM_pred": 8.8227386474609393 }, "geometry": { "type": "Polygon", "coordinates": [ [ [ -81.608088221762529, 28.024870132137419 ], [ -81.597677282859621, 27.936780892840584 ], [ -81.696843433870228, 27.927521365811128 ], [ -81.707330904524341, 28.015576343901287 ], [ -81.608088221762529, 28.024870132137419 ] ] ] } },
{ "type": "Feature", "properties": { "ID": 21488, "date": "2022-01-01T00:00:00", "smokePM_pred": 7.1792540550231898 }, "geometry": { "type": "Polygon", "coordinates": [ [ [ -81.508798411975704, 28.034094983391437 ], [ -81.498464166047427, 27.945971731331937 ], [ -81.597677282859621, 27.936780892840584 ], [ -81.608088221762529, 28.024870132137419 ], [ -81.508798411975704, 28.034094983391437 ] ] ] } },
{ "type": "Feature", "properties": { "ID": 21489, "date": "2022-01-01T00:00:00", "smokePM_pred": 6.3382306098937997 }, "geometry": { "type": "Polygon", "coordinates": [ [ [ -81.409461809272102, 28.043250772149133 ], [ -81.399204416539973, 27.955093756357787 ], [ -81.498464166047427, 27.945971731331937 ], [ -81.508798411975704, 28.034094983391437 ], [ -81.409461809272102, 28.043250772149133 ] ] ] } },
{ "type": "Feature", "properties": { "ID": 21490, "date": "2022-01-01T00:00:00", "smokePM_pred": 5.3530712127685502 }, "geometry": { "type": "Polygon", "coordinates": [ [ [ -81.310078748769243, 28.052337373716167 ], [ -81.299898368446463, 27.964146843807082 ], [ -81.399204416539973, 27.955093756357787 ], [ -81.409461809272102, 28.043250772149133 ], [ -81.310078748769243, 28.052337373716167 ] ] ] } },
{ "type": "Feature", "properties": { "ID": 21491, "date": "2022-01-01T00:00:00", "smokePM_pred": 4.9047274589538601 }, "geometry": { "type": "Polygon", "coordinates": [ [ [ -81.210649566588273, 28.061354664222375 ], [ -81.200546356873261, 27.973130870389397 ], [ -81.299898368446463, 27.964146843807082 ], [ -81.310078748769243, 28.052337373716167 ], [ -81.210649566588273, 28.061354664222375 ] ] ] } },
{ "type": "Feature", "properties": { "ID": 21492, "date": "2022-01-01T00:00:00", "smokePM_pred": 4.3118405342101997 }, "geometry": { "type": "Polygon", "coordinates": [ [ [ -81.111174599848297, 28.070302520626097 ], [ -81.101148717918335, 27.98204571363922 ], [ -81.200546356873261, 27.973130870389397 ], [ -81.210649566588273, 28.061354664222375 ], [ -81.111174599848297, 28.070302520626097 ] ] ] } },
{ "type": "Feature", "properties": { "ID": 21493, "date": "2022-01-01T00:00:00", "smokePM_pred": 3.8795132637023899 }, "geometry": { "type": "Polygon", "coordinates": [ [ [ -81.01165418666065, 28.079180820718442 ], [ -81.001705788665419, 27.9908912519202 ], [ -81.101148717918335, 27.98204571363922 ], [ -81.111174599848297, 28.070302520626097 ], [ -81.01165418666065, 28.079180820718442 ] ] ] } },
{ "type": "Feature", "properties": { "ID": 21497, "date": "2022-01-01T00:00:00", "smokePM_pred": 1.4821686744689899 }, "geometry": { "type": "Polygon", "coordinates": [ [ [ -80.613124866058087, 28.113996043180872 ], [ -80.603487944526705, 28.025577951885662 ], [ -80.703108644621508, 28.017010833112689 ], [ -80.712823664284656, 28.105397173619036 ], [ -80.613124866058087, 28.113996043180872 ] ] ] } },
{ "type": "Feature", "properties": { "ID": 21498, "date": "2022-01-01T00:00:00", "smokePM_pred": 1.4676386117935201 }, "geometry": { "type": "Polygon", "coordinates": [ [ [ -80.513382326617602, 28.122524758026636 ], [ -80.503823654135431, 28.034075170092787 ], [ -80.603487944526705, 28.025577951885662 ], [ -80.613124866058087, 28.113996043180872 ], [ -80.513382326617602, 28.122524758026636 ] ] ] } },
{ "type": "Feature", "properties": { "ID": 21499, "date": "2022-01-01T00:00:00", "smokePM_pred": 2.0494828224182098 }, "geometry": { "type": "Polygon", "coordinates": [ [ [ -80.413596389903546, 28.130983201032695 ], [ -80.404116116322896, 28.042502371160776 ], [ -80.503823654135431, 28.034075170092787 ], [ -80.513382326617602, 28.122524758026636 ], [ -80.413596389903546, 28.130983201032695 ] ] ] } },
{ "type": "Feature", "properties": { "ID": 21989, "date": "2022-01-01T00:00:00", "smokePM_pred": 1.0814574956893901 }, "geometry": { "type": "Polygon", "coordinates": [ [ [ -82.905891272827702, 27.986339854409159 ], [ -82.89444697604165, 27.898720587603229 ], [ -82.993047072813695, 27.888542405432123 ], [ -83.004566036679066, 27.976124179258086 ], [ -82.905891272827702, 27.986339854409159 ] ] ] } },
{ "type": "Feature", "properties": { "ID": 21990, "date": "2022-01-01T00:00:00", "smokePM_pred": 0.80704599618911699 }, "geometry": { "type": "Polygon", "coordinates": [ [ [ -82.807164958132759, 27.996488056069172 ], [ -82.795795503156725, 27.908831537079383 ], [ -82.89444697604165, 27.898720587603229 ], [ -82.905891272827702, 27.986339854409159 ], [ -82.807164958132759, 27.996488056069172 ] ] ] } },
{ "type": "Feature", "properties": { "ID": 21998, "date": "2022-01-01T00:00:00", "smokePM_pred": 11.0235795974731 }, "geometry": { "type": "Polygon", "coordinates": [ [ [ -82.015537406906759, 28.075228417205793 ], [ -82.004772864834408, 27.987282624648913 ], [ -82.103823718794985, 27.9777143598712 ], [ -82.114664466815924, 28.06562484911791 ], [ -82.015537406906759, 28.075228417205793 ] ] ] } },
{ "type": "Feature", "properties": { "ID": 21999, "date": "2022-01-01T00:00:00", "smokePM_pred": 13.017744064331101 }, "geometry": { "type": "Polygon", "coordinates": [ [ [ -81.916361727541386, 28.084763312106777 ], [ -81.905673557620176, 27.996782462612771 ], [ -82.004772864834408, 27.987282624648913 ], [ -82.015537406906759, 28.075228417205793 ], [ -81.916361727541386, 28.084763312106777 ] ] ] } },
{ "type": "Feature", "properties": { "ID": 22000, "date": "2022-01-01T00:00:00", "smokePM_pred": 12.174760818481399 }, "geometry": { "type": "Polygon", "coordinates": [ [ [ -81.817137759716502, 28.094229404467853 ], [ -81.806526127167842, 28.006213745012779 ], [ -81.905673557620176, 27.996782462612771 ], [ -81.916361727541386, 28.084763312106777 ], [ -81.817137759716502, 28.094229404467853 ] ] ] } },
{ "type": "Feature", "properties": { "ID": 22001, "date": "2022-01-01T00:00:00", "smokePM_pred": 10.899451255798301 }, "geometry": { "type": "Polygon", "coordinates": [ [ [ -81.717865835466824, 28.103626565741809 ], [ -81.707330904524341, 28.015576343901287 ], [ -81.806526127167842, 28.006213745012779 ], [ -81.817137759716502, 28.094229404467853 ], [ -81.717865835466824, 28.103626565741809 ] ] ] } },
{ "type": "Feature", "properties": { "ID": 22002, "date": "2022-01-01T00:00:00", "smokePM_pred": 9.2317314147949201 }, "geometry": { "type": "Polygon", "coordinates": [ [ [ -81.618546287859573, 28.112954668191684 ], [ -81.608088221762529, 28.024870132137419 ], [ -81.707330904524341, 28.015576343901287 ], [ -81.717865835466824, 28.103626565741809 ], [ -81.618546287859573, 28.112954668191684 ] ] ] } },
{ "type": "Feature", "properties": { "ID": 22003, "date": "2022-01-01T00:00:00", "smokePM_pred": 7.7218284606933603 }, "geometry": { "type": "Polygon", "coordinates": [ [ [ -81.519179450989, 28.122213584895118 ], [ -81.508798411975704, 28.034094983391437 ], [ -81.608088221762529, 28.024870132137419 ], [ -81.618546287859573, 28.112954668191684 ], [ -81.519179450989, 28.122213584895118 ] ] ] } },
{ "type": "Feature", "properties": { "ID": 22004, "date": "2022-01-01T00:00:00", "smokePM_pred": 6.9184384346008301 }, "geometry": { "type": "Polygon", "coordinates": [ [ [ -81.419765659970778, 28.131403189748795 ], [ -81.409461809272102, 28.043250772149133 ], [ -81.508798411975704, 28.034094983391437 ], [ -81.519179450989, 28.122213584895118 ], [ -81.419765659970778, 28.131403189748795 ] ] ] } },
{ "type": "Feature", "properties": { "ID": 22005, "date": "2022-01-01T00:00:00", "smokePM_pred": 5.9037313461303702 }, "geometry": { "type": "Polygon", "coordinates": [ [ [ -81.320305250936457, 28.140523357472812 ], [ -81.310078748769243, 28.052337373716167 ], [ -81.409461809272102, 28.043250772149133 ], [ -81.419765659970778, 28.131403189748795 ], [ -81.320305250936457, 28.140523357472812 ] ] ] } },
{ "type": "Feature", "properties": { "ID": 22006, "date": "2022-01-01T00:00:00", "smokePM_pred": 5.2243962287902797 }, "geometry": { "type": "Polygon", "coordinates": [ [ [ -81.220798561027621, 28.149573963615023 ], [ -81.210649566588273, 28.061354664222375 ], [ -81.310078748769243, 28.052337373716167 ], [ -81.320305250936457, 28.140523357472812 ], [ -81.220798561027621, 28.149573963615023 ] ] ] } },
{ "type": "Feature", "properties": { "ID": 22007, "date": "2022-01-01T00:00:00", "smokePM_pred": 4.7076101303100604 }, "geometry": { "type": "Polygon", "coordinates": [ [ [ -81.121245928390366, 28.15855488455535 ], [ -81.111174599848297, 28.070302520626097 ], [ -81.210649566588273, 28.061354664222375 ], [ -81.220798561027621, 28.149573963615023 ], [ -81.121245928390366, 28.15855488455535 ] ] ] } },
{ "type": "Feature", "properties": { "ID": 22008, "date": "2022-01-01T00:00:00", "smokePM_pred": 4.0408029556274396 }, "geometry": { "type": "Polygon", "coordinates": [ [ [ -81.021647692169324, 28.167465997510124 ], [ -81.01165418666065, 28.079180820718442 ], [ -81.111174599848297, 28.070302520626097 ], [ -81.121245928390366, 28.15855488455535 ], [ -81.021647692169324, 28.167465997510124 ] ] ] } },
{ "type": "Feature", "properties": { "ID": 22009, "date": "2022-01-01T00:00:00", "smokePM_pred": 3.3072264194488499 }, "geometry": { "type": "Polygon", "coordinates": [ [ [ -80.92200419250193, 28.176307180536327 ], [ -80.912088666122941, 28.08798944312753 ], [ -81.01165418666065, 28.079180820718442 ], [ -81.021647692169324, 28.167465997510124 ], [ -80.92200419250193, 28.176307180536327 ] ] ] } },
{ "type": "Feature", "properties": { "ID": 22010, "date": "2022-01-01T00:00:00", "smokePM_pred": 2.0675244331359899 }, "geometry": { "type": "Polygon", "coordinates": [ [ [ -80.822315770512432, 28.185078312535893 ], [ -80.812478378313386, 28.096728267322771 ], [ -80.912088666122941, 28.08798944312753 ], [ -80.92200419250193, 28.176307180536327 ], [ -80.822315770512432, 28.185078312535893 ] ] ] } },
{ "type": "Feature", "properties": { "ID": 22011, "date": "2022-01-01T00:00:00", "smokePM_pred": 1.7869567871093801 }, "geometry": { "type": "Polygon", "coordinates": [ [ [ -80.72258276830604, 28.193779273259938 ], [ -80.712823664284656, 28.105397173619036 ], [ -80.812478378313386, 28.096728267322771 ], [ -80.822315770512432, 28.185078312535893 ], [ -80.72258276830604, 28.193779273259938 ] ] ] } },
{ "type": "Feature", "properties": { "ID": 22012, "date": "2022-01-01T00:00:00", "smokePM_pred": 1.5270034074783301 }, "geometry": { "type": "Polygon", "coordinates": [ [ [ -80.622805528962829, 28.202409943312944 ], [ -80.613124866058087, 28.113996043180872 ], [ -80.712823664284656, 28.105397173619036 ], [ -80.72258276830604, 28.193779273259938 ], [ -80.622805528962829, 28.202409943312944 ] ] ] } },
{ "type": "Feature", "properties": { "ID": 22013, "date": "2022-01-01T00:00:00", "smokePM_pred": 1.5309482812881501 }, "geometry": { "type": "Polygon", "coordinates": [ [ [ -80.52298439653174, 28.210970204156975 ], [ -80.513382326617602, 28.122524758026636 ], [ -80.613124866058087, 28.113996043180872 ], [ -80.622805528962829, 28.202409943312944 ], [ -80.52298439653174, 28.210970204156975 ] ] ] } },
{ "type": "Feature", "properties": { "ID": 22014, "date": "2022-01-01T00:00:00", "smokePM_pred": 1.6795071363449099 }, "geometry": { "type": "Polygon", "coordinates": [ [ [ -80.423119716024416, 28.219459938115875 ], [ -80.413596389903546, 28.130983201032695 ], [ -80.513382326617602, 28.122524758026636 ], [ -80.52298439653174, 28.210970204156975 ], [ -80.423119716024416, 28.219459938115875 ] ] ] } },
{ "type": "Feature", "properties": { "ID": 22504, "date": "2022-01-01T00:00:00", "smokePM_pred": 0.95062255859375 }, "geometry": { "type": "Polygon", "coordinates": [ [ [ -82.917387120638949, 28.073953679673266 ], [ -82.905891272827702, 27.986339854409159 ], [ -83.004566036679066, 27.976124179258086 ], [ -83.016136871899207, 28.063700454285776 ], [ -82.917387120638949, 28.073953679673266 ] ] ] } },
{ "type": "Feature", "properties": { "ID": 22505, "date": "2022-01-01T00:00:00", "smokePM_pred": 0.945781290531158 }, "geometry": { "type": "Polygon", "coordinates": [ [ [ -82.818585642714879, 28.084139190482524 ], [ -82.807164958132759, 27.996488056069172 ], [ -82.905891272827702, 27.986339854409159 ], [ -82.917387120638949, 28.073953679673266 ], [ -82.818585642714879, 28.084139190482524 ] ] ] } },
{ "type": "Feature", "properties": { "ID": 22513, "date": "2022-01-01T00:00:00", "smokePM_pred": 10.073881149291999 }, "geometry": { "type": "Polygon", "coordinates": [ [ [ -82.026350568609203, 28.163169270143168 ], [ -82.015537406906759, 28.075228417205793 ], [ -82.114664466815924, 28.06562484911791 ], [ -82.125554164421175, 28.153530344194472 ], [ -82.026350568609203, 28.163169270143168 ] ] ] } },
{ "type": "Feature", "properties": { "ID": 22514, "date": "2022-01-01T00:00:00", "smokePM_pred": 12.167522430419901 }, "geometry": { "type": "Polygon", "coordinates": [ [ [ -81.927098186095094, 28.172739276219392 ], [ -81.916361727541386, 28.084763312106777 ], [ -82.015537406906759, 28.075228417205793 ], [ -82.026350568609203, 28.163169270143168 ], [ -81.927098186095094, 28.172739276219392 ] ] ] } },
{ "type": "Feature", "properties": { "ID": 22515, "date": "2022-01-01T00:00:00", "smokePM_pred": 11.082963943481399 }, "geometry": { "type": "Polygon", "coordinates": [ [ [ -81.827797348862063, 28.182240232464814 ], [ -81.817137759716502, 28.094229404467853 ], [ -81.916361727541386, 28.084763312106777 ], [ -81.927098186095094, 28.172739276219392 ], [ -81.827797348862063, 28.182240232464814 ] ] ] } },
{ "type": "Feature", "properties": { "ID": 22516, "date": "2022-01-01T00:00:00", "smokePM_pred": 10.2904596328735 }, "geometry": { "type": "Polygon", "coordinates": [ [ [ -81.728448389938066, 28.191672009730329 ], [ -81.717865835466824, 28.103626565741809 ], [ -81.817137759716502, 28.094229404467853 ], [ -81.827797348862063, 28.182240232464814 ], [ -81.728448389938066, 28.191672009730329 ] ] ] } },
{ "type": "Feature", "properties": { "ID": 22517, "date": "2022-01-01T00:00:00", "smokePM_pred": 8.6688394546508807 }, "geometry": { "type": "Polygon", "coordinates": [ [ [ -81.629051643390213, 28.201034479680541 ], [ -81.618546287859573, 28.112954668191684 ], [ -81.717865835466824, 28.103626565741809 ], [ -81.728448389938066, 28.191672009730329 ], [ -81.629051643390213, 28.201034479680541 ] ] ] } },
{ "type": "Feature", "properties": { "ID": 22518, "date": "2022-01-01T00:00:00", "smokePM_pred": 7.4058346748351997 }, "geometry": { "type": "Polygon", "coordinates": [ [ [ -81.529607444319225, 28.210327514798173 ], [ -81.519179450989, 28.122213584895118 ], [ -81.618546287859573, 28.112954668191684 ], [ -81.629051643390213, 28.201034479680541 ], [ -81.529607444319225, 28.210327514798173 ] ] ] } },
{ "type": "Feature", "properties": { "ID": 22519, "date": "2022-01-01T00:00:00", "smokePM_pred": 6.8399534225463903 }, "geometry": { "type": "Polygon", "coordinates": [ [ [ -81.430116128853953, 28.219550988388523 ], [ -81.419765659970778, 28.131403189748795 ], [ -81.519179450989, 28.122213584895118 ], [ -81.529607444319225, 28.210327514798173 ], [ -81.430116128853953, 28.219550988388523 ] ] ] } },
{ "type": "Feature", "properties": { "ID": 22520, "date": "2022-01-01T00:00:00", "smokePM_pred": 6.5462074279785201 }, "geometry": { "type": "Polygon", "coordinates": [ [ [ -81.330578034145546, 28.228704774583818 ], [ -81.320305250936457, 28.140523357472812 ], [ -81.419765659970778, 28.131403189748795 ], [ -81.430116128853953, 28.219550988388523 ], [ -81.330578034145546, 28.228704774583818 ] ] ] } },
{ "type": "Feature", "properties": { "ID": 22521, "date": "2022-01-01T00:00:00", "smokePM_pred": 6.3075499534606898 }, "geometry": { "type": "Polygon", "coordinates": [ [ [ -81.230993498361855, 28.237788748347633 ], [ -81.220798561027621, 28.149573963615023 ], [ -81.320305250936457, 28.140523357472812 ], [ -81.330578034145546, 28.228704774583818 ], [ -81.230993498361855, 28.237788748347633 ] ] ] } },
{ "type": "Feature", "properties": { "ID": 22522, "date": "2022-01-01T00:00:00", "smokePM_pred": 5.5328402519226101 }, "geometry": { "type": "Polygon", "coordinates": [ [ [ -81.131362860681676, 28.246802785479236 ], [ -81.121245928390366, 28.15855488455535 ], [ -81.220798561027621, 28.149573963615023 ], [ -81.230993498361855, 28.237788748347633 ], [ -81.131362860681676, 28.246802785479236 ] ] ] } },
{ "type": "Feature", "properties": { "ID": 22523, "date": "2022-01-01T00:00:00", "smokePM_pred": 4.7899408340454102 }, "geometry": { "type": "Polygon", "coordinates": [ [ [ -81.031686461288857, 28.2557467626179 ], [ -81.021647692169324, 28.167465997510124 ], [ -81.121245928390366, 28.15855488455535 ], [ -81.131362860681676, 28.246802785479236 ], [ -81.031686461288857, 28.2557467626179 ] ] ] } },
{ "type": "Feature", "properties": { "ID": 22524, "date": "2022-01-01T00:00:00", "smokePM_pred": 4.16469430923462 }, "geometry": { "type": "Polygon", "coordinates": [ [ [ -80.931964641366463, 28.264620557247234 ], [ -80.92200419250193, 28.176307180536327 ], [ -81.021647692169324, 28.167465997510124 ], [ -81.031686461288857, 28.2557467626179 ], [ -80.931964641366463, 28.264620557247234 ] ] ] } },
{ "type": "Feature", "properties": { "ID": 22525, "date": "2022-01-01T00:00:00", "smokePM_pred": 2.7188563346862802 }, "geometry": { "type": "Polygon", "coordinates": [ [ [ -80.832197743090873, 28.273424047699461 ], [ -80.822315770512432, 28.185078312535893 ], [ -80.92200419250193, 28.176307180536327 ], [ -80.931964641366463, 28.264620557247234 ], [ -80.832197743090873, 28.273424047699461 ] ] ] } },
{ "type": "Feature", "properties": { "ID": 22526, "date": "2022-01-01T00:00:00", "smokePM_pred": 2.12705373764038 }, "geometry": { "type": "Polygon", "coordinates": [ [ [ -80.732386109625722, 28.282157113159695 ], [ -80.72258276830604, 28.193779273259938 ], [ -80.822315770512432, 28.185078312535893 ], [ -80.832197743090873, 28.273424047699461 ], [ -80.732386109625722, 28.282157113159695 ] ] ] } },
{ "type": "Feature", "properties": { "ID": 22527, "date": "2022-01-01T00:00:00", "smokePM_pred": 1.8770613670349101 }, "geometry": { "type": "Polygon", "coordinates": [ [ [ -80.632530085115917, 28.290819633670175 ], [ -80.622805528962829, 28.202409943312944 ], [ -80.72258276830604, 28.193779273259938 ], [ -80.732386109625722, 28.282157113159695 ], [ -80.632530085115917, 28.290819633670175 ] ] ] } },
{ "type": "Feature", "properties": { "ID": 22528, "date": "2022-01-01T00:00:00", "smokePM_pred": 1.8420059680938701 }, "geometry": { "type": "Polygon", "coordinates": [ [ [ -80.532630014681544, 28.299411490134457 ], [ -80.52298439653174, 28.210970204156975 ], [ -80.622805528962829, 28.202409943312944 ], [ -80.632530085115917, 28.290819633670175 ], [ -80.532630014681544, 28.299411490134457 ] ] ] } },
{ "type": "Feature", "properties": { "ID": 22529, "date": "2022-01-01T00:00:00", "smokePM_pred": 2.0472149848938002 }, "geometry": { "type": "Polygon", "coordinates": [ [ [ -80.432686244411684, 28.307932564321661 ], [ -80.423119716024416, 28.219459938115875 ], [ -80.52298439653174, 28.210970204156975 ], [ -80.532630014681544, 28.299411490134457 ], [ -80.432686244411684, 28.307932564321661 ] ] ] } },
{ "type": "Feature", "properties": { "ID": 22864, "date": "2022-01-01T00:00:00", "smokePM_pred": 13.819432258606 }, "geometry": { "type": "Polygon", "coordinates": [ [ [ -97.45614206753163, 25.855840161837193 ], [ -97.435434093859982, 25.776490281936866 ], [ -97.523038602512258, 25.757760074191069 ], [ -97.543787783715274, 25.837043952073589 ], [ -97.45614206753163, 25.855840161837193 ] ] ] } },
{ "type": "Feature", "properties": { "ID": 22865, "date": "2022-01-01T00:00:00", "smokePM_pred": 13.202131271362299 }, "geometry": { "type": "Polygon", "coordinates": [ [ [ -97.368409355058802, 25.874595908630312 ], [ -97.347742823790014, 25.795180148489685 ], [ -97.435434093859982, 25.776490281936866 ], [ -97.45614206753163, 25.855840161837193 ], [ -97.368409355058802, 25.874595908630312 ] ] ] } },
{ "type": "Feature", "properties": { "ID": 22866, "date": "2022-01-01T00:00:00", "smokePM_pred": 13.423143386840801 }, "geometry": { "type": "Polygon", "coordinates": [ [ [ -97.280589774407531, 25.893310995888839 ], [ -97.2599649205399, 25.813829478084013 ], [ -97.347742823790014, 25.795180148489685 ], [ -97.368409355058802, 25.874595908630312 ], [ -97.280589774407531, 25.893310995888839 ] ] ] } },
{ "type": "Feature", "properties": { "ID": 22868, "date": "2022-01-01T00:00:00", "smokePM_pred": 15.322670936584499 }, "geometry": { "type": "Polygon", "coordinates": [ [ [ -97.104690527112439, 25.930618405583797 ], [ -97.084149733522921, 25.851005743377328 ], [ -97.172100513561389, 25.832438074961921 ], [ -97.192683454907993, 25.911985227055442 ], [ -97.104690527112439, 25.930618405583797 ] ] ] } },
{ "type": "Feature", "properties": { "ID": 23019, "date": "2022-01-01T00:00:00", "smokePM_pred": 1.09466016292572 }, "geometry": { "type": "Polygon", "coordinates": [ [ [ -82.928934695296775, 28.161562038227757 ], [ -82.917387120638949, 28.073953679673266 ], [ -83.016136871899207, 28.063700454285776 ], [ -83.027759755213935, 28.151271205048673 ], [ -82.928934695296775, 28.161562038227757 ] ] ] } },
{ "type": "Feature", "properties": { "ID": 23020, "date": "2022-01-01T00:00:00", "smokePM_pred": 1.0191005468368499 }, "geometry": { "type": "Polygon", "coordinates": [ [ [ -82.830057731799116, 28.171784915449116 ], [ -82.818585642714879, 28.084139190482524 ], [ -82.917387120638949, 28.073953679673266 ], [ -82.928934695296775, 28.161562038227757 ], [ -82.830057731799116, 28.171784915449116 ] ] ] } },
{ "type": "Feature", "properties": { "ID": 23028, "date": "2022-01-01T00:00:00", "smokePM_pred": 7.2477784156799299 }, "geometry": { "type": "Polygon", "coordinates": [ [ [ -82.037212517188848, 28.251105160922389 ], [ -82.026350568609203, 28.163169270143168 ], [ -82.125554164421175, 28.153530344194472 ], [ -82.136492979837641, 28.241430822275586 ], [ -82.037212517188848, 28.251105160922389 ] ] ] } },
{ "type": "Feature", "properties": { "ID": 23029, "date": "2022-01-01T00:00:00", "smokePM_pred": 9.2432270050048793 }, "geometry": { "type": "Polygon", "coordinates": [ [ [ -81.937883099541793, 28.260710332697215 ], [ -81.927098186095094, 28.172739276219392 ], [ -82.026350568609203, 28.163169270143168 ], [ -82.037212517188848, 28.251105160922389 ], [ -81.937883099541793, 28.260710332697215 ] ] ] } },
{ "type": "Feature", "properties": { "ID": 23030, "date": "2022-01-01T00:00:00", "smokePM_pred": 9.4443902969360405 }, "geometry": { "type": "Polygon", "coordinates": [ [ [ -81.838505059871778, 28.270246207034059 ], [ -81.827797348862063, 28.182240232464814 ], [ -81.927098186095094, 28.172739276219392 ], [ -81.937883099541793, 28.260710332697215 ], [ -81.838505059871778, 28.270246207034059 ] ] ] } },
{ "type": "Feature", "properties": { "ID": 23031, "date": "2022-01-01T00:00:00", "smokePM_pred": 8.4659919738769496 }, "geometry": { "type": "Polygon", "coordinates": [ [ [ -81.739078732205428, 28.279712654179576 ], [ -81.728448389938066, 28.191672009730329 ], [ -81.827797348862063, 28.182240232464814 ], [ -81.838505059871778, 28.270246207034059 ], [ -81.739078732205428, 28.279712654179576 ] ] ] } },
{ "type": "Feature", "properties": { "ID": 23032, "date": "2022-01-01T00:00:00", "smokePM_pred": 8.1560277938842791 }, "geometry": { "type": "Polygon", "coordinates": [ [ [ -81.63960445161527, 28.289109545197597 ], [ -81.629051643390213, 28.201034479680541 ], [ -81.728448389938066, 28.191672009730329 ], [ -81.739078732205428, 28.279712654179576 ], [ -81.63960445161527, 28.289109545197597 ] ] ] } },
{ "type": "Feature", "properties": { "ID": 23033, "date": "2022-01-01T00:00:00", "smokePM_pred": 7.3368711471557599 }, "geometry": { "type": "Polygon", "coordinates": [ [ [ -81.540082554214166, 28.298436751973625 ], [ -81.529607444319225, 28.210327514798173 ], [ -81.629051643390213, 28.201034479680541 ], [ -81.63960445161527, 28.289109545197597 ], [ -81.540082554214166, 28.298436751973625 ] ] ] } },
{ "type": "Feature", "properties": { "ID": 23034, "date": "2022-01-01T00:00:00", "smokePM_pred": 6.7973375320434597 }, "geometry": { "type": "Polygon", "coordinates": [ [ [ -81.440513377149699, 28.307694147219191 ], [ -81.430116128853953, 28.219550988388523 ], [ -81.529607444319225, 28.210327514798173 ], [ -81.540082554214166, 28.298436751973625 ], [ -81.440513377149699, 28.307694147219191 ] ] ] } },
{ "type": "Feature", "properties": { "ID": 23035, "date": "2022-01-01T00:00:00", "smokePM_pred": 6.9758629798889196 }, "geometry": { "type": "Polygon", "coordinates": [ [ [ -81.340897258598403, 28.316881604476414 ], [ -81.330578034145546, 28.228704774583818 ], [ -81.430116128853953, 28.219550988388523 ], [ -81.440513377149699, 28.307694147219191 ], [ -81.340897258598403, 28.316881604476414 ] ] ] } },
{ "type": "Feature", "properties": { "ID": 23036, "date": "2022-01-01T00:00:00", "smokePM_pred": 6.8321380615234402 }, "geometry": { "type": "Polygon", "coordinates": [ [ [ -81.241234537760107, 28.325998998122277 ], [ -81.230993498361855, 28.237788748347633 ], [ -81.330578034145546, 28.228704774583818 ], [ -81.340897258598403, 28.316881604476414 ], [ -81.241234537760107, 28.325998998122277 ] ] ] } },
{ "type": "Feature", "properties": { "ID": 23037, "date": "2022-01-01T00:00:00", "smokePM_pred": 6.6230955123901403 }, "geometry": { "type": "Polygon", "coordinates": [ [ [ -81.141525554852166, 28.335046203373089 ], [ -81.131362860681676, 28.246802785479236 ], [ -81.230993498361855, 28.237788748347633 ], [ -81.241234537760107, 28.325998998122277 ], [ -81.141525554852166, 28.335046203373089 ] ] ] } },
{ "type": "Feature", "properties": { "ID": 23038, "date": "2022-01-01T00:00:00", "smokePM_pred": 5.5262584686279297 }, "geometry": { "type": "Polygon", "coordinates": [ [ [ -81.041770651103505, 28.344023096288812 ], [ -81.031686461288857, 28.2557467626179 ], [ -81.131362860681676, 28.246802785479236 ], [ -81.141525554852166, 28.335046203373089 ], [ -81.041770651103505, 28.344023096288812 ] ] ] } },
{ "type": "Feature", "properties": { "ID": 23039, "date": "2022-01-01T00:00:00", "smokePM_pred": 5.0207023620605504 }, "geometry": { "type": "Polygon", "coordinates": [ [ [ -80.941970168748782, 28.352929553777411 ], [ -80.931964641366463, 28.264620557247234 ], [ -81.031686461288857, 28.2557467626179 ], [ -81.041770651103505, 28.344023096288812 ], [ -80.941970168748782, 28.352929553777411 ] ] ] } },
{ "type": "Feature", "properties": { "ID": 23040, "date": "2022-01-01T00:00:00", "smokePM_pred": 3.7677254676818799 }, "geometry": { "type": "Polygon", "coordinates": [ [ [ -80.842124451022414, 28.361765453599144 ], [ -80.832197743090873, 28.273424047699461 ], [ -80.931964641366463, 28.264620557247234 ], [ -80.941970168748782, 28.352929553777411 ], [ -80.842124451022414, 28.361765453599144 ] ] ] } },
{ "type": "Feature", "properties": { "ID": 23041, "date": "2022-01-01T00:00:00", "smokePM_pred": 2.8590042591095002 }, "geometry": { "type": "Polygon", "coordinates": [ [ [ -80.742233842152572, 28.370530674370912 ], [ -80.732386109625722, 28.282157113159695 ], [ -80.832197743090873, 28.273424047699461 ], [ -80.842124451022414, 28.361765453599144 ], [ -80.742233842152572, 28.370530674370912 ] ] ] } },
{ "type": "Feature", "properties": { "ID": 23042, "date": "2022-01-01T00:00:00", "smokePM_pred": 2.2643978595733598 }, "geometry": { "type": "Polygon", "coordinates": [ [ [ -80.64229868735508, 28.379225095570426 ], [ -80.632530085115917, 28.290819633670175 ], [ -80.732386109625722, 28.282157113159695 ], [ -80.742233842152572, 28.370530674370912 ], [ -80.64229868735508, 28.379225095570426 ] ] ] } },
{ "type": "Feature", "properties": { "ID": 23043, "date": "2022-01-01T00:00:00", "smokePM_pred": 2.2733676433563201 }, "geometry": { "type": "Polygon", "coordinates": [ [ [ -80.542319332827304, 28.387848597540572 ], [ -80.532630014681544, 28.299411490134457 ], [ -80.632530085115917, 28.290819633670175 ], [ -80.64229868735508, 28.379225095570426 ], [ -80.542319332827304, 28.387848597540572 ] ] ] } },
{ "type": "Feature", "properties": { "ID": 23044, "date": "2022-01-01T00:00:00", "smokePM_pred": 2.2493095397949201 }, "geometry": { "type": "Polygon", "coordinates": [ [ [ -80.44229612574199, 28.396401061493513 ], [ -80.432686244411684, 28.307932564321661 ], [ -80.532630014681544, 28.299411490134457 ], [ -80.542319332827304, 28.387848597540572 ], [ -80.44229612574199, 28.396401061493513 ] ] ] } },
{ "type": "Feature", "properties": { "ID": 23378, "date": "2022-01-01T00:00:00", "smokePM_pred": 13.333224296569799 }, "geometry": { "type": "Polygon", "coordinates": [ [ [ -97.564624088303702, 25.916311382339028 ], [ -97.543787783715274, 25.837043952073589 ], [ -97.631346376715896, 25.818207475906139 ], [ -97.652223779775397, 25.897408710526115 ], [ -97.564624088303702, 25.916311382339028 ] ] ] } },
{ "type": "Feature", "properties": { "ID": 23379, "date": "2022-01-01T00:00:00", "smokePM_pred": 13.4533290863037 }, "geometry": { "type": "Polygon", "coordinates": [ [ [ -97.476937037695279, 25.935173666853487 ], [ -97.45614206753163, 25.855840161837193 ], [ -97.543787783715274, 25.837043952073589 ], [ -97.564624088303702, 25.916311382339028 ], [ -97.476937037695279, 25.935173666853487 ] ] ] } },
{ "type": "Feature", "properties": { "ID": 23380, "date": "2022-01-01T00:00:00", "smokePM_pred": 13.5446624755859 }, "geometry": { "type": "Polygon", "coordinates": [ [ [ -97.38916275470929, 25.95399536670319 ], [ -97.368409355058802, 25.874595908630312 ], [ -97.45614206753163, 25.855840161837193 ], [ -97.476937037695279, 25.935173666853487 ], [ -97.38916275470929, 25.95399536670319 ] ] ] } },
{ "type": "Feature", "properties": { "ID": 23381, "date": "2022-01-01T00:00:00", "smokePM_pred": 13.8470048904419 }, "geometry": { "type": "Polygon", "coordinates": [ [ [ -97.301301367327071, 25.972776284523526 ], [ -97.280589774407531, 25.893310995888839 ], [ -97.368409355058802, 25.874595908630312 ], [ -97.38916275470929, 25.95399536670319 ], [ -97.301301367327071, 25.972776284523526 ] ] ] } },
{ "type": "Feature", "properties": { "ID": 23382, "date": "2022-01-01T00:00:00", "smokePM_pred": 14.338838577270501 }, "geometry": { "type": "Polygon", "coordinates": [ [ [ -97.213353004754694, 25.991516222955845 ], [ -97.192683454907993, 25.911985227055442 ], [ -97.280589774407531, 25.893310995888839 ], [ -97.301301367327071, 25.972776284523526 ], [ -97.213353004754694, 25.991516222955845 ] ] ] } },
{ "type": "Feature", "properties": { "ID": 23383, "date": "2022-01-01T00:00:00", "smokePM_pred": 15.32066822052 }, "geometry": { "type": "Polygon", "coordinates": [ [ [ -97.125317797425666, 26.010214984651682 ], [ -97.104690527112439, 25.930618405583797 ], [ -97.192683454907993, 25.911985227055442 ], [ -97.213353004754694, 25.991516222955845 ], [ -97.125317797425666, 26.010214984651682 ] ] ] } },
{ "type": "Feature", "properties": { "ID": 23384, "date": "2022-01-01T00:00:00", "smokePM_pred": 15.4013423919678 }, "geometry": { "type": "Polygon", "coordinates": [ [ [ -97.037195877003398, 26.028872372277092 ], [ -97.016611122797684, 25.949210334942915 ], [ -97.104690527112439, 25.930618405583797 ], [ -97.125317797425666, 26.010214984651682 ], [ -97.037195877003398, 26.028872372277092 ] ] ] } },
{ "type": "Feature", "properties": { "ID": 23543, "date": "2022-01-01T00:00:00", "smokePM_pred": 5.6171736717224103 }, "geometry": { "type": "Polygon", "coordinates": [ [ [ -82.048123420942844, 28.339036066915156 ], [ -82.037212517188848, 28.251105160922389 ], [ -82.136492979837641, 28.241430822275586 ], [ -82.147481082347767, 28.32932626044494 ], [ -82.048123420942844, 28.339036066915156 ] ] ] } },
{ "type": "Feature", "properties": { "ID": 23544, "date": "2022-01-01T00:00:00", "smokePM_pred": 7.0546846389770499 }, "geometry": { "type": "Polygon", "coordinates": [ [ [ -81.948716635186742, 28.348676459198558 ], [ -81.937883099541793, 28.260710332697215 ], [ -82.037212517188848, 28.251105160922389 ], [ -82.048123420942844, 28.339036066915156 ], [ -81.948716635186742, 28.348676459198558 ] ] ] } },
{ "type": "Feature", "properties": { "ID": 23545, "date": "2022-01-01T00:00:00", "smokePM_pred": 7.4570407867431596 }, "geometry": { "type": "Polygon", "coordinates": [ [ [ -81.849261059052168, 28.358247306119047 ], [ -81.838505059871778, 28.270246207034059 ], [ -81.937883099541793, 28.260710332697215 ], [ -81.948716635186742, 28.348676459198558 ], [ -81.849261059052168, 28.358247306119047 ] ] ] } },
{ "type": "Feature", "properties": { "ID": 23546, "date": "2022-01-01T00:00:00", "smokePM_pred": 7.34857130050659 }, "geometry": { "type": "Polygon", "coordinates": [ [ [ -81.749757027569984, 28.367748477316699 ], [ -81.739078732205428, 28.279712654179576 ], [ -81.838505059871778, 28.270246207034059 ], [ -81.849261059052168, 28.358247306119047 ], [ -81.749757027569984, 28.367748477316699 ] ] ] } },
{ "type": "Feature", "properties": { "ID": 23547, "date": "2022-01-01T00:00:00", "smokePM_pred": 7.5078458786010698 }, "geometry": { "type": "Polygon", "coordinates": [ [ [ -81.650204876823736, 28.377179843252232 ], [ -81.63960445161527, 28.289109545197597 ], [ -81.739078732205428, 28.279712654179576 ], [ -81.749757027569984, 28.367748477316699 ], [ -81.650204876823736, 28.377179843252232 ] ] ] } },
{ "type": "Feature", "properties": { "ID": 23548, "date": "2022-01-01T00:00:00", "smokePM_pred": 7.4665808677673304 }, "geometry": { "type": "Polygon", "coordinates": [ [ [ -81.550604943944009, 28.386541275211535 ], [ -81.540082554214166, 28.298436751973625 ], [ -81.63960445161527, 28.289109545197597 ], [ -81.650204876823736, 28.377179843252232 ], [ -81.550604943944009, 28.386541275211535 ] ] ] } },
{ "type": "Feature", "properties": { "ID": 23549, "date": "2022-01-01T00:00:00", "smokePM_pred": 7.5518560409545898 }, "geometry": { "type": "Polygon", "coordinates": [ [ [ -81.450957567102805, 28.395832645310129 ], [ -81.440513377149699, 28.307694147219191 ], [ -81.540082554214166, 28.298436751973625 ], [ -81.550604943944009, 28.386541275211535 ], [ -81.450957567102805, 28.395832645310129 ] ] ] } },
{ "type": "Feature", "properties": { "ID": 23550, "date": "2022-01-01T00:00:00", "smokePM_pred": 7.3862013816833496 }, "geometry": { "type": "Polygon", "coordinates": [ [ [ -81.351263085507796, 28.405053826497618 ], [ -81.340897258598403, 28.316881604476414 ], [ -81.440513377149699, 28.307694147219191 ], [ -81.450957567102805, 28.395832645310129 ], [ -81.351263085507796, 28.405053826497618 ] ] ] } },
{ "type": "Feature", "properties": { "ID": 23551, "date": "2022-01-01T00:00:00", "smokePM_pred": 7.2274122238159197 }, "geometry": { "type": "Polygon", "coordinates": [ [ [ -81.251521839396631, 28.414204692562112 ], [ -81.241234537760107, 28.325998998122277 ], [ -81.340897258598403, 28.316881604476414 ], [ -81.351263085507796, 28.405053826497618 ], [ -81.251521839396631, 28.414204692562112 ] ] ] } },
{ "type": "Feature", "properties": { "ID": 23552, "date": "2022-01-01T00:00:00", "smokePM_pred": 7.0203790664672896 }, "geometry": { "type": "Polygon", "coordinates": [ [ [ -81.151734170031006, 28.423285118134672 ], [ -81.141525554852166, 28.335046203373089 ], [ -81.241234537760107, 28.325998998122277 ], [ -81.251521839396631, 28.414204692562112 ], [ -81.151734170031006, 28.423285118134672 ] ] ] } },
{ "type": "Feature", "properties": { "ID": 23553, "date": "2022-01-01T00:00:00", "smokePM_pred": 6.5183401107788104 }, "geometry": { "type": "Polygon", "coordinates": [ [ [ -81.051900419690838, 28.432294978693648 ], [ -81.041770651103505, 28.344023096288812 ], [ -81.141525554852166, 28.335046203373089 ], [ -81.151734170031006, 28.423285118134672 ], [ -81.051900419690838, 28.432294978693648 ] ] ] } },
{ "type": "Feature", "properties": { "ID": 23554, "date": "2022-01-01T00:00:00", "smokePM_pred": 6.1333937644958496 }, "geometry": { "type": "Polygon", "coordinates": [ [ [ -80.952020931668343, 28.441234150569077 ], [ -80.941970168748782, 28.352929553777411 ], [ -81.041770651103505, 28.344023096288812 ], [ -81.051900419690838, 28.432294978693648 ], [ -80.952020931668343, 28.441234150569077 ] ] ] } },
{ "type": "Feature", "properties": { "ID": 23555, "date": "2022-01-01T00:00:00", "smokePM_pred": 4.6989078521728498 }, "geometry": { "type": "Polygon", "coordinates": [ [ [ -80.852096050262034, 28.450102510947008 ], [ -80.842124451022414, 28.361765453599144 ], [ -80.941970168748782, 28.352929553777411 ], [ -80.952020931668343, 28.441234150569077 ], [ -80.852096050262034, 28.450102510947008 ] ] ] } },
{ "type": "Feature", "properties": { "ID": 23556, "date": "2022-01-01T00:00:00", "smokePM_pred": 3.9660017490386998 }, "geometry": { "type": "Polygon", "coordinates": [ [ [ -80.752126120770669, 28.45889993787382 ], [ -80.742233842152572, 28.370530674370912 ], [ -80.842124451022414, 28.361765453599144 ], [ -80.852096050262034, 28.450102510947008 ], [ -80.752126120770669, 28.45889993787382 ] ] ] } },
{ "type": "Feature", "properties": { "ID": 23557, "date": "2022-01-01T00:00:00", "smokePM_pred": 3.31643509864807 }, "geometry": { "type": "Polygon", "coordinates": [ [ [ -80.652111489487069, 28.467626310260531 ], [ -80.64229868735508, 28.379225095570426 ], [ -80.742233842152572, 28.370530674370912 ], [ -80.752126120770669, 28.45889993787382 ], [ -80.652111489487069, 28.467626310260531 ] ] ] } },
{ "type": "Feature", "properties": { "ID": 23558, "date": "2022-01-01T00:00:00", "smokePM_pred": 3.0785706043243399 }, "geometry": { "type": "Polygon", "coordinates": [ [ [ -80.552052503692124, 28.476281507887048 ], [ -80.542319332827304, 28.387848597540572 ], [ -80.64229868735508, 28.379225095570426 ], [ -80.652111489487069, 28.467626310260531 ], [ -80.552052503692124, 28.476281507887048 ] ] ] } },
{ "type": "Feature", "properties": { "ID": 23559, "date": "2022-01-01T00:00:00", "smokePM_pred": 2.42335033416748 }, "geometry": { "type": "Polygon", "coordinates": [ [ [ -80.451949511648465, 28.484865411406407 ], [ -80.44229612574199, 28.396401061493513 ], [ -80.542319332827304, 28.387848597540572 ], [ -80.552052503692124, 28.476281507887048 ], [ -80.451949511648465, 28.484865411406407 ] ] ] } },
{ "type": "Feature", "properties": { "ID": 23560, "date": "2022-01-01T00:00:00", "smokePM_pred": 2.5501022338867201 }, "geometry": { "type": "Polygon", "coordinates": [ [ [ -80.351802862594127, 28.493377902349035 ], [ -80.34222941424099, 28.404882369514979 ], [ -80.44229612574199, 28.396401061493513 ], [ -80.451949511648465, 28.484865411406407 ], [ -80.351802862594127, 28.493377902349035 ] ] ] } },
{ "type": "Feature", "properties": { "ID": 23893, "date": "2022-01-01T00:00:00", "smokePM_pred": 13.4180297851562 }, "geometry": { "type": "Polygon", "coordinates": [ [ [ -97.585547752232102, 25.995562287562585 ], [ -97.564624088303702, 25.916311382339028 ], [ -97.652223779775397, 25.897408710526115 ], [ -97.673188667714115, 25.976593347149823 ], [ -97.585547752232102, 25.995562287562585 ] ] ] } },
{ "type": "Feature", "properties": { "ID": 23894, "date": "2022-01-01T00:00:00", "smokePM_pred": 13.3230037689209 }, "geometry": { "type": "Polygon", "coordinates": [ [ [ -97.49781924044018, 26.014490719868359 ], [ -97.476937037695279, 25.935173666853487 ], [ -97.564624088303702, 25.916311382339028 ], [ -97.585547752232102, 25.995562287562585 ], [ -97.49781924044018, 26.014490719868359 ] ] ] } },
{ "type": "Feature", "properties": { "ID": 23895, "date": "2022-01-01T00:00:00", "smokePM_pred": 13.6985025405884 }, "geometry": { "type": "Polygon", "coordinates": [ [ [ -97.410003258960145, 26.033378445899292 ], [ -97.38916275470929, 25.95399536670319 ], [ -97.476937037695279, 25.935173666853487 ], [ -97.49781924044018, 26.014490719868359 ], [ -97.410003258960145, 26.033378445899292 ] ] ] } },
{ "type": "Feature", "properties": { "ID": 23896, "date": "2022-01-01T00:00:00", "smokePM_pred": 14.519208908081101 }, "geometry": { "type": "Polygon", "coordinates": [ [ [ -97.322099935641305, 26.052225267488364 ], [ -97.301301367327071, 25.972776284523526 ], [ -97.38916275470929, 25.95399536670319 ], [ -97.410003258960145, 26.033378445899292 ], [ -97.322099935641305, 26.052225267488364 ] ] ] } },
{ "type": "Feature", "properties": { "ID": 23897, "date": "2022-01-01T00:00:00", "smokePM_pred": 14.5923042297363 }, "geometry": { "type": "Polygon", "coordinates": [ [ [ -97.234109399563053, 26.071030986473669 ], [ -97.213353004754694, 25.991516222955845 ], [ -97.301301367327071, 25.972776284523526 ], [ -97.322099935641305, 26.052225267488364 ], [ -97.234109399563053, 26.071030986473669 ] ] ] } },
{ "type": "Feature", "properties": { "ID": 23898, "date": "2022-01-01T00:00:00", "smokePM_pred": 16.136726379394499 }, "geometry": { "type": "Polygon", "coordinates": [ [ [ -97.14603178103755, 26.08979540470267 ], [ -97.125317797425666, 26.010214984651682 ], [ -97.213353004754694, 25.991516222955845 ], [ -97.234109399563053, 26.071030986473669 ], [ -97.14603178103755, 26.08979540470267 ] ] ] } },
{ "type": "Feature", "properties": { "ID": 23899, "date": "2022-01-01T00:00:00", "smokePM_pred": 15.6794271469116 }, "geometry": { "type": "Polygon", "coordinates": [ [ [ -97.057867211612262, 26.108518324036531 ], [ -97.037195877003398, 26.028872372277092 ], [ -97.125317797425666, 26.010214984651682 ], [ -97.14603178103755, 26.08979540470267 ], [ -97.057867211612262, 26.108518324036531 ] ] ] } },
{ "type": "Feature", "properties": { "ID": 23900, "date": "2022-01-01T00:00:00", "smokePM_pred": 15.5433340072632 }, "geometry": { "type": "Polygon", "coordinates": [ [ [ -96.969615824072633, 26.127199546354415 ], [ -96.948987376383812, 26.047488188516922 ], [ -97.037195877003398, 26.028872372277092 ], [ -97.057867211612262, 26.108518324036531 ], [ -96.969615824072633, 26.127199546354415 ] ] ] } },
{ "type": "Feature", "properties": { "ID": 24058, "date": "2022-01-01T00:00:00", "smokePM_pred": 4.5088911056518599 }, "geometry": { "type": "Polygon", "coordinates": [ [ [ -82.059083449225284, 28.42696196540275 ], [ -82.048123420942844, 28.339036066915156 ], [ -82.147481082347767, 28.32932626044494 ], [ -82.158518642296229, 28.41721663569438 ], [ -82.059083449225284, 28.42696196540275 ] ] ] } },
{ "type": "Feature", "properties": { "ID": 24059, "date": "2022-01-01T00:00:00", "smokePM_pred": 5.00231981277466 }, "geometry": { "type": "Polygon", "coordinates": [ [ [ -81.959598961386533, 28.436637633292658 ], [ -81.948716635186742, 28.348676459198558 ], [ -82.048123420942844, 28.339036066915156 ], [ -82.059083449225284, 28.42696196540275 ], [ -81.959598961386533, 28.436637633292658 ] ] ] } },
{ "type": "Feature", "properties": { "ID": 24060, "date": "2022-01-01T00:00:00", "smokePM_pred": 6.2141857147216797 }, "geometry": { "type": "Polygon", "coordinates": [ [ [ -81.8600655137556, 28.446243507575549 ], [ -81.849261059052168, 28.358247306119047 ], [ -81.948716635186742, 28.348676459198558 ], [ -81.959598961386533, 28.436637633292658 ], [ -81.8600655137556, 28.446243507575549 ] ] ] } },
{ "type": "Feature", "properties": { "ID": 24061, "date": "2022-01-01T00:00:00", "smokePM_pred": 7.0255317687988299 }, "geometry": { "type": "Polygon", "coordinates": [ [ [ -81.760483442373129, 28.455779457282535 ], [ -81.749757027569984, 28.367748477316699 ], [ -81.849261059052168, 28.358247306119047 ], [ -81.8600655137556, 28.446243507575549 ], [ -81.760483442373129, 28.455779457282535 ] ] ] } },
{ "type": "Feature", "properties": { "ID": 24062, "date": "2022-01-01T00:00:00", "smokePM_pred": 6.8401761054992702 }, "geometry": { "type": "Polygon", "coordinates": [ [ [ -81.660853084339251, 28.465245352268845 ], [ -81.650204876823736, 28.377179843252232 ], [ -81.749757027569984, 28.367748477316699 ], [ -81.760483442373129, 28.455779457282535 ], [ -81.660853084339251, 28.465245352268845 ] ] ] } },
{ "type": "Feature", "properties": { "ID": 24063, "date": "2022-01-01T00:00:00", "smokePM_pred": 7.2299737930297896 }, "geometry": { "type": "Polygon", "coordinates": [ [ [ -81.561174777807935, 28.474641063218421 ], [ -81.550604943944009, 28.386541275211535 ], [ -81.650204876823736, 28.377179843252232 ], [ -81.660853084339251, 28.465245352268845 ], [ -81.561174777807935, 28.474641063218421 ] ] ] } },
{ "type": "Feature", "properties": { "ID": 24064, "date": "2022-01-01T00:00:00", "smokePM_pred": 7.6394343376159703 }, "geometry": { "type": "Polygon", "coordinates": [ [ [ -81.461448861981353, 28.483966461648389 ], [ -81.450957567102805, 28.395832645310129 ], [ -81.550604943944009, 28.386541275211535 ], [ -81.561174777807935, 28.474641063218421 ], [ -81.461448861981353, 28.483966461648389 ] ] ] } },
{ "type": "Feature", "properties": { "ID": 24065, "date": "2022-01-01T00:00:00", "smokePM_pred": 7.4453907012939498 }, "geometry": { "type": "Polygon", "coordinates": [ [ [ -81.361675677104074, 28.493221419913517 ], [ -81.351263085507796, 28.405053826497618 ], [ -81.450957567102805, 28.395832645310129 ], [ -81.461448861981353, 28.483966461648389 ], [ -81.361675677104074, 28.493221419913517 ] ] ] } },
{ "type": "Feature", "properties": { "ID": 24066, "date": "2022-01-01T00:00:00", "smokePM_pred": 7.4803323745727504 }, "geometry": { "type": "Polygon", "coordinates": [ [ [ -81.261855564457321, 28.502405811210728 ], [ -81.251521839396631, 28.414204692562112 ], [ -81.351263085507796, 28.405053826497618 ], [ -81.361675677104074, 28.493221419913517 ], [ -81.261855564457321, 28.502405811210728 ] ] ] } },
{ "type": "Feature", "properties": { "ID": 24067, "date": "2022-01-01T00:00:00", "smokePM_pred": 7.2996320724487296 }, "geometry": { "type": "Polygon", "coordinates": [ [ [ -81.16198886635307, 28.511519509583508 ], [ -81.151734170031006, 28.423285118134672 ], [ -81.251521839396631, 28.414204692562112 ], [ -81.261855564457321, 28.502405811210728 ], [ -81.16198886635307, 28.511519509583508 ] ] ] } },
{ "type": "Feature", "properties": { "ID": 24068, "date": "2022-01-01T00:00:00", "smokePM_pred": 7.3164367675781197 }, "geometry": { "type": "Polygon", "coordinates": [ [ [ -81.062075926128188, 28.520562389926276 ], [ -81.051900419690838, 28.432294978693648 ], [ -81.151734170031006, 28.423285118134672 ], [ -81.16198886635307, 28.511519509583508 ], [ -81.062075926128188, 28.520562389926276 ] ] ] } },
{ "type": "Feature", "properties": { "ID": 24069, "date": "2022-01-01T00:00:00", "smokePM_pred": 7.0336179733276403 }, "geometry": { "type": "Polygon", "coordinates": [ [ [ -80.962117088138456, 28.529534327988863 ], [ -80.952020931668343, 28.441234150569077 ], [ -81.051900419690838, 28.432294978693648 ], [ -81.062075926128188, 28.520562389926276 ], [ -80.962117088138456, 28.529534327988863 ] ] ] } },
{ "type": "Feature", "properties": { "ID": 24070, "date": "2022-01-01T00:00:00", "smokePM_pred": 5.80930376052856 }, "geometry": { "type": "Polygon", "coordinates": [ [ [ -80.862112697752451, 28.538435200380803 ], [ -80.852096050262034, 28.450102510947008 ], [ -80.952020931668343, 28.441234150569077 ], [ -80.962117088138456, 28.529534327988863 ], [ -80.862112697752451, 28.538435200380803 ] ] ] } },
{ "type": "Feature", "properties": { "ID": 24071, "date": "2022-01-01T00:00:00", "smokePM_pred": 4.7836747169494602 }, "geometry": { "type": "Polygon", "coordinates": [ [ [ -80.762063101345632, 28.547264884575728 ], [ -80.752126120770669, 28.45889993787382 ], [ -80.852096050262034, 28.450102510947008 ], [ -80.862112697752451, 28.538435200380803 ], [ -80.762063101345632, 28.547264884575728 ] ] ] } },
{ "type": "Feature", "properties": { "ID": 24072, "date": "2022-01-01T00:00:00", "smokePM_pred": 4.0796346664428702 }, "geometry": { "type": "Polygon", "coordinates": [ [ [ -80.661968646294056, 28.556023258915648 ], [ -80.652111489487069, 28.467626310260531 ], [ -80.752126120770669, 28.45889993787382 ], [ -80.762063101345632, 28.547264884575728 ], [ -80.661968646294056, 28.556023258915648 ] ] ] } },
{ "type": "Feature", "properties": { "ID": 24073, "date": "2022-01-01T00:00:00", "smokePM_pred": 3.5189731121063201 }, "geometry": { "type": "Polygon", "coordinates": [ [ [ -80.561829680968287, 28.564710202615267 ], [ -80.552052503692124, 28.476281507887048 ], [ -80.652111489487069, 28.467626310260531 ], [ -80.661968646294056, 28.556023258915648 ], [ -80.561829680968287, 28.564710202615267 ] ] ] } },
{ "type": "Feature", "properties": { "ID": 24074, "date": "2022-01-01T00:00:00", "smokePM_pred": 2.89832592010498 }, "geometry": { "type": "Polygon", "coordinates": [ [ [ -80.461646554727082, 28.573325595766267 ], [ -80.451949511648465, 28.484865411406407 ], [ -80.552052503692124, 28.476281507887048 ], [ -80.561829680968287, 28.564710202615267 ], [ -80.461646554727082, 28.573325595766267 ] ] ] } },
{ "type": "Feature", "properties": { "ID": 24075, "date": "2022-01-01T00:00:00", "smokePM_pred": 2.7797474861145002 }, "geometry": { "type": "Polygon", "coordinates": [ [ [ -80.36141961791111, 28.581869319341529 ], [ -80.351802862594127, 28.493377902349035 ], [ -80.451949511648465, 28.484865411406407 ], [ -80.461646554727082, 28.573325595766267 ], [ -80.36141961791111, 28.581869319341529 ] ] ] } },
{ "type": "Feature", "properties": { "ID": 24406, "date": "2022-01-01T00:00:00", "smokePM_pred": 13.6595449447632 }, "geometry": { "type": "Polygon", "coordinates": [ [ [ -97.781835582492789, 26.0366855956126 ], [ -97.760741861489123, 25.957584096794484 ], [ -97.848207209382096, 25.938534734653331 ], [ -97.869341803438004, 26.017569652573826 ], [ -97.781835582492789, 26.0366855956126 ] ] ] } },
{ "type": "Feature", "properties": { "ID": 24407, "date": "2022-01-01T00:00:00", "smokePM_pred": 13.233029365539601 }, "geometry": { "type": "Polygon", "coordinates": [ [ [ -97.694241277563506, 26.055761307748291 ], [ -97.673188667714115, 25.976593347149823 ], [ -97.760741861489123, 25.957584096794484 ], [ -97.781835582492789, 26.0366855956126 ], [ -97.694241277563506, 26.055761307748291 ] ] ] } },
{ "type": "Feature", "properties": { "ID": 24408, "date": "2022-01-01T00:00:00", "smokePM_pred": 13.318469047546399 }, "geometry": { "type": "Polygon", "coordinates": [ [ [ -97.60655901267458, 26.074796590022483 ], [ -97.585547752232102, 25.995562287562585 ], [ -97.673188667714115, 25.976593347149823 ], [ -97.694241277563506, 26.055761307748291 ], [ -97.60655901267458, 26.074796590022483 ] ] ] } },
{ "type": "Feature", "properties": { "ID": 24409, "date": "2022-01-01T00:00:00", "smokePM_pred": 13.452772140502899 }, "geometry": { "type": "Polygon", "coordinates": [ [ [ -97.518788913077756, 26.093791243468196 ], [ -97.49781924044018, 26.014490719868359 ], [ -97.585547752232102, 25.995562287562585 ], [ -97.60655901267458, 26.074796590022483 ], [ -97.518788913077756, 26.093791243468196 ] ] ] } },
{ "type": "Feature", "properties": { "ID": 24410, "date": "2022-01-01T00:00:00", "smokePM_pred": 13.51344871521 }, "geometry": { "type": "Polygon", "coordinates": [ [ [ -97.430931105254842, 26.112745069114126 ], [ -97.410003258960145, 26.033378445899292 ], [ -97.49781924044018, 26.014490719868359 ], [ -97.518788913077756, 26.093791243468196 ], [ -97.430931105254842, 26.112745069114126 ] ] ] } },
{ "type": "Feature", "properties": { "ID": 24411, "date": "2022-01-01T00:00:00", "smokePM_pred": 14.380724906921399 }, "geometry": { "type": "Polygon", "coordinates": [ [ [ -97.342985716920424, 26.131657867988935 ], [ -97.322099935641305, 26.052225267488364 ], [ -97.410003258960145, 26.033378445899292 ], [ -97.430931105254842, 26.112745069114126 ], [ -97.342985716920424, 26.131657867988935 ] ] ] } },
{ "type": "Feature", "properties": { "ID": 24412, "date": "2022-01-01T00:00:00", "smokePM_pred": 14.8926382064819 }, "geometry": { "type": "Polygon", "coordinates": [ [ [ -97.254952877024579, 26.150529441125514 ], [ -97.234109399563053, 26.071030986473669 ], [ -97.322099935641305, 26.052225267488364 ], [ -97.342985716920424, 26.131657867988935 ], [ -97.254952877024579, 26.150529441125514 ] ] ] } },
{ "type": "Feature", "properties": { "ID": 24413, "date": "2022-01-01T00:00:00", "smokePM_pred": 15.1492729187012 }, "geometry": { "type": "Polygon", "coordinates": [ [ [ -97.166832715755518, 26.1693595895653 ], [ -97.14603178103755, 26.08979540470267 ], [ -97.234109399563053, 26.071030986473669 ], [ -97.254952877024579, 26.150529441125514 ], [ -97.166832715755518, 26.1693595895653 ] ] ] } },
{ "type": "Feature", "properties": { "ID": 24414, "date": "2022-01-01T00:00:00", "smokePM_pred": 15.6619663238525 }, "geometry": { "type": "Polygon", "coordinates": [ [ [ -97.078625364542233, 26.188148114362622 ], [ -97.057867211612262, 26.108518324036531 ], [ -97.14603178103755, 26.08979540470267 ], [ -97.166832715755518, 26.1693595895653 ], [ -97.078625364542233, 26.188148114362622 ] ] ] } },
{ "type": "Feature", "properties": { "ID": 24415, "date": "2022-01-01T00:00:00", "smokePM_pred": 15.6104831695557 }, "geometry": { "type": "Polygon", "coordinates": [ [ [ -96.990330956057107, 26.206894816589003 ], [ -96.969615824072633, 26.127199546354415 ], [ -97.057867211612262, 26.108518324036531 ], [ -97.078625364542233, 26.188148114362622 ], [ -96.990330956057107, 26.206894816589003 ] ] ] } },
{ "type": "Feature", "properties": { "ID": 24573, "date": "2022-01-01T00:00:00", "smokePM_pred": 3.99203705787659 }, "geometry": { "type": "Polygon", "coordinates": [ [ [ -82.070092772453947, 28.514882833575353 ], [ -82.059083449225284, 28.42696196540275 ], [ -82.158518642296229, 28.41721663569438 ], [ -82.169605831096874, 28.505101924923324 ], [ -82.070092772453947, 28.514882833575353 ] ] ] } },
{ "type": "Feature", "properties": { "ID": 24574, "date": "2022-01-01T00:00:00", "smokePM_pred": 4.8077807426452601 }, "geometry": { "type": "Polygon", "coordinates": [ [ [ -81.970530247556013, 28.524593832459033 ], [ -81.959598961386533, 28.436637633292658 ], [ -82.059083449225284, 28.42696196540275 ], [ -82.070092772453947, 28.514882833575353 ], [ -81.970530247556013, 28.524593832459033 ] ] ] } },
{ "type": "Feature", "properties": { "ID": 24575, "date": "2022-01-01T00:00:00", "smokePM_pred": 5.3349695205688503 }, "geometry": { "type": "Polygon", "coordinates": [ [ [ -81.870918592387156, 28.534234789170995 ], [ -81.8600655137556, 28.446243507575549 ], [ -81.959598961386533, 28.436637633292658 ], [ -81.970530247556013, 28.524593832459033 ], [ -81.870918592387156, 28.534234789170995 ] ] ] } },
{ "type": "Feature", "properties": { "ID": 24576, "date": "2022-01-01T00:00:00", "smokePM_pred": 6.2529339790344203 }, "geometry": { "type": "Polygon", "coordinates": [ [ [ -81.771258144003312, 28.543805572130935 ], [ -81.760483442373129, 28.455779457282535 ], [ -81.8600655137556, 28.446243507575549 ], [ -81.870918592387156, 28.534234789170995 ], [ -81.771258144003312, 28.543805572130935 ] ] ] } },
{ "type": "Feature", "properties": { "ID": 24577, "date": "2022-01-01T00:00:00", "smokePM_pred": 7.11358642578125 }, "geometry": { "type": "Polygon", "coordinates": [ [ [ -81.671549240526886, 28.553306050586244 ], [ -81.660853084339251, 28.465245352268845 ], [ -81.760483442373129, 28.455779457282535 ], [ -81.771258144003312, 28.543805572130935 ], [ -81.671549240526886, 28.553306050586244 ] ] ] } },
{ "type": "Feature", "properties": { "ID": 24578, "date": "2022-01-01T00:00:00", "smokePM_pred": 7.4107365608215297 }, "geometry": { "type": "Polygon", "coordinates": [ [ [ -81.571792221140882, 28.562736094616536 ], [ -81.561174777807935, 28.474641063218421 ], [ -81.660853084339251, 28.465245352268845 ], [ -81.671549240526886, 28.553306050586244 ], [ -81.571792221140882, 28.562736094616536 ] ] ] } },
{ "type": "Feature", "properties": { "ID": 24579, "date": "2022-01-01T00:00:00", "smokePM_pred": 7.7682557106018102 }, "geometry": { "type": "Polygon", "coordinates": [ [ [ -81.471987426083373, 28.572095575138139 ], [ -81.461448861981353, 28.483966461648389 ], [ -81.561174777807935, 28.474641063218421 ], [ -81.571792221140882, 28.562736094616536 ], [ -81.471987426083373, 28.572095575138139 ] ] ] } },
{ "type": "Feature", "properties": { "ID": 24580, "date": "2022-01-01T00:00:00", "smokePM_pred": 7.4668617248535201 }, "geometry": { "type": "Polygon", "coordinates": [ [ [ -81.372135196641636, 28.581384363908697 ], [ -81.361675677104074, 28.493221419913517 ], [ -81.461448861981353, 28.483966461648389 ], [ -81.471987426083373, 28.572095575138139 ], [ -81.372135196641636, 28.581384363908697 ] ] ] } },
{ "type": "Feature", "properties": { "ID": 24581, "date": "2022-01-01T00:00:00", "smokePM_pred": 7.5252180099487296 }, "geometry": { "type": "Polygon", "coordinates": [ [ [ -81.272235875146308, 28.590602333531542 ], [ -81.261855564457321, 28.502405811210728 ], [ -81.361675677104074, 28.493221419913517 ], [ -81.372135196641636, 28.581384363908697 ], [ -81.272235875146308, 28.590602333531542 ] ] ] } },
{ "type": "Feature", "properties": { "ID": 24582, "date": "2022-01-01T00:00:00", "smokePM_pred": 7.9686574935913104 }, "geometry": { "type": "Polygon", "coordinates": [ [ [ -81.172289804965601, 28.599749357460261 ], [ -81.16198886635307, 28.511519509583508 ], [ -81.261855564457321, 28.502405811210728 ], [ -81.272235875146308, 28.590602333531542 ], [ -81.172289804965601, 28.599749357460261 ] ] ] } },
{ "type": "Feature", "properties": { "ID": 24583, "date": "2022-01-01T00:00:00", "smokePM_pred": 8.0436296463012695 }, "geometry": { "type": "Polygon", "coordinates": [ [ [ -81.072297330499254, 28.608825310003056 ], [ -81.062075926128188, 28.520562389926276 ], [ -81.16198886635307, 28.511519509583508 ], [ -81.172289804965601, 28.599749357460261 ], [ -81.072297330499254, 28.608825310003056 ] ] ] } },
{ "type": "Feature", "properties": { "ID": 24584, "date": "2022-01-01T00:00:00", "smokePM_pred": 7.7585396766662598 }, "geometry": { "type": "Polygon", "coordinates": [ [ [ -80.9722587971726, 28.617830066327205 ], [ -80.962117088138456, 28.529534327988863 ], [ -81.062075926128188, 28.520562389926276 ], [ -81.072297330499254, 28.608825310003056 ], [ -80.9722587971726, 28.617830066327205 ] ] ] } },
{ "type": "Feature", "properties": { "ID": 24585, "date": "2022-01-01T00:00:00", "smokePM_pred": 6.2315587997436497 }, "geometry": { "type": "Polygon", "coordinates": [ [ [ -80.872174551430447, 28.626763502463454 ], [ -80.862112697752451, 28.538435200380803 ], [ -80.962117088138456, 28.529534327988863 ], [ -80.9722587971726, 28.617830066327205 ], [ -80.872174551430447, 28.626763502463454 ] ] ] } },
{ "type": "Feature", "properties": { "ID": 24586, "date": "2022-01-01T00:00:00", "smokePM_pred": 5.5158572196960396 }, "geometry": { "type": "Polygon", "coordinates": [ [ [ -80.772044940731078, 28.635625495310371 ], [ -80.762063101345632, 28.547264884575728 ], [ -80.862112697752451, 28.538435200380803 ], [ -80.872174551430447, 28.626763502463454 ], [ -80.772044940731078, 28.635625495310371 ] ] ] } },
{ "type": "Feature", "properties": { "ID": 24587, "date": "2022-01-01T00:00:00", "smokePM_pred": 4.3305921554565403 }, "geometry": { "type": "Polygon", "coordinates": [ [ [ -80.671870313539941, 28.644415922638707 ], [ -80.661968646294056, 28.556023258915648 ], [ -80.762063101345632, 28.547264884575728 ], [ -80.772044940731078, 28.635625495310371 ], [ -80.671870313539941, 28.644415922638707 ] ] ] } },
{ "type": "Feature", "properties": { "ID": 24588, "date": "2022-01-01T00:00:00", "smokePM_pred": 3.9229824542999299 }, "geometry": { "type": "Polygon", "coordinates": [ [ [ -80.571651019323539, 28.653134663095695 ], [ -80.561829680968287, 28.564710202615267 ], [ -80.661968646294056, 28.556023258915648 ], [ -80.671870313539941, 28.644415922638707 ], [ -80.571651019323539, 28.653134663095695 ] ] ] } },
{ "type": "Feature", "properties": { "ID": 24589, "date": "2022-01-01T00:00:00", "smokePM_pred": 3.6474943161010702 }, "geometry": { "type": "Polygon", "coordinates": [ [ [ -80.471387408543066, 28.661781596209387 ], [ -80.461646554727082, 28.573325595766267 ], [ -80.561829680968287, 28.564710202615267 ], [ -80.571651019323539, 28.653134663095695 ], [ -80.471387408543066, 28.661781596209387 ] ] ] } },
{ "type": "Feature", "properties": { "ID": 24917, "date": "2022-01-01T00:00:00", "smokePM_pred": 11.390456199646 }, "geometry": { "type": "Polygon", "coordinates": [ [ [ -98.152675094727371, 26.038799775117827 ], [ -98.131330740476145, 25.959982427405922 ], [ -98.218483409689341, 25.940707550019894 ], [ -98.239867804124188, 26.019457775361058 ], [ -98.152675094727371, 26.038799775117827 ] ] ] } },
{ "type": "Feature", "properties": { "ID": 24918, "date": "2022-01-01T00:00:00", "smokePM_pred": 11.309332847595201 }, "geometry": { "type": "Polygon", "coordinates": [ [ [ -98.065393578805129, 26.058102223814309 ], [ -98.044089503398382, 25.979217869552489 ], [ -98.131330740476145, 25.959982427405922 ], [ -98.152675094727371, 26.038799775117827 ], [ -98.065393578805129, 26.058102223814309 ] ] ] } },
{ "type": "Feature", "properties": { "ID": 24919, "date": "2022-01-01T00:00:00", "smokePM_pred": 11.2214307785034 }, "geometry": { "type": "Polygon", "coordinates": [ [ [ -97.978023375326401, 26.077364921768805 ], [ -97.956759817599263, 25.998413677577592 ], [ -98.044089503398382, 25.979217869552489 ], [ -98.065393578805129, 26.058102223814309 ], [ -97.978023375326401, 26.077364921768805 ] ] ] } },
{ "type": "Feature", "properties": { "ID": 24920, "date": "2022-01-01T00:00:00", "smokePM_pred": 12.2940130233765 }, "geometry": { "type": "Polygon", "coordinates": [ [ [ -97.890564604481469, 26.096587669273248 ], [ -97.869341803438004, 26.017569652573826 ], [ -97.956759817599263, 25.998413677577592 ], [ -97.978023375326401, 26.077364921768805 ], [ -97.890564604481469, 26.096587669273248 ] ] ] } },
{ "type": "Feature", "properties": { "ID": 24921, "date": "2022-01-01T00:00:00", "smokePM_pred": 12.2877902984619 }, "geometry": { "type": "Polygon", "coordinates": [ [ [ -97.803017387684619, 26.115770266597387 ], [ -97.781835582492789, 26.0366855956126 ], [ -97.869341803438004, 26.017569652573826 ], [ -97.890564604481469, 26.096587669273248 ], [ -97.803017387684619, 26.115770266597387 ] ] ] } },
{ "type": "Feature", "properties": { "ID": 24922, "date": "2022-01-01T00:00:00", "smokePM_pred": 13.465237617492701 }, "geometry": { "type": "Polygon", "coordinates": [ [ [ -97.715381847577092, 26.134912513993012 ], [ -97.694241277563506, 26.055761307748291 ], [ -97.781835582492789, 26.0366855956126 ], [ -97.803017387684619, 26.115770266597387 ], [ -97.715381847577092, 26.134912513993012 ] ] ] } },
{ "type": "Feature", "properties": { "ID": 24923, "date": "2022-01-01T00:00:00", "smokePM_pred": 13.5725746154785 }, "geometry": { "type": "Polygon", "coordinates": [ [ [ -97.627658108029948, 26.15401421169814 ], [ -97.60655901267458, 26.074796590022483 ], [ -97.694241277563506, 26.055761307748291 ], [ -97.715381847577092, 26.134912513993012 ], [ -97.627658108029948, 26.15401421169814 ] ] ] } },
{ "type": "Feature", "properties": { "ID": 24924, "date": "2022-01-01T00:00:00", "smokePM_pred": 13.7419633865356 }, "geometry": { "type": "Polygon", "coordinates": [ [ [ -97.539846294146884, 26.173075159941334 ], [ -97.518788913077756, 26.093791243468196 ], [ -97.60655901267458, 26.074796590022483 ], [ -97.627658108029948, 26.15401421169814 ], [ -97.539846294146884, 26.173075159941334 ] ] ] } },
{ "type": "Feature", "properties": { "ID": 24925, "date": "2022-01-01T00:00:00", "smokePM_pred": 14.049469947814901 }, "geometry": { "type": "Polygon", "coordinates": [ [ [ -97.45194653226693, 26.1920951589459 ], [ -97.430931105254842, 26.112745069114126 ], [ -97.518788913077756, 26.093791243468196 ], [ -97.539846294146884, 26.173075159941334 ], [ -97.45194653226693, 26.1920951589459 ] ] ] } },
{ "type": "Feature", "properties": { "ID": 24926, "date": "2022-01-01T00:00:00", "smokePM_pred": 14.701266288757299 }, "geometry": { "type": "Polygon", "coordinates": [ [ [ -97.363958949967312, 26.211074008934258 ], [ -97.342985716920424, 26.131657867988935 ], [ -97.430931105254842, 26.112745069114126 ], [ -97.45194653226693, 26.1920951589459 ], [ -97.363958949967312, 26.211074008934258 ] ] ] } },
{ "type": "Feature", "properties": { "ID": 24927, "date": "2022-01-01T00:00:00", "smokePM_pred": 14.4894361495972 }, "geometry": { "type": "Polygon", "coordinates": [ [ [ -97.275883676066101, 26.230011510132165 ], [ -97.254952877024579, 26.150529441125514 ], [ -97.342985716920424, 26.131657867988935 ], [ -97.363958949967312, 26.211074008934258 ], [ -97.275883676066101, 26.230011510132165 ] ] ] } },
{ "type": "Feature", "properties": { "ID": 24928, "date": "2022-01-01T00:00:00", "smokePM_pred": 15.047701835632299 }, "geometry": { "type": "Polygon", "coordinates": [ [ [ -97.187720840624934, 26.248907462773083 ], [ -97.166832715755518, 26.1693595895653 ], [ -97.254952877024579, 26.150529441125514 ], [ -97.275883676066101, 26.230011510132165 ], [ -97.187720840624934, 26.248907462773083 ] ] ] } },
{ "type": "Feature", "properties": { "ID": 24929, "date": "2022-01-01T00:00:00", "smokePM_pred": 15.5494995117188 }, "geometry": { "type": "Polygon", "coordinates": [ [ [ -97.099470574951695, 26.267761667102519 ], [ -97.078625364542233, 26.188148114362622 ], [ -97.166832715755518, 26.1693595895653 ], [ -97.187720840624934, 26.248907462773083 ], [ -97.099470574951695, 26.267761667102519 ] ] ] } },
{ "type": "Feature", "properties": { "ID": 24930, "date": "2022-01-01T00:00:00", "smokePM_pred": 15.653571128845201 }, "geometry": { "type": "Polygon", "coordinates": [ [ [ -97.011133011603164, 26.286573923382402 ], [ -96.990330956057107, 26.206894816589003 ], [ -97.078625364542233, 26.188148114362622 ], [ -97.099470574951695, 26.267761667102519 ], [ -97.011133011603164, 26.286573923382402 ] ] ] } },
{ "type": "Feature", "properties": { "ID": 25088, "date": "2022-01-01T00:00:00", "smokePM_pred": 3.9154288768768302 }, "geometry": { "type": "Polygon", "coordinates": [ [ [ -82.081151562117185, 28.60279864853123 ], [ -82.070092772453947, 28.514882833575353 ], [ -82.169605831096874, 28.505101924923324 ], [ -82.180742821239548, 28.592982104937857 ], [ -82.081151562117185, 28.60279864853123 ] ] ] } },
{ "type": "Feature", "properties": { "ID": 25089, "date": "2022-01-01T00:00:00", "smokePM_pred": 4.3372864723205602 }, "geometry": { "type": "Polygon", "coordinates": [ [ [ -81.981510664175133, 28.612545034086736 ], [ -81.970530247556013, 28.524593832459033 ], [ -82.070092772453947, 28.514882833575353 ], [ -82.081151562117185, 28.60279864853123 ], [ -81.981510664175133, 28.612545034086736 ] ] ] } },
{ "type": "Feature", "properties": { "ID": 25090, "date": "2022-01-01T00:00:00", "smokePM_pred": 4.9820837974548304 }, "geometry": { "type": "Polygon", "coordinates": [ [ [ -81.881820464411376, 28.622221128583696 ], [ -81.870918592387156, 28.534234789170995 ], [ -81.970530247556013, 28.524593832459033 ], [ -81.981510664175133, 28.612545034086736 ], [ -81.881820464411376, 28.622221128583696 ] ] ] } },
{ "type": "Feature", "properties": { "ID": 25091, "date": "2022-01-01T00:00:00", "smokePM_pred": 5.8070015907287598 }, "geometry": { "type": "Polygon", "coordinates": [ [ [ -81.782081300902902, 28.631826799828044 ], [ -81.771258144003312, 28.543805572130935 ], [ -81.870918592387156, 28.534234789170995 ], [ -81.881820464411376, 28.622221128583696 ], [ -81.782081300902902, 28.631826799828044 ] ] ] } },
{ "type": "Feature", "properties": { "ID": 25092, "date": "2022-01-01T00:00:00", "smokePM_pred": 6.7895689010620099 }, "geometry": { "type": "Polygon", "coordinates": [ [ [ -81.682293512799902, 28.641361916456898 ], [ -81.671549240526886, 28.553306050586244 ], [ -81.771258144003312, 28.543805572130935 ], [ -81.782081300902902, 28.631826799828044 ], [ -81.682293512799902, 28.641361916456898 ] ] ] } },
{ "type": "Feature", "properties": { "ID": 25093, "date": "2022-01-01T00:00:00", "smokePM_pred": 7.3707013130187997 }, "geometry": { "type": "Polygon", "coordinates": [ [ [ -81.582457440320198, 28.650826347943124 ], [ -81.571792221140882, 28.562736094616536 ], [ -81.671549240526886, 28.553306050586244 ], [ -81.682293512799902, 28.641361916456898 ], [ -81.582457440320198, 28.650826347943124 ] ] ] } },
{ "type": "Feature", "properties": { "ID": 25094, "date": "2022-01-01T00:00:00", "smokePM_pred": 8.1065855026245099 }, "geometry": { "type": "Polygon", "coordinates": [ [ [ -81.482573424743521, 28.66021996459996 ], [ -81.471987426083373, 28.572095575138139 ], [ -81.571792221140882, 28.562736094616536 ], [ -81.582457440320198, 28.650826347943124 ], [ -81.482573424743521, 28.66021996459996 ] ] ] } },
{ "type": "Feature", "properties": { "ID": 25095, "date": "2022-01-01T00:00:00", "smokePM_pred": 7.6749768257141104 }, "geometry": { "type": "Polygon", "coordinates": [ [ [ -81.382641808405666, 28.669542637585455 ], [ -81.372135196641636, 28.581384363908697 ], [ -81.471987426083373, 28.572095575138139 ], [ -81.482573424743521, 28.66021996459996 ], [ -81.382641808405666, 28.669542637585455 ] ] ] } },
{ "type": "Feature", "properties": { "ID": 25096, "date": "2022-01-01T00:00:00", "smokePM_pred": 7.74035596847534 }, "geometry": { "type": "Polygon", "coordinates": [ [ [ -81.282662934692624, 28.678794238907052 ], [ -81.272235875146308, 28.590602333531542 ], [ -81.372135196641636, 28.581384363908697 ], [ -81.382641808405666, 28.669542637585455 ], [ -81.282662934692624, 28.678794238907052 ] ] ] } },
{ "type": "Feature", "properties": { "ID": 25097, "date": "2022-01-01T00:00:00", "smokePM_pred": 8.8922033309936506 }, "geometry": { "type": "Polygon", "coordinates": [ [ [ -81.182637148034686, 28.687974641426077 ], [ -81.172289804965601, 28.599749357460261 ], [ -81.272235875146308, 28.590602333531542 ], [ -81.282662934692624, 28.678794238907052 ], [ -81.182637148034686, 28.687974641426077 ] ] ] } },
{ "type": "Feature", "properties": { "ID": 25098, "date": "2022-01-01T00:00:00", "smokePM_pred": 8.6753177642822301 }, "geometry": { "type": "Polygon", "coordinates": [ [ [ -81.082564793900545, 28.697083718862149 ], [ -81.072297330499254, 28.608825310003056 ], [ -81.172289804965601, 28.599749357460261 ], [ -81.182637148034686, 28.687974641426077 ], [ -81.082564793900545, 28.697083718862149 ] ] ] } },
{ "type": "Feature", "properties": { "ID": 25099, "date": "2022-01-01T00:00:00", "smokePM_pred": 7.87551069259644 }, "geometry": { "type": "Polygon", "coordinates": [ [ [ -80.982446218791125, 28.706121345797712 ], [ -80.9722587971726, 28.617830066327205 ], [ -81.072297330499254, 28.608825310003056 ], [ -81.082564793900545, 28.697083718862149 ], [ -80.982446218791125, 28.706121345797712 ] ] ] } },
{ "type": "Feature", "properties": { "ID": 25100, "date": "2022-01-01T00:00:00", "smokePM_pred": 6.5594468116760298 }, "geometry": { "type": "Polygon", "coordinates": [ [ [ -80.882281770233575, 28.71508739768236 ], [ -80.872174551430447, 28.626763502463454 ], [ -80.9722587971726, 28.617830066327205 ], [ -80.982446218791125, 28.706121345797712 ], [ -80.882281770233575, 28.71508739768236 ] ] ] } },
{ "type": "Feature", "properties": { "ID": 25101, "date": "2022-01-01T00:00:00", "smokePM_pred": 5.9183554649353001 }, "geometry": { "type": "Polygon", "coordinates": [ [ [ -80.782071796775128, 28.723981750837325 ], [ -80.772044940731078, 28.635625495310371 ], [ -80.872174551430447, 28.626763502463454 ], [ -80.882281770233575, 28.71508739768236 ], [ -80.782071796775128, 28.723981750837325 ] ] ] } },
{ "type": "Feature", "properties": { "ID": 25102, "date": "2022-01-01T00:00:00", "smokePM_pred": 4.4112877845764196 }, "geometry": { "type": "Polygon", "coordinates": [ [ [ -80.681816647976902, 28.732804282459782 ], [ -80.671870313539941, 28.644415922638707 ], [ -80.772044940731078, 28.635625495310371 ], [ -80.782071796775128, 28.723981750837325 ], [ -80.681816647976902, 28.732804282459782 ] ] ] } },
{ "type": "Feature", "properties": { "ID": 25103, "date": "2022-01-01T00:00:00", "smokePM_pred": 3.9084820747375502 }, "geometry": { "type": "Polygon", "coordinates": [ [ [ -80.581516674407595, 28.74155487062724 ], [ -80.571651019323539, 28.653134663095695 ], [ -80.671870313539941, 28.644415922638707 ], [ -80.681816647976902, 28.732804282459782 ], [ -80.581516674407595, 28.74155487062724 ] ] ] } },
{ "type": "Feature", "properties": { "ID": 25104, "date": "2022-01-01T00:00:00", "smokePM_pred": 3.9374458789825399 }, "geometry": { "type": "Polygon", "coordinates": [ [ [ -80.481172227637188, 28.750233394301841 ], [ -80.471387408543066, 28.661781596209387 ], [ -80.571651019323539, 28.653134663095695 ], [ -80.581516674407595, 28.74155487062724 ], [ -80.481172227637188, 28.750233394301841 ] ] ] } },
{ "type": "Feature", "properties": { "ID": 25431, "date": "2022-01-01T00:00:00", "smokePM_pred": 12.2157754898071 }, "geometry": { "type": "Polygon", "coordinates": [ [ [ -98.261341123037766, 26.098190726425067 ], [ -98.239867804124188, 26.019457775361058 ], [ -98.32697158924482, 26.000076424195132 ], [ -98.348484826395406, 26.078742064664077 ], [ -98.261341123037766, 26.098190726425067 ] ] ] } },
{ "type": "Feature", "properties": { "ID": 25432, "date": "2022-01-01T00:00:00", "smokePM_pred": 11.3400363922119 }, "geometry": { "type": "Polygon", "coordinates": [ [ [ -98.174108255707097, 26.117599921856915 ], [ -98.152675094727371, 26.038799775117827 ], [ -98.239867804124188, 26.019457775361058 ], [ -98.261341123037766, 26.098190726425067 ], [ -98.174108255707097, 26.117599921856915 ] ] ] } },
{ "type": "Feature", "properties": { "ID": 25433, "date": "2022-01-01T00:00:00", "smokePM_pred": 10.5172624588013 }, "geometry": { "type": "Polygon", "coordinates": [ [ [ -98.086786341971802, 26.136969450507952 ], [ -98.065393578805129, 26.058102223814309 ], [ -98.152675094727371, 26.038799775117827 ], [ -98.174108255707097, 26.117599921856915 ], [ -98.086786341971802, 26.136969450507952 ] ] ] } },
{ "type": "Feature", "properties": { "ID": 25434, "date": "2022-01-01T00:00:00", "smokePM_pred": 10.7237405776978 }, "geometry": { "type": "Polygon", "coordinates": [ [ [ -97.999375500623813, 26.156299111894956 ], [ -97.978023375326401, 26.077364921768805 ], [ -98.065393578805129, 26.058102223814309 ], [ -98.086786341971802, 26.136969450507952 ], [ -97.999375500623813, 26.156299111894956 ] ] ] } },
{ "type": "Feature", "properties": { "ID": 25435, "date": "2022-01-01T00:00:00", "smokePM_pred": 14.245059967041 }, "geometry": { "type": "Polygon", "coordinates": [ [ [ -97.911875851681373, 26.175588705507312 ], [ -97.890564604481469, 26.096587669273248 ], [ -97.978023375326401, 26.077364921768805 ], [ -97.999375500623813, 26.156299111894956 ], [ -97.911875851681373, 26.175588705507312 ] ] ] } },
{ "type": "Feature", "properties": { "ID": 25436, "date": "2022-01-01T00:00:00", "smokePM_pred": 12.678402900695801 }, "geometry": { "type": "Polygon", "coordinates": [ [ [ -97.82428751639209, 26.194838030811248 ], [ -97.803017387684619, 26.115770266597387 ], [ -97.890564604481469, 26.096587669273248 ], [ -97.911875851681373, 26.175588705507312 ], [ -97.82428751639209, 26.194838030811248 ] ] ] } },
{ "type": "Feature", "properties": { "ID": 25437, "date": "2022-01-01T00:00:00", "smokePM_pred": 13.6965799331665 }, "geometry": { "type": "Polygon", "coordinates": [ [ [ -97.736610617235726, 26.214046887254046 ], [ -97.715381847577092, 26.134912513993012 ], [ -97.803017387684619, 26.115770266597387 ], [ -97.82428751639209, 26.194838030811248 ], [ -97.736610617235726, 26.214046887254046 ] ] ] } },
{ "type": "Feature", "properties": { "ID": 25438, "date": "2022-01-01T00:00:00", "smokePM_pred": 13.433000564575201 }, "geometry": { "type": "Polygon", "coordinates": [ [ [ -97.648845277927165, 26.233215074268287 ], [ -97.627658108029948, 26.15401421169814 ], [ -97.715381847577092, 26.134912513993012 ], [ -97.736610617235726, 26.214046887254046 ], [ -97.648845277927165, 26.233215074268287 ] ] ] } },
{ "type": "Feature", "properties": { "ID": 25439, "date": "2022-01-01T00:00:00", "smokePM_pred": 13.675477981567401 }, "geometry": { "type": "Polygon", "coordinates": [ [ [ -97.560991623419255, 26.25234239127613 ], [ -97.539846294146884, 26.173075159941334 ], [ -97.627658108029948, 26.15401421169814 ], [ -97.648845277927165, 26.233215074268287 ], [ -97.560991623419255, 26.25234239127613 ] ] ] } },
{ "type": "Feature", "properties": { "ID": 25440, "date": "2022-01-01T00:00:00", "smokePM_pred": 14.071189880371101 }, "geometry": { "type": "Polygon", "coordinates": [ [ [ -97.473049779905523, 26.27142863769361 ], [ -97.45194653226693, 26.1920951589459 ], [ -97.539846294146884, 26.173075159941334 ], [ -97.560991623419255, 26.25234239127613 ], [ -97.473049779905523, 26.27142863769361 ] ] ] } },
{ "type": "Feature", "properties": { "ID": 25441, "date": "2022-01-01T00:00:00", "smokePM_pred": 14.495392799377401 }, "geometry": { "type": "Polygon", "coordinates": [ [ [ -97.385019874823072, 26.290473612934914 ], [ -97.363958949967312, 26.211074008934258 ], [ -97.45194653226693, 26.1920951589459 ], [ -97.473049779905523, 26.27142863769361 ], [ -97.385019874823072, 26.290473612934914 ] ] ] } },
{ "type": "Feature", "properties": { "ID": 25442, "date": "2022-01-01T00:00:00", "smokePM_pred": 14.172443389892599 }, "geometry": { "type": "Polygon", "coordinates": [ [ [ -97.2969020368553, 26.309477116416748 ], [ -97.275883676066101, 26.230011510132165 ], [ -97.363958949967312, 26.211074008934258 ], [ -97.385019874823072, 26.290473612934914 ], [ -97.2969020368553, 26.309477116416748 ] ] ] } },
{ "type": "Feature", "properties": { "ID": 25443, "date": "2022-01-01T00:00:00", "smokePM_pred": 14.699232101440399 }, "geometry": { "type": "Polygon", "coordinates": [ [ [ -97.208696395934581, 26.328438947562631 ], [ -97.187720840624934, 26.248907462773083 ], [ -97.275883676066101, 26.230011510132165 ], [ -97.2969020368553, 26.309477116416748 ], [ -97.208696395934581, 26.328438947562631 ] ] ] } },
{ "type": "Feature", "properties": { "ID": 25444, "date": "2022-01-01T00:00:00", "smokePM_pred": 15.257781028747599 }, "geometry": { "type": "Polygon", "coordinates": [ [ [ -97.120403083245066, 26.347358905807287 ], [ -97.099470574951695, 26.267761667102519 ], [ -97.187720840624934, 26.248907462773083 ], [ -97.208696395934581, 26.328438947562631 ], [ -97.120403083245066, 26.347358905807287 ] ] ] } },
{ "type": "Feature", "properties": { "ID": 25445, "date": "2022-01-01T00:00:00", "smokePM_pred": 15.138598442077599 }, "geometry": { "type": "Polygon", "coordinates": [ [ [ -97.032022231225312, 26.366236790601047 ], [ -97.011133011603164, 26.286573923382402 ], [ -97.099470574951695, 26.267761667102519 ], [ -97.120403083245066, 26.347358905807287 ], [ -97.032022231225312, 26.366236790601047 ] ] ] } },
{ "type": "Feature", "properties": { "ID": 25604, "date": "2022-01-01T00:00:00", "smokePM_pred": 3.86058449745178 }, "geometry": { "type": "Polygon", "coordinates": [ [ [ -81.99254038279571, 28.700491215473559 ], [ -81.981510664175133, 28.612545034086736 ], [ -82.081151562117185, 28.60279864853123 ], [ -82.092259990780846, 28.690709387276062 ], [ -81.99254038279571, 28.700491215473559 ] ] ] } },
{ "type": "Feature", "properties": { "ID": 25605, "date": "2022-01-01T00:00:00", "smokePM_pred": 4.4608049392700204 }, "geometry": { "type": "Polygon", "coordinates": [ [ [ -81.892771300359257, 28.710202503402151 ], [ -81.881820464411376, 28.622221128583696 ], [ -81.981510664175133, 28.612545034086736 ], [ -81.99254038279571, 28.700491215473559 ], [ -81.892771300359257, 28.710202503402151 ] ] ] } },
{ "type": "Feature", "properties": { "ID": 25606, "date": "2022-01-01T00:00:00", "smokePM_pred": 5.4816541671752903 }, "geometry": { "type": "Polygon", "coordinates": [ [ [ -81.792953082574954, 28.71984311825155 ], [ -81.782081300902902, 28.631826799828044 ], [ -81.881820464411376, 28.622221128583696 ], [ -81.892771300359257, 28.710202503402151 ], [ -81.792953082574954, 28.71984311825155 ] ] ] } },
{ "type": "Feature", "properties": { "ID": 25607, "date": "2022-01-01T00:00:00", "smokePM_pred": 6.9633483886718803 }, "geometry": { "type": "Polygon", "coordinates": [ [ [ -81.693086069626602, 28.729412928046198 ], [ -81.682293512799902, 28.641361916456898 ], [ -81.782081300902902, 28.631826799828044 ], [ -81.792953082574954, 28.71984311825155 ], [ -81.693086069626602, 28.729412928046198 ] ] ] } },
{ "type": "Feature", "properties": { "ID": 25608, "date": "2022-01-01T00:00:00", "smokePM_pred": 7.5227093696594203 }, "geometry": { "type": "Polygon", "coordinates": [ [ [ -81.593170602772517, 28.738911801649831 ], [ -81.582457440320198, 28.650826347943124 ], [ -81.682293512799902, 28.641361916456898 ], [ -81.693086069626602, 28.729412928046198 ], [ -81.593170602772517, 28.738911801649831 ] ] ] } },
{ "type": "Feature", "properties": { "ID": 25609, "date": "2022-01-01T00:00:00", "smokePM_pred": 8.6576833724975604 }, "geometry": { "type": "Polygon", "coordinates": [ [ [ -81.49320702433991, 28.74833960877012 ], [ -81.482573424743521, 28.66021996459996 ], [ -81.582457440320198, 28.650826347943124 ], [ -81.593170602772517, 28.738911801649831 ], [ -81.49320702433991, 28.74833960877012 ] ] ] } },
{ "type": "Feature", "properties": { "ID": 25610, "date": "2022-01-01T00:00:00", "smokePM_pred": 9.5321531295776403 }, "geometry": { "type": "Polygon", "coordinates": [ [ [ -81.393195677718936, 28.757696219963208 ], [ -81.382641808405666, 28.669542637585455 ], [ -81.482573424743521, 28.66021996459996 ], [ -81.49320702433991, 28.74833960877012 ], [ -81.393195677718936, 28.757696219963208 ] ] ] } },
{ "type": "Feature", "properties": { "ID": 25611, "date": "2022-01-01T00:00:00", "smokePM_pred": 10.669810295105 }, "geometry": { "type": "Polygon", "coordinates": [ [ [ -81.293136907356853, 28.766981506638238 ], [ -81.282662934692624, 28.678794238907052 ], [ -81.382641808405666, 28.669542637585455 ], [ -81.393195677718936, 28.757696219963208 ], [ -81.293136907356853, 28.766981506638238 ] ] ] } },
{ "type": "Feature", "properties": { "ID": 25612, "date": "2022-01-01T00:00:00", "smokePM_pred": 10.1999368667603 }, "geometry": { "type": "Polygon", "coordinates": [ [ [ -81.193031058752069, 28.7761953410619 ], [ -81.182637148034686, 28.687974641426077 ], [ -81.282662934692624, 28.678794238907052 ], [ -81.293136907356853, 28.766981506638238 ], [ -81.193031058752069, 28.7761953410619 ] ] ] } },
{ "type": "Feature", "properties": { "ID": 25613, "date": "2022-01-01T00:00:00", "smokePM_pred": 9.1883192062377894 }, "geometry": { "type": "Polygon", "coordinates": [ [ [ -81.092878478448156, 28.785337596362915 ], [ -81.082564793900545, 28.697083718862149 ], [ -81.182637148034686, 28.687974641426077 ], [ -81.193031058752069, 28.7761953410619 ], [ -81.092878478448156, 28.785337596362915 ] ] ] } },
{ "type": "Feature", "properties": { "ID": 25614, "date": "2022-01-01T00:00:00", "smokePM_pred": 8.0905256271362305 }, "geometry": { "type": "Polygon", "coordinates": [ [ [ -80.99267951402777, 28.79440814653649 ], [ -80.982446218791125, 28.706121345797712 ], [ -81.082564793900545, 28.697083718862149 ], [ -81.092878478448156, 28.785337596362915 ], [ -80.99267951402777, 28.79440814653649 ] ] ] } },
{ "type": "Feature", "properties": { "ID": 25615, "date": "2022-01-01T00:00:00", "smokePM_pred": 6.72450923919678 }, "geometry": { "type": "Polygon", "coordinates": [ [ [ -80.892434514106554, 28.803406866448789 ], [ -80.882281770233575, 28.71508739768236 ], [ -80.982446218791125, 28.706121345797712 ], [ -80.99267951402777, 28.79440814653649 ], [ -80.892434514106554, 28.803406866448789 ] ] ] } },
{ "type": "Feature", "properties": { "ID": 25616, "date": "2022-01-01T00:00:00", "smokePM_pred": 5.9819965362548801 }, "geometry": { "type": "Polygon", "coordinates": [ [ [ -80.7921438283269, 28.812333631841355 ], [ -80.782071796775128, 28.723981750837325 ], [ -80.882281770233575, 28.71508739768236 ], [ -80.892434514106554, 28.803406866448789 ], [ -80.7921438283269, 28.812333631841355 ] ] ] } },
{ "type": "Feature", "properties": { "ID": 25617, "date": "2022-01-01T00:00:00", "smokePM_pred": 4.5648899078369096 }, "geometry": { "type": "Polygon", "coordinates": [ [ [ -80.691807807351807, 28.821188319335494 ], [ -80.681816647976902, 28.732804282459782 ], [ -80.782071796775128, 28.723981750837325 ], [ -80.7921438283269, 28.812333631841355 ], [ -80.691807807351807, 28.821188319335494 ] ] ] } },
{ "type": "Feature", "properties": { "ID": 25618, "date": "2022-01-01T00:00:00", "smokePM_pred": 4.1939339637756303 }, "geometry": { "type": "Polygon", "coordinates": [ [ [ -80.591426802858521, 28.82997080643667 ], [ -80.581516674407595, 28.74155487062724 ], [ -80.681816647976902, 28.732804282459782 ], [ -80.691807807351807, 28.821188319335494 ], [ -80.591426802858521, 28.82997080643667 ] ] ] } },
{ "type": "Feature", "properties": { "ID": 25945, "date": "2022-01-01T00:00:00", "smokePM_pred": 12.371900558471699 }, "geometry": { "type": "Polygon", "coordinates": [ [ [ -98.370087344069901, 26.157390276583094 ], [ -98.348484826395406, 26.078742064664077 ], [ -98.435539249432011, 26.059254136989821 ], [ -98.457181560964059, 26.137834850793901 ], [ -98.370087344069901, 26.157390276583094 ] ] ] } },
{ "type": "Feature", "properties": { "ID": 25946, "date": "2022-01-01T00:00:00", "smokePM_pred": 11.829780578613301 }, "geometry": { "type": "Polygon", "coordinates": [ [ [ -98.282903606127789, 26.176906322443571 ], [ -98.261341123037766, 26.098190726425067 ], [ -98.348484826395406, 26.078742064664077 ], [ -98.370087344069901, 26.157390276583094 ], [ -98.282903606127789, 26.176906322443571 ] ] ] } },
{ "type": "Feature", "properties": { "ID": 25947, "date": "2022-01-01T00:00:00", "smokePM_pred": 11.4790897369385 }, "geometry": { "type": "Polygon", "coordinates": [ [ [ -98.195630463295316, 26.196382787158093 ], [ -98.174108255707097, 26.117599921856915 ], [ -98.261341123037766, 26.098190726425067 ], [ -98.282903606127789, 26.176906322443571 ], [ -98.195630463295316, 26.196382787158093 ] ] ] } },
{ "type": "Feature", "properties": { "ID": 25948, "date": "2022-01-01T00:00:00", "smokePM_pred": 11.1832790374756 }, "geometry": { "type": "Polygon", "coordinates": [ [ [ -98.108268032955621, 26.215819469472642 ], [ -98.086786341971802, 26.136969450507952 ], [ -98.174108255707097, 26.117599921856915 ], [ -98.195630463295316, 26.196382787158093 ], [ -98.108268032955621, 26.215819469472642 ] ] ] } },
{ "type": "Feature", "properties": { "ID": 25949, "date": "2022-01-01T00:00:00", "smokePM_pred": 11.327038764953601 }, "geometry": { "type": "Polygon", "coordinates": [ [ [ -98.020816433720569, 26.235216168100614 ], [ -97.999375500623813, 26.156299111894956 ], [ -98.086786341971802, 26.136969450507952 ], [ -98.108268032955621, 26.215819469472642 ], [ -98.020816433720569, 26.235216168100614 ] ] ] } },
{ "type": "Feature", "properties": { "ID": 25950, "date": "2022-01-01T00:00:00", "smokePM_pred": 11.7889499664307 }, "geometry": { "type": "Polygon", "coordinates": [ [ [ -97.933275785433509, 26.254572681726962 ], [ -97.911875851681373, 26.175588705507312 ], [ -97.999375500623813, 26.156299111894956 ], [ -98.020816433720569, 26.235216168100614 ], [ -97.933275785433509, 26.254572681726962 ] ] ] } },
{ "type": "Feature", "properties": { "ID": 25951, "date": "2022-01-01T00:00:00", "smokePM_pred": 12.364453315734901 }, "geometry": { "type": "Polygon", "coordinates": [ [ [ -97.845646209172472, 26.273888809012512 ], [ -97.82428751639209, 26.194838030811248 ], [ -97.911875851681373, 26.175588705507312 ], [ -97.933275785433509, 26.254572681726962 ], [ -97.845646209172472, 26.273888809012512 ] ] ] } },
{ "type": "Feature", "properties": { "ID": 25952, "date": "2022-01-01T00:00:00", "smokePM_pred": 13.933053016662599 }, "geometry": { "type": "Polygon", "coordinates": [ [ [ -97.757927827252857, 26.293164348598115 ], [ -97.736610617235726, 26.214046887254046 ], [ -97.82428751639209, 26.194838030811248 ], [ -97.845646209172472, 26.273888809012512 ], [ -97.757927827252857, 26.293164348598115 ] ] ] } },
{ "type": "Feature", "properties": { "ID": 25953, "date": "2022-01-01T00:00:00", "smokePM_pred": 13.4729623794556 }, "geometry": { "type": "Polygon", "coordinates": [ [ [ -97.670120763230557, 26.312399099109037 ], [ -97.648845277927165, 26.233215074268287 ], [ -97.736610617235726, 26.214046887254046 ], [ -97.757927827252857, 26.293164348598115 ], [ -97.670120763230557, 26.312399099109037 ] ] ] } },
{ "type": "Feature", "properties": { "ID": 25954, "date": "2022-01-01T00:00:00", "smokePM_pred": 13.4537553787231 }, "geometry": { "type": "Polygon", "coordinates": [ [ [ -97.582225141904686, 26.331592859159105 ], [ -97.560991623419255, 26.25234239127613 ], [ -97.648845277927165, 26.233215074268287 ], [ -97.670120763230557, 26.312399099109037 ], [ -97.582225141904686, 26.331592859159105 ] ] ] } },
{ "type": "Feature", "properties": { "ID": 25955, "date": "2022-01-01T00:00:00", "smokePM_pred": 13.845136642456101 }, "geometry": { "type": "Polygon", "coordinates": [ [ [ -97.494241089320553, 26.350745427355118 ], [ -97.473049779905523, 26.27142863769361 ], [ -97.560991623419255, 26.25234239127613 ], [ -97.582225141904686, 26.331592859159105 ], [ -97.494241089320553, 26.350745427355118 ] ] ] } },
{ "type": "Feature", "properties": { "ID": 25956, "date": "2022-01-01T00:00:00", "smokePM_pred": 14.4605569839478 }, "geometry": { "type": "Polygon", "coordinates": [ [ [ -97.406168732772329, 26.369856602301134 ], [ -97.385019874823072, 26.290473612934914 ], [ -97.473049779905523, 26.27142863769361 ], [ -97.494241089320553, 26.350745427355118 ], [ -97.406168732772329, 26.369856602301134 ] ] ] } },
{ "type": "Feature", "properties": { "ID": 25957, "date": "2022-01-01T00:00:00", "smokePM_pred": 14.1350345611572 }, "geometry": { "type": "Polygon", "coordinates": [ [ [ -97.31800820080602, 26.388926182602809 ], [ -97.2969020368553, 26.309477116416748 ], [ -97.385019874823072, 26.290473612934914 ], [ -97.406168732772329, 26.369856602301134 ], [ -97.31800820080602, 26.388926182602809 ] ] ] } },
{ "type": "Feature", "properties": { "ID": 25958, "date": "2022-01-01T00:00:00", "smokePM_pred": 14.4614343643188 }, "geometry": { "type": "Polygon", "coordinates": [ [ [ -97.229759623222066, 26.407953966871762 ], [ -97.208696395934581, 26.328438947562631 ], [ -97.2969020368553, 26.309477116416748 ], [ -97.31800820080602, 26.388926182602809 ], [ -97.229759623222066, 26.407953966871762 ] ] ] } },
{ "type": "Feature", "properties": { "ID": 25959, "date": "2022-01-01T00:00:00", "smokePM_pred": 15.1823539733887 }, "geometry": { "type": "Polygon", "coordinates": [ [ [ -97.141423131078213, 26.426939753729961 ], [ -97.120403083245066, 26.347358905807287 ], [ -97.208696395934581, 26.328438947562631 ], [ -97.229759623222066, 26.407953966871762 ], [ -97.141423131078213, 26.426939753729961 ] ] ] } },
{ "type": "Feature", "properties": { "ID": 25960, "date": "2022-01-01T00:00:00", "smokePM_pred": 15.0372619628906 }, "geometry": { "type": "Polygon", "coordinates": [ [ [ -97.052998856692099, 26.445883341814135 ], [ -97.032022231225312, 26.366236790601047 ], [ -97.120403083245066, 26.347358905807287 ], [ -97.141423131078213, 26.426939753729961 ], [ -97.052998856692099, 26.445883341814135 ] ] ] } },
{ "type": "Feature", "properties": { "ID": 26119, "date": "2022-01-01T00:00:00", "smokePM_pred": 3.32120656967163 }, "geometry": { "type": "Polygon", "coordinates": [ [ [ -82.003619576048635, 28.788432353825332 ], [ -81.99254038279571, 28.700491215473559 ], [ -82.092259990780846, 28.690709387276062 ], [ -82.103418232095322, 28.778615026722122 ], [ -82.003619576048635, 28.788432353825332 ] ] ] } },
{ "type": "Feature", "properties": { "ID": 26120, "date": "2022-01-01T00:00:00", "smokePM_pred": 4.0169095993042001 }, "geometry": { "type": "Polygon", "coordinates": [ [ [ -81.903771271835026, 28.798178891124273 ], [ -81.892771300359257, 28.710202503402151 ], [ -81.99254038279571, 28.700491215473559 ], [ -82.003619576048635, 28.788432353825332 ], [ -81.903771271835026, 28.798178891124273 ] ] ] } },
{ "type": "Feature", "properties": { "ID": 26121, "date": "2022-01-01T00:00:00", "smokePM_pred": 5.0153937339782697 }, "geometry": { "type": "Polygon", "coordinates": [ [ [ -81.803873659590167, 28.80785450518999 ], [ -81.792953082574954, 28.71984311825155 ], [ -81.892771300359257, 28.710202503402151 ], [ -81.903771271835026, 28.798178891124273 ], [ -81.803873659590167, 28.80785450518999 ] ] ] } },
{ "type": "Feature", "properties": { "ID": 26122, "date": "2022-01-01T00:00:00", "smokePM_pred": 6.2038130760192898 }, "geometry": { "type": "Polygon", "coordinates": [ [ [ -81.703927080537127, 28.817459063431784 ], [ -81.693086069626602, 28.729412928046198 ], [ -81.792953082574954, 28.71984311825155 ], [ -81.803873659590167, 28.80785450518999 ], [ -81.703927080537127, 28.817459063431784 ] ] ] } },
{ "type": "Feature", "properties": { "ID": 26123, "date": "2022-01-01T00:00:00", "smokePM_pred": 7.4857959747314498 }, "geometry": { "type": "Polygon", "coordinates": [ [ [ -81.603931876980539, 28.826992434101857 ], [ -81.593170602772517, 28.738911801649831 ], [ -81.693086069626602, 28.729412928046198 ], [ -81.703927080537127, 28.817459063431784 ], [ -81.603931876980539, 28.826992434101857 ] ] ] } },
{ "type": "Feature", "properties": { "ID": 26124, "date": "2022-01-01T00:00:00", "smokePM_pred": 8.6467046737670898 }, "geometry": { "type": "Polygon", "coordinates": [ [ [ -81.503888392300865, 28.836454486299907 ], [ -81.49320702433991, 28.74833960877012 ], [ -81.593170602772517, 28.738911801649831 ], [ -81.603931876980539, 28.826992434101857 ], [ -81.503888392300865, 28.836454486299907 ] ] ] } },
{ "type": "Feature", "properties": { "ID": 26125, "date": "2022-01-01T00:00:00", "smokePM_pred": 9.1477508544921893 }, "geometry": { "type": "Polygon", "coordinates": [ [ [ -81.40379697094852, 28.84584508997774 ], [ -81.393195677718936, 28.757696219963208 ], [ -81.49320702433991, 28.74833960877012 ], [ -81.503888392300865, 28.836454486299907 ], [ -81.40379697094852, 28.84584508997774 ] ] ] } },
{ "type": "Feature", "properties": { "ID": 26126, "date": "2022-01-01T00:00:00", "smokePM_pred": 10.4265298843384 }, "geometry": { "type": "Polygon", "coordinates": [ [ [ -81.303657958437981, 28.855164115943818 ], [ -81.293136907356853, 28.766981506638238 ], [ -81.393195677718936, 28.757696219963208 ], [ -81.40379697094852, 28.84584508997774 ], [ -81.303657958437981, 28.855164115943818 ] ] ] } },
{ "type": "Feature", "properties": { "ID": 26127, "date": "2022-01-01T00:00:00", "smokePM_pred": 10.1418266296387 }, "geometry": { "type": "Polygon", "coordinates": [ [ [ -81.203471701341755, 28.864411435867829 ], [ -81.193031058752069, 28.7761953410619 ], [ -81.293136907356853, 28.766981506638238 ], [ -81.303657958437981, 28.855164115943818 ], [ -81.203471701341755, 28.864411435867829 ] ] ] } },
{ "type": "Feature", "properties": { "ID": 26128, "date": "2022-01-01T00:00:00", "smokePM_pred": 8.9436111450195295 }, "geometry": { "type": "Polygon", "coordinates": [ [ [ -81.103238547284406, 28.87358692228517 ], [ -81.092878478448156, 28.785337596362915 ], [ -81.193031058752069, 28.7761953410619 ], [ -81.203471701341755, 28.864411435867829 ], [ -81.103238547284406, 28.87358692228517 ] ] ] } },
{ "type": "Feature", "properties": { "ID": 26129, "date": "2022-01-01T00:00:00", "smokePM_pred": 7.5133013725280797 }, "geometry": { "type": "Polygon", "coordinates": [ [ [ -81.002958844936416, 28.882690448601512 ], [ -80.99267951402777, 28.79440814653649 ], [ -81.092878478448156, 28.785337596362915 ], [ -81.103238547284406, 28.87358692228517 ], [ -81.002958844936416, 28.882690448601512 ] ] ] } },
{ "type": "Feature", "properties": { "ID": 26130, "date": "2022-01-01T00:00:00", "smokePM_pred": 6.3411831855773899 }, "geometry": { "type": "Polygon", "coordinates": [ [ [ -80.902632944008047, 28.891721889097205 ], [ -80.892434514106554, 28.803406866448789 ], [ -80.99267951402777, 28.79440814653649 ], [ -81.002958844936416, 28.882690448601512 ], [ -80.902632944008047, 28.891721889097205 ] ] ] } },
{ "type": "Feature", "properties": { "ID": 26131, "date": "2022-01-01T00:00:00", "smokePM_pred": 5.0350627899169904 }, "geometry": { "type": "Polygon", "coordinates": [ [ [ -80.802261195243162, 28.900681118931772 ], [ -80.7921438283269, 28.812333631841355 ], [ -80.892434514106554, 28.803406866448789 ], [ -80.902632944008047, 28.891721889097205 ], [ -80.802261195243162, 28.900681118931772 ] ] ] } },
{ "type": "Feature", "properties": { "ID": 26132, "date": "2022-01-01T00:00:00", "smokePM_pred": 4.3506526947021502 }, "geometry": { "type": "Polygon", "coordinates": [ [ [ -80.701843950412922, 28.909568014148341 ], [ -80.691807807351807, 28.821188319335494 ], [ -80.7921438283269, 28.812333631841355 ], [ -80.802261195243162, 28.900681118931772 ], [ -80.701843950412922, 28.909568014148341 ] ] ] } },
{ "type": "Feature", "properties": { "ID": 26133, "date": "2022-01-01T00:00:00", "smokePM_pred": 4.2518968582153303 }, "geometry": { "type": "Polygon", "coordinates": [ [ [ -80.601381562309442, 28.91838245167801 ], [ -80.591426802858521, 28.82997080643667 ], [ -80.691807807351807, 28.821188319335494 ], [ -80.701843950412922, 28.909568014148341 ], [ -80.601381562309442, 28.91838245167801 ] ] ] } },
{ "type": "Feature", "properties": { "ID": 26459, "date": "2022-01-01T00:00:00", "smokePM_pred": 11.809962272644 }, "geometry": { "type": "Polygon", "coordinates": [ [ [ -98.478913508682325, 26.2163979809662 ], [ -98.457181560964059, 26.137834850793901 ], [ -98.544186141875201, 26.118240246252235 ], [ -98.565957756634589, 26.196735691501107 ], [ -98.478913508682325, 26.2163979809662 ] ] ] } },
{ "type": "Feature", "properties": { "ID": 26460, "date": "2022-01-01T00:00:00", "smokePM_pred": 11.845751762390099 }, "geometry": { "type": "Polygon", "coordinates": [ [ [ -98.391779382996134, 26.236020978571528 ], [ -98.370087344069901, 26.157390276583094 ], [ -98.457181560964059, 26.137834850793901 ], [ -98.478913508682325, 26.2163979809662 ], [ -98.391779382996134, 26.236020978571528 ] ] ] } },
{ "type": "Feature", "properties": { "ID": 26461, "date": "2022-01-01T00:00:00", "smokePM_pred": 11.898155212402299 }, "geometry": { "type": "Polygon", "coordinates": [ [ [ -98.304555494312453, 26.255604482338757 ], [ -98.282903606127789, 26.176906322443571 ], [ -98.370087344069901, 26.157390276583094 ], [ -98.391779382996134, 26.236020978571528 ], [ -98.304555494312453, 26.255604482338757 ] ] ] } },
{ "type": "Feature", "properties": { "ID": 26462, "date": "2022-01-01T00:00:00", "smokePM_pred": 12.3495197296143 }, "geometry": { "type": "Polygon", "coordinates": [ [ [ -98.217241958595466, 26.275148290247515 ], [ -98.195630463295316, 26.196382787158093 ], [ -98.282903606127789, 26.176906322443571 ], [ -98.304555494312453, 26.255604482338757 ], [ -98.217241958595466, 26.275148290247515 ] ] ] } },
{ "type": "Feature", "properties": { "ID": 26463, "date": "2022-01-01T00:00:00", "smokePM_pred": 11.6987447738647 }, "geometry": { "type": "Polygon", "coordinates": [ [ [ -98.129838893040102, 26.29465220023955 ], [ -98.108268032955621, 26.215819469472642 ], [ -98.195630463295316, 26.196382787158093 ], [ -98.217241958595466, 26.275148290247515 ], [ -98.129838893040102, 26.29465220023955 ] ] ] } },
{ "type": "Feature", "properties": { "ID": 26464, "date": "2022-01-01T00:00:00", "smokePM_pred": 11.632336616516101 }, "geometry": { "type": "Polygon", "coordinates": [ [ [ -98.042346416075048, 26.314116010222982 ], [ -98.020816433720569, 26.235216168100614 ], [ -98.108268032955621, 26.215819469472642 ], [ -98.129838893040102, 26.29465220023955 ], [ -98.042346416075048, 26.314116010222982 ] ] ] } },
{ "type": "Feature", "properties": { "ID": 26465, "date": "2022-01-01T00:00:00", "smokePM_pred": 11.975617408752401 }, "geometry": { "type": "Polygon", "coordinates": [ [ [ -97.95476464736592, 26.333539518076481 ], [ -97.933275785433509, 26.254572681726962 ], [ -98.020816433720569, 26.235216168100614 ], [ -98.042346416075048, 26.314116010222982 ], [ -97.95476464736592, 26.333539518076481 ] ] ] } },
{ "type": "Feature", "properties": { "ID": 26466, "date": "2022-01-01T00:00:00", "smokePM_pred": 12.648262023925801 }, "geometry": { "type": "Polygon", "coordinates": [ [ [ -97.867093707818142, 26.352922521653532 ], [ -97.845646209172472, 26.273888809012512 ], [ -97.933275785433509, 26.254572681726962 ], [ -97.95476464736592, 26.333539518076481 ], [ -97.867093707818142, 26.352922521653532 ] ] ] } },
{ "type": "Feature", "properties": { "ID": 26467, "date": "2022-01-01T00:00:00", "smokePM_pred": 12.9349918365479 }, "geometry": { "type": "Polygon", "coordinates": [ [ [ -97.779333719579896, 26.372264818786739 ], [ -97.757927827252857, 26.293164348598115 ], [ -97.845646209172472, 26.273888809012512 ], [ -97.867093707818142, 26.352922521653532 ], [ -97.779333719579896, 26.372264818786739 ] ] ] } },
{ "type": "Feature", "properties": { "ID": 26468, "date": "2022-01-01T00:00:00", "smokePM_pred": 13.183149337768601 }, "geometry": { "type": "Polygon", "coordinates": [ [ [ -97.691484806045167, 26.391566207292026 ], [ -97.670120763230557, 26.312399099109037 ], [ -97.757927827252857, 26.293164348598115 ], [ -97.779333719579896, 26.372264818786739 ], [ -97.691484806045167, 26.391566207292026 ] ] ] } },
{ "type": "Feature", "properties": { "ID": 26469, "date": "2022-01-01T00:00:00", "smokePM_pred": 13.1270046234131 }, "geometry": { "type": "Polygon", "coordinates": [ [ [ -97.603547091856569, 26.410826484973025 ], [ -97.582225141904686, 26.331592859159105 ], [ -97.670120763230557, 26.312399099109037 ], [ -97.691484806045167, 26.391566207292026 ], [ -97.603547091856569, 26.410826484973025 ] ] ] } },
{ "type": "Feature", "properties": { "ID": 26470, "date": "2022-01-01T00:00:00", "smokePM_pred": 13.7344675064087 }, "geometry": { "type": "Polygon", "coordinates": [ [ [ -97.515520702908262, 26.430045449625336 ], [ -97.494241089320553, 26.350745427355118 ], [ -97.582225141904686, 26.331592859159105 ], [ -97.603547091856569, 26.410826484973025 ], [ -97.515520702908262, 26.430045449625336 ] ] ] } },
{ "type": "Feature", "properties": { "ID": 26471, "date": "2022-01-01T00:00:00", "smokePM_pred": 14.310334205627401 }, "geometry": { "type": "Polygon", "coordinates": [ [ [ -97.427405766348784, 26.449222899040926 ], [ -97.406168732772329, 26.369856602301134 ], [ -97.494241089320553, 26.350745427355118 ], [ -97.515520702908262, 26.430045449625336 ], [ -97.427405766348784, 26.449222899040926 ] ] ] } },
{ "type": "Feature", "properties": { "ID": 26472, "date": "2022-01-01T00:00:00", "smokePM_pred": 14.2112522125244 }, "geometry": { "type": "Polygon", "coordinates": [ [ [ -97.339202410583937, 26.468358631012453 ], [ -97.31800820080602, 26.388926182602809 ], [ -97.406168732772329, 26.369856602301134 ], [ -97.427405766348784, 26.449222899040926 ], [ -97.339202410583937, 26.468358631012453 ] ] ] } },
{ "type": "Feature", "properties": { "ID": 26473, "date": "2022-01-01T00:00:00", "smokePM_pred": 14.463050842285201 }, "geometry": { "type": "Polygon", "coordinates": [ [ [ -97.250910765279485, 26.487452443337649 ], [ -97.229759623222066, 26.407953966871762 ], [ -97.31800820080602, 26.388926182602809 ], [ -97.339202410583937, 26.468358631012453 ], [ -97.250910765279485, 26.487452443337649 ] ] ] } },
{ "type": "Feature", "properties": { "ID": 26474, "date": "2022-01-01T00:00:00", "smokePM_pred": 14.566723823547401 }, "geometry": { "type": "Polygon", "coordinates": [ [ [ -97.162530961364041, 26.506504133823714 ], [ -97.141423131078213, 26.426939753729961 ], [ -97.229759623222066, 26.407953966871762 ], [ -97.250910765279485, 26.487452443337649 ], [ -97.162530961364041, 26.506504133823714 ] ] ] } },
{ "type": "Feature", "properties": { "ID": 26475, "date": "2022-01-01T00:00:00", "smokePM_pred": 14.903878211975099 }, "geometry": { "type": "Polygon", "coordinates": [ [ [ -97.074063131031721, 26.525513500291794 ], [ -97.052998856692099, 26.445883341814135 ], [ -97.141423131078213, 26.426939753729961 ], [ -97.162530961364041, 26.506504133823714 ], [ -97.074063131031721, 26.525513500291794 ] ] ] } },
{ "type": "Feature", "properties": { "ID": 26635, "date": "2022-01-01T00:00:00", "smokePM_pred": 3.3117434978485099 }, "geometry": { "type": "Polygon", "coordinates": [ [ [ -81.914820551523263, 28.886150269156687 ], [ -81.903771271835026, 28.798178891124273 ], [ -82.003619576048635, 28.788432353825332 ], [ -82.014748417650665, 28.876368426255176 ], [ -81.914820551523263, 28.886150269156687 ] ] ] } },
{ "type": "Feature", "properties": { "ID": 26636, "date": "2022-01-01T00:00:00", "smokePM_pred": 4.2119455337524396 }, "geometry": { "type": "Polygon", "coordinates": [ [ [ -81.814843203593853, 28.895860938341993 ], [ -81.803873659590167, 28.80785450518999 ], [ -81.903771271835026, 28.798178891124273 ], [ -81.914820551523263, 28.886150269156687 ], [ -81.814843203593853, 28.895860938341993 ] ] ] } },
{ "type": "Feature", "properties": { "ID": 26637, "date": "2022-01-01T00:00:00", "smokePM_pred": 5.1976599693298304 }, "geometry": { "type": "Polygon", "coordinates": [ [ [ -81.714816716130514, 28.905500300602817 ], [ -81.703927080537127, 28.817459063431784 ], [ -81.803873659590167, 28.80785450518999 ], [ -81.814843203593853, 28.895860938341993 ], [ -81.714816716130514, 28.905500300602817 ] ] ] } },
{ "type": "Feature", "properties": { "ID": 26638, "date": "2022-01-01T00:00:00", "smokePM_pred": 6.9250192642211896 }, "geometry": { "type": "Polygon", "coordinates": [ [ [ -81.614741432489964, 28.915068223577354 ], [ -81.603931876980539, 28.826992434101857 ], [ -81.703927080537127, 28.817459063431784 ], [ -81.714816716130514, 28.905500300602817 ], [ -81.614741432489964, 28.915068223577354 ] ] ] } },
{ "type": "Feature", "properties": { "ID": 26639, "date": "2022-01-01T00:00:00", "smokePM_pred": 7.9508204460143999 }, "geometry": { "type": "Polygon", "coordinates": [ [ [ -81.514617697111802, 28.924564575754918 ], [ -81.503888392300865, 28.836454486299907 ], [ -81.603931876980539, 28.826992434101857 ], [ -81.614741432489964, 28.915068223577354 ], [ -81.514617697111802, 28.924564575754918 ] ] ] } },
{ "type": "Feature", "properties": { "ID": 26640, "date": "2022-01-01T00:00:00", "smokePM_pred": 8.7158632278442401 }, "geometry": { "type": "Polygon", "coordinates": [ [ [ -81.414445855512639, 28.933989226480548 ], [ -81.40379697094852, 28.84584508997774 ], [ -81.503888392300865, 28.836454486299907 ], [ -81.514617697111802, 28.924564575754918 ], [ -81.414445855512639, 28.933989226480548 ] ] ] } },
{ "type": "Feature", "properties": { "ID": 26641, "date": "2022-01-01T00:00:00", "smokePM_pred": 9.3796625137329102 }, "geometry": { "type": "Polygon", "coordinates": [ [ [ -81.314226254280115, 28.943342045959614 ], [ -81.303657958437981, 28.855164115943818 ], [ -81.40379697094852, 28.84584508997774 ], [ -81.414445855512639, 28.933989226480548 ], [ -81.314226254280115, 28.943342045959614 ] ] ] } },
{ "type": "Feature", "properties": { "ID": 26642, "date": "2022-01-01T00:00:00", "smokePM_pred": 9.3283872604370099 }, "geometry": { "type": "Polygon", "coordinates": [ [ [ -81.213959241066888, 28.952622905262405 ], [ -81.203471701341755, 28.864411435867829 ], [ -81.303657958437981, 28.855164115943818 ], [ -81.314226254280115, 28.943342045959614 ], [ -81.213959241066888, 28.952622905262405 ] ] ] } },
{ "type": "Feature", "properties": { "ID": 26643, "date": "2022-01-01T00:00:00", "smokePM_pred": 7.9920730590820304 }, "geometry": { "type": "Polygon", "coordinates": [ [ [ -81.113645164584582, 28.961831676328611 ], [ -81.103238547284406, 28.87358692228517 ], [ -81.203471701341755, 28.864411435867829 ], [ -81.213959241066888, 28.952622905262405 ], [ -81.113645164584582, 28.961831676328611 ] ] ] } },
{ "type": "Feature", "properties": { "ID": 26644, "date": "2022-01-01T00:00:00", "smokePM_pred": 6.1786131858825701 }, "geometry": { "type": "Polygon", "coordinates": [ [ [ -81.013284374597674, 28.970968231971977 ], [ -81.002958844936416, 28.882690448601512 ], [ -81.103238547284406, 28.87358692228517 ], [ -81.113645164584582, 28.961831676328611 ], [ -81.013284374597674, 28.970968231971977 ] ] ] } },
{ "type": "Feature", "properties": { "ID": 26645, "date": "2022-01-01T00:00:00", "smokePM_pred": 4.8959946632385298 }, "geometry": { "type": "Polygon", "coordinates": [ [ [ -80.912877221917299, 28.980032445884682 ], [ -80.902632944008047, 28.891721889097205 ], [ -81.002958844936416, 28.882690448601512 ], [ -81.013284374597674, 28.970968231971977 ], [ -80.912877221917299, 28.980032445884682 ] ] ] } },
{ "type": "Feature", "properties": { "ID": 26646, "date": "2022-01-01T00:00:00", "smokePM_pred": 4.2597522735595703 }, "geometry": { "type": "Polygon", "coordinates": [ [ [ -80.812424058394967, 28.989024192641864 ], [ -80.802261195243162, 28.900681118931772 ], [ -80.902632944008047, 28.891721889097205 ], [ -80.912877221917299, 28.980032445884682 ], [ -80.812424058394967, 28.989024192641864 ] ] ] } },
{ "type": "Feature", "properties": { "ID": 26647, "date": "2022-01-01T00:00:00", "smokePM_pred": 4.1985092163085902 }, "geometry": { "type": "Polygon", "coordinates": [ [ [ -80.711925236916358, 28.997943347706137 ], [ -80.701843950412922, 28.909568014148341 ], [ -80.802261195243162, 28.900681118931772 ], [ -80.812424058394967, 28.989024192641864 ], [ -80.711925236916358, 28.997943347706137 ] ] ] } },
{ "type": "Feature", "properties": { "ID": 26976, "date": "2022-01-01T00:00:00", "smokePM_pred": 12.4983768463135 }, "geometry": { "type": "Polygon", "coordinates": [ [ [ -98.326297029735599, 26.334285124721465 ], [ -98.304555494312453, 26.255604482338757 ], [ -98.391779382996134, 26.236020978571528 ], [ -98.413561185124451, 26.314634088936614 ], [ -98.326297029735599, 26.334285124721465 ] ] ] } },
{ "type": "Feature", "properties": { "ID": 26977, "date": "2022-01-01T00:00:00", "smokePM_pred": 12.176373481750501 }, "geometry": { "type": "Polygon", "coordinates": [ [ [ -98.238942983939694, 26.353896350040635 ], [ -98.217241958595466, 26.275148290247515 ], [ -98.304555494312453, 26.255604482338757 ], [ -98.326297029735599, 26.334285124721465 ], [ -98.238942983939694, 26.353896350040635 ] ] ] } },
{ "type": "Feature", "properties": { "ID": 26978, "date": "2022-01-01T00:00:00", "smokePM_pred": 12.0189199447632 }, "geometry": { "type": "Polygon", "coordinates": [ [ [ -98.151499164740372, 26.37346756202982 ], [ -98.129838893040102, 26.29465220023955 ], [ -98.217241958595466, 26.275148290247515 ], [ -98.238942983939694, 26.353896350040635 ], [ -98.151499164740372, 26.37346756202982 ] ] ] } },
{ "type": "Feature", "properties": { "ID": 26979, "date": "2022-01-01T00:00:00", "smokePM_pred": 11.8779592514038 }, "geometry": { "type": "Polygon", "coordinates": [ [ [ -98.063965690380243, 26.392998557789955 ], [ -98.042346416075048, 26.314116010222982 ], [ -98.129838893040102, 26.29465220023955 ], [ -98.151499164740372, 26.37346756202982 ], [ -98.063965690380243, 26.392998557789955 ] ] ] } },
{ "type": "Feature", "properties": { "ID": 26980, "date": "2022-01-01T00:00:00", "smokePM_pred": 11.9313850402832 }, "geometry": { "type": "Polygon", "coordinates": [ [ [ -97.976342680344118, 26.412489134391546 ], [ -97.95476464736592, 26.333539518076481 ], [ -98.042346416075048, 26.314116010222982 ], [ -98.063965690380243, 26.392998557789955 ], [ -97.976342680344118, 26.412489134391546 ] ] ] } },
{ "type": "Feature", "properties": { "ID": 26981, "date": "2022-01-01T00:00:00", "smokePM_pred": 12.365516662597701 }, "geometry": { "type": "Polygon", "coordinates": [ [ [ -97.888630255361875, 26.43193908887886 ], [ -97.867093707818142, 26.352922521653532 ], [ -97.95476464736592, 26.333539518076481 ], [ -97.976342680344118, 26.412489134391546 ], [ -97.888630255361875, 26.43193908887886 ] ] ] } },
{ "type": "Feature", "properties": { "ID": 26982, "date": "2022-01-01T00:00:00", "smokePM_pred": 12.597586631774901 }, "geometry": { "type": "Polygon", "coordinates": [ [ [ -97.800828537411533, 26.451348218274262 ], [ -97.779333719579896, 26.372264818786739 ], [ -97.867093707818142, 26.352922521653532 ], [ -97.888630255361875, 26.43193908887886 ], [ -97.800828537411533, 26.451348218274262 ] ] ] } },
{ "type": "Feature", "properties": { "ID": 26983, "date": "2022-01-01T00:00:00", "smokePM_pred": 12.9149675369263 }, "geometry": { "type": "Polygon", "coordinates": [ [ [ -97.712937649722249, 26.470716319582497 ], [ -97.691484806045167, 26.391566207292026 ], [ -97.779333719579896, 26.372264818786739 ], [ -97.800828537411533, 26.451348218274262 ], [ -97.712937649722249, 26.470716319582497 ] ] ] } },
{ "type": "Feature", "properties": { "ID": 26984, "date": "2022-01-01T00:00:00", "smokePM_pred": 12.9335746765137 }, "geometry": { "type": "Polygon", "coordinates": [ [ [ -97.624957716777232, 26.490043189795003 ], [ -97.603547091856569, 26.410826484973025 ], [ -97.691484806045167, 26.391566207292026 ], [ -97.712937649722249, 26.470716319582497 ], [ -97.624957716777232, 26.490043189795003 ] ] ] } },
{ "type": "Feature", "properties": { "ID": 26985, "date": "2022-01-01T00:00:00", "smokePM_pred": 13.321520805358899 }, "geometry": { "type": "Polygon", "coordinates": [ [ [ -97.53688886431668, 26.509328625894266 ], [ -97.515520702908262, 26.430045449625336 ], [ -97.603547091856569, 26.410826484973025 ], [ -97.624957716777232, 26.490043189795003 ], [ -97.53688886431668, 26.509328625894266 ] ] ] } },
{ "type": "Feature", "properties": { "ID": 26986, "date": "2022-01-01T00:00:00", "smokePM_pred": 14.155880928039601 }, "geometry": { "type": "Polygon", "coordinates": [ [ [ -97.44873121934063, 26.528572424858179 ], [ -97.427405766348784, 26.449222899040926 ], [ -97.515520702908262, 26.430045449625336 ], [ -97.53688886431668, 26.509328625894266 ], [ -97.44873121934063, 26.528572424858179 ] ] ] } },
{ "type": "Feature", "properties": { "ID": 26987, "date": "2022-01-01T00:00:00", "smokePM_pred": 14.225134849548301 }, "geometry": { "type": "Polygon", "coordinates": [ [ [ -97.360484910111879, 26.547774383664418 ], [ -97.339202410583937, 26.468358631012453 ], [ -97.427405766348784, 26.449222899040926 ], [ -97.44873121934063, 26.528572424858179 ], [ -97.360484910111879, 26.547774383664418 ] ] ] } },
{ "type": "Feature", "properties": { "ID": 26988, "date": "2022-01-01T00:00:00", "smokePM_pred": 14.286547660827599 }, "geometry": { "type": "Polygon", "coordinates": [ [ [ -97.272150066158801, 26.566934299294843 ], [ -97.250910765279485, 26.487452443337649 ], [ -97.339202410583937, 26.468358631012453 ], [ -97.360484910111879, 26.547774383664418 ], [ -97.272150066158801, 26.566934299294843 ] ] ] } },
{ "type": "Feature", "properties": { "ID": 26989, "date": "2022-01-01T00:00:00", "smokePM_pred": 14.3985748291016 }, "geometry": { "type": "Polygon", "coordinates": [ [ [ -97.183726818278103, 26.586051968739923 ], [ -97.162530961364041, 26.506504133823714 ], [ -97.250910765279485, 26.487452443337649 ], [ -97.272150066158801, 26.566934299294843 ], [ -97.183726818278103, 26.586051968739923 ] ] ] } },
{ "type": "Feature", "properties": { "ID": 26990, "date": "2022-01-01T00:00:00", "smokePM_pred": 14.8042154312134 }, "geometry": { "type": "Polygon", "coordinates": [ [ [ -97.095215298537681, 26.605127189003184 ], [ -97.074063131031721, 26.525513500291794 ], [ -97.162530961364041, 26.506504133823714 ], [ -97.183726818278103, 26.586051968739923 ], [ -97.095215298537681, 26.605127189003184 ] ] ] } },
{ "type": "Feature", "properties": { "ID": 27150, "date": "2022-01-01T00:00:00", "smokePM_pred": 2.3713307380676301 }, "geometry": { "type": "Polygon", "coordinates": [ [ [ -81.925919313195919, 28.974116614813969 ], [ -81.914820551523263, 28.886150269156687 ], [ -82.014748417650665, 28.876368426255176 ], [ -82.025927082411641, 28.964299409782729 ], [ -81.925919313195919, 28.974116614813969 ] ] ] } },
{ "type": "Feature", "properties": { "ID": 27151, "date": "2022-01-01T00:00:00", "smokePM_pred": 3.0656218528747599 }, "geometry": { "type": "Polygon", "coordinates": [ [ [ -81.825861887312954, 28.983862395315569 ], [ -81.814843203593853, 28.895860938341993 ], [ -81.914820551523263, 28.886150269156687 ], [ -81.925919313195919, 28.974116614813969 ], [ -81.825861887312954, 28.983862395315569 ] ] ] } },
{ "type": "Feature", "properties": { "ID": 27152, "date": "2022-01-01T00:00:00", "smokePM_pred": 4.0822315216064498 }, "geometry": { "type": "Polygon", "coordinates": [ [ [ -81.725755148081603, 28.993536617459224 ], [ -81.714816716130514, 28.905500300602817 ], [ -81.814843203593853, 28.895860938341993 ], [ -81.825861887312954, 28.983862395315569 ], [ -81.725755148081603, 28.993536617459224 ] ] ] } },
{ "type": "Feature", "properties": { "ID": 27153, "date": "2022-01-01T00:00:00", "smokePM_pred": 5.4777474403381303 }, "geometry": { "type": "Polygon", "coordinates": [ [ [ -81.625599439916471, 29.003139148266662 ], [ -81.614741432489964, 28.915068223577354 ], [ -81.714816716130514, 28.905500300602817 ], [ -81.725755148081603, 28.993536617459224 ], [ -81.625599439916471, 29.003139148266662 ] ] ] } },
{ "type": "Feature", "properties": { "ID": 27154, "date": "2022-01-01T00:00:00", "smokePM_pred": 6.5452628135681197 }, "geometry": { "type": "Polygon", "coordinates": [ [ [ -81.525395108322257, 29.012669855614355 ], [ -81.514617697111802, 28.924564575754918 ], [ -81.614741432489964, 28.915068223577354 ], [ -81.625599439916471, 29.003139148266662 ], [ -81.525395108322257, 29.012669855614355 ] ] ] } },
{ "type": "Feature", "properties": { "ID": 27155, "date": "2022-01-01T00:00:00", "smokePM_pred": 7.3055782318115199 }, "geometry": { "type": "Polygon", "coordinates": [ [ [ -81.425142499887642, 29.022128608238145 ], [ -81.414445855512639, 28.933989226480548 ], [ -81.514617697111802, 28.924564575754918 ], [ -81.525395108322257, 29.012669855614355 ], [ -81.425142499887642, 29.022128608238145 ] ] ] } },
{ "type": "Feature", "properties": { "ID": 27156, "date": "2022-01-01T00:00:00", "smokePM_pred": 7.7940974235534703 }, "geometry": { "type": "Polygon", "coordinates": [ [ [ -81.324841962279464, 29.031515275737863 ], [ -81.314226254280115, 28.943342045959614 ], [ -81.414445855512639, 28.933989226480548 ], [ -81.425142499887642, 29.022128608238145 ], [ -81.324841962279464, 29.031515275737863 ] ] ] } },
{ "type": "Feature", "properties": { "ID": 27157, "date": "2022-01-01T00:00:00", "smokePM_pred": 7.1952939033508301 }, "geometry": { "type": "Polygon", "coordinates": [ [ [ -81.224493844236562, 29.040829728581972 ], [ -81.213959241066888, 28.952622905262405 ], [ -81.314226254280115, 28.943342045959614 ], [ -81.324841962279464, 29.031515275737863 ], [ -81.224493844236562, 29.040829728581972 ] ] ] } },
{ "type": "Feature", "properties": { "ID": 27158, "date": "2022-01-01T00:00:00", "smokePM_pred": 5.2676868438720703 }, "geometry": { "type": "Polygon", "coordinates": [ [ [ -81.124098495563814, 29.050071838112107 ], [ -81.113645164584582, 28.961831676328611 ], [ -81.213959241066888, 28.952622905262405 ], [ -81.224493844236562, 29.040829728581972 ], [ -81.124098495563814, 29.050071838112107 ] ] ] } },
{ "type": "Feature", "properties": { "ID": 27159, "date": "2022-01-01T00:00:00", "smokePM_pred": 4.1899881362915004 }, "geometry": { "type": "Polygon", "coordinates": [ [ [ -81.023656267125816, 29.05924147654763 ], [ -81.013284374597674, 28.970968231971977 ], [ -81.113645164584582, 28.961831676328611 ], [ -81.124098495563814, 29.050071838112107 ], [ -81.023656267125816, 29.05924147654763 ] ] ] } },
{ "type": "Feature", "properties": { "ID": 27160, "date": "2022-01-01T00:00:00", "smokePM_pred": 4.0553631782531703 }, "geometry": { "type": "Polygon", "coordinates": [ [ [ -80.923167510840813, 29.068338516990185 ], [ -80.912877221917299, 28.980032445884682 ], [ -81.013284374597674, 28.970968231971977 ], [ -81.023656267125816, 29.05924147654763 ], [ -80.923167510840813, 29.068338516990185 ] ] ] } },
{ "type": "Feature", "properties": { "ID": 27161, "date": "2022-01-01T00:00:00", "smokePM_pred": 3.6081161499023402 }, "geometry": { "type": "Polygon", "coordinates": [ [ [ -80.822632579674348, 29.07736283342819 ], [ -80.812424058394967, 28.989024192641864 ], [ -80.912877221917299, 28.980032445884682 ], [ -80.923167510840813, 29.068338516990185 ], [ -80.822632579674348, 29.07736283342819 ] ] ] } },
{ "type": "Feature", "properties": { "ID": 27162, "date": "2022-01-01T00:00:00", "smokePM_pred": 3.5849351882934601 }, "geometry": { "type": "Polygon", "coordinates": [ [ [ -80.72205182763291, 29.086314300741339 ], [ -80.711925236916358, 28.997943347706137 ], [ -80.812424058394967, 28.989024192641864 ], [ -80.822632579674348, 29.07736283342819 ], [ -80.72205182763291, 29.086314300741339 ] ] ] } },
{ "type": "Feature", "properties": { "ID": 27493, "date": "2022-01-01T00:00:00", "smokePM_pred": 11.768460273742701 }, "geometry": { "type": "Polygon", "coordinates": [ [ [ -98.173249091808415, 26.452265473752657 ], [ -98.151499164740372, 26.37346756202982 ], [ -98.238942983939694, 26.353896350040635 ], [ -98.260733782893851, 26.432626885140301 ], [ -98.173249091808415, 26.452265473752657 ] ] ] } },
{ "type": "Feature", "properties": { "ID": 27494, "date": "2022-01-01T00:00:00", "smokePM_pred": 11.581302642822299 }, "geometry": { "type": "Polygon", "coordinates": [ [ [ -98.085674500568985, 26.4718637300182 ], [ -98.063965690380243, 26.392998557789955 ], [ -98.151499164740372, 26.37346756202982 ], [ -98.173249091808415, 26.452265473752657 ], [ -98.085674500568985, 26.4718637300182 ] ] ] } },
{ "type": "Feature", "properties": { "ID": 27495, "date": "2022-01-01T00:00:00", "smokePM_pred": 11.1854305267334 }, "geometry": { "type": "Polygon", "coordinates": [ [ [ -97.998010128476466, 26.491421450197315 ], [ -97.976342680344118, 26.412489134391546 ], [ -98.063965690380243, 26.392998557789955 ], [ -98.085674500568985, 26.4718637300182 ], [ -97.998010128476466, 26.491421450197315 ] ] ] } },
{ "type": "Feature", "properties": { "ID": 27496, "date": "2022-01-01T00:00:00", "smokePM_pred": 11.434181213378899 }, "geometry": { "type": "Polygon", "coordinates": [ [ [ -97.910256096082207, 26.510938430523161 ], [ -97.888630255361875, 26.43193908887886 ], [ -97.976342680344118, 26.412489134391546 ], [ -97.998010128476466, 26.491421450197315 ], [ -97.910256096082207, 26.510938430523161 ] ] ] } },
{ "type": "Feature", "properties": { "ID": 27497, "date": "2022-01-01T00:00:00", "smokePM_pred": 12.9332780838013 }, "geometry": { "type": "Polygon", "coordinates": [ [ [ -97.822412525191126, 26.530414467205972 ], [ -97.800828537411533, 26.451348218274262 ], [ -97.888630255361875, 26.43193908887886 ], [ -97.910256096082207, 26.510938430523161 ], [ -97.822412525191126, 26.530414467205972 ] ] ] } },
{ "type": "Feature", "properties": { "ID": 27498, "date": "2022-01-01T00:00:00", "smokePM_pred": 12.229077339172401 }, "geometry": { "type": "Polygon", "coordinates": [ [ [ -97.734479538864562, 26.549849356437335 ], [ -97.712937649722249, 26.470716319582497 ], [ -97.800828537411533, 26.451348218274262 ], [ -97.822412525191126, 26.530414467205972 ], [ -97.734479538864562, 26.549849356437335 ] ] ] } },
{ "type": "Feature", "properties": { "ID": 27499, "date": "2022-01-01T00:00:00", "smokePM_pred": 12.397203445434601 }, "geometry": { "type": "Polygon", "coordinates": [ [ [ -97.646457261423421, 26.569242894394563 ], [ -97.624957716777232, 26.490043189795003 ], [ -97.712937649722249, 26.470716319582497 ], [ -97.734479538864562, 26.549849356437335 ], [ -97.646457261423421, 26.569242894394563 ] ] ] } },
{ "type": "Feature", "properties": { "ID": 27500, "date": "2022-01-01T00:00:00", "smokePM_pred": 13.2216243743896 }, "geometry": { "type": "Polygon", "coordinates": [ [ [ -97.558345818451031, 26.588594877245058 ], [ -97.53688886431668, 26.509328625894266 ], [ -97.624957716777232, 26.490043189795003 ], [ -97.646457261423421, 26.569242894394563 ], [ -97.558345818451031, 26.588594877245058 ] ] ] } },
{ "type": "Feature", "properties": { "ID": 27501, "date": "2022-01-01T00:00:00", "smokePM_pred": 13.634885787963899 }, "geometry": { "type": "Polygon", "coordinates": [ [ [ -97.470145336796094, 26.607905101150674 ], [ -97.44873121934063, 26.528572424858179 ], [ -97.53688886431668, 26.509328625894266 ], [ -97.558345818451031, 26.588594877245058 ], [ -97.470145336796094, 26.607905101150674 ] ] ] } },
{ "type": "Feature", "properties": { "ID": 27502, "date": "2022-01-01T00:00:00", "smokePM_pred": 13.971921920776399 }, "geometry": { "type": "Polygon", "coordinates": [ [ [ -97.381855944575577, 26.627173362272135 ], [ -97.360484910111879, 26.547774383664418 ], [ -97.44873121934063, 26.528572424858179 ], [ -97.470145336796094, 26.607905101150674 ], [ -97.381855944575577, 26.627173362272135 ] ] ] } },
{ "type": "Feature", "properties": { "ID": 27503, "date": "2022-01-01T00:00:00", "smokePM_pred": 14.3522233963013 }, "geometry": { "type": "Polygon", "coordinates": [ [ [ -97.293477771177592, 26.646399456773427 ], [ -97.272150066158801, 26.566934299294843 ], [ -97.360484910111879, 26.547774383664418 ], [ -97.381855944575577, 26.627173362272135 ], [ -97.293477771177592, 26.646399456773427 ] ] ] } },
{ "type": "Feature", "properties": { "ID": 27504, "date": "2022-01-01T00:00:00", "smokePM_pred": 14.1032409667969 }, "geometry": { "type": "Polygon", "coordinates": [ [ [ -97.205010947264242, 26.665583180826268 ], [ -97.183726818278103, 26.586051968739923 ], [ -97.272150066158801, 26.566934299294843 ], [ -97.293477771177592, 26.646399456773427 ], [ -97.205010947264242, 26.665583180826268 ] ] ] } },
{ "type": "Feature", "properties": { "ID": 27505, "date": "2022-01-01T00:00:00", "smokePM_pred": 14.810494422912599 }, "geometry": { "type": "Polygon", "coordinates": [ [ [ -97.116455604774401, 26.684724330614532 ], [ -97.095215298537681, 26.605127189003184 ], [ -97.183726818278103, 26.586051968739923 ], [ -97.205010947264242, 26.665583180826268 ], [ -97.116455604774401, 26.684724330614532 ] ] ] } },
{ "type": "Feature", "properties": { "ID": 27666, "date": "2022-01-01T00:00:00", "smokePM_pred": 2.1152777671814 }, "geometry": { "type": "Polygon", "coordinates": [ [ [ -81.836929884563105, 29.071858853627351 ], [ -81.825861887312954, 28.983862395315569 ], [ -81.925919313195919, 28.974116614813969 ], [ -81.937067731719395, 29.06207790531786 ], [ -81.836929884563105, 29.071858853627351 ] ] ] } },
{ "type": "Feature", "properties": { "ID": 27667, "date": "2022-01-01T00:00:00", "smokePM_pred": 3.1954329013824498 }, "geometry": { "type": "Polygon", "coordinates": [ [ [ -81.73674254914809, 29.081567991810996 ], [ -81.725755148081603, 28.993536617459224 ], [ -81.825861887312954, 28.983862395315569 ], [ -81.836929884563105, 29.071858853627351 ], [ -81.73674254914809, 29.081567991810996 ] ] ] } },
{ "type": "Feature", "properties": { "ID": 27668, "date": "2022-01-01T00:00:00", "smokePM_pred": 4.2973747253418004 }, "geometry": { "type": "Polygon", "coordinates": [ [ [ -81.636506070952777, 29.091205186271598 ], [ -81.625599439916471, 29.003139148266662 ], [ -81.725755148081603, 28.993536617459224 ], [ -81.73674254914809, 29.081567991810996 ], [ -81.636506070952777, 29.091205186271598 ] ] ] } },
{ "type": "Feature", "properties": { "ID": 27669, "date": "2022-01-01T00:00:00", "smokePM_pred": 5.12314796447754 }, "geometry": { "type": "Polygon", "coordinates": [ [ [ -81.536220796552783, 29.100770304270309 ], [ -81.525395108322257, 29.012669855614355 ], [ -81.625599439916471, 29.003139148266662 ], [ -81.636506070952777, 29.091205186271598 ], [ -81.536220796552783, 29.100770304270309 ] ] ] } },
{ "type": "Feature", "properties": { "ID": 27670, "date": "2022-01-01T00:00:00", "smokePM_pred": 5.6157512664794904 }, "geometry": { "type": "Polygon", "coordinates": [ [ [ -81.435887073614893, 29.110263213931315 ], [ -81.425142499887642, 29.022128608238145 ], [ -81.525395108322257, 29.012669855614355 ], [ -81.536220796552783, 29.100770304270309 ], [ -81.435887073614893, 29.110263213931315 ] ] ] } },
{ "type": "Feature", "properties": { "ID": 27671, "date": "2022-01-01T00:00:00", "smokePM_pred": 5.7051234245300302 }, "geometry": { "type": "Polygon", "coordinates": [ [ [ -81.335505250891174, 29.119683784246472 ], [ -81.324841962279464, 29.031515275737863 ], [ -81.425142499887642, 29.022128608238145 ], [ -81.435887073614893, 29.110263213931315 ], [ -81.335505250891174, 29.119683784246472 ] ] ] } },
{ "type": "Feature", "properties": { "ID": 27672, "date": "2022-01-01T00:00:00", "smokePM_pred": 4.9557728767395002 }, "geometry": { "type": "Polygon", "coordinates": [ [ [ -81.235075678212766, 29.129031885079996 ], [ -81.224493844236562, 29.040829728581972 ], [ -81.324841962279464, 29.031515275737863 ], [ -81.335505250891174, 29.119683784246472 ], [ -81.235075678212766, 29.129031885079996 ] ] ] } },
{ "type": "Feature", "properties": { "ID": 27673, "date": "2022-01-01T00:00:00", "smokePM_pred": 4.0974640846252397 }, "geometry": { "type": "Polygon", "coordinates": [ [ [ -81.134598706483885, 29.138307387173011 ], [ -81.124098495563814, 29.050071838112107 ], [ -81.224493844236562, 29.040829728581972 ], [ -81.235075678212766, 29.129031885079996 ], [ -81.134598706483885, 29.138307387173011 ] ] ] } },
{ "type": "Feature", "properties": { "ID": 27674, "date": "2022-01-01T00:00:00", "smokePM_pred": 3.15017485618591 }, "geometry": { "type": "Polygon", "coordinates": [ [ [ -81.034074687675542, 29.147510162148102 ], [ -81.023656267125816, 29.05924147654763 ], [ -81.124098495563814, 29.050071838112107 ], [ -81.134598706483885, 29.138307387173011 ], [ -81.034074687675542, 29.147510162148102 ] ] ] } },
{ "type": "Feature", "properties": { "ID": 27675, "date": "2022-01-01T00:00:00", "smokePM_pred": 3.0874974727630602 }, "geometry": { "type": "Polygon", "coordinates": [ [ [ -80.933503974819331, 29.156640082513992 ], [ -80.923167510840813, 29.068338516990185 ], [ -81.023656267125816, 29.05924147654763 ], [ -81.034074687675542, 29.147510162148102 ], [ -80.933503974819331, 29.156640082513992 ] ] ] } },
{ "type": "Feature", "properties": { "ID": 27676, "date": "2022-01-01T00:00:00", "smokePM_pred": 3.0660521984100302 }, "geometry": { "type": "Polygon", "coordinates": [ [ [ -80.832886922001123, 29.16569702166996 ], [ -80.822632579674348, 29.07736283342819 ], [ -80.923167510840813, 29.068338516990185 ], [ -80.933503974819331, 29.156640082513992 ], [ -80.832886922001123, 29.16569702166996 ] ] ] } },
{ "type": "Feature", "properties": { "ID": 27677, "date": "2022-01-01T00:00:00", "smokePM_pred": 2.85509085655212 }, "geometry": { "type": "Polygon", "coordinates": [ [ [ -80.732223884354667, 29.17468085391042 ], [ -80.72205182763291, 29.086314300741339 ], [ -80.822632579674348, 29.07736283342819 ], [ -80.832886922001123, 29.16569702166996 ], [ -80.732223884354667, 29.17468085391042 ] ] ] } },
{ "type": "Feature", "properties": { "ID": 28010, "date": "2022-01-01T00:00:00", "smokePM_pred": 11.3012580871582 }, "geometry": { "type": "Polygon", "coordinates": [ [ [ -98.019767237119453, 26.570336384706497 ], [ -97.998010128476466, 26.491421450197315 ], [ -98.085674500568985, 26.4718637300182 ], [ -98.107473091819244, 26.550711445811206 ], [ -98.019767237119453, 26.570336384706497 ] ] ] } },
{ "type": "Feature", "properties": { "ID": 28011, "date": "2022-01-01T00:00:00", "smokePM_pred": 11.5893230438232 }, "geometry": { "type": "Polygon", "coordinates": [ [ [ -97.931971475508831, 26.589920466109433 ], [ -97.910256096082207, 26.510938430523161 ], [ -97.998010128476466, 26.491421450197315 ], [ -98.019767237119453, 26.570336384706497 ], [ -97.931971475508831, 26.589920466109433 ] ] ] } },
{ "type": "Feature", "properties": { "ID": 28012, "date": "2022-01-01T00:00:00", "smokePM_pred": 11.895015716552701 }, "geometry": { "type": "Polygon", "coordinates": [ [ [ -97.844085928616096, 26.60946348541615 ], [ -97.822412525191126, 26.530414467205972 ], [ -97.910256096082207, 26.510938430523161 ], [ -97.931971475508831, 26.589920466109433 ], [ -97.844085928616096, 26.60946348541615 ] ] ] } },
{ "type": "Feature", "properties": { "ID": 28013, "date": "2022-01-01T00:00:00", "smokePM_pred": 12.2880563735962 }, "geometry": { "type": "Polygon", "coordinates": [ [ [ -97.756110719331872, 26.628965238003161 ], [ -97.734479538864562, 26.549849356437335 ], [ -97.822412525191126, 26.530414467205972 ], [ -97.844085928616096, 26.60946348541615 ], [ -97.756110719331872, 26.628965238003161 ] ] ] } },
{ "type": "Feature", "properties": { "ID": 28014, "date": "2022-01-01T00:00:00", "smokePM_pred": 12.3377637863159 }, "geometry": { "type": "Polygon", "coordinates": [ [ [ -97.66804597181175, 26.648425519231708 ], [ -97.646457261423421, 26.569242894394563 ], [ -97.734479538864562, 26.549849356437335 ], [ -97.756110719331872, 26.628965238003161 ], [ -97.66804597181175, 26.648425519231708 ] ] ] } },
{ "type": "Feature", "properties": { "ID": 28015, "date": "2022-01-01T00:00:00", "smokePM_pred": 12.6507415771484 }, "geometry": { "type": "Polygon", "coordinates": [ [ [ -97.579891811479314, 26.66784412445212 ], [ -97.558345818451031, 26.588594877245058 ], [ -97.646457261423421, 26.569242894394563 ], [ -97.66804597181175, 26.648425519231708 ], [ -97.579891811479314, 26.66784412445212 ] ] ] } },
{ "type": "Feature", "properties": { "ID": 28016, "date": "2022-01-01T00:00:00", "smokePM_pred": 13.082612991333001 }, "geometry": { "type": "Polygon", "coordinates": [ [ [ -97.491648365028993, 26.687220849008245 ], [ -97.470145336796094, 26.607905101150674 ], [ -97.558345818451031, 26.588594877245058 ], [ -97.579891811479314, 26.66784412445212 ], [ -97.491648365028993, 26.687220849008245 ] ] ] } },
{ "type": "Feature", "properties": { "ID": 28017, "date": "2022-01-01T00:00:00", "smokePM_pred": 13.362221717834499 }, "geometry": { "type": "Polygon", "coordinates": [ [ [ -97.403315760429066, 26.706555488241854 ], [ -97.381855944575577, 26.627173362272135 ], [ -97.470145336796094, 26.607905101150674 ], [ -97.491648365028993, 26.687220849008245 ], [ -97.403315760429066, 26.706555488241854 ] ] ] } },
{ "type": "Feature", "properties": { "ID": 28018, "date": "2022-01-01T00:00:00", "smokePM_pred": 13.9398002624512 }, "geometry": { "type": "Polygon", "coordinates": [ [ [ -97.314894126924557, 26.725847837497057 ], [ -97.293477771177592, 26.646399456773427 ], [ -97.381855944575577, 26.627173362272135 ], [ -97.403315760429066, 26.706555488241854 ], [ -97.314894126924557, 26.725847837497057 ] ] ] } },
{ "type": "Feature", "properties": { "ID": 28019, "date": "2022-01-01T00:00:00", "smokePM_pred": 14.0519065856934 }, "geometry": { "type": "Polygon", "coordinates": [ [ [ -97.226383595040133, 26.745097692124791 ], [ -97.205010947264242, 26.665583180826268 ], [ -97.293477771177592, 26.646399456773427 ], [ -97.314894126924557, 26.725847837497057 ], [ -97.226383595040133, 26.745097692124791 ] ] ] } },
{ "type": "Feature", "properties": { "ID": 28020, "date": "2022-01-01T00:00:00", "smokePM_pred": 14.5060358047485 }, "geometry": { "type": "Polygon", "coordinates": [ [ [ -97.137784296582893, 26.764304847487281 ], [ -97.116455604774401, 26.684724330614532 ], [ -97.205010947264242, 26.665583180826268 ], [ -97.226383595040133, 26.745097692124791 ], [ -97.137784296582893, 26.764304847487281 ] ] ] } },
{ "type": "Feature", "properties": { "ID": 28181, "date": "2022-01-01T00:00:00", "smokePM_pred": 1.6098668575286901 }, "geometry": { "type": "Polygon", "coordinates": [ [ [ -81.848047370255813, 29.159850290701836 ], [ -81.836929884563105, 29.071858853627351 ], [ -81.937067731719395, 29.06207790531786 ], [ -81.948265983061802, 29.150034117796551 ], [ -81.848047370255813, 29.159850290701836 ] ] ] } },
{ "type": "Feature", "properties": { "ID": 28182, "date": "2022-01-01T00:00:00", "smokePM_pred": 2.6055951118469198 }, "geometry": { "type": "Polygon", "coordinates": [ [ [ -81.747779093177741, 29.169594401377442 ], [ -81.73674254914809, 29.081567991810996 ], [ -81.836929884563105, 29.071858853627351 ], [ -81.848047370255813, 29.159850290701836 ], [ -81.747779093177741, 29.169594401377442 ] ] ] } },
{ "type": "Feature", "properties": { "ID": 28183, "date": "2022-01-01T00:00:00", "smokePM_pred": 3.4789509773254399 }, "geometry": { "type": "Polygon", "coordinates": [ [ [ -81.647461498375662, 29.179266315604714 ], [ -81.636506070952777, 29.091205186271598 ], [ -81.73674254914809, 29.081567991810996 ], [ -81.747779093177741, 29.169594401377442 ], [ -81.647461498375662, 29.179266315604714 ] ] ] } },
{ "type": "Feature", "properties": { "ID": 28184, "date": "2022-01-01T00:00:00", "smokePM_pred": 4.1958646774292001 }, "geometry": { "type": "Polygon", "coordinates": [ [ [ -81.547094933502066, 29.188865900027029 ], [ -81.536220796552783, 29.100770304270309 ], [ -81.636506070952777, 29.091205186271598 ], [ -81.647461498375662, 29.179266315604714 ], [ -81.547094933502066, 29.188865900027029 ] ] ] } },
{ "type": "Feature", "properties": { "ID": 28185, "date": "2022-01-01T00:00:00", "smokePM_pred": 4.67868852615356 }, "geometry": { "type": "Polygon", "coordinates": [ [ [ -81.446679747307854, 29.198393022154445 ], [ -81.435887073614893, 29.110263213931315 ], [ -81.536220796552783, 29.100770304270309 ], [ -81.547094933502066, 29.188865900027029 ], [ -81.446679747307854, 29.198393022154445 ] ] ] } },
{ "type": "Feature", "properties": { "ID": 28186, "date": "2022-01-01T00:00:00", "smokePM_pred": 4.5681838989257804 }, "geometry": { "type": "Polygon", "coordinates": [ [ [ -81.346216289636388, 29.207847550368392 ], [ -81.335505250891174, 29.119683784246472 ], [ -81.435887073614893, 29.110263213931315 ], [ -81.446679747307854, 29.198393022154445 ], [ -81.346216289636388, 29.207847550368392 ] ] ] } },
{ "type": "Feature", "properties": { "ID": 28187, "date": "2022-01-01T00:00:00", "smokePM_pred": 4.1966724395751998 }, "geometry": { "type": "Polygon", "coordinates": [ [ [ -81.245704911417249, 29.21722935392636 ], [ -81.235075678212766, 29.129031885079996 ], [ -81.335505250891174, 29.119683784246472 ], [ -81.346216289636388, 29.207847550368392 ], [ -81.245704911417249, 29.21722935392636 ] ] ] } },
{ "type": "Feature", "properties": { "ID": 28188, "date": "2022-01-01T00:00:00", "smokePM_pred": 3.1954638957977299 }, "geometry": { "type": "Polygon", "coordinates": [ [ [ -81.145145964660173, 29.2265383029665 ], [ -81.134598706483885, 29.138307387173011 ], [ -81.235075678212766, 29.129031885079996 ], [ -81.245704911417249, 29.21722935392636 ], [ -81.145145964660173, 29.2265383029665 ] ] ] } },
{ "type": "Feature", "properties": { "ID": 28189, "date": "2022-01-01T00:00:00", "smokePM_pred": 2.7249734401702899 }, "geometry": { "type": "Polygon", "coordinates": [ [ [ -81.044539802448824, 29.235774268512262 ], [ -81.034074687675542, 29.147510162148102 ], [ -81.134598706483885, 29.138307387173011 ], [ -81.145145964660173, 29.2265383029665 ], [ -81.044539802448824, 29.235774268512262 ] ] ] } },
{ "type": "Feature", "properties": { "ID": 28190, "date": "2022-01-01T00:00:00", "smokePM_pred": 2.80665159225464 }, "geometry": { "type": "Polygon", "coordinates": [ [ [ -80.943886778934484, 29.244937122476966 ], [ -80.933503974819331, 29.156640082513992 ], [ -81.034074687675542, 29.147510162148102 ], [ -81.044539802448824, 29.235774268512262 ], [ -80.943886778934484, 29.244937122476966 ] ] ] } },
{ "type": "Feature", "properties": { "ID": 28191, "date": "2022-01-01T00:00:00", "smokePM_pred": 2.98581862449646 }, "geometry": { "type": "Polygon", "coordinates": [ [ [ -80.843187249329702, 29.254026737668386 ], [ -80.832886922001123, 29.16569702166996 ], [ -80.933503974819331, 29.156640082513992 ], [ -80.943886778934484, 29.244937122476966 ], [ -80.843187249329702, 29.254026737668386 ] ] ] } },
{ "type": "Feature", "properties": { "ID": 28526, "date": "2022-01-01T00:00:00", "smokePM_pred": 11.6829223632812 }, "geometry": { "type": "Polygon", "coordinates": [ [ [ -97.953776640427904, 26.668885114846915 ], [ -97.931971475508831, 26.589920466109433 ], [ -98.019767237119453, 26.570336384706497 ], [ -98.041614252883079, 26.649233856817354 ], [ -97.953776640427904, 26.668885114846915 ] ] ] } },
{ "type": "Feature", "properties": { "ID": 28527, "date": "2022-01-01T00:00:00", "smokePM_pred": 11.557676315307599 }, "geometry": { "type": "Polygon", "coordinates": [ [ [ -97.865848994643372, 26.688495192426085 ], [ -97.844085928616096, 26.60946348541615 ], [ -97.931971475508831, 26.589920466109433 ], [ -97.953776640427904, 26.668885114846915 ], [ -97.865848994643372, 26.688495192426085 ] ] ] } },
{ "type": "Feature", "properties": { "ID": 28528, "date": "2022-01-01T00:00:00", "smokePM_pred": 12.116065979003899 }, "geometry": { "type": "Polygon", "coordinates": [ [ [ -97.777831438246366, 26.70806388411437 ], [ -97.756110719331872, 26.628965238003161 ], [ -97.844085928616096, 26.60946348541615 ], [ -97.865848994643372, 26.688495192426085 ], [ -97.777831438246366, 26.70806388411437 ] ] ] } },
{ "type": "Feature", "properties": { "ID": 28529, "date": "2022-01-01T00:00:00", "smokePM_pred": 12.443142890930201 }, "geometry": { "type": "Polygon", "coordinates": [ [ [ -97.689724095224264, 26.727590984454956 ], [ -97.66804597181175, 26.648425519231708 ], [ -97.756110719331872, 26.628965238003161 ], [ -97.777831438246366, 26.70806388411437 ], [ -97.689724095224264, 26.727590984454956 ] ] ] } },
{ "type": "Feature", "properties": { "ID": 28530, "date": "2022-01-01T00:00:00", "smokePM_pred": 12.416922569274901 }, "geometry": { "type": "Polygon", "coordinates": [ [ [ -97.601527090837806, 26.747076287979127 ], [ -97.579891811479314, 26.66784412445212 ], [ -97.66804597181175, 26.648425519231708 ], [ -97.689724095224264, 26.727590984454956 ], [ -97.601527090837806, 26.747076287979127 ] ] ] } },
{ "type": "Feature", "properties": { "ID": 28531, "date": "2022-01-01T00:00:00", "smokePM_pred": 13.295366287231399 }, "geometry": { "type": "Polygon", "coordinates": [ [ [ -97.513240551624278, 26.766519589210752 ], [ -97.491648365028993, 26.687220849008245 ], [ -97.579891811479314, 26.66784412445212 ], [ -97.601527090837806, 26.747076287979127 ], [ -97.513240551624278, 26.766519589210752 ] ] ] } },
{ "type": "Feature", "properties": { "ID": 28532, "date": "2022-01-01T00:00:00", "smokePM_pred": 13.5213537216187 }, "geometry": { "type": "Polygon", "coordinates": [ [ [ -97.424864605400387, 26.785920682670614 ], [ -97.403315760429066, 26.706555488241854 ], [ -97.491648365028993, 26.687220849008245 ], [ -97.513240551624278, 26.766519589210752 ], [ -97.424864605400387, 26.785920682670614 ] ] ] } },
{ "type": "Feature", "properties": { "ID": 28533, "date": "2022-01-01T00:00:00", "smokePM_pred": 13.882841110229499 }, "geometry": { "type": "Polygon", "coordinates": [ [ [ -97.336399381265181, 26.805279362880974 ], [ -97.314894126924557, 26.725847837497057 ], [ -97.403315760429066, 26.706555488241854 ], [ -97.424864605400387, 26.785920682670614 ], [ -97.336399381265181, 26.805279362880974 ] ] ] } },
{ "type": "Feature", "properties": { "ID": 28534, "date": "2022-01-01T00:00:00", "smokePM_pred": 14.146567344665501 }, "geometry": { "type": "Polygon", "coordinates": [ [ [ -97.247845009603068, 26.824595424369939 ], [ -97.226383595040133, 26.745097692124791 ], [ -97.314894126924557, 26.725847837497057 ], [ -97.336399381265181, 26.805279362880974 ], [ -97.247845009603068, 26.824595424369939 ] ] ] } },
{ "type": "Feature", "properties": { "ID": 28697, "date": "2022-01-01T00:00:00", "smokePM_pred": 2.1379828453064 }, "geometry": { "type": "Polygon", "coordinates": [ [ [ -81.75886495511547, 29.257615823786374 ], [ -81.747779093177741, 29.169594401377442 ], [ -81.848047370255813, 29.159850290701836 ], [ -81.859214520405686, 29.247836683870627 ], [ -81.75886495511547, 29.257615823786374 ] ] ] } },
{ "type": "Feature", "properties": { "ID": 28698, "date": "2022-01-01T00:00:00", "smokePM_pred": 2.8208301067352299 }, "geometry": { "type": "Polygon", "coordinates": [ [ [ -81.65846589605313, 29.267322514188546 ], [ -81.647461498375662, 29.179266315604714 ], [ -81.747779093177741, 29.169594401377442 ], [ -81.75886495511547, 29.257615823786374 ], [ -81.65846589605313, 29.267322514188546 ] ] ] } },
{ "type": "Feature", "properties": { "ID": 28699, "date": "2022-01-01T00:00:00", "smokePM_pred": 3.2316761016845699 }, "geometry": { "type": "Polygon", "coordinates": [ [ [ -81.558017691953992, 29.276956621100197 ], [ -81.547094933502066, 29.188865900027029 ], [ -81.647461498375662, 29.179266315604714 ], [ -81.65846589605313, 29.267322514188546 ], [ -81.558017691953992, 29.276956621100197 ] ] ] } },
{ "type": "Feature", "properties": { "ID": 28700, "date": "2022-01-01T00:00:00", "smokePM_pred": 4.1831755638122603 }, "geometry": { "type": "Polygon", "coordinates": [ [ [ -81.457520692659145, 29.286518011414785 ], [ -81.446679747307854, 29.198393022154445 ], [ -81.547094933502066, 29.188865900027029 ], [ -81.558017691953992, 29.276956621100197 ], [ -81.457520692659145, 29.286518011414785 ] ] ] } },
{ "type": "Feature", "properties": { "ID": 28701, "date": "2022-01-01T00:00:00", "smokePM_pred": 4.1193084716796902 }, "geometry": { "type": "Polygon", "coordinates": [ [ [ -81.356975249109297, 29.296006552900813 ], [ -81.346216289636388, 29.207847550368392 ], [ -81.446679747307854, 29.198393022154445 ], [ -81.457520692659145, 29.286518011414785 ], [ -81.356975249109297, 29.296006552900813 ] ] ] } },
{ "type": "Feature", "properties": { "ID": 28702, "date": "2022-01-01T00:00:00", "smokePM_pred": 3.4014766216278098 }, "geometry": { "type": "Polygon", "coordinates": [ [ [ -81.256381713338641, 29.305422114206593 ], [ -81.245704911417249, 29.21722935392636 ], [ -81.346216289636388, 29.207847550368392 ], [ -81.356975249109297, 29.296006552900813 ], [ -81.256381713338641, 29.305422114206593 ] ] ] } },
{ "type": "Feature", "properties": { "ID": 28703, "date": "2022-01-01T00:00:00", "smokePM_pred": 3.1910805702209499 }, "geometry": { "type": "Polygon", "coordinates": [ [ [ -81.155740438468683, 29.314764564864866 ], [ -81.145145964660173, 29.2265383029665 ], [ -81.245704911417249, 29.21722935392636 ], [ -81.256381713338641, 29.305422114206593 ], [ -81.155740438468683, 29.314764564864866 ] ] ] } },
{ "type": "Feature", "properties": { "ID": 28704, "date": "2022-01-01T00:00:00", "smokePM_pred": 2.8233578205108598 }, "geometry": { "type": "Polygon", "coordinates": [ [ [ -81.055051778702008, 29.324033775297469 ], [ -81.044539802448824, 29.235774268512262 ], [ -81.145145964660173, 29.2265383029665 ], [ -81.155740438468683, 29.314764564864866 ], [ -81.055051778702008, 29.324033775297469 ] ] ] } },
{ "type": "Feature", "properties": { "ID": 28705, "date": "2022-01-01T00:00:00", "smokePM_pred": 3.0603454113006601 }, "geometry": { "type": "Polygon", "coordinates": [ [ [ -80.954316089315881, 29.333229616819899 ], [ -80.943886778934484, 29.244937122476966 ], [ -81.044539802448824, 29.235774268512262 ], [ -81.055051778702008, 29.324033775297469 ], [ -80.954316089315881, 29.333229616819899 ] ] ] } },
{ "type": "Feature", "properties": { "ID": 28706, "date": "2022-01-01T00:00:00", "smokePM_pred": 3.1865210533142099 }, "geometry": { "type": "Polygon", "coordinates": [ [ [ -80.853533726656011, 29.342351961645992 ], [ -80.843187249329702, 29.254026737668386 ], [ -80.943886778934484, 29.244937122476966 ], [ -80.954316089315881, 29.333229616819899 ], [ -80.853533726656011, 29.342351961645992 ] ] ] } },
{ "type": "Feature", "properties": { "ID": 29043, "date": "2022-01-01T00:00:00", "smokePM_pred": 11.644492149353001 }, "geometry": { "type": "Polygon", "coordinates": [ [ [ -97.799641943998267, 26.787145214291172 ], [ -97.777831438246366, 26.70806388411437 ], [ -97.865848994643372, 26.688495192426085 ], [ -97.887701971494835, 26.767509507442167 ], [ -97.799641943998267, 26.787145214291172 ] ] ] } },
{ "type": "Feature", "properties": { "ID": 29044, "date": "2022-01-01T00:00:00", "smokePM_pred": 11.929395675659199 }, "geometry": { "type": "Polygon", "coordinates": [ [ [ -97.711491880213828, 26.806739209899391 ], [ -97.689724095224264, 26.727590984454956 ], [ -97.777831438246366, 26.70806388411437 ], [ -97.799641943998267, 26.787145214291172 ], [ -97.711491880213828, 26.806739209899391 ] ] ] } },
{ "type": "Feature", "properties": { "ID": 29045, "date": "2022-01-01T00:00:00", "smokePM_pred": 12.130901336669901 }, "geometry": { "type": "Polygon", "coordinates": [ [ [ -97.623251905236586, 26.826291287977099 ], [ -97.601527090837806, 26.747076287979127 ], [ -97.689724095224264, 26.727590984454956 ], [ -97.711491880213828, 26.806739209899391 ], [ -97.623251905236586, 26.826291287977099 ] ] ] } },
{ "type": "Feature", "properties": { "ID": 29046, "date": "2022-01-01T00:00:00", "smokePM_pred": 12.6398048400879 }, "geometry": { "type": "Polygon", "coordinates": [ [ [ -97.534922145443673, 26.845801242226148 ], [ -97.513240551624278, 26.766519589210752 ], [ -97.601527090837806, 26.747076287979127 ], [ -97.623251905236586, 26.826291287977099 ], [ -97.534922145443673, 26.845801242226148 ] ] ] } },
{ "type": "Feature", "properties": { "ID": 29047, "date": "2022-01-01T00:00:00", "smokePM_pred": 13.7113599777222 }, "geometry": { "type": "Polygon", "coordinates": [ [ [ -97.446502728497208, 26.865268866344376 ], [ -97.424864605400387, 26.785920682670614 ], [ -97.513240551624278, 26.766519589210752 ], [ -97.534922145443673, 26.845801242226148 ], [ -97.446502728497208, 26.865268866344376 ] ] ] } },
{ "type": "Feature", "properties": { "ID": 29048, "date": "2022-01-01T00:00:00", "smokePM_pred": 14.510907173156699 }, "geometry": { "type": "Polygon", "coordinates": [ [ [ -97.357993783347453, 26.884693954030105 ], [ -97.336399381265181, 26.805279362880974 ], [ -97.424864605400387, 26.785920682670614 ], [ -97.446502728497208, 26.865268866344376 ], [ -97.357993783347453, 26.884693954030105 ] ] ] } },
{ "type": "Feature", "properties": { "ID": 29049, "date": "2022-01-01T00:00:00", "smokePM_pred": 14.2453460693359 }, "geometry": { "type": "Polygon", "coordinates": [ [ [ -97.269395440235584, 26.904076298986645 ], [ -97.247845009603068, 26.824595424369939 ], [ -97.336399381265181, 26.805279362880974 ], [ -97.357993783347453, 26.884693954030105 ], [ -97.269395440235584, 26.904076298986645 ] ] ] } },
{ "type": "Feature", "properties": { "ID": 29050, "date": "2022-01-01T00:00:00", "smokePM_pred": 14.378496170043899 }, "geometry": { "type": "Polygon", "coordinates": [ [ [ -97.180707830696676, 26.92341569492676 ], [ -97.159201622086513, 26.843868661676048 ], [ -97.247845009603068, 26.824595424369939 ], [ -97.269395440235584, 26.904076298986645 ], [ -97.180707830696676, 26.92341569492676 ] ] ] } },
{ "type": "Feature", "properties": { "ID": 29213, "date": "2022-01-01T00:00:00", "smokePM_pred": 2.56516361236572 }, "geometry": { "type": "Polygon", "coordinates": [ [ [ -81.669519438951653, 29.355373759854899 ], [ -81.65846589605313, 29.267322514188546 ], [ -81.75886495511547, 29.257615823786374 ], [ -81.770000311010648, 29.345632236573469 ], [ -81.669519438951653, 29.355373759854899 ] ] ] } },
{ "type": "Feature", "properties": { "ID": 29214, "date": "2022-01-01T00:00:00", "smokePM_pred": 2.7795963287353498 }, "geometry": { "type": "Polygon", "coordinates": [ [ [ -81.56898924578492, 29.365042445616218 ], [ -81.558017691953992, 29.276956621100197 ], [ -81.65846589605313, 29.267322514188546 ], [ -81.669519438951653, 29.355373759854899 ], [ -81.56898924578492, 29.365042445616218 ] ] ] } },
{ "type": "Feature", "properties": { "ID": 29215, "date": "2022-01-01T00:00:00", "smokePM_pred": 3.4543223381042498 }, "geometry": { "type": "Polygon", "coordinates": [ [ [ -81.468410082447704, 29.374638160131735 ], [ -81.457520692659145, 29.286518011414785 ], [ -81.558017691953992, 29.276956621100197 ], [ -81.56898924578492, 29.365042445616218 ], [ -81.468410082447704, 29.374638160131735 ] ] ] } },
{ "type": "Feature", "properties": { "ID": 29216, "date": "2022-01-01T00:00:00", "smokePM_pred": 3.37262058258057 }, "geometry": { "type": "Polygon", "coordinates": [ [ [ -81.367782300984246, 29.384160770554551 ], [ -81.356975249109297, 29.296006552900813 ], [ -81.457520692659145, 29.286518011414785 ], [ -81.468410082447704, 29.374638160131735 ], [ -81.367782300984246, 29.384160770554551 ] ] ] } },
{ "type": "Feature", "properties": { "ID": 29217, "date": "2022-01-01T00:00:00", "smokePM_pred": 3.2428569793701199 }, "geometry": { "type": "Polygon", "coordinates": [ [ [ -81.267106254539513, 29.393610144921322 ], [ -81.256381713338641, 29.305422114206593 ], [ -81.356975249109297, 29.296006552900813 ], [ -81.367782300984246, 29.384160770554551 ], [ -81.267106254539513, 29.393610144921322 ] ] ] } },
{ "type": "Feature", "properties": { "ID": 29218, "date": "2022-01-01T00:00:00", "smokePM_pred": 3.1413555145263699 }, "geometry": { "type": "Polygon", "coordinates": [ [ [ -81.166382297353053, 29.402986152156881 ], [ -81.155740438468683, 29.314764564864866 ], [ -81.256381713338641, 29.305422114206593 ], [ -81.267106254539513, 29.393610144921322 ], [ -81.166382297353053, 29.402986152156881 ] ] ] } },
{ "type": "Feature", "properties": { "ID": 29219, "date": "2022-01-01T00:00:00", "smokePM_pred": 2.9470269680023198 }, "geometry": { "type": "Polygon", "coordinates": [ [ [ -81.065610784752664, 29.412288662078979 ], [ -81.055051778702008, 29.324033775297469 ], [ -81.155740438468683, 29.314764564864866 ], [ -81.166382297353053, 29.402986152156881 ], [ -81.065610784752664, 29.412288662078979 ] ] ] } },
{ "type": "Feature", "properties": { "ID": 29220, "date": "2022-01-01T00:00:00", "smokePM_pred": 2.97990846633911 }, "geometry": { "type": "Polygon", "coordinates": [ [ [ -80.964792073148033, 29.421517545402885 ], [ -80.954316089315881, 29.333229616819899 ], [ -81.055051778702008, 29.324033775297469 ], [ -81.065610784752664, 29.412288662078979 ], [ -80.964792073148033, 29.421517545402885 ] ] ] } },
{ "type": "Feature", "properties": { "ID": 29559, "date": "2022-01-01T00:00:00", "smokePM_pred": 11.713523864746101 }, "geometry": { "type": "Polygon", "coordinates": [ [ [ -97.733349576609882, 26.885870115084717 ], [ -97.711491880213828, 26.806739209899391 ], [ -97.799641943998267, 26.787145214291172 ], [ -97.821542486251175, 26.866209147737624 ], [ -97.733349576609882, 26.885870115084717 ] ] ] } },
{ "type": "Feature", "properties": { "ID": 29560, "date": "2022-01-01T00:00:00", "smokePM_pred": 12.429034233093301 }, "geometry": { "type": "Polygon", "coordinates": [ [ [ -97.645066504665252, 26.905489044282415 ], [ -97.623251905236586, 26.826291287977099 ], [ -97.711491880213828, 26.806739209899391 ], [ -97.733349576609882, 26.885870115084717 ], [ -97.645066504665252, 26.905489044282415 ] ] ] } },
{ "type": "Feature", "properties": { "ID": 29561, "date": "2022-01-01T00:00:00", "smokePM_pred": 12.578799247741699 }, "geometry": { "type": "Polygon", "coordinates": [ [ [ -97.556693396631246, 26.925065728208551 ], [ -97.534922145443673, 26.845801242226148 ], [ -97.623251905236586, 26.826291287977099 ], [ -97.645066504665252, 26.905489044282415 ], [ -97.556693396631246, 26.925065728208551 ] ] ] } },
{ "type": "Feature", "properties": { "ID": 29562, "date": "2022-01-01T00:00:00", "smokePM_pred": 13.9283695220947 }, "geometry": { "type": "Polygon", "coordinates": [ [ [ -97.468230380012514, 26.944599959735996 ], [ -97.446502728497208, 26.865268866344376 ], [ -97.534922145443673, 26.845801242226148 ], [ -97.556693396631246, 26.925065728208551 ], [ -97.468230380012514, 26.944599959735996 ] ] ] } },
{ "type": "Feature", "properties": { "ID": 29563, "date": "2022-01-01T00:00:00", "smokePM_pred": 14.553754806518601 }, "geometry": { "type": "Polygon", "coordinates": [ [ [ -97.379677583607474, 26.964091531737115 ], [ -97.357993783347453, 26.884693954030105 ], [ -97.446502728497208, 26.865268866344376 ], [ -97.468230380012514, 26.944599959735996 ], [ -97.379677583607474, 26.964091531737115 ] ] ] } },
{ "type": "Feature", "properties": { "ID": 29564, "date": "2022-01-01T00:00:00", "smokePM_pred": 14.565264701843301 }, "geometry": { "type": "Polygon", "coordinates": [ [ [ -97.291035137511273, 26.983540237088341 ], [ -97.269395440235584, 26.904076298986645 ], [ -97.357993783347453, 26.884693954030105 ], [ -97.379677583607474, 26.964091531737115 ], [ -97.291035137511273, 26.983540237088341 ] ] ] } },
{ "type": "Feature", "properties": { "ID": 29565, "date": "2022-01-01T00:00:00", "smokePM_pred": 14.4704389572144 }, "geometry": { "type": "Polygon", "coordinates": [ [ [ -97.202303173118622, 27.002945868674669 ], [ -97.180707830696676, 26.92341569492676 ], [ -97.269395440235584, 26.904076298986645 ], [ -97.291035137511273, 26.983540237088341 ], [ -97.202303173118622, 27.002945868674669 ] ] ] } },
{ "type": "Feature", "properties": { "ID": 29729, "date": "2022-01-01T00:00:00", "smokePM_pred": 2.5546736717224099 }, "geometry": { "type": "Polygon", "coordinates": [ [ [ -81.580009769970786, 29.453123351611442 ], [ -81.56898924578492, 29.365042445616218 ], [ -81.669519438951653, 29.355373759854899 ], [ -81.680622303143437, 29.443420030344093 ], [ -81.580009769970786, 29.453123351611442 ] ] ] } },
{ "type": "Feature", "properties": { "ID": 29730, "date": "2022-01-01T00:00:00", "smokePM_pred": 2.85044145584106 }, "geometry": { "type": "Polygon", "coordinates": [ [ [ -81.479348090545983, 29.462753446636103 ], [ -81.468410082447704, 29.374638160131735 ], [ -81.56898924578492, 29.365042445616218 ], [ -81.580009769970786, 29.453123351611442 ], [ -81.479348090545983, 29.462753446636103 ] ] ] } },
{ "type": "Feature", "properties": { "ID": 29731, "date": "2022-01-01T00:00:00", "smokePM_pred": 3.0706377029418901 }, "geometry": { "type": "Polygon", "coordinates": [ [ [ -81.378637618022879, 29.472310181953272 ], [ -81.367782300984246, 29.384160770554551 ], [ -81.468410082447704, 29.374638160131735 ], [ -81.479348090545983, 29.462753446636103 ], [ -81.378637618022879, 29.472310181953272 ] ] ] } },
{ "type": "Feature", "properties": { "ID": 29732, "date": "2022-01-01T00:00:00", "smokePM_pred": 3.1347668170928999 }, "geometry": { "type": "Polygon", "coordinates": [ [ [ -81.2778787066635, 29.481793424985412 ], [ -81.267106254539513, 29.393610144921322 ], [ -81.367782300984246, 29.384160770554551 ], [ -81.378637618022879, 29.472310181953272 ], [ -81.2778787066635, 29.481793424985412 ] ] ] } },
{ "type": "Feature", "properties": { "ID": 29733, "date": "2022-01-01T00:00:00", "smokePM_pred": 3.18018651008606 }, "geometry": { "type": "Polygon", "coordinates": [ [ [ -81.177071711831687, 29.491203044047008 ], [ -81.166382297353053, 29.402986152156881 ], [ -81.267106254539513, 29.393610144921322 ], [ -81.2778787066635, 29.481793424985412 ], [ -81.177071711831687, 29.491203044047008 ] ] ] } },
{ "type": "Feature", "properties": { "ID": 29734, "date": "2022-01-01T00:00:00", "smokePM_pred": 3.0154466629028298 }, "geometry": { "type": "Polygon", "coordinates": [ [ [ -81.076216989986804, 29.50053890834921 ], [ -81.065610784752664, 29.412288662078979 ], [ -81.166382297353053, 29.402986152156881 ], [ -81.177071711831687, 29.491203044047008 ], [ -81.076216989986804, 29.50053890834921 ] ] ] } },
{ "type": "Feature", "properties": { "ID": 29735, "date": "2022-01-01T00:00:00", "smokePM_pred": 3.1276688575744598 }, "geometry": { "type": "Polygon", "coordinates": [ [ [ -80.975314898677382, 29.509800888004577 ], [ -80.964792073148033, 29.421517545402885 ], [ -81.065610784752664, 29.412288662078979 ], [ -81.076216989986804, 29.50053890834921 ], [ -80.975314898677382, 29.509800888004577 ] ] ] } },
{ "type": "Feature", "properties": { "ID": 30075, "date": "2022-01-01T00:00:00", "smokePM_pred": 12.9911708831787 }, "geometry": { "type": "Polygon", "coordinates": [ [ [ -97.666971140398431, 26.984669476414808 ], [ -97.645066504665252, 26.905489044282415 ], [ -97.733349576609882, 26.885870115084717 ], [ -97.755297435523886, 26.964983619213221 ], [ -97.666971140398431, 26.984669476414808 ] ] ] } },
{ "type": "Feature", "properties": { "ID": 30076, "date": "2022-01-01T00:00:00", "smokePM_pred": 13.1238241195679 }, "geometry": { "type": "Polygon", "coordinates": [ [ [ -97.578554556619153, 27.004312966996213 ], [ -97.556693396631246, 26.925065728208551 ], [ -97.645066504665252, 26.905489044282415 ], [ -97.666971140398431, 26.984669476414808 ], [ -97.578554556619153, 27.004312966996213 ] ] ] } },
{ "type": "Feature", "properties": { "ID": 30077, "date": "2022-01-01T00:00:00", "smokePM_pred": 13.932970046997101 }, "geometry": { "type": "Polygon", "coordinates": [ [ [ -97.490047811530246, 27.023913883003264 ], [ -97.468230380012514, 26.944599959735996 ], [ -97.556693396631246, 26.925065728208551 ], [ -97.578554556619153, 27.004312966996213 ], [ -97.490047811530246, 27.023913883003264 ] ] ] } },
{ "type": "Feature", "properties": { "ID": 30078, "date": "2022-01-01T00:00:00", "smokePM_pred": 14.208657264709499 }, "geometry": { "type": "Polygon", "coordinates": [ [ [ -97.401451033775331, 27.043472016480376 ], [ -97.379677583607474, 26.964091531737115 ], [ -97.468230380012514, 26.944599959735996 ], [ -97.490047811530246, 27.023913883003264 ], [ -97.401451033775331, 27.043472016480376 ] ] ] } },
{ "type": "Feature", "properties": { "ID": 30079, "date": "2022-01-01T00:00:00", "smokePM_pred": 14.9590063095093 }, "geometry": { "type": "Polygon", "coordinates": [ [ [ -97.31276435330048, 27.062987159475036 ], [ -97.291035137511273, 26.983540237088341 ], [ -97.379677583607474, 26.964091531737115 ], [ -97.401451033775331, 27.043472016480376 ], [ -97.31276435330048, 27.062987159475036 ] ] ] } },
{ "type": "Feature", "properties": { "ID": 30080, "date": "2022-01-01T00:00:00", "smokePM_pred": 15.0652322769165 }, "geometry": { "type": "Polygon", "coordinates": [ [ [ -97.223987901357233, 27.082459104042371 ], [ -97.202303173118622, 27.002945868674669 ], [ -97.291035137511273, 26.983540237088341 ], [ -97.31276435330048, 27.062987159475036 ], [ -97.223987901357233, 27.082459104042371 ] ] ] } },
{ "type": "Feature", "properties": { "ID": 30244, "date": "2022-01-01T00:00:00", "smokePM_pred": 2.2526328563690199 }, "geometry": { "type": "Polygon", "coordinates": [ [ [ -81.591079440594555, 29.541199317031445 ], [ -81.580009769970786, 29.453123351611442 ], [ -81.680622303143437, 29.443420030344093 ], [ -81.691774665813725, 29.531461303304198 ], [ -81.591079440594555, 29.541199317031445 ] ] ] } },
{ "type": "Feature", "properties": { "ID": 30245, "date": "2022-01-01T00:00:00", "smokePM_pred": 2.6927454471588099 }, "geometry": { "type": "Polygon", "coordinates": [ [ [ -81.490334891927219, 29.55086384916941 ], [ -81.479348090545983, 29.462753446636103 ], [ -81.580009769970786, 29.453123351611442 ], [ -81.591079440594555, 29.541199317031445 ], [ -81.490334891927219, 29.55086384916941 ] ] ] } },
{ "type": "Feature", "properties": { "ID": 30246, "date": "2022-01-01T00:00:00", "smokePM_pred": 2.92967629432678 }, "geometry": { "type": "Polygon", "coordinates": [ [ [ -81.389541374081446, 29.560454765632795 ], [ -81.378637618022879, 29.472310181953272 ], [ -81.479348090545983, 29.462753446636103 ], [ -81.490334891927219, 29.55086384916941 ], [ -81.389541374081446, 29.560454765632795 ] ] ] } },
{ "type": "Feature", "properties": { "ID": 30247, "date": "2022-01-01T00:00:00", "smokePM_pred": 2.6882171630859402 }, "geometry": { "type": "Polygon", "coordinates": [ [ [ -81.288699242442519, 29.569971933227393 ], [ -81.2778787066635, 29.481793424985412 ], [ -81.378637618022879, 29.472310181953272 ], [ -81.389541374081446, 29.560454765632795 ], [ -81.288699242442519, 29.569971933227393 ] ] ] } },
{ "type": "Feature", "properties": { "ID": 30248, "date": "2022-01-01T00:00:00", "smokePM_pred": 2.9156219959259002 }, "geometry": { "type": "Polygon", "coordinates": [ [ [ -81.187808853504905, 29.579415219654773 ], [ -81.177071711831687, 29.491203044047008 ], [ -81.2778787066635, 29.481793424985412 ], [ -81.288699242442519, 29.569971933227393 ], [ -81.187808853504905, 29.579415219654773 ] ] ] } },
{ "type": "Feature", "properties": { "ID": 30249, "date": "2022-01-01T00:00:00", "smokePM_pred": 3.0690770149231001 }, "geometry": { "type": "Polygon", "coordinates": [ [ [ -81.086870564865947, 29.588784493517057 ], [ -81.076216989986804, 29.50053890834921 ], [ -81.177071711831687, 29.491203044047008 ], [ -81.187808853504905, 29.579415219654773 ], [ -81.086870564865947, 29.588784493517057 ] ] ] } },
{ "type": "Feature", "properties": { "ID": 30250, "date": "2022-01-01T00:00:00", "smokePM_pred": 3.0972018241882302 }, "geometry": { "type": "Polygon", "coordinates": [ [ [ -80.985884735219429, 29.598079624321564 ], [ -80.975314898677382, 29.509800888004577 ], [ -81.076216989986804, 29.50053890834921 ], [ -81.086870564865947, 29.588784493517057 ], [ -80.985884735219429, 29.598079624321564 ] ] ] } },
{ "type": "Feature", "properties": { "ID": 30591, "date": "2022-01-01T00:00:00", "smokePM_pred": 12.9109754562378 }, "geometry": { "type": "Polygon", "coordinates": [ [ [ -97.600505878133262, 27.083542878109501 ], [ -97.578554556619153, 27.004312966996213 ], [ -97.666971140398431, 26.984669476414808 ], [ -97.688966065001438, 27.063832503575405 ], [ -97.600505878133262, 27.083542878109501 ] ] ] } },
{ "type": "Feature", "properties": { "ID": 30592, "date": "2022-01-01T00:00:00", "smokePM_pred": 13.81520652771 }, "geometry": { "type": "Polygon", "coordinates": [ [ [ -97.511955275931058, 27.103210555986895 ], [ -97.490047811530246, 27.023913883003264 ], [ -97.578554556619153, 27.004312966996213 ], [ -97.600505878133262, 27.083542878109501 ], [ -97.511955275931058, 27.103210555986895 ] ] ] } },
{ "type": "Feature", "properties": { "ID": 30593, "date": "2022-01-01T00:00:00", "smokePM_pred": 14.1155242919922 }, "geometry": { "type": "Polygon", "coordinates": [ [ [ -97.423314386880676, 27.122835328421964 ], [ -97.401451033775331, 27.043472016480376 ], [ -97.490047811530246, 27.023913883003264 ], [ -97.511955275931058, 27.103210555986895 ], [ -97.423314386880676, 27.122835328421964 ] ] ] } },
{ "type": "Feature", "properties": { "ID": 30594, "date": "2022-01-01T00:00:00", "smokePM_pred": 15.4854822158813 }, "geometry": { "type": "Polygon", "coordinates": [ [ [ -97.334583340776163, 27.142416986631201 ], [ -97.31276435330048, 27.062987159475036 ], [ -97.401451033775331, 27.043472016480376 ], [ -97.423314386880676, 27.122835328421964 ], [ -97.334583340776163, 27.142416986631201 ] ] ] } },
{ "type": "Feature", "properties": { "ID": 30595, "date": "2022-01-01T00:00:00", "smokePM_pred": 16.836860656738299 }, "geometry": { "type": "Polygon", "coordinates": [ [ [ -97.245762268722842, 27.161955321837787 ], [ -97.223987901357233, 27.082459104042371 ], [ -97.31276435330048, 27.062987159475036 ], [ -97.334583340776163, 27.142416986631201 ], [ -97.245762268722842, 27.161955321837787 ] ] ] } },
{ "type": "Feature", "properties": { "ID": 30760, "date": "2022-01-01T00:00:00", "smokePM_pred": 2.1236147880554199 }, "geometry": { "type": "Polygon", "coordinates": [ [ [ -81.501370662672784, 29.638969345883041 ], [ -81.490334891927219, 29.55086384916941 ], [ -81.591079440594555, 29.541199317031445 ], [ -81.602198434853477, 29.629270319730256 ], [ -81.501370662672784, 29.638969345883041 ] ] ] } },
{ "type": "Feature", "properties": { "ID": 30761, "date": "2022-01-01T00:00:00", "smokePM_pred": 2.1654570102691699 }, "geometry": { "type": "Polygon", "coordinates": [ [ [ -81.400493744118023, 29.648594500040282 ], [ -81.389541374081446, 29.560454765632795 ], [ -81.490334891927219, 29.55086384916941 ], [ -81.501370662672784, 29.638969345883041 ], [ -81.400493744118023, 29.648594500040282 ] ] ] } },
{ "type": "Feature", "properties": { "ID": 30762, "date": "2022-01-01T00:00:00", "smokePM_pred": 2.3836791515350302 }, "geometry": { "type": "Polygon", "coordinates": [ [ [ -81.299568035704013, 29.658145648388558 ], [ -81.288699242442519, 29.569971933227393 ], [ -81.389541374081446, 29.560454765632795 ], [ -81.400493744118023, 29.648594500040282 ], [ -81.299568035704013, 29.658145648388558 ] ] ] } },
{ "type": "Feature", "properties": { "ID": 30763, "date": "2022-01-01T00:00:00", "smokePM_pred": 2.6991119384765598 }, "geometry": { "type": "Polygon", "coordinates": [ [ [ -81.198593895062203, 29.667622658014004 ], [ -81.187808853504905, 29.579415219654773 ], [ -81.288699242442519, 29.569971933227393 ], [ -81.299568035704013, 29.658145648388558 ], [ -81.198593895062203, 29.667622658014004 ] ] ] } },
{ "type": "Feature", "properties": { "ID": 30764, "date": "2022-01-01T00:00:00", "smokePM_pred": 2.9714560508728001 }, "geometry": { "type": "Polygon", "coordinates": [ [ [ -81.097571680934323, 29.67702539690714 ], [ -81.086870564865947, 29.588784493517057 ], [ -81.187808853504905, 29.579415219654773 ], [ -81.198593895062203, 29.667622658014004 ], [ -81.097571680934323, 29.67702539690714 ] ] ] } },
{ "type": "Feature", "properties": { "ID": 30765, "date": "2022-01-01T00:00:00", "smokePM_pred": 2.9711425304412802 }, "geometry": { "type": "Polygon", "coordinates": [ [ [ -80.996501753165859, 29.686353733967607 ], [ -80.985884735219429, 29.598079624321564 ], [ -81.086870564865947, 29.588784493517057 ], [ -81.097571680934323, 29.67702539690714 ], [ -80.996501753165859, 29.686353733967607 ] ] ] } },
{ "type": "Feature", "properties": { "ID": 31107, "date": "2022-01-01T00:00:00", "smokePM_pred": 14.102576255798301 }, "geometry": { "type": "Polygon", "coordinates": [ [ [ -97.533953027398127, 27.182489898208576 ], [ -97.511955275931058, 27.103210555986895 ], [ -97.600505878133262, 27.083542878109501 ], [ -97.622547615198897, 27.162755380748997 ], [ -97.533953027398127, 27.182489898208576 ] ] ] } },
{ "type": "Feature", "properties": { "ID": 31108, "date": "2022-01-01T00:00:00", "smokePM_pred": 14.545325279235801 }, "geometry": { "type": "Polygon", "coordinates": [ [ [ -97.445267897258688, 27.202181387405734 ], [ -97.423314386880676, 27.122835328421964 ], [ -97.511955275931058, 27.103210555986895 ], [ -97.533953027398127, 27.182489898208576 ], [ -97.445267897258688, 27.202181387405734 ] ] ] } },
{ "type": "Feature", "properties": { "ID": 31109, "date": "2022-01-01T00:00:00", "smokePM_pred": 17.3764133453369 }, "geometry": { "type": "Polygon", "coordinates": [ [ [ -97.356492354419672, 27.221829638723893 ], [ -97.334583340776163, 27.142416986631201 ], [ -97.423314386880676, 27.122835328421964 ], [ -97.445267897258688, 27.202181387405734 ], [ -97.356492354419672, 27.221829638723893 ] ] ] } },
{ "type": "Feature", "properties": { "ID": 31110, "date": "2022-01-01T00:00:00", "smokePM_pred": 18.405326843261701 }, "geometry": { "type": "Polygon", "coordinates": [ [ [ -97.267626529837187, 27.241434442552237 ], [ -97.245762268722842, 27.161955321837787 ], [ -97.334583340776163, 27.142416986631201 ], [ -97.356492354419672, 27.221829638723893 ], [ -97.267626529837187, 27.241434442552237 ] ] ] } },
{ "type": "Feature", "properties": { "ID": 31111, "date": "2022-01-01T00:00:00", "smokePM_pred": 19.034152984619102 }, "geometry": { "type": "Polygon", "coordinates": [ [ [ -97.178670555787576, 27.260995589290268 ], [ -97.156851303140357, 27.181450125276204 ], [ -97.245762268722842, 27.161955321837787 ], [ -97.267626529837187, 27.241434442552237 ], [ -97.178670555787576, 27.260995589290268 ] ] ] } },
{ "type": "Feature", "properties": { "ID": 31276, "date": "2022-01-01T00:00:00", "smokePM_pred": 1.70142209529877 }, "geometry": { "type": "Polygon", "coordinates": [ [ [ -81.411494904199969, 29.736729363533634 ], [ -81.400493744118023, 29.648594500040282 ], [ -81.501370662672784, 29.638969345883041 ], [ -81.512455579979601, 29.727069914837635 ], [ -81.411494904199969, 29.736729363533634 ] ] ] } },
{ "type": "Feature", "properties": { "ID": 31277, "date": "2022-01-01T00:00:00", "smokePM_pred": 1.7834903001785301 }, "geometry": { "type": "Polygon", "coordinates": [ [ [ -81.310485261378346, 29.74631454912241 ], [ -81.299568035704013, 29.658145648388558 ], [ -81.400493744118023, 29.648594500040282 ], [ -81.411494904199969, 29.736729363533634 ], [ -81.310485261378346, 29.74631454912241 ] ] ] } },
{ "type": "Feature", "properties": { "ID": 31278, "date": "2022-01-01T00:00:00", "smokePM_pred": 1.9734537601470901 }, "geometry": { "type": "Polygon", "coordinates": [ [ [ -81.209427010289545, 29.755825338072128 ], [ -81.198593895062203, 29.667622658014004 ], [ -81.299568035704013, 29.658145648388558 ], [ -81.310485261378346, 29.74631454912241 ], [ -81.209427010289545, 29.755825338072128 ] ] ] } },
{ "type": "Feature", "properties": { "ID": 31279, "date": "2022-01-01T00:00:00", "smokePM_pred": 2.3542041778564502 }, "geometry": { "type": "Polygon", "coordinates": [ [ [ -81.108320510826147, 29.765261597759206 ], [ -81.097571680934323, 29.67702539690714 ], [ -81.198593895062203, 29.667622658014004 ], [ -81.209427010289545, 29.755825338072128 ], [ -81.108320510826147, 29.765261597759206 ] ] ] } },
{ "type": "Feature", "properties": { "ID": 31623, "date": "2022-01-01T00:00:00", "smokePM_pred": 16.549085617065401 }, "geometry": { "type": "Polygon", "coordinates": [ [ [ -97.467311820555878, 27.281510112955232 ], [ -97.445267897258688, 27.202181387405734 ], [ -97.533953027398127, 27.182489898208576 ], [ -97.556041321422825, 27.261751828868888 ], [ -97.467311820555878, 27.281510112955232 ] ] ] } },
{ "type": "Feature", "properties": { "ID": 31624, "date": "2022-01-01T00:00:00", "smokePM_pred": 18.7905979156494 }, "geometry": { "type": "Polygon", "coordinates": [ [ [ -97.37849165002666, 27.301225035600712 ], [ -97.356492354419672, 27.221829638723893 ], [ -97.445267897258688, 27.202181387405734 ], [ -97.467311820555878, 27.281510112955232 ], [ -97.37849165002666, 27.301225035600712 ] ] ] } },
{ "type": "Feature", "properties": { "ID": 31625, "date": "2022-01-01T00:00:00", "smokePM_pred": 20.460321426391602 }, "geometry": { "type": "Polygon", "coordinates": [ [ [ -97.289580940639169, 27.320896386358353 ], [ -97.267626529837187, 27.241434442552237 ], [ -97.356492354419672, 27.221829638723893 ], [ -97.37849165002666, 27.301225035600712 ], [ -97.289580940639169, 27.320896386358353 ] ] ] } },
{ "type": "Feature", "properties": { "ID": 31626, "date": "2022-01-01T00:00:00", "smokePM_pred": 20.063421249389599 }, "geometry": { "type": "Polygon", "coordinates": [ [ [ -97.200579824523444, 27.34052395479063 ], [ -97.178670555787576, 27.260995589290268 ], [ -97.267626529837187, 27.241434442552237 ], [ -97.289580940639169, 27.320896386358353 ], [ -97.200579824523444, 27.34052395479063 ] ] ] } },
{ "type": "Feature", "properties": { "ID": 31792, "date": "2022-01-01T00:00:00", "smokePM_pred": 1.59977066516876 }, "geometry": { "type": "Polygon", "coordinates": [ [ [ -81.321451095506134, 29.834478613993827 ], [ -81.310485261378346, 29.74631454912241 ], [ -81.411494904199969, 29.736729363533634 ], [ -81.422545031511262, 29.824859334380644 ], [ -81.321451095506134, 29.834478613993827 ] ] ] } },
{ "type": "Feature", "properties": { "ID": 31793, "date": "2022-01-01T00:00:00", "smokePM_pred": 1.77462375164032 }, "geometry": { "type": "Polygon", "coordinates": [ [ [ -81.220308374076737, 29.84402323868947 ], [ -81.209427010289545, 29.755825338072128 ], [ -81.310485261378346, 29.74631454912241 ], [ -81.321451095506134, 29.834478613993827 ], [ -81.220308374076737, 29.84402323868947 ] ] ] } },
{ "type": "Feature", "properties": { "ID": 31794, "date": "2022-01-01T00:00:00", "smokePM_pred": 2.2050731182098402 }, "geometry": { "type": "Polygon", "coordinates": [ [ [ -81.119117228272955, 29.853493075227316 ], [ -81.108320510826147, 29.765261597759206 ], [ -81.209427010289545, 29.755825338072128 ], [ -81.220308374076737, 29.84402323868947 ], [ -81.119117228272955, 29.853493075227316 ] ] ] } },
{ "type": "Feature", "properties": { "ID": 32139, "date": "2022-01-01T00:00:00", "smokePM_pred": 18.521156311035199 }, "geometry": { "type": "Polygon", "coordinates": [ [ [ -97.400581484712959, 27.380603096787709 ], [ -97.37849165002666, 27.301225035600712 ], [ -97.467311820555878, 27.281510112955232 ], [ -97.489446413735777, 27.36082142427172 ], [ -97.400581484712959, 27.380603096787709 ] ] ] } },
{ "type": "Feature", "properties": { "ID": 32140, "date": "2022-01-01T00:00:00", "smokePM_pred": 20.735740661621101 }, "geometry": { "type": "Polygon", "coordinates": [ [ [ -97.311625758390946, 27.400341073108116 ], [ -97.289580940639169, 27.320896386358353 ], [ -97.37849165002666, 27.301225035600712 ], [ -97.400581484712959, 27.380603096787709 ], [ -97.311625758390946, 27.400341073108116 ] ] ] } },
{ "type": "Feature", "properties": { "ID": 32141, "date": "2022-01-01T00:00:00", "smokePM_pred": 21.378482818603501 }, "geometry": { "type": "Polygon", "coordinates": [ [ [ -97.222579366750409, 27.420035141956216 ], [ -97.200579824523444, 27.34052395479063 ], [ -97.289580940639169, 27.320896386358353 ], [ -97.311625758390946, 27.400341073108116 ], [ -97.222579366750409, 27.420035141956216 ] ] ] } },
{ "type": "Feature", "properties": { "ID": 32142, "date": "2022-01-01T00:00:00", "smokePM_pred": 20.410905838012699 }, "geometry": { "type": "Polygon", "coordinates": [ [ [ -97.133442443107228, 27.439685092068398 ], [ -97.111488435138625, 27.360107530474043 ], [ -97.200579824523444, 27.34052395479063 ], [ -97.222579366750409, 27.420035141956216 ], [ -97.133442443107228, 27.439685092068398 ] ] ] } },
{ "type": "Feature", "properties": { "ID": 32225, "date": "2022-01-01T00:00:00", "smokePM_pred": 4.6172752380371103 }, "geometry": { "type": "Polygon", "coordinates": [ [ [ -89.435579705738661, 28.896176978602419 ], [ -89.418307105567422, 28.81161369671949 ], [ -89.514289590265875, 28.796403124875891 ], [ -89.531629033208148, 28.880913463354943 ], [ -89.435579705738661, 28.896176978602419 ] ] ] } },
{ "type": "Feature", "properties": { "ID": 32226, "date": "2022-01-01T00:00:00", "smokePM_pred": 4.6422638893127397 }, "geometry": { "type": "Polygon", "coordinates": [ [ [ -89.339456039921245, 28.911379193126141 ], [ -89.322250528431894, 28.826763165398596 ], [ -89.418307105567422, 28.81161369671949 ], [ -89.435579705738661, 28.896176978602419 ], [ -89.339456039921245, 28.911379193126141 ] ] ] } },
{ "type": "Feature", "properties": { "ID": 32227, "date": "2022-01-01T00:00:00", "smokePM_pred": 4.5567221641540501 }, "geometry": { "type": "Polygon", "coordinates": [ [ [ -89.243258289529649, 28.926519915637982 ], [ -89.226120112149843, 28.841851340457175 ], [ -89.322250528431894, 28.826763165398596 ], [ -89.339456039921245, 28.911379193126141 ], [ -89.243258289529649, 28.926519915637982 ] ] ] } },
{ "type": "Feature", "properties": { "ID": 32228, "date": "2022-01-01T00:00:00", "smokePM_pred": 4.5273456573486301 }, "geometry": { "type": "Polygon", "coordinates": [ [ [ -89.146986709776471, 28.941598955322505 ], [ -89.12991611144237, 28.856878031910501 ], [ -89.226120112149843, 28.841851340457175 ], [ -89.243258289529649, 28.926519915637982 ], [ -89.146986709776471, 28.941598955322505 ] ] ] } },
{ "type": "Feature", "properties": { "ID": 32229, "date": "2022-01-01T00:00:00", "smokePM_pred": 4.5251030921936 }, "geometry": { "type": "Polygon", "coordinates": [ [ [ -89.050641557312062, 28.956616121842636 ], [ -89.033638782459875, 28.871843050250959 ], [ -89.12991611144237, 28.856878031910501 ], [ -89.146986709776471, 28.941598955322505 ], [ -89.050641557312062, 28.956616121842636 ] ] ] } },
{ "type": "Feature", "properties": { "ID": 32270, "date": "2022-01-01T00:00:00", "smokePM_pred": 1.85350394248962 }, "geometry": { "type": "Polygon", "coordinates": [ [ [ -85.040504742634127, 29.516770166091074 ], [ -85.026485870442443, 29.430041280275294 ], [ -85.125531703949164, 29.417761363013764 ], [ -85.139627886399552, 29.504446996182786 ], [ -85.040504742634127, 29.516770166091074 ] ] ] } },
{ "type": "Feature", "properties": { "ID": 32271, "date": "2022-01-01T00:00:00", "smokePM_pred": 1.85946500301361 }, "geometry": { "type": "Polygon", "coordinates": [ [ [ -84.941320079419654, 29.529023976631965 ], [ -84.927378733256774, 29.442252071434666 ], [ -85.026485870442443, 29.430041280275294 ], [ -85.040504742634127, 29.516770166091074 ], [ -84.941320079419654, 29.529023976631965 ] ] ] } },
{ "type": "Feature", "properties": { "ID": 32308, "date": "2022-01-01T00:00:00", "smokePM_pred": 1.5203500986099201 }, "geometry": { "type": "Polygon", "coordinates": [ [ [ -81.231238162424773, 29.932216338638508 ], [ -81.220308374076737, 29.84402323868947 ], [ -81.321451095506134, 29.834478613993827 ], [ -81.332465715245718, 29.922637821478375 ], [ -81.231238162424773, 29.932216338638508 ] ] ] } },
{ "type": "Feature", "properties": { "ID": 32309, "date": "2022-01-01T00:00:00", "smokePM_pred": 2.2350618839263898 }, "geometry": { "type": "Polygon", "coordinates": [ [ [ -81.129962008110937, 29.941719808379151 ], [ -81.119117228272955, 29.853493075227316 ], [ -81.220308374076737, 29.84402323868947 ], [ -81.231238162424773, 29.932216338638508 ], [ -81.129962008110937, 29.941719808379151 ] ] ] } },
{ "type": "Feature", "properties": { "ID": 32655, "date": "2022-01-01T00:00:00", "smokePM_pred": 20.071216583251999 }, "geometry": { "type": "Polygon", "coordinates": [ [ [ -97.333761241683717, 27.479768422330778 ], [ -97.311625758390946, 27.400341073108116 ], [ -97.400581484712959, 27.380603096787709 ], [ -97.422762116920481, 27.459963741487453 ], [ -97.333761241683717, 27.479768422330778 ] ] ] } },
{ "type": "Feature", "properties": { "ID": 32656, "date": "2022-01-01T00:00:00", "smokePM_pred": 21.831666946411101 }, "geometry": { "type": "Polygon", "coordinates": [ [ [ -97.244669441203087, 27.499529070644048 ], [ -97.222579366750409, 27.420035141956216 ], [ -97.311625758390946, 27.400341073108116 ], [ -97.333761241683717, 27.479768422330778 ], [ -97.244669441203087, 27.499529070644048 ] ] ] } },
{ "type": "Feature", "properties": { "ID": 32657, "date": "2022-01-01T00:00:00", "smokePM_pred": 20.434301376342798 }, "geometry": { "type": "Polygon", "coordinates": [ [ [ -97.155486848648039, 27.51924547432138 ], [ -97.133442443107228, 27.439685092068398 ], [ -97.222579366750409, 27.420035141956216 ], [ -97.244669441203087, 27.499529070644048 ], [ -97.155486848648039, 27.51924547432138 ] ] ] } },
{ "type": "Feature", "properties": { "ID": 32739, "date": "2022-01-01T00:00:00", "smokePM_pred": 4.5914411544799796 }, "geometry": { "type": "Polygon", "coordinates": [ [ [ -89.549043067072247, 28.965413180494732 ], [ -89.531629033208148, 28.880913463354943 ], [ -89.627603769996028, 28.865588839138738 ], [ -89.645084651138546, 28.950035338232809 ], [ -89.549043067072247, 28.965413180494732 ] ] ] } },
{ "type": "Feature", "properties": { "ID": 32740, "date": "2022-01-01T00:00:00", "smokePM_pred": 4.6321129798889196 }, "geometry": { "type": "Polygon", "coordinates": [ [ [ -89.452926644497765, 28.980729716934235 ], [ -89.435579705738661, 28.896176978602419 ], [ -89.531629033208148, 28.880913463354943 ], [ -89.549043067072247, 28.965413180494732 ], [ -89.452926644497765, 28.980729716934235 ] ] ] } },
{ "type": "Feature", "properties": { "ID": 32741, "date": "2022-01-01T00:00:00", "smokePM_pred": 4.6167902946472203 }, "geometry": { "type": "Polygon", "coordinates": [ [ [ -89.356735636224599, 28.995984754960059 ], [ -89.339456039921245, 28.911379193126141 ], [ -89.435579705738661, 28.896176978602419 ], [ -89.452926644497765, 28.980729716934235 ], [ -89.356735636224599, 28.995984754960059 ] ] ] } },
{ "type": "Feature", "properties": { "ID": 32742, "date": "2022-01-01T00:00:00", "smokePM_pred": 4.6374759674072301 }, "geometry": { "type": "Polygon", "coordinates": [ [ [ -89.260470296510675, 29.011178102449122 ], [ -89.243258289529649, 28.926519915637982 ], [ -89.339456039921245, 28.911379193126141 ], [ -89.356735636224599, 28.995984754960059 ], [ -89.260470296510675, 29.011178102449122 ] ] ] } },
{ "type": "Feature", "properties": { "ID": 32743, "date": "2022-01-01T00:00:00", "smokePM_pred": 4.6747074127197301 }, "geometry": { "type": "Polygon", "coordinates": [ [ [ -89.164130881061226, 29.026309567752293 ], [ -89.146986709776471, 28.941598955322505 ], [ -89.243258289529649, 28.926519915637982 ], [ -89.260470296510675, 29.011178102449122 ], [ -89.164130881061226, 29.026309567752293 ] ] ] } },
{ "type": "Feature", "properties": { "ID": 32744, "date": "2022-01-01T00:00:00", "smokePM_pred": 4.5129346847534197 }, "geometry": { "type": "Polygon", "coordinates": [ [ [ -89.06771764702772, 29.041378959700136 ], [ -89.050641557312062, 28.956616121842636 ], [ -89.146986709776471, 28.941598955322505 ], [ -89.164130881061226, 29.026309567752293 ], [ -89.06771764702772, 29.041378959700136 ] ] ] } },
{ "type": "Feature", "properties": { "ID": 32745, "date": "2022-01-01T00:00:00", "smokePM_pred": 4.2781939506530797 }, "geometry": { "type": "Polygon", "coordinates": [ [ [ -88.971230853006716, 29.056386087608733 ], [ -88.954223090223437, 28.97157122534546 ], [ -89.050641557312062, 28.956616121842636 ], [ -89.06771764702772, 29.041378959700136 ], [ -88.971230853006716, 29.056386087608733 ] ] ] } },
{ "type": "Feature", "properties": { "ID": 32746, "date": "2022-01-01T00:00:00", "smokePM_pred": 4.2324056625366202 }, "geometry": { "type": "Polygon", "coordinates": [ [ [ -88.874670759038608, 29.071330761285449 ], [ -88.857731568032918, 28.986464076467929 ], [ -88.954223090223437, 28.97157122534546 ], [ -88.971230853006716, 29.056386087608733 ], [ -88.874670759038608, 29.071330761285449 ] ] ] } },
{ "type": "Feature", "properties": { "ID": 32783, "date": "2022-01-01T00:00:00", "smokePM_pred": 1.9379073381423999 }, "geometry": { "type": "Polygon", "coordinates": [ [ [ -85.252924620309912, 29.578689418798366 ], [ -85.238689195543955, 29.492054631983496 ], [ -85.337688356227233, 29.479593239286974 ], [ -85.352000969654469, 29.566184239648237 ], [ -85.252924620309912, 29.578689418798366 ] ] ] } },
{ "type": "Feature", "properties": { "ID": 32784, "date": "2022-01-01T00:00:00", "smokePM_pred": 1.9378641843795801 }, "geometry": { "type": "Polygon", "coordinates": [ [ [ -85.153785903692992, 29.591125337420962 ], [ -85.139627886399552, 29.504446996182786 ], [ -85.238689195543955, 29.492054631983496 ], [ -85.252924620309912, 29.578689418798366 ], [ -85.153785903692992, 29.591125337420962 ] ] ] } },
{ "type": "Feature", "properties": { "ID": 32785, "date": "2022-01-01T00:00:00", "smokePM_pred": 1.8464261293411299 }, "geometry": { "type": "Polygon", "coordinates": [ [ [ -85.054585134496136, 29.603491828971972 ], [ -85.040504742634127, 29.516770166091074 ], [ -85.139627886399552, 29.504446996182786 ], [ -85.153785903692992, 29.591125337420962 ], [ -85.054585134496136, 29.603491828971972 ] ] ] } },
{ "type": "Feature", "properties": { "ID": 32823, "date": "2022-01-01T00:00:00", "smokePM_pred": 1.5446032285690301 }, "geometry": { "type": "Polygon", "coordinates": [ [ [ -81.242216552453442, 30.02040461660313 ], [ -81.231238162424773, 29.932216338638508 ], [ -81.332465715245718, 29.922637821478375 ], [ -81.343529298880682, 30.01079214996151 ], [ -81.242216552453442, 30.02040461660313 ] ] ] } },
{ "type": "Feature", "properties": { "ID": 32824, "date": "2022-01-01T00:00:00", "smokePM_pred": 2.0195095539093 }, "geometry": { "type": "Polygon", "coordinates": [ [ [ -81.140855026288534, 30.029941776195354 ], [ -81.129962008110937, 29.941719808379151 ], [ -81.231238162424773, 29.932216338638508 ], [ -81.242216552453442, 30.02040461660313 ], [ -81.140855026288534, 30.029941776195354 ] ] ] } },
{ "type": "Feature", "properties": { "ID": 33171, "date": "2022-01-01T00:00:00", "smokePM_pred": 18.809370040893601 }, "geometry": { "type": "Polygon", "coordinates": [ [ [ -97.266850307954186, 27.579005660387185 ], [ -97.244669441203087, 27.499529070644048 ], [ -97.333761241683717, 27.479768422330778 ], [ -97.355987650443893, 27.559178353230813 ], [ -97.266850307954186, 27.579005660387185 ] ] ] } },
{ "type": "Feature", "properties": { "ID": 33172, "date": "2022-01-01T00:00:00", "smokePM_pred": 18.950920104980501 }, "geometry": { "type": "Polygon", "coordinates": [ [ [ -97.1776219119741, 27.598788597095712 ], [ -97.155486848648039, 27.51924547432138 ], [ -97.244669441203087, 27.499529070644048 ], [ -97.266850307954186, 27.579005660387185 ], [ -97.1776219119741, 27.598788597095712 ] ] ] } },
{ "type": "Feature", "properties": { "ID": 33173, "date": "2022-01-01T00:00:00", "smokePM_pred": 15.3479862213135 }, "geometry": { "type": "Polygon", "coordinates": [ [ [ -97.088302596873987, 27.618526950422034 ], [ -97.0662135985323, 27.538917421273769 ], [ -97.155486848648039, 27.51924547432138 ], [ -97.1776219119741, 27.598788597095712 ], [ -97.088302596873987, 27.618526950422034 ] ] ] } },
{ "type": "Feature", "properties": { "ID": 33255, "date": "2022-01-01T00:00:00", "smokePM_pred": 4.4971947669982901 }, "geometry": { "type": "Polygon", "coordinates": [ [ [ -89.470348169196939, 29.065271861463152 ], [ -89.452926644497765, 28.980729716934235 ], [ -89.549043067072247, 28.965413180494732 ], [ -89.566531939686087, 29.049902225669573 ], [ -89.470348169196939, 29.065271861463152 ] ] ] } },
{ "type": "Feature", "properties": { "ID": 33256, "date": "2022-01-01T00:00:00", "smokePM_pred": 4.5622859001159703 }, "geometry": { "type": "Polygon", "coordinates": [ [ [ -89.374089564209967, 29.08057980102237 ], [ -89.356735636224599, 28.995984754960059 ], [ -89.452926644497765, 28.980729716934235 ], [ -89.470348169196939, 29.065271861463152 ], [ -89.374089564209967, 29.08057980102237 ] ] ] } },
{ "type": "Feature", "properties": { "ID": 33257, "date": "2022-01-01T00:00:00", "smokePM_pred": 4.1671261787414604 }, "geometry": { "type": "Polygon", "coordinates": [ [ [ -89.277756379468286, 29.095825851386248 ], [ -89.260470296510675, 29.011178102449122 ], [ -89.356735636224599, 28.995984754960059 ], [ -89.374089564209967, 29.08057980102237 ], [ -89.277756379468286, 29.095825851386248 ] ] ] } },
{ "type": "Feature", "properties": { "ID": 33258, "date": "2022-01-01T00:00:00", "smokePM_pred": 4.6157088279724103 }, "geometry": { "type": "Polygon", "coordinates": [ [ [ -89.181348871170883, 29.111009820069008 ], [ -89.164130881061226, 29.026309567752293 ], [ -89.260470296510675, 29.011178102449122 ], [ -89.277756379468286, 29.095825851386248 ], [ -89.181348871170883, 29.111009820069008 ] ] ] } },
{ "type": "Feature", "properties": { "ID": 33259, "date": "2022-01-01T00:00:00", "smokePM_pred": 4.52127885818481 }, "geometry": { "type": "Polygon", "coordinates": [ [ [ -89.08486729697151, 29.126131515065929 ], [ -89.06771764702772, 29.041378959700136 ], [ -89.164130881061226, 29.026309567752293 ], [ -89.181348871170883, 29.111009820069008 ], [ -89.08486729697151, 29.126131515065929 ] ] ] } },
{ "type": "Feature", "properties": { "ID": 33260, "date": "2022-01-01T00:00:00", "smokePM_pred": 4.2659392356872603 }, "geometry": { "type": "Polygon", "coordinates": [ [ [ -88.988311915977533, 29.141190744859156 ], [ -88.971230853006716, 29.056386087608733 ], [ -89.06771764702772, 29.041378959700136 ], [ -89.08486729697151, 29.126131515065929 ], [ -88.988311915977533, 29.141190744859156 ] ] ] } },
{ "type": "Feature", "properties": { "ID": 33261, "date": "2022-01-01T00:00:00", "smokePM_pred": 4.2547235488891602 }, "geometry": { "type": "Polygon", "coordinates": [ [ [ -88.891682988748684, 29.156187318423502 ], [ -88.874670759038608, 29.071330761285449 ], [ -88.971230853006716, 29.056386087608733 ], [ -88.988311915977533, 29.141190744859156 ], [ -88.891682988748684, 29.156187318423502 ] ] ] } },
{ "type": "Feature", "properties": { "ID": 33262, "date": "2022-01-01T00:00:00", "smokePM_pred": 4.1929254531860396 }, "geometry": { "type": "Polygon", "coordinates": [ [ [ -88.794980777295805, 29.17112104523223 ], [ -88.778037626606348, 29.086212791034697 ], [ -88.874670759038608, 29.071330761285449 ], [ -88.891682988748684, 29.156187318423502 ], [ -88.794980777295805, 29.17112104523223 ] ] ] } },
{ "type": "Feature", "properties": { "ID": 33297, "date": "2022-01-01T00:00:00", "smokePM_pred": 1.89955198764801 }, "geometry": { "type": "Polygon", "coordinates": [ [ [ -85.366376263926881, 29.65276777443168 ], [ -85.352000969654469, 29.566184239648237 ], [ -85.45101463837851, 29.553609967229118 ], [ -85.465467213657689, 29.640149414161026 ], [ -85.366376263926881, 29.65276777443168 ] ] ] } },
{ "type": "Feature", "properties": { "ID": 33298, "date": "2022-01-01T00:00:00", "smokePM_pred": 1.9133657217025799 }, "geometry": { "type": "Polygon", "coordinates": [ [ [ -85.267222412572295, 29.66531680990083 ], [ -85.252924620309912, 29.578689418798366 ], [ -85.352000969654469, 29.566184239648237 ], [ -85.366376263926881, 29.65276777443168 ], [ -85.267222412572295, 29.66531680990083 ] ] ] } },
{ "type": "Feature", "properties": { "ID": 33299, "date": "2022-01-01T00:00:00", "smokePM_pred": 1.7986824512481701 }, "geometry": { "type": "Polygon", "coordinates": [ [ [ -85.168005973789732, 29.677796352554065 ], [ -85.153785903692992, 29.591125337420962 ], [ -85.252924620309912, 29.578689418798366 ], [ -85.267222412572295, 29.66531680990083 ], [ -85.168005973789732, 29.677796352554065 ] ] ] } },
{ "type": "Feature", "properties": { "ID": 33300, "date": "2022-01-01T00:00:00", "smokePM_pred": 1.8055068254470801 }, "geometry": { "type": "Polygon", "coordinates": [ [ [ -85.068727263127926, 29.69020623509407 ], [ -85.054585134496136, 29.603491828971972 ], [ -85.153785903692992, 29.591125337420962 ], [ -85.168005973789732, 29.677796352554065 ], [ -85.068727263127926, 29.69020623509407 ] ] ] } },
{ "type": "Feature", "properties": { "ID": 33339, "date": "2022-01-01T00:00:00", "smokePM_pred": 1.83343613147736 }, "geometry": { "type": "Polygon", "coordinates": [ [ [ -81.151796459873722, 30.118158957568671 ], [ -81.140855026288534, 30.029941776195354 ], [ -81.242216552453442, 30.02040461660313 ], [ -81.253243722408769, 30.108588051177858 ], [ -81.151796459873722, 30.118158957568671 ] ] ] } },
{ "type": "Feature", "properties": { "ID": 33687, "date": "2022-01-01T00:00:00", "smokePM_pred": 11.8105144500732 }, "geometry": { "type": "Polygon", "coordinates": [ [ [ -97.199847894645742, 27.678314379929009 ], [ -97.1776219119741, 27.598788597095712 ], [ -97.266850307954186, 27.579005660387185 ], [ -97.289122228420709, 27.658464830392749 ], [ -97.199847894645742, 27.678314379929009 ] ] ] } },
{ "type": "Feature", "properties": { "ID": 33688, "date": "2022-01-01T00:00:00", "smokePM_pred": 11.797212600708001 }, "geometry": { "type": "Polygon", "coordinates": [ [ [ -97.110482378838043, 27.698119219512801 ], [ -97.088302596873987, 27.618526950422034 ], [ -97.1776219119741, 27.598788597095712 ], [ -97.199847894645742, 27.678314379929009 ], [ -97.110482378838043, 27.698119219512801 ] ] ] } },
{ "type": "Feature", "properties": { "ID": 33689, "date": "2022-01-01T00:00:00", "smokePM_pred": 11.459174156189 }, "geometry": { "type": "Polygon", "coordinates": [ [ [ -97.021025816581087, 27.717879135381985 ], [ -96.998892498377614, 27.638220507452463 ], [ -97.088302596873987, 27.618526950422034 ], [ -97.110482378838043, 27.698119219512801 ], [ -97.021025816581087, 27.717879135381985 ] ] ] } },
{ "type": "Feature", "properties": { "ID": 33760, "date": "2022-01-01T00:00:00", "smokePM_pred": 4.3793921470642099 }, "geometry": { "type": "Polygon", "coordinates": [ [ [ -90.446938044846732, 28.992822192175289 ], [ -90.428777010928073, 28.908831239320243 ], [ -90.524198746507139, 28.892855354442279 ], [ -90.542424854197066, 28.976791196398583 ], [ -90.446938044846732, 28.992822192175289 ] ] ] } },
{ "type": "Feature", "properties": { "ID": 33761, "date": "2022-01-01T00:00:00", "smokePM_pred": 4.6540679931640598 }, "geometry": { "type": "Polygon", "coordinates": [ [ [ -90.351373679183453, 29.008793256710732 ], [ -90.333277973686577, 28.924747382435932 ], [ -90.428777010928073, 28.908831239320243 ], [ -90.446938044846732, 28.992822192175289 ], [ -90.351373679183453, 29.008793256710732 ] ] ] } },
{ "type": "Feature", "properties": { "ID": 33762, "date": "2022-01-01T00:00:00", "smokePM_pred": 4.7720050811767596 }, "geometry": { "type": "Polygon", "coordinates": [ [ [ -90.255731997747048, 29.024704191758371 ], [ -90.237701874921086, 28.940603586394815 ], [ -90.333277973686577, 28.924747382435932 ], [ -90.351373679183453, 29.008793256710732 ], [ -90.255731997747048, 29.024704191758371 ] ] ] } },
{ "type": "Feature", "properties": { "ID": 33763, "date": "2022-01-01T00:00:00", "smokePM_pred": 4.5192456245422399 }, "geometry": { "type": "Polygon", "coordinates": [ [ [ -90.160013242549084, 29.04055479948995 ], [ -90.142048956233367, 28.956399654219702 ], [ -90.237701874921086, 28.940603586394815 ], [ -90.255731997747048, 29.024704191758371 ], [ -90.160013242549084, 29.04055479948995 ] ] ] } },
{ "type": "Feature", "properties": { "ID": 33764, "date": "2022-01-01T00:00:00", "smokePM_pred": 4.8515086174011204 }, "geometry": { "type": "Polygon", "coordinates": [ [ [ -90.064217657072376, 29.056344882501307 ], [ -90.046319460688025, 28.97213538935646 ], [ -90.142048956233367, 28.956399654219702 ], [ -90.160013242549084, 29.04055479948995 ], [ -90.064217657072376, 29.056344882501307 ] ] ] } },
{ "type": "Feature", "properties": { "ID": 33770, "date": "2022-01-01T00:00:00", "smokePM_pred": 4.5373010635376003 }, "geometry": { "type": "Polygon", "coordinates": [ [ [ -89.487844528636785, 29.149803361714252 ], [ -89.470348169196939, 29.065271861463152 ], [ -89.566531939686087, 29.049902225669573 ], [ -89.584095900327, 29.134380548029135 ], [ -89.487844528636785, 29.149803361714252 ] ] ] } },
{ "type": "Feature", "properties": { "ID": 33771, "date": "2022-01-01T00:00:00", "smokePM_pred": 4.4063844680786097 }, "geometry": { "type": "Polygon", "coordinates": [ [ [ -89.391518072192667, 29.165164281213475 ], [ -89.374089564209967, 29.08057980102237 ], [ -89.470348169196939, 29.065271861463152 ], [ -89.487844528636785, 29.149803361714252 ], [ -89.391518072192667, 29.165164281213475 ] ] ] } },
{ "type": "Feature", "properties": { "ID": 33772, "date": "2022-01-01T00:00:00", "smokePM_pred": 4.5769371986389196 }, "geometry": { "type": "Polygon", "coordinates": [ [ [ -89.295116786224057, 29.180463112724929 ], [ -89.277756379468286, 29.095825851386248 ], [ -89.374089564209967, 29.08057980102237 ], [ -89.391518072192667, 29.165164281213475 ], [ -89.295116786224057, 29.180463112724929 ] ] ] } },
{ "type": "Feature", "properties": { "ID": 33773, "date": "2022-01-01T00:00:00", "smokePM_pred": 4.6049451828002903 }, "geometry": { "type": "Polygon", "coordinates": [ [ [ -89.198640927424776, 29.195699662923275 ], [ -89.181348871170883, 29.111009820069008 ], [ -89.277756379468286, 29.095825851386248 ], [ -89.295116786224057, 29.180463112724929 ], [ -89.198640927424776, 29.195699662923275 ] ] ] } },
{ "type": "Feature", "properties": { "ID": 33774, "date": "2022-01-01T00:00:00", "smokePM_pred": 4.6773648262023899 }, "geometry": { "type": "Polygon", "coordinates": [ [ [ -89.102090753951984, 29.210873738965532 ], [ -89.08486729697151, 29.126131515065929 ], [ -89.181348871170883, 29.111009820069008 ], [ -89.198640927424776, 29.195699662923275 ], [ -89.102090753951984, 29.210873738965532 ] ] ] } },
{ "type": "Feature", "properties": { "ID": 33775, "date": "2022-01-01T00:00:00", "smokePM_pred": 4.2523751258850098 }, "geometry": { "type": "Polygon", "coordinates": [ [ [ -89.005466525425078, 29.225985148496953 ], [ -88.988311915977533, 29.141190744859156 ], [ -89.08486729697151, 29.126131515065929 ], [ -89.102090753951984, 29.210873738965532 ], [ -89.005466525425078, 29.225985148496953 ] ] ] } },
{ "type": "Feature", "properties": { "ID": 33776, "date": "2022-01-01T00:00:00", "smokePM_pred": 4.2337279319763201 }, "geometry": { "type": "Polygon", "coordinates": [ [ [ -88.908768502924403, 29.241033699656803 ], [ -88.891682988748684, 29.156187318423502 ], [ -88.988311915977533, 29.141190744859156 ], [ -89.005466525425078, 29.225985148496953 ], [ -88.908768502924403, 29.241033699656803 ] ] ] } },
{ "type": "Feature", "properties": { "ID": 33777, "date": "2022-01-01T00:00:00", "smokePM_pred": 4.1619935035705602 }, "geometry": { "type": "Polygon", "coordinates": [ [ [ -88.811996948990057, 29.256019201084268 ], [ -88.794980777295805, 29.17112104523223 ], [ -88.891682988748684, 29.156187318423502 ], [ -88.908768502924403, 29.241033699656803 ], [ -88.811996948990057, 29.256019201084268 ] ] ] } },
{ "type": "Feature", "properties": { "ID": 33811, "date": "2022-01-01T00:00:00", "smokePM_pred": 1.8318164348602299 }, "geometry": { "type": "Polygon", "coordinates": [ [ [ -85.479983003626401, 29.726681290006322 ], [ -85.465467213657689, 29.640149414161026 ], [ -85.564494948925699, 29.627461897814808 ], [ -85.579088109537864, 29.713949384306122 ], [ -85.479983003626401, 29.726681290006322 ] ] ] } },
{ "type": "Feature", "properties": { "ID": 33812, "date": "2022-01-01T00:00:00", "smokePM_pred": 1.8106229305267301 }, "geometry": { "type": "Polygon", "coordinates": [ [ [ -85.380814460049208, 29.739343808603873 ], [ -85.366376263926881, 29.65276777443168 ], [ -85.465467213657689, 29.640149414161026 ], [ -85.479983003626401, 29.726681290006322 ], [ -85.380814460049208, 29.739343808603873 ] ] ] } },
{ "type": "Feature", "properties": { "ID": 33813, "date": "2022-01-01T00:00:00", "smokePM_pred": 1.6611156463623 }, "geometry": { "type": "Polygon", "coordinates": [ [ [ -85.281582792488152, 29.751936770611348 ], [ -85.267222412572295, 29.66531680990083 ], [ -85.366376263926881, 29.65276777443168 ], [ -85.380814460049208, 29.739343808603873 ], [ -85.281582792488152, 29.751936770611348 ] ] ] } },
{ "type": "Feature", "properties": { "ID": 33814, "date": "2022-01-01T00:00:00", "smokePM_pred": 1.4993797540664699 }, "geometry": { "type": "Polygon", "coordinates": [ [ [ -85.182288315990562, 29.764460007255476 ], [ -85.168005973789732, 29.677796352554065 ], [ -85.267222412572295, 29.66531680990083 ], [ -85.281582792488152, 29.751936770611348 ], [ -85.182288315990562, 29.764460007255476 ] ] ] } },
{ "type": "Feature", "properties": { "ID": 34203, "date": "2022-01-01T00:00:00", "smokePM_pred": 7.9532551765441903 }, "geometry": { "type": "Polygon", "coordinates": [ [ [ -97.132753207478473, 27.777694148088884 ], [ -97.110482378838043, 27.698119219512801 ], [ -97.199847894645742, 27.678314379929009 ], [ -97.222165059576753, 27.757822742031646 ], [ -97.132753207478473, 27.777694148088884 ] ] ] } },
{ "type": "Feature", "properties": { "ID": 34204, "date": "2022-01-01T00:00:00", "smokePM_pred": 8.3470897674560494 }, "geometry": { "type": "Polygon", "coordinates": [ [ [ -97.043250044515261, 27.797520503098646 ], [ -97.021025816581087, 27.717879135381985 ], [ -97.110482378838043, 27.698119219512801 ], [ -97.132753207478473, 27.777694148088884 ], [ -97.043250044515261, 27.797520503098646 ] ] ] } },
{ "type": "Feature", "properties": { "ID": 34205, "date": "2022-01-01T00:00:00", "smokePM_pred": 8.5110120773315394 }, "geometry": { "type": "Polygon", "coordinates": [ [ [ -96.953655707496182, 27.817301592471708 ], [ -96.931478344821002, 27.737593913798886 ], [ -97.021025816581087, 27.717879135381985 ], [ -97.043250044515261, 27.797520503098646 ], [ -96.953655707496182, 27.817301592471708 ] ] ] } },
{ "type": "Feature", "properties": { "ID": 34206, "date": "2022-01-01T00:00:00", "smokePM_pred": 9.0035495758056605 }, "geometry": { "type": "Polygon", "coordinates": [ [ [ -96.863970334602243, 27.837037201647256 ], [ -96.841840101869693, 27.757263341055211 ], [ -96.931478344821002, 27.737593913798886 ], [ -96.953655707496182, 27.817301592471708 ], [ -96.863970334602243, 27.837037201647256 ] ] ] } },
{ "type": "Feature", "properties": { "ID": 34270, "date": "2022-01-01T00:00:00", "smokePM_pred": 4.3798527717590297 }, "geometry": { "type": "Polygon", "coordinates": [ [ [ -90.942154354909221, 28.995773509976079 ], [ -90.923591769203398, 28.912071880125957 ], [ -91.01868724042636, 28.89574421607599 ], [ -91.037313852626781, 28.979389719918888 ], [ -90.942154354909221, 28.995773509976079 ] ] ] } },
{ "type": "Feature", "properties": { "ID": 34271, "date": "2022-01-01T00:00:00", "smokePM_pred": 4.2986817359924299 }, "geometry": { "type": "Polygon", "coordinates": [ [ [ -90.846915862262179, 29.012098180804117 ], [ -90.828417561055957, 28.928340610239118 ], [ -90.923591769203398, 28.912071880125957 ], [ -90.942154354909221, 28.995773509976079 ], [ -90.846915862262179, 29.012098180804117 ] ] ] } },
{ "type": "Feature", "properties": { "ID": 34272, "date": "2022-01-01T00:00:00", "smokePM_pred": 4.2800426483154297 }, "geometry": { "type": "Polygon", "coordinates": [ [ [ -90.751598608221826, 29.028363531292516 ], [ -90.733164849160559, 28.94455020616428 ], [ -90.828417561055957, 28.928340610239118 ], [ -90.846915862262179, 29.012098180804117 ], [ -90.751598608221826, 29.028363531292516 ] ] ] } },
{ "type": "Feature", "properties": { "ID": 34273, "date": "2022-01-01T00:00:00", "smokePM_pred": 4.2641754150390598 }, "geometry": { "type": "Polygon", "coordinates": [ [ [ -90.656202827805799, 29.044569360720956 ], [ -90.637833868166751, 28.960700468039658 ], [ -90.733164849160559, 28.94455020616428 ], [ -90.751598608221826, 29.028363531292516 ], [ -90.656202827805799, 29.044569360720956 ] ] ] } },
{ "type": "Feature", "properties": { "ID": 34274, "date": "2022-01-01T00:00:00", "smokePM_pred": 4.4343147277831996 }, "geometry": { "type": "Polygon", "coordinates": [ [ [ -90.560728757513047, 29.060715468765093 ], [ -90.542424854197066, 28.976791196398583 ], [ -90.637833868166751, 28.960700468039658 ], [ -90.656202827805799, 29.044569360720956 ], [ -90.560728757513047, 29.060715468765093 ] ] ] } },
{ "type": "Feature", "properties": { "ID": 34275, "date": "2022-01-01T00:00:00", "smokePM_pred": 4.3031268119812003 }, "geometry": { "type": "Polygon", "coordinates": [ [ [ -90.465176635323687, 29.07680165550239 ], [ -90.446938044846732, 28.992822192175289 ], [ -90.542424854197066, 28.976791196398583 ], [ -90.560728757513047, 29.060715468765093 ], [ -90.465176635323687, 29.07680165550239 ] ] ] } },
{ "type": "Feature", "properties": { "ID": 34276, "date": "2022-01-01T00:00:00", "smokePM_pred": 4.6625294685363796 }, "geometry": { "type": "Polygon", "coordinates": [ [ [ -90.369546700698734, 29.092827721417898 ], [ -90.351373679183453, 29.008793256710732 ], [ -90.446938044846732, 28.992822192175289 ], [ -90.465176635323687, 29.07680165550239 ], [ -90.369546700698734, 29.092827721417898 ] ] ] } },
{ "type": "Feature", "properties": { "ID": 34277, "date": "2022-01-01T00:00:00", "smokePM_pred": 4.7763648033142099 }, "geometry": { "type": "Polygon", "coordinates": [ [ [ -90.273839194579807, 29.108793467410138 ], [ -90.255731997747048, 29.024704191758371 ], [ -90.351373679183453, 29.008793256710732 ], [ -90.369546700698734, 29.092827721417898 ], [ -90.273839194579807, 29.108793467410138 ] ] ] } },
{ "type": "Feature", "properties": { "ID": 34278, "date": "2022-01-01T00:00:00", "smokePM_pred": 4.5233035087585396 }, "geometry": { "type": "Polygon", "coordinates": [ [ [ -90.178054359388668, 29.124698694796894 ], [ -90.160013242549084, 29.04055479948995 ], [ -90.255731997747048, 29.024704191758371 ], [ -90.273839194579807, 29.108793467410138 ], [ -90.178054359388668, 29.124698694796894 ] ] ] } },
{ "type": "Feature", "properties": { "ID": 34279, "date": "2022-01-01T00:00:00", "smokePM_pred": 4.7584252357482901 }, "geometry": { "type": "Polygon", "coordinates": [ [ [ -90.082192439026883, 29.140543205321016 ], [ -90.064217657072376, 29.056344882501307 ], [ -90.160013242549084, 29.04055479948995 ], [ -90.178054359388668, 29.124698694796894 ], [ -90.082192439026883, 29.140543205321016 ] ] ] } },
{ "type": "Feature", "properties": { "ID": 34280, "date": "2022-01-01T00:00:00", "smokePM_pred": 4.7930450439453098 }, "geometry": { "type": "Polygon", "coordinates": [ [ [ -89.986253678875315, 29.15632680115635 ], [ -89.968345486270536, 29.072074243818225 ], [ -90.064217657072376, 29.056344882501307 ], [ -90.082192439026883, 29.140543205321016 ], [ -89.986253678875315, 29.15632680115635 ] ] ] } },
{ "type": "Feature", "properties": { "ID": 34281, "date": "2022-01-01T00:00:00", "smokePM_pred": 4.8313770294189498 }, "geometry": { "type": "Polygon", "coordinates": [ [ [ -89.890238325793561, 29.17204928491352 ], [ -89.872396976567387, 29.087742686902168 ], [ -89.968345486270536, 29.072074243818225 ], [ -89.986253678875315, 29.15632680115635 ], [ -89.890238325793561, 29.17204928491352 ] ] ] } },
{ "type": "Feature", "properties": { "ID": 34282, "date": "2022-01-01T00:00:00", "smokePM_pred": 5.1448550224304199 }, "geometry": { "type": "Polygon", "coordinates": [ [ [ -89.794146628119293, 29.187710459645743 ], [ -89.776372375856241, 29.103350015656183 ], [ -89.872396976567387, 29.087742686902168 ], [ -89.890238325793561, 29.17204928491352 ], [ -89.794146628119293, 29.187710459645743 ] ] ] } },
{ "type": "Feature", "properties": { "ID": 34283, "date": "2022-01-01T00:00:00", "smokePM_pred": 5.1775774955749503 }, "geometry": { "type": "Polygon", "coordinates": [ [ [ -89.69797883566757, 29.203310128854785 ], [ -89.680271933499341, 29.118896034430637 ], [ -89.776372375856241, 29.103350015656183 ], [ -89.794146628119293, 29.187710459645743 ], [ -89.69797883566757, 29.203310128854785 ] ] ] } },
{ "type": "Feature", "properties": { "ID": 34284, "date": "2022-01-01T00:00:00", "smokePM_pred": 4.9634194374084499 }, "geometry": { "type": "Polygon", "coordinates": [ [ [ -89.601735199730172, 29.218848096496714 ], [ -89.584095900327, 29.134380548029135 ], [ -89.680271933499341, 29.118896034430637 ], [ -89.69797883566757, 29.203310128854785 ], [ -89.601735199730172, 29.218848096496714 ] ] ] } },
{ "type": "Feature", "properties": { "ID": 34285, "date": "2022-01-01T00:00:00", "smokePM_pred": 4.7340049743652299 }, "geometry": { "type": "Polygon", "coordinates": [ [ [ -89.505415973074776, 29.234324166987843 ], [ -89.487844528636785, 29.149803361714252 ], [ -89.584095900327, 29.134380548029135 ], [ -89.601735199730172, 29.218848096496714 ], [ -89.505415973074776, 29.234324166987843 ] ] ] } },
{ "type": "Feature", "properties": { "ID": 34286, "date": "2022-01-01T00:00:00", "smokePM_pred": 4.60117864608765 }, "geometry": { "type": "Polygon", "coordinates": [ [ [ -89.409021409943946, 29.249738145210522 ], [ -89.391518072192667, 29.165164281213475 ], [ -89.487844528636785, 29.149803361714252 ], [ -89.505415973074776, 29.234324166987843 ], [ -89.409021409943946, 29.249738145210522 ] ] ] } },
{ "type": "Feature", "properties": { "ID": 34287, "date": "2022-01-01T00:00:00", "smokePM_pred": 4.2570295333862296 }, "geometry": { "type": "Polygon", "coordinates": [ [ [ -89.312551766054412, 29.265089836519074 ], [ -89.295116786224057, 29.180463112724929 ], [ -89.391518072192667, 29.165164281213475 ], [ -89.409021409943946, 29.249738145210522 ], [ -89.312551766054412, 29.265089836519074 ] ] ] } },
{ "type": "Feature", "properties": { "ID": 34288, "date": "2022-01-01T00:00:00", "smokePM_pred": 4.3267168998718297 }, "geometry": { "type": "Polygon", "coordinates": [ [ [ -89.216007298595869, 29.280379046745594 ], [ -89.198640927424776, 29.195699662923275 ], [ -89.295116786224057, 29.180463112724929 ], [ -89.312551766054412, 29.265089836519074 ], [ -89.216007298595869, 29.280379046745594 ] ] ] } },
{ "type": "Feature", "properties": { "ID": 34289, "date": "2022-01-01T00:00:00", "smokePM_pred": 4.5789070129394496 }, "geometry": { "type": "Polygon", "coordinates": [ [ [ -89.119388266230104, 29.295605582205901 ], [ -89.102090753951984, 29.210873738965532 ], [ -89.198640927424776, 29.195699662923275 ], [ -89.216007298595869, 29.280379046745594 ], [ -89.119388266230104, 29.295605582205901 ] ] ] } },
{ "type": "Feature", "properties": { "ID": 34290, "date": "2022-01-01T00:00:00", "smokePM_pred": 4.2831306457519496 }, "geometry": { "type": "Polygon", "coordinates": [ [ [ -89.022694929089667, 29.310769249705331 ], [ -89.005466525425078, 29.225985148496953 ], [ -89.102090753951984, 29.210873738965532 ], [ -89.119388266230104, 29.295605582205901 ], [ -89.022694929089667, 29.310769249705331 ] ] ] } },
{ "type": "Feature", "properties": { "ID": 34291, "date": "2022-01-01T00:00:00", "smokePM_pred": 4.1993722915649396 }, "geometry": { "type": "Polygon", "coordinates": [ [ [ -88.925927548776841, 29.325869856544656 ], [ -88.908768502924403, 29.241033699656803 ], [ -89.005466525425078, 29.225985148496953 ], [ -89.022694929089667, 29.310769249705331 ], [ -88.925927548776841, 29.325869856544656 ] ] ] } },
{ "type": "Feature", "properties": { "ID": 34292, "date": "2022-01-01T00:00:00", "smokePM_pred": 4.0864729881286603 }, "geometry": { "type": "Polygon", "coordinates": [ [ [ -88.829086388362342, 29.34090721052597 ], [ -88.811996948990057, 29.256019201084268 ], [ -88.908768502924403, 29.241033699656803 ], [ -88.925927548776841, 29.325869856544656 ], [ -88.829086388362342, 29.34090721052597 ] ] ] } },
{ "type": "Feature", "properties": { "ID": 34326, "date": "2022-01-01T00:00:00", "smokePM_pred": 1.8553106784820601 }, "geometry": { "type": "Polygon", "coordinates": [ [ [ -85.49456223148907, 29.813205559218289 ], [ -85.479983003626401, 29.726681290006322 ], [ -85.579088109537864, 29.713949384306122 ], [ -85.593745020357233, 29.800429193078315 ], [ -85.49456223148907, 29.813205559218289 ] ] ] } },
{ "type": "Feature", "properties": { "ID": 34327, "date": "2022-01-01T00:00:00", "smokePM_pred": 1.82340812683105 }, "geometry": { "type": "Polygon", "coordinates": [ [ [ -85.395315780382973, 29.825912306974512 ], [ -85.380814460049208, 29.739343808603873 ], [ -85.479983003626401, 29.726681290006322 ], [ -85.49456223148907, 29.813205559218289 ], [ -85.395315780382973, 29.825912306974512 ] ] ] } },
{ "type": "Feature", "properties": { "ID": 34328, "date": "2022-01-01T00:00:00", "smokePM_pred": 1.5426936149597199 }, "geometry": { "type": "Polygon", "coordinates": [ [ [ -85.296005981567447, 29.838549266095125 ], [ -85.281582792488152, 29.751936770611348 ], [ -85.380814460049208, 29.739343808603873 ], [ -85.395315780382973, 29.825912306974512 ], [ -85.296005981567447, 29.838549266095125 ] ] ] } },
{ "type": "Feature", "properties": { "ID": 34329, "date": "2022-01-01T00:00:00", "smokePM_pred": 1.10554087162018 }, "geometry": { "type": "Polygon", "coordinates": [ [ [ -85.196633150945274, 29.851116267045018 ], [ -85.182288315990562, 29.764460007255476 ], [ -85.281582792488152, 29.751936770611348 ], [ -85.296005981567447, 29.838549266095125 ], [ -85.196633150945274, 29.851116267045018 ] ] ] } },
{ "type": "Feature", "properties": { "ID": 34719, "date": "2022-01-01T00:00:00", "smokePM_pred": 7.1874885559081996 }, "geometry": { "type": "Polygon", "coordinates": [ [ [ -97.065565446733999, 27.877144530151138 ], [ -97.043250044515261, 27.797520503098646 ], [ -97.132753207478473, 27.777694148088884 ], [ -97.155115347211947, 27.857251655364603 ], [ -97.065565446733999, 27.877144530151138 ] ] ] } },
{ "type": "Feature", "properties": { "ID": 34720, "date": "2022-01-01T00:00:00", "smokePM_pred": 7.5168089866638201 }, "geometry": { "type": "Polygon", "coordinates": [ [ [ -96.975924106275357, 27.896992011201281 ], [ -96.953655707496182, 27.817301592471708 ], [ -97.043250044515261, 27.797520503098646 ], [ -97.065565446733999, 27.877144530151138 ], [ -96.975924106275357, 27.896992011201281 ] ] ] } },
{ "type": "Feature", "properties": { "ID": 34721, "date": "2022-01-01T00:00:00", "smokePM_pred": 7.6704001426696804 }, "geometry": { "type": "Polygon", "coordinates": [ [ [ -96.886191463883236, 27.916793883099469 ], [ -96.863970334602243, 27.837037201647256 ], [ -96.953655707496182, 27.817301592471708 ], [ -96.975924106275357, 27.896992011201281 ], [ -96.886191463883236, 27.916793883099469 ] ] ] } },
{ "type": "Feature", "properties": { "ID": 34722, "date": "2022-01-01T00:00:00", "smokePM_pred": 8.0627965927124006 }, "geometry": { "type": "Polygon", "coordinates": [ [ [ -96.796367658986142, 27.936549930462551 ], [ -96.774194065389565, 27.856727116097748 ], [ -96.863970334602243, 27.837037201647256 ], [ -96.886191463883236, 27.916793883099469 ], [ -96.796367658986142, 27.936549930462551 ] ] ] } },
{ "type": "Feature", "properties": { "ID": 34784, "date": "2022-01-01T00:00:00", "smokePM_pred": 4.2574911117553702 }, "geometry": { "type": "Polygon", "coordinates": [ [ [ -91.056019692058243, 29.063023195459881 ], [ -91.037313852626781, 28.979389719918888 ], [ -91.132394123360214, 28.962947012127433 ], [ -91.151163961503016, 29.046524096241392 ], [ -91.056019692058243, 29.063023195459881 ] ] ] } },
{ "type": "Feature", "properties": { "ID": 34785, "date": "2022-01-01T00:00:00", "smokePM_pred": 4.2931413650512704 }, "geometry": { "type": "Polygon", "coordinates": [ [ [ -90.960795935791467, 29.079463192427966 ], [ -90.942154354909221, 28.995773509976079 ], [ -91.037313852626781, 28.979389719918888 ], [ -91.056019692058243, 29.063023195459881 ], [ -90.960795935791467, 29.079463192427966 ] ] ] } },
{ "type": "Feature", "properties": { "ID": 34786, "date": "2022-01-01T00:00:00", "smokePM_pred": 4.1742873191833496 }, "geometry": { "type": "Polygon", "coordinates": [ [ [ -90.86549292510864, 29.095843884787747 ], [ -90.846915862262179, 29.012098180804117 ], [ -90.942154354909221, 28.995773509976079 ], [ -90.960795935791467, 29.079463192427966 ], [ -90.86549292510864, 29.095843884787747 ] ] ] } },
{ "type": "Feature", "properties": { "ID": 34787, "date": "2022-01-01T00:00:00", "smokePM_pred": 4.2671785354614302 }, "geometry": { "type": "Polygon", "coordinates": [ [ [ -90.770110893905667, 29.112165070566483 ], [ -90.751598608221826, 29.028363531292516 ], [ -90.846915862262179, 29.012098180804117 ], [ -90.86549292510864, 29.095843884787747 ], [ -90.770110893905667, 29.112165070566483 ] ] ] } },
{ "type": "Feature", "properties": { "ID": 34788, "date": "2022-01-01T00:00:00", "smokePM_pred": 4.2672138214111301 }, "geometry": { "type": "Polygon", "coordinates": [ [ [ -90.674650077568401, 29.128426548182414 ], [ -90.656202827805799, 29.044569360720956 ], [ -90.751598608221826, 29.028363531292516 ], [ -90.770110893905667, 29.112165070566483 ], [ -90.674650077568401, 29.128426548182414 ] ] ] } },
{ "type": "Feature", "properties": { "ID": 34789, "date": "2022-01-01T00:00:00", "smokePM_pred": 4.2220602035522496 }, "geometry": { "type": "Polygon", "coordinates": [ [ [ -90.579110712972437, 29.144628116450615 ], [ -90.560728757513047, 29.060715468765093 ], [ -90.656202827805799, 29.044569360720956 ], [ -90.674650077568401, 29.128426548182414 ], [ -90.579110712972437, 29.144628116450615 ] ] ] } },
{ "type": "Feature", "properties": { "ID": 34790, "date": "2022-01-01T00:00:00", "smokePM_pred": 4.26483154296875 }, "geometry": { "type": "Polygon", "coordinates": [ [ [ -90.48349303848299, 29.160769574588823 ], [ -90.465176635323687, 29.07680165550239 ], [ -90.560728757513047, 29.060715468765093 ], [ -90.579110712972437, 29.144628116450615 ], [ -90.48349303848299, 29.160769574588823 ] ] ] } },
{ "type": "Feature", "properties": { "ID": 34791, "date": "2022-01-01T00:00:00", "smokePM_pred": 4.5579915046691903 }, "geometry": { "type": "Polygon", "coordinates": [ [ [ -90.387797293954748, 29.176850722223275 ], [ -90.369546700698734, 29.092827721417898 ], [ -90.465176635323687, 29.07680165550239 ], [ -90.48349303848299, 29.160769574588823 ], [ -90.387797293954748, 29.176850722223275 ] ] ] } },
{ "type": "Feature", "properties": { "ID": 34792, "date": "2022-01-01T00:00:00", "smokePM_pred": 4.8808355331420898 }, "geometry": { "type": "Polygon", "coordinates": [ [ [ -90.292023720731393, 29.192871359394626 ], [ -90.273839194579807, 29.108793467410138 ], [ -90.369546700698734, 29.092827721417898 ], [ -90.387797293954748, 29.176850722223275 ], [ -90.292023720731393, 29.192871359394626 ] ] ] } },
{ "type": "Feature", "properties": { "ID": 34793, "date": "2022-01-01T00:00:00", "smokePM_pred": 4.6068601608276403 }, "geometry": { "type": "Polygon", "coordinates": [ [ [ -90.196172561645426, 29.208831286563711 ], [ -90.178054359388668, 29.124698694796894 ], [ -90.273839194579807, 29.108793467410138 ], [ -90.292023720731393, 29.192871359394626 ], [ -90.196172561645426, 29.208831286563711 ] ] ] } },
{ "type": "Feature", "properties": { "ID": 34794, "date": "2022-01-01T00:00:00", "smokePM_pred": 4.7597846984863299 }, "geometry": { "type": "Polygon", "coordinates": [ [ [ -90.100244061017619, 29.224730304617498 ], [ -90.082192439026883, 29.140543205321016 ], [ -90.178054359388668, 29.124698694796894 ], [ -90.196172561645426, 29.208831286563711 ], [ -90.100244061017619, 29.224730304617498 ] ] ] } },
{ "type": "Feature", "properties": { "ID": 34795, "date": "2022-01-01T00:00:00", "smokePM_pred": 5.2318620681762704 }, "geometry": { "type": "Polygon", "coordinates": [ [ [ -90.00423846465668, 29.240568214874916 ], [ -89.986253678875315, 29.15632680115635 ], [ -90.082192439026883, 29.140543205321016 ], [ -90.100244061017619, 29.224730304617498 ], [ -90.00423846465668, 29.240568214874916 ] ] ] } },
{ "type": "Feature", "properties": { "ID": 34796, "date": "2022-01-01T00:00:00", "smokePM_pred": 5.1602077484130904 }, "geometry": { "type": "Polygon", "coordinates": [ [ [ -89.908156019858524, 29.256344819092746 ], [ -89.890238325793561, 29.17204928491352 ], [ -89.986253678875315, 29.15632680115635 ], [ -90.00423846465668, 29.240568214874916 ], [ -89.908156019858524, 29.256344819092746 ] ] ] } },
{ "type": "Feature", "properties": { "ID": 34797, "date": "2022-01-01T00:00:00", "smokePM_pred": 5.5077834129333496 }, "geometry": { "type": "Polygon", "coordinates": [ [ [ -89.811996975405876, 29.272059919471474 ], [ -89.794146628119293, 29.187710459645743 ], [ -89.890238325793561, 29.17204928491352 ], [ -89.908156019858524, 29.256344819092746 ], [ -89.811996975405876, 29.272059919471474 ] ] ] } },
{ "type": "Feature", "properties": { "ID": 34798, "date": "2022-01-01T00:00:00", "smokePM_pred": 5.4984502792358398 }, "geometry": { "type": "Polygon", "coordinates": [ [ [ -89.715761581567421, 29.287713318661236 ], [ -89.69797883566757, 29.203310128854785 ], [ -89.794146628119293, 29.187710459645743 ], [ -89.811996975405876, 29.272059919471474 ], [ -89.715761581567421, 29.287713318661236 ] ] ] } },
{ "type": "Feature", "properties": { "ID": 34799, "date": "2022-01-01T00:00:00", "smokePM_pred": 4.8931584358215297 }, "geometry": { "type": "Polygon", "coordinates": [ [ [ -89.619450090097217, 29.303304819767646 ], [ -89.601735199730172, 29.218848096496714 ], [ -89.69797883566757, 29.203310128854785 ], [ -89.715761581567421, 29.287713318661236 ], [ -89.619450090097217, 29.303304819767646 ] ] ] } },
{ "type": "Feature", "properties": { "ID": 34800, "date": "2022-01-01T00:00:00", "smokePM_pred": 4.6232647895812997 }, "geometry": { "type": "Polygon", "coordinates": [ [ [ -89.52306275423382, 29.318834226357719 ], [ -89.505415973074776, 29.234324166987843 ], [ -89.601735199730172, 29.218848096496714 ], [ -89.619450090097217, 29.303304819767646 ], [ -89.52306275423382, 29.318834226357719 ] ] ] } },
{ "type": "Feature", "properties": { "ID": 34801, "date": "2022-01-01T00:00:00", "smokePM_pred": 4.5823049545288104 }, "geometry": { "type": "Polygon", "coordinates": [ [ [ -89.426599828699452, 29.334301342465746 ], [ -89.409021409943946, 29.249738145210522 ], [ -89.505415973074776, 29.234324166987843 ], [ -89.52306275423382, 29.318834226357719 ], [ -89.426599828699452, 29.334301342465746 ] ] ] } },
{ "type": "Feature", "properties": { "ID": 34802, "date": "2022-01-01T00:00:00", "smokePM_pred": 4.26446437835693 }, "geometry": { "type": "Polygon", "coordinates": [ [ [ -89.330061569699055, 29.349705972599217 ], [ -89.312551766054412, 29.265089836519074 ], [ -89.409021409943946, 29.249738145210522 ], [ -89.426599828699452, 29.334301342465746 ], [ -89.330061569699055, 29.349705972599217 ] ] ] } },
{ "type": "Feature", "properties": { "ID": 34803, "date": "2022-01-01T00:00:00", "smokePM_pred": 4.2386374473571804 }, "geometry": { "type": "Polygon", "coordinates": [ [ [ -89.233448234919351, 29.365047921744697 ], [ -89.216007298595869, 29.280379046745594 ], [ -89.312551766054412, 29.265089836519074 ], [ -89.330061569699055, 29.349705972599217 ], [ -89.233448234919351, 29.365047921744697 ] ] ] } },
{ "type": "Feature", "properties": { "ID": 34804, "date": "2022-01-01T00:00:00", "smokePM_pred": 4.3496718406677202 }, "geometry": { "type": "Polygon", "coordinates": [ [ [ -89.13676008352779, 29.38032699537376 ], [ -89.119388266230104, 29.295605582205901 ], [ -89.216007298595869, 29.280379046745594 ], [ -89.233448234919351, 29.365047921744697 ], [ -89.13676008352779, 29.38032699537376 ] ] ] } },
{ "type": "Feature", "properties": { "ID": 34805, "date": "2022-01-01T00:00:00", "smokePM_pred": 4.2277665138244602 }, "geometry": { "type": "Polygon", "coordinates": [ [ [ -89.039997376171371, 29.395542999448875 ], [ -89.022694929089667, 29.310769249705331 ], [ -89.119388266230104, 29.295605582205901 ], [ -89.13676008352779, 29.38032699537376 ], [ -89.039997376171371, 29.395542999448875 ] ] ] } },
{ "type": "Feature", "properties": { "ID": 34841, "date": "2022-01-01T00:00:00", "smokePM_pred": 1.5131915807723999 }, "geometry": { "type": "Polygon", "coordinates": [ [ [ -85.509205121819377, 29.899722186090404 ], [ -85.49456223148907, 29.813205559218289 ], [ -85.593745020357233, 29.800429193078315 ], [ -85.608465906795402, 29.886901288065875 ], [ -85.509205121819377, 29.899722186090404 ] ] ] } },
{ "type": "Feature", "properties": { "ID": 34842, "date": "2022-01-01T00:00:00", "smokePM_pred": 1.4929016828537001 }, "geometry": { "type": "Polygon", "coordinates": [ [ [ -85.409880448655173, 29.912473234195208 ], [ -85.395315780382973, 29.825912306974512 ], [ -85.49456223148907, 29.813205559218289 ], [ -85.509205121819377, 29.899722186090404 ], [ -85.409880448655173, 29.912473234195208 ] ] ] } },
{ "type": "Feature", "properties": { "ID": 34843, "date": "2022-01-01T00:00:00", "smokePM_pred": 1.2165151834487899 }, "geometry": { "type": "Polygon", "coordinates": [ [ [ -85.310492202681814, 29.925154261360955 ], [ -85.296005981567447, 29.838549266095125 ], [ -85.395315780382973, 29.825912306974512 ], [ -85.409880448655173, 29.912473234195208 ], [ -85.310492202681814, 29.925154261360955 ] ] ] } },
{ "type": "Feature", "properties": { "ID": 35235, "date": "2022-01-01T00:00:00", "smokePM_pred": 6.8972930908203098 }, "geometry": { "type": "Polygon", "coordinates": [ [ [ -96.998283807218314, 27.976665089542944 ], [ -96.975924106275357, 27.896992011201281 ], [ -97.065565446733999, 27.877144530151138 ], [ -97.087972289163105, 27.956751135758527 ], [ -96.998283807218314, 27.976665089542944 ] ] ] } },
{ "type": "Feature", "properties": { "ID": 35236, "date": "2022-01-01T00:00:00", "smokePM_pred": 7.3706812858581499 }, "geometry": { "type": "Polygon", "coordinates": [ [ [ -96.908503755899929, 27.996533305304556 ], [ -96.886191463883236, 27.916793883099469 ], [ -96.975924106275357, 27.896992011201281 ], [ -96.998283807218314, 27.976665089542944 ], [ -96.908503755899929, 27.996533305304556 ] ] ] } },
{ "type": "Feature", "properties": { "ID": 35237, "date": "2022-01-01T00:00:00", "smokePM_pred": 7.6396136283874503 }, "geometry": { "type": "Polygon", "coordinates": [ [ [ -96.818632274505887, 28.016355566802297 ], [ -96.796367658986142, 27.936549930462551 ], [ -96.886191463883236, 27.916793883099469 ], [ -96.908503755899929, 27.996533305304556 ], [ -96.818632274505887, 28.016355566802297 ] ] ] } },
{ "type": "Feature", "properties": { "ID": 35238, "date": "2022-01-01T00:00:00", "smokePM_pred": 7.5813245773315403 }, "geometry": { "type": "Polygon", "coordinates": [ [ [ -96.728669503725044, 28.036131657831444 ], [ -96.706452832397119, 27.956259937944559 ], [ -96.796367658986142, 27.936549930462551 ], [ -96.818632274505887, 28.016355566802297 ], [ -96.728669503725044, 28.036131657831444 ] ] ] } },
{ "type": "Feature", "properties": { "ID": 35299, "date": "2022-01-01T00:00:00", "smokePM_pred": 4.5199003219604501 }, "geometry": { "type": "Polygon", "coordinates": [ [ [ -91.074805018560056, 29.146644585464774 ], [ -91.056019692058243, 29.063023195459881 ], [ -91.151163961503016, 29.046524096241392 ], [ -91.170013517632171, 29.130089013452508 ], [ -91.074805018560056, 29.146644585464774 ] ] ] } },
{ "type": "Feature", "properties": { "ID": 35300, "date": "2022-01-01T00:00:00", "smokePM_pred": 4.2817263603210396 }, "geometry": { "type": "Polygon", "coordinates": [ [ [ -90.979516771338083, 29.163140870626755 ], [ -90.960795935791467, 29.079463192427966 ], [ -91.056019692058243, 29.063023195459881 ], [ -91.074805018560056, 29.146644585464774 ], [ -90.979516771338083, 29.163140870626755 ] ] ] } },
{ "type": "Feature", "properties": { "ID": 35301, "date": "2022-01-01T00:00:00", "smokePM_pred": 4.1169409751892099 }, "geometry": { "type": "Polygon", "coordinates": [ [ [ -90.88414900872354, 29.179577665714604 ], [ -90.86549292510864, 29.095843884787747 ], [ -90.960795935791467, 29.079463192427966 ], [ -90.979516771338083, 29.163140870626755 ], [ -90.88414900872354, 29.179577665714604 ] ] ] } },
{ "type": "Feature", "properties": { "ID": 35302, "date": "2022-01-01T00:00:00", "smokePM_pred": 4.0928916931152299 }, "geometry": { "type": "Polygon", "coordinates": [ [ [ -90.788701964972134, 29.195954767890409 ], [ -90.770110893905667, 29.112165070566483 ], [ -90.86549292510864, 29.095843884787747 ], [ -90.88414900872354, 29.179577665714604 ], [ -90.788701964972134, 29.195954767890409 ] ] ] } },
{ "type": "Feature", "properties": { "ID": 35303, "date": "2022-01-01T00:00:00", "smokePM_pred": 4.1047706604003897 }, "geometry": { "type": "Polygon", "coordinates": [ [ [ -90.69317587583798, 29.212271974708049 ], [ -90.674650077568401, 29.128426548182414 ], [ -90.770110893905667, 29.112165070566483 ], [ -90.788701964972134, 29.195954767890409 ], [ -90.69317587583798, 29.212271974708049 ] ] ] } },
{ "type": "Feature", "properties": { "ID": 35304, "date": "2022-01-01T00:00:00", "smokePM_pred": 4.1178574562072798 }, "geometry": { "type": "Polygon", "coordinates": [ [ [ -90.597570978573515, 29.22852908411906 ], [ -90.579110712972437, 29.144628116450615 ], [ -90.674650077568401, 29.128426548182414 ], [ -90.69317587583798, 29.212271974708049 ], [ -90.597570978573515, 29.22852908411906 ] ] ] } },
{ "type": "Feature", "properties": { "ID": 35305, "date": "2022-01-01T00:00:00", "smokePM_pred": 4.2139439582824698 }, "geometry": { "type": "Polygon", "coordinates": [ [ [ -90.501887511929326, 29.244725894478513 ], [ -90.48349303848299, 29.160769574588823 ], [ -90.579110712972437, 29.144628116450615 ], [ -90.597570978573515, 29.22852908411906 ], [ -90.501887511929326, 29.244725894478513 ] ] ] } },
{ "type": "Feature", "properties": { "ID": 35306, "date": "2022-01-01T00:00:00", "smokePM_pred": 4.2584991455078098 }, "geometry": { "type": "Polygon", "coordinates": [ [ [ -90.406125716153966, 29.260862204550904 ], [ -90.387797293954748, 29.176850722223275 ], [ -90.48349303848299, 29.160769574588823 ], [ -90.501887511929326, 29.244725894478513 ], [ -90.406125716153966, 29.260862204550904 ] ] ] } },
{ "type": "Feature", "properties": { "ID": 35307, "date": "2022-01-01T00:00:00", "smokePM_pred": 4.7998547554016104 }, "geometry": { "type": "Polygon", "coordinates": [ [ [ -90.310285832993657, 29.276937813516003 ], [ -90.292023720731393, 29.192871359394626 ], [ -90.387797293954748, 29.176850722223275 ], [ -90.406125716153966, 29.260862204550904 ], [ -90.310285832993657, 29.276937813516003 ] ] ] } },
{ "type": "Feature", "properties": { "ID": 35308, "date": "2022-01-01T00:00:00", "smokePM_pred": 4.5087018013000497 }, "geometry": { "type": "Polygon", "coordinates": [ [ [ -90.214368105691975, 29.292952520974797 ], [ -90.196172561645426, 29.208831286563711 ], [ -90.292023720731393, 29.192871359394626 ], [ -90.310285832993657, 29.276937813516003 ], [ -90.214368105691975, 29.292952520974797 ] ] ] } },
{ "type": "Feature", "properties": { "ID": 35309, "date": "2022-01-01T00:00:00", "smokePM_pred": 4.4357476234436 }, "geometry": { "type": "Polygon", "coordinates": [ [ [ -90.118372778989411, 29.308906126955375 ], [ -90.100244061017619, 29.224730304617498 ], [ -90.196172561645426, 29.208831286563711 ], [ -90.214368105691975, 29.292952520974797 ], [ -90.118372778989411, 29.308906126955375 ] ] ] } },
{ "type": "Feature", "properties": { "ID": 35310, "date": "2022-01-01T00:00:00", "smokePM_pred": 4.9637360572814897 }, "geometry": { "type": "Polygon", "coordinates": [ [ [ -90.022300099122987, 29.324798431918769 ], [ -90.00423846465668, 29.240568214874916 ], [ -90.100244061017619, 29.224730304617498 ], [ -90.118372778989411, 29.308906126955375 ], [ -90.022300099122987, 29.324798431918769 ] ] ] } },
{ "type": "Feature", "properties": { "ID": 35311, "date": "2022-01-01T00:00:00", "smokePM_pred": 5.10367774963379 }, "geometry": { "type": "Polygon", "coordinates": [ [ [ -89.926150313825673, 29.340629236764968 ], [ -89.908156019858524, 29.256344819092746 ], [ -90.00423846465668, 29.240568214874916 ], [ -90.022300099122987, 29.324798431918769 ], [ -89.926150313825673, 29.340629236764968 ] ] ] } },
{ "type": "Feature", "properties": { "ID": 35312, "date": "2022-01-01T00:00:00", "smokePM_pred": 5.0857691764831499 }, "geometry": { "type": "Polygon", "coordinates": [ [ [ -89.829923672325805, 29.356398342838737 ], [ -89.811996975405876, 29.272059919471474 ], [ -89.908156019858524, 29.256344819092746 ], [ -89.926150313825673, 29.340629236764968 ], [ -89.829923672325805, 29.356398342838737 ] ] ] } },
{ "type": "Feature", "properties": { "ID": 35313, "date": "2022-01-01T00:00:00", "smokePM_pred": 5.0879254341125497 }, "geometry": { "type": "Polygon", "coordinates": [ [ [ -89.733620425346459, 29.372105551935586 ], [ -89.715761581567421, 29.287713318661236 ], [ -89.811996975405876, 29.272059919471474 ], [ -89.829923672325805, 29.356398342838737 ], [ -89.733620425346459, 29.372105551935586 ] ] ] } },
{ "type": "Feature", "properties": { "ID": 35314, "date": "2022-01-01T00:00:00", "smokePM_pred": 5.00002098083496 }, "geometry": { "type": "Polygon", "coordinates": [ [ [ -89.63724082510474, 29.387750666307664 ], [ -89.619450090097217, 29.303304819767646 ], [ -89.715761581567421, 29.287713318661236 ], [ -89.733620425346459, 29.372105551935586 ], [ -89.63724082510474, 29.387750666307664 ] ] ] } },
{ "type": "Feature", "properties": { "ID": 35315, "date": "2022-01-01T00:00:00", "smokePM_pred": 4.9111990928649902 }, "geometry": { "type": "Polygon", "coordinates": [ [ [ -89.54078512531099, 29.403333488669698 ], [ -89.52306275423382, 29.318834226357719 ], [ -89.619450090097217, 29.303304819767646 ], [ -89.63724082510474, 29.387750666307664 ], [ -89.54078512531099, 29.403333488669698 ] ] ] } },
{ "type": "Feature", "properties": { "ID": 35316, "date": "2022-01-01T00:00:00", "smokePM_pred": 4.7731809616088903 }, "geometry": { "type": "Polygon", "coordinates": [ [ [ -89.444253581167928, 29.418853822204934 ], [ -89.426599828699452, 29.334301342465746 ], [ -89.52306275423382, 29.318834226357719 ], [ -89.54078512531099, 29.403333488669698 ], [ -89.444253581167928, 29.418853822204934 ] ] ] } },
{ "type": "Feature", "properties": { "ID": 35317, "date": "2022-01-01T00:00:00", "smokePM_pred": 4.43145847320557 }, "geometry": { "type": "Polygon", "coordinates": [ [ [ -89.34764644936979, 29.434311470571011 ], [ -89.330061569699055, 29.349705972599217 ], [ -89.426599828699452, 29.334301342465746 ], [ -89.444253581167928, 29.418853822204934 ], [ -89.34764644936979, 29.434311470571011 ] ] ] } },
{ "type": "Feature", "properties": { "ID": 35318, "date": "2022-01-01T00:00:00", "smokePM_pred": 4.2258639335632298 }, "geometry": { "type": "Polygon", "coordinates": [ [ [ -89.250963988101333, 29.449706237905964 ], [ -89.233448234919351, 29.365047921744697 ], [ -89.330061569699055, 29.349705972599217 ], [ -89.34764644936979, 29.434311470571011 ], [ -89.250963988101333, 29.449706237905964 ] ] ] } },
{ "type": "Feature", "properties": { "ID": 35319, "date": "2022-01-01T00:00:00", "smokePM_pred": 4.3858933448791504 }, "geometry": { "type": "Polygon", "coordinates": [ [ [ -89.15420645703675, 29.465037928834107 ], [ -89.13676008352779, 29.38032699537376 ], [ -89.233448234919351, 29.365047921744697 ], [ -89.250963988101333, 29.449706237905964 ], [ -89.15420645703675, 29.465037928834107 ] ] ] } },
{ "type": "Feature", "properties": { "ID": 35320, "date": "2022-01-01T00:00:00", "smokePM_pred": 4.28218650817871 }, "geometry": { "type": "Polygon", "coordinates": [ [ [ -89.057374117338711, 29.480306348471995 ], [ -89.039997376171371, 29.395542999448875 ], [ -89.13676008352779, 29.38032699537376 ], [ -89.15420645703675, 29.465037928834107 ], [ -89.057374117338711, 29.480306348471995 ] ] ] } },
{ "type": "Feature", "properties": { "ID": 35321, "date": "2022-01-01T00:00:00", "smokePM_pred": 4.1696629524231001 }, "geometry": { "type": "Polygon", "coordinates": [ [ [ -88.960467231657006, 29.495511302434398 ], [ -88.943160374975506, 29.410695740429297 ], [ -89.039997376171371, 29.395542999448875 ], [ -89.057374117338711, 29.480306348471995 ], [ -88.960467231657006, 29.495511302434398 ] ] ] } },
{ "type": "Feature", "properties": { "ID": 35355, "date": "2022-01-01T00:00:00", "smokePM_pred": 1.54584336280823 }, "geometry": { "type": "Polygon", "coordinates": [ [ [ -85.623250995645705, 29.973365633040711 ], [ -85.608465906795402, 29.886901288065875 ], [ -85.70766248959103, 29.874010711854609 ], [ -85.72252566035958, 29.960430222120788 ], [ -85.623250995645705, 29.973365633040711 ] ] ] } },
{ "type": "Feature", "properties": { "ID": 35356, "date": "2022-01-01T00:00:00", "smokePM_pred": 1.58362901210785 }, "geometry": { "type": "Polygon", "coordinates": [ [ [ -85.523911900569004, 29.986231134755236 ], [ -85.509205121819377, 29.899722186090404 ], [ -85.608465906795402, 29.886901288065875 ], [ -85.623250995645705, 29.973365633040711 ], [ -85.523911900569004, 29.986231134755236 ] ] ] } },
{ "type": "Feature", "properties": { "ID": 35357, "date": "2022-01-01T00:00:00", "smokePM_pred": 1.31761646270752 }, "geometry": { "type": "Polygon", "coordinates": [ [ [ -85.424508689967055, 29.99902655475826 ], [ -85.409880448655173, 29.912473234195208 ], [ -85.509205121819377, 29.899722186090404 ], [ -85.523911900569004, 29.986231134755236 ], [ -85.424508689967055, 29.99902655475826 ] ] ] } },
{ "type": "Feature", "properties": { "ID": 35751, "date": "2022-01-01T00:00:00", "smokePM_pred": 7.24479055404663 }, "geometry": { "type": "Polygon", "coordinates": [ [ [ -96.930907478224086, 28.07625538782516 ], [ -96.908503755899929, 27.996533305304556 ], [ -96.998283807218314, 27.976665089542944 ], [ -97.020735077766162, 28.056320746721116 ], [ -96.930907478224086, 28.07625538782516 ] ] ] } },
{ "type": "Feature", "properties": { "ID": 35752, "date": "2022-01-01T00:00:00", "smokePM_pred": 7.3062109947204599 }, "geometry": { "type": "Polygon", "coordinates": [ [ [ -96.840988179644754, 28.096143945018952 ], [ -96.818632274505887, 28.016355566802297 ], [ -96.908503755899929, 27.996533305304556 ], [ -96.930907478224086, 28.07625538782516 ], [ -96.840988179644754, 28.096143945018952 ] ] ] } },
{ "type": "Feature", "properties": { "ID": 35753, "date": "2022-01-01T00:00:00", "smokePM_pred": 7.4317960739135698 }, "geometry": { "type": "Polygon", "coordinates": [ [ [ -96.75097732258979, 28.11598620123673 ], [ -96.728669503725044, 28.036131657831444 ], [ -96.818632274505887, 28.016355566802297 ], [ -96.840988179644754, 28.096143945018952 ], [ -96.75097732258979, 28.11598620123673 ] ] ] } },
{ "type": "Feature", "properties": { "ID": 35754, "date": "2022-01-01T00:00:00", "smokePM_pred": 7.6734447479248002 }, "geometry": { "type": "Polygon", "coordinates": [ [ [ -96.660875049021229, 28.135781939453121 ], [ -96.638615585640224, 28.055861362228583 ], [ -96.728669503725044, 28.036131657831444 ], [ -96.75097732258979, 28.11598620123673 ], [ -96.660875049021229, 28.135781939453121 ] ] ] } },
{ "type": "Feature", "properties": { "ID": 35755, "date": "2022-01-01T00:00:00", "smokePM_pred": 7.3986659049987802 }, "geometry": { "type": "Polygon", "coordinates": [ [ [ -96.570681502304737, 28.155530942688138 ], [ -96.54847066373128, 28.075544463876543 ], [ -96.638615585640224, 28.055861362228583 ], [ -96.660875049021229, 28.135781939453121 ], [ -96.570681502304737, 28.155530942688138 ] ] ] } },
{ "type": "Feature", "properties": { "ID": 35812, "date": "2022-01-01T00:00:00", "smokePM_pred": 4.4501199722290004 }, "geometry": { "type": "Polygon", "coordinates": [ [ [ -91.284135770800333, 29.196970312278278 ], [ -91.265142037295519, 29.113474358193884 ], [ -91.360190347789526, 29.096800823667046 ], [ -91.379248015508225, 29.180239856453028 ], [ -91.284135770800333, 29.196970312278278 ] ] ] } },
{ "type": "Feature", "properties": { "ID": 35813, "date": "2022-01-01T00:00:00", "smokePM_pred": 4.4599184989929199 }, "geometry": { "type": "Polygon", "coordinates": [ [ [ -91.188943053419791, 29.213641705891831 ], [ -91.170013517632171, 29.130089013452508 ], [ -91.265142037295519, 29.113474358193884 ], [ -91.284135770800333, 29.196970312278278 ], [ -91.188943053419791, 29.213641705891831 ] ] ] } },
{ "type": "Feature", "properties": { "ID": 35814, "date": "2022-01-01T00:00:00", "smokePM_pred": 4.4501280784606898 }, "geometry": { "type": "Polygon", "coordinates": [ [ [ -91.093670093461455, 29.230253832445211 ], [ -91.074805018560056, 29.146644585464774 ], [ -91.170013517632171, 29.130089013452508 ], [ -91.188943053419791, 29.213641705891831 ], [ -91.093670093461455, 29.230253832445211 ] ] ] } },
{ "type": "Feature", "properties": { "ID": 35815, "date": "2022-01-01T00:00:00", "smokePM_pred": 4.2111916542053196 }, "geometry": { "type": "Polygon", "coordinates": [ [ [ -90.998317122527013, 29.246806487464873 ], [ -90.979516771338083, 29.163140870626755 ], [ -91.074805018560056, 29.146644585464774 ], [ -91.093670093461455, 29.230253832445211 ], [ -90.998317122527013, 29.246806487464873 ] ] ] } },
{ "type": "Feature", "properties": { "ID": 35816, "date": "2022-01-01T00:00:00", "smokePM_pred": 4.16619825363159 }, "geometry": { "type": "Polygon", "coordinates": [ [ [ -90.902884373725016, 29.26329946685809 ], [ -90.88414900872354, 29.179577665714604 ], [ -90.979516771338083, 29.163140870626755 ], [ -90.998317122527013, 29.246806487464873 ], [ -90.902884373725016, 29.26329946685809 ] ] ] } },
{ "type": "Feature", "properties": { "ID": 35817, "date": "2022-01-01T00:00:00", "smokePM_pred": 4.1004061698913601 }, "geometry": { "type": "Polygon", "coordinates": [ [ [ -90.807372081671033, 29.279732566918828 ], [ -90.788701964972134, 29.195954767890409 ], [ -90.88414900872354, 29.179577665714604 ], [ -90.902884373725016, 29.26329946685809 ], [ -90.807372081671033, 29.279732566918828 ] ] ] } },
{ "type": "Feature", "properties": { "ID": 35818, "date": "2022-01-01T00:00:00", "smokePM_pred": 4.0371584892273003 }, "geometry": { "type": "Polygon", "coordinates": [ [ [ -90.711780482487541, 29.296105584333652 ], [ -90.69317587583798, 29.212271974708049 ], [ -90.788701964972134, 29.195954767890409 ], [ -90.807372081671033, 29.279732566918828 ], [ -90.711780482487541, 29.296105584333652 ] ] ] } },
{ "type": "Feature", "properties": { "ID": 35819, "date": "2022-01-01T00:00:00", "smokePM_pred": 3.7763442993164098 }, "geometry": { "type": "Polygon", "coordinates": [ [ [ -90.616109813803973, 29.312418316187614 ], [ -90.597570978573515, 29.22852908411906 ], [ -90.69317587583798, 29.212271974708049 ], [ -90.711780482487541, 29.296105584333652 ], [ -90.616109813803973, 29.312418316187614 ] ] ] } },
{ "type": "Feature", "properties": { "ID": 35820, "date": "2022-01-01T00:00:00", "smokePM_pred": 3.9053268432617201 }, "geometry": { "type": "Polygon", "coordinates": [ [ [ -90.520360314756431, 29.328670559970163 ], [ -90.501887511929326, 29.244725894478513 ], [ -90.597570978573515, 29.22852908411906 ], [ -90.616109813803973, 29.312418316187614 ], [ -90.520360314756431, 29.328670559970163 ] ] ] } },
{ "type": "Feature", "properties": { "ID": 35821, "date": "2022-01-01T00:00:00", "smokePM_pred": 4.1141295433044398 }, "geometry": { "type": "Polygon", "coordinates": [ [ [ -90.424532225987704, 29.344862113581058 ], [ -90.406125716153966, 29.260862204550904 ], [ -90.501887511929326, 29.244725894478513 ], [ -90.520360314756431, 29.328670559970163 ], [ -90.424532225987704, 29.344862113581058 ] ] ] } },
{ "type": "Feature", "properties": { "ID": 35822, "date": "2022-01-01T00:00:00", "smokePM_pred": 4.4358873367309597 }, "geometry": { "type": "Polygon", "coordinates": [ [ [ -90.328625789646807, 29.360992775336246 ], [ -90.310285832993657, 29.276937813516003 ], [ -90.406125716153966, 29.260862204550904 ], [ -90.424532225987704, 29.344862113581058 ], [ -90.328625789646807, 29.360992775336246 ] ] ] } },
{ "type": "Feature", "properties": { "ID": 35823, "date": "2022-01-01T00:00:00", "smokePM_pred": 4.37947750091553 }, "geometry": { "type": "Polygon", "coordinates": [ [ [ -90.23264124938882, 29.377062343973876 ], [ -90.214368105691975, 29.292952520974797 ], [ -90.310285832993657, 29.276937813516003 ], [ -90.328625789646807, 29.360992775336246 ], [ -90.23264124938882, 29.377062343973876 ] ] ] } },
{ "type": "Feature", "properties": { "ID": 35824, "date": "2022-01-01T00:00:00", "smokePM_pred": 4.8189787864685103 }, "geometry": { "type": "Polygon", "coordinates": [ [ [ -90.136578850374391, 29.393070618660136 ], [ -90.118372778989411, 29.308906126955375 ], [ -90.214368105691975, 29.292952520974797 ], [ -90.23264124938882, 29.377062343973876 ], [ -90.136578850374391, 29.393070618660136 ] ] ] } },
{ "type": "Feature", "properties": { "ID": 35825, "date": "2022-01-01T00:00:00", "smokePM_pred": 5.0591974258422896 }, "geometry": { "type": "Polygon", "coordinates": [ [ [ -90.040438839269441, 29.409017398995225 ], [ -90.022300099122987, 29.324798431918769 ], [ -90.118372778989411, 29.308906126955375 ], [ -90.136578850374391, 29.393070618660136 ], [ -90.040438839269441, 29.409017398995225 ] ] ] } },
{ "type": "Feature", "properties": { "ID": 35826, "date": "2022-01-01T00:00:00", "smokePM_pred": 4.8516302108764604 }, "geometry": { "type": "Polygon", "coordinates": [ [ [ -89.944221464244492, 29.424902485019313 ], [ -89.926150313825673, 29.340629236764968 ], [ -90.022300099122987, 29.324798431918769 ], [ -90.040438839269441, 29.409017398995225 ], [ -89.944221464244492, 29.424902485019313 ] ] ] } },
{ "type": "Feature", "properties": { "ID": 35827, "date": "2022-01-01T00:00:00", "smokePM_pred": 4.9565339088439897 }, "geometry": { "type": "Polygon", "coordinates": [ [ [ -89.8479269749742, 29.440725677218442 ], [ -89.829923672325805, 29.356398342838737 ], [ -89.926150313825673, 29.340629236764968 ], [ -89.944221464244492, 29.424902485019313 ], [ -89.8479269749742, 29.440725677218442 ] ] ] } },
{ "type": "Feature", "properties": { "ID": 35828, "date": "2022-01-01T00:00:00", "smokePM_pred": 5.0892047882080096 }, "geometry": { "type": "Polygon", "coordinates": [ [ [ -89.751555622636758, 29.456486776530483 ], [ -89.733620425346459, 29.372105551935586 ], [ -89.829923672325805, 29.356398342838737 ], [ -89.8479269749742, 29.440725677218442 ], [ -89.751555622636758, 29.456486776530483 ] ] ] } },
{ "type": "Feature", "properties": { "ID": 35829, "date": "2022-01-01T00:00:00", "smokePM_pred": 5.0587882995605504 }, "geometry": { "type": "Polygon", "coordinates": [ [ [ -89.655107659913043, 29.472185584351124 ], [ -89.63724082510474, 29.387750666307664 ], [ -89.733620425346459, 29.372105551935586 ], [ -89.751555622636758, 29.456486776530483 ], [ -89.655107659913043, 29.472185584351124 ] ] ] } },
{ "type": "Feature", "properties": { "ID": 35830, "date": "2022-01-01T00:00:00", "smokePM_pred": 4.89453125 }, "geometry": { "type": "Polygon", "coordinates": [ [ [ -89.558583340986047, 29.4878219025398 ], [ -89.54078512531099, 29.403333488669698 ], [ -89.63724082510474, 29.387750666307664 ], [ -89.655107659913043, 29.472185584351124 ], [ -89.558583340986047, 29.4878219025398 ] ] ] } },
{ "type": "Feature", "properties": { "ID": 35831, "date": "2022-01-01T00:00:00", "smokePM_pred": 4.8733491897582999 }, "geometry": { "type": "Polygon", "coordinates": [ [ [ -89.461982921539928, 29.50339553342566 ], [ -89.444253581167928, 29.418853822204934 ], [ -89.54078512531099, 29.403333488669698 ], [ -89.558583340986047, 29.4878219025398 ], [ -89.461982921539928, 29.50339553342566 ] ] ] } },
{ "type": "Feature", "properties": { "ID": 35832, "date": "2022-01-01T00:00:00", "smokePM_pred": 4.64804887771606 }, "geometry": { "type": "Polygon", "coordinates": [ [ [ -89.365306658759124, 29.518906279813486 ], [ -89.34764644936979, 29.434311470571011 ], [ -89.444253581167928, 29.418853822204934 ], [ -89.461982921539928, 29.50339553342566 ], [ -89.365306658759124, 29.518906279813486 ] ] ] } },
{ "type": "Feature", "properties": { "ID": 35833, "date": "2022-01-01T00:00:00", "smokePM_pred": 4.2926335334777797 }, "geometry": { "type": "Polygon", "coordinates": [ [ [ -89.268554811327448, 29.534353944989736 ], [ -89.250963988101333, 29.449706237905964 ], [ -89.34764644936979, 29.434311470571011 ], [ -89.365306658759124, 29.518906279813486 ], [ -89.268554811327448, 29.534353944989736 ] ] ] } },
{ "type": "Feature", "properties": { "ID": 35834, "date": "2022-01-01T00:00:00", "smokePM_pred": 4.3842396736145002 }, "geometry": { "type": "Polygon", "coordinates": [ [ [ -89.171727639427075, 29.549738332728456 ], [ -89.15420645703675, 29.465037928834107 ], [ -89.250963988101333, 29.449706237905964 ], [ -89.268554811327448, 29.534353944989736 ], [ -89.171727639427075, 29.549738332728456 ] ] ] } },
{ "type": "Feature", "properties": { "ID": 35835, "date": "2022-01-01T00:00:00", "smokePM_pred": 4.2856392860412598 }, "geometry": { "type": "Polygon", "coordinates": [ [ [ -89.074825404737368, 29.565059247297263 ], [ -89.057374117338711, 29.480306348471995 ], [ -89.15420645703675, 29.465037928834107 ], [ -89.171727639427075, 29.549738332728456 ], [ -89.074825404737368, 29.565059247297263 ] ] ] } },
{ "type": "Feature", "properties": { "ID": 35836, "date": "2022-01-01T00:00:00", "smokePM_pred": 4.1586823463439897 }, "geometry": { "type": "Polygon", "coordinates": [ [ [ -88.97784837043379, 29.580316493463346 ], [ -88.960467231657006, 29.495511302434398 ], [ -89.057374117338711, 29.480306348471995 ], [ -89.074825404737368, 29.565059247297263 ], [ -88.97784837043379, 29.580316493463346 ] ] ] } },
{ "type": "Feature", "properties": { "ID": 35837, "date": "2022-01-01T00:00:00", "smokePM_pred": 4.0028700828552202 }, "geometry": { "type": "Polygon", "coordinates": [ [ [ -88.880796801186676, 29.595509876499371 ], [ -88.863486064127457, 29.510652596840149 ], [ -88.960467231657006, 29.495511302434398 ], [ -88.97784837043379, 29.580316493463346 ], [ -88.880796801186676, 29.595509876499371 ] ] ] } },
{ "type": "Feature", "properties": { "ID": 35869, "date": "2022-01-01T00:00:00", "smokePM_pred": 1.73748803138733 }, "geometry": { "type": "Polygon", "coordinates": [ [ [ -85.737453575162917, 30.046841873560734 ], [ -85.72252566035958, 29.960430222120788 ], [ -85.821735581272534, 29.947425075211999 ], [ -85.836741661010748, 30.033791589028276 ], [ -85.737453575162917, 30.046841873560734 ] ] ] } },
{ "type": "Feature", "properties": { "ID": 35870, "date": "2022-01-01T00:00:00", "smokePM_pred": 1.5464787483215301 }, "geometry": { "type": "Polygon", "coordinates": [ [ [ -85.638100515092077, 30.059822191610724 ], [ -85.623250995645705, 29.973365633040711 ], [ -85.72252566035958, 29.960430222120788 ], [ -85.737453575162917, 30.046841873560734 ], [ -85.638100515092077, 30.059822191610724 ] ] ] } },
{ "type": "Feature", "properties": { "ID": 35871, "date": "2022-01-01T00:00:00", "smokePM_pred": 1.12116074562073 }, "geometry": { "type": "Polygon", "coordinates": [ [ [ -85.538682795076483, 30.072732369183008 ], [ -85.523911900569004, 29.986231134755236 ], [ -85.623250995645705, 29.973365633040711 ], [ -85.638100515092077, 30.059822191610724 ], [ -85.538682795076483, 30.072732369183008 ] ] ] } },
{ "type": "Feature", "properties": { "ID": 36267, "date": "2022-01-01T00:00:00", "smokePM_pred": 7.1304302215576199 }, "geometry": { "type": "Polygon", "coordinates": [ [ [ -96.863435643492707, 28.175914984683295 ], [ -96.840988179644754, 28.096143945018952 ], [ -96.930907478224086, 28.07625538782516 ], [ -96.9534028998184, 28.155960049891842 ], [ -96.863435643492707, 28.175914984683295 ] ] ] } },
{ "type": "Feature", "properties": { "ID": 36268, "date": "2022-01-01T00:00:00", "smokePM_pred": 7.2040143013000497 }, "geometry": { "type": "Polygon", "coordinates": [ [ [ -96.773376558202031, 28.195823488072456 ], [ -96.75097732258979, 28.11598620123673 ], [ -96.840988179644754, 28.096143945018952 ], [ -96.863435643492707, 28.175914984683295 ], [ -96.773376558202031, 28.195823488072456 ] ] ] } },
{ "type": "Feature", "properties": { "ID": 36269, "date": "2022-01-01T00:00:00", "smokePM_pred": 7.3014121055603001 }, "geometry": { "type": "Polygon", "coordinates": [ [ [ -96.683225785784629, 28.215685342169731 ], [ -96.660875049021229, 28.135781939453121 ], [ -96.75097732258979, 28.11598620123673 ], [ -96.773376558202031, 28.195823488072456 ], [ -96.683225785784629, 28.215685342169731 ] ] ] } },
{ "type": "Feature", "properties": { "ID": 36270, "date": "2022-01-01T00:00:00", "smokePM_pred": 7.3058896064758301 }, "geometry": { "type": "Polygon", "coordinates": [ [ [ -96.592983469488871, 28.235500329129987 ], [ -96.570681502304737, 28.155530942688138 ], [ -96.660875049021229, 28.135781939453121 ], [ -96.683225785784629, 28.215685342169731 ], [ -96.592983469488871, 28.235500329129987 ] ] ] } },
{ "type": "Feature", "properties": { "ID": 36271, "date": "2022-01-01T00:00:00", "smokePM_pred": 7.7792124748229998 }, "geometry": { "type": "Polygon", "coordinates": [ [ [ -96.502649753976357, 28.255268231157633 ], [ -96.480396827212502, 28.175232994012177 ], [ -96.570681502304737, 28.155530942688138 ], [ -96.592983469488871, 28.235500329129987 ], [ -96.502649753976357, 28.255268231157633 ] ] ] } },
{ "type": "Feature", "properties": { "ID": 36272, "date": "2022-01-01T00:00:00", "smokePM_pred": 7.7793059349060103 }, "geometry": { "type": "Polygon", "coordinates": [ [ [ -96.412224785324895, 28.274988830511639 ], [ -96.390021169926314, 28.194887876551004 ], [ -96.480396827212502, 28.175232994012177 ], [ -96.502649753976357, 28.255268231157633 ], [ -96.412224785324895, 28.274988830511639 ] ] ] } },
{ "type": "Feature", "properties": { "ID": 36273, "date": "2022-01-01T00:00:00", "smokePM_pred": 7.6470522880554199 }, "geometry": { "type": "Polygon", "coordinates": [ [ [ -96.321708711031576, 28.294661909510552 ], [ -96.299554678040508, 28.214495373490848 ], [ -96.390021169926314, 28.194887876551004 ], [ -96.412224785324895, 28.274988830511639 ], [ -96.321708711031576, 28.294661909510552 ] ] ] } },
{ "type": "Feature", "properties": { "ID": 36326, "date": "2022-01-01T00:00:00", "smokePM_pred": 4.36749172210693 }, "geometry": { "type": "Polygon", "coordinates": [ [ [ -91.398386384738899, 29.263666441843874 ], [ -91.379248015508225, 29.180239856453028 ], [ -91.474279558955217, 29.163450543633648 ], [ -91.493481825652466, 29.246819943291801 ], [ -91.398386384738899, 29.263666441843874 ] ] ] } },
{ "type": "Feature", "properties": { "ID": 36327, "date": "2022-01-01T00:00:00", "smokePM_pred": 4.3738512992858896 }, "geometry": { "type": "Polygon", "coordinates": [ [ [ -91.303209977228917, 29.280453901254813 ], [ -91.284135770800333, 29.196970312278278 ], [ -91.379248015508225, 29.180239856453028 ], [ -91.398386384738899, 29.263666441843874 ], [ -91.303209977228917, 29.280453901254813 ] ] ] } },
{ "type": "Feature", "properties": { "ID": 36328, "date": "2022-01-01T00:00:00", "smokePM_pred": 4.4056868553161603 }, "geometry": { "type": "Polygon", "coordinates": [ [ [ -91.207952832036341, 29.297182115433092 ], [ -91.188943053419791, 29.213641705891831 ], [ -91.284135770800333, 29.196970312278278 ], [ -91.303209977228917, 29.280453901254813 ], [ -91.207952832036341, 29.297182115433092 ] ] ] } },
{ "type": "Feature", "properties": { "ID": 36329, "date": "2022-01-01T00:00:00", "smokePM_pred": 4.2799978256225604 }, "geometry": { "type": "Polygon", "coordinates": [ [ [ -91.112615179590136, 29.313850878656979 ], [ -91.093670093461455, 29.230253832445211 ], [ -91.188943053419791, 29.213641705891831 ], [ -91.207952832036341, 29.297182115433092 ], [ -91.112615179590136, 29.313850878656979 ] ] ] } },
{ "type": "Feature", "properties": { "ID": 36330, "date": "2022-01-01T00:00:00", "smokePM_pred": 3.8532681465148899 }, "geometry": { "type": "Polygon", "coordinates": [ [ [ -91.017197251834645, 29.330459985580365 ], [ -90.998317122527013, 29.246806487464873 ], [ -91.093670093461455, 29.230253832445211 ], [ -91.112615179590136, 29.313850878656979 ], [ -91.017197251834645, 29.330459985580365 ] ] ] } },
{ "type": "Feature", "properties": { "ID": 36331, "date": "2022-01-01T00:00:00", "smokePM_pred": 3.7078928947448699 }, "geometry": { "type": "Polygon", "coordinates": [ [ [ -90.921699282229667, 29.34700923123869 ], [ -90.902884373725016, 29.26329946685809 ], [ -90.998317122527013, 29.246806487464873 ], [ -91.017197251834645, 29.330459985580365 ], [ -90.921699282229667, 29.34700923123869 ] ] ] } },
{ "type": "Feature", "properties": { "ID": 36332, "date": "2022-01-01T00:00:00", "smokePM_pred": 3.5656077861785902 }, "geometry": { "type": "Polygon", "coordinates": [ [ [ -90.826121505750606, 29.363498411054845 ], [ -90.807372081671033, 29.279732566918828 ], [ -90.902884373725016, 29.26329946685809 ], [ -90.921699282229667, 29.34700923123869 ], [ -90.826121505750606, 29.363498411054845 ] ] ] } },
{ "type": "Feature", "properties": { "ID": 36333, "date": "2022-01-01T00:00:00", "smokePM_pred": 3.81483006477356 }, "geometry": { "type": "Polygon", "coordinates": [ [ [ -90.730464158888367, 29.379927320845109 ], [ -90.711780482487541, 29.296105584333652 ], [ -90.807372081671033, 29.279732566918828 ], [ -90.826121505750606, 29.363498411054845 ], [ -90.730464158888367, 29.379927320845109 ] ] ] } },
{ "type": "Feature", "properties": { "ID": 36334, "date": "2022-01-01T00:00:00", "smokePM_pred": 3.61447954177856 }, "geometry": { "type": "Polygon", "coordinates": [ [ [ -90.63472747964947, 29.396295756825083 ], [ -90.616109813803973, 29.312418316187614 ], [ -90.711780482487541, 29.296105584333652 ], [ -90.730464158888367, 29.379927320845109 ], [ -90.63472747964947, 29.396295756825083 ] ] ] } },
{ "type": "Feature", "properties": { "ID": 36335, "date": "2022-01-01T00:00:00", "smokePM_pred": 3.7322797775268599 }, "geometry": { "type": "Polygon", "coordinates": [ [ [ -90.538911707555826, 29.412603515615594 ], [ -90.520360314756431, 29.328670559970163 ], [ -90.616109813803973, 29.312418316187614 ], [ -90.63472747964947, 29.396295756825083 ], [ -90.538911707555826, 29.412603515615594 ] ] ] } },
{ "type": "Feature", "properties": { "ID": 36336, "date": "2022-01-01T00:00:00", "smokePM_pred": 3.7746949195861799 }, "geometry": { "type": "Polygon", "coordinates": [ [ [ -90.443017083644605, 29.428850394248688 ], [ -90.424532225987704, 29.344862113581058 ], [ -90.520360314756431, 29.328670559970163 ], [ -90.538911707555826, 29.412603515615594 ], [ -90.443017083644605, 29.428850394248688 ] ] ] } },
{ "type": "Feature", "properties": { "ID": 36337, "date": "2022-01-01T00:00:00", "smokePM_pred": 4.2438302040100098 }, "geometry": { "type": "Polygon", "coordinates": [ [ [ -90.347043850467998, 29.445036190173536 ], [ -90.328625789646807, 29.360992775336246 ], [ -90.424532225987704, 29.344862113581058 ], [ -90.443017083644605, 29.428850394248688 ], [ -90.347043850467998, 29.445036190173536 ] ] ] } },
{ "type": "Feature", "properties": { "ID": 36338, "date": "2022-01-01T00:00:00", "smokePM_pred": 4.1195230484008798 }, "geometry": { "type": "Polygon", "coordinates": [ [ [ -90.250992252092942, 29.461160701262379 ], [ -90.23264124938882, 29.377062343973876 ], [ -90.328625789646807, 29.360992775336246 ], [ -90.347043850467998, 29.445036190173536 ], [ -90.250992252092942, 29.461160701262379 ] ] ] } },
{ "type": "Feature", "properties": { "ID": 36339, "date": "2022-01-01T00:00:00", "smokePM_pred": 4.8269715309143102 }, "geometry": { "type": "Polygon", "coordinates": [ [ [ -90.154862534100701, 29.477223725816543 ], [ -90.136578850374391, 29.393070618660136 ], [ -90.23264124938882, 29.377062343973876 ], [ -90.250992252092942, 29.461160701262379 ], [ -90.154862534100701, 29.477223725816543 ] ] ] } },
{ "type": "Feature", "properties": { "ID": 36340, "date": "2022-01-01T00:00:00", "smokePM_pred": 4.8917155265808097 }, "geometry": { "type": "Polygon", "coordinates": [ [ [ -90.058654943586575, 29.493225062572389 ], [ -90.040438839269441, 29.409017398995225 ], [ -90.136578850374391, 29.393070618660136 ], [ -90.154862534100701, 29.477223725816543 ], [ -90.058654943586575, 29.493225062572389 ] ] ] } },
{ "type": "Feature", "properties": { "ID": 36341, "date": "2022-01-01T00:00:00", "smokePM_pred": 5.27718305587769 }, "geometry": { "type": "Polygon", "coordinates": [ [ [ -89.962369729159221, 29.50916451070723 ], [ -89.944221464244492, 29.424902485019313 ], [ -90.040438839269441, 29.409017398995225 ], [ -90.058654943586575, 29.493225062572389 ], [ -89.962369729159221, 29.50916451070723 ] ] ] } },
{ "type": "Feature", "properties": { "ID": 36342, "date": "2022-01-01T00:00:00", "smokePM_pred": 5.3663229942321804 }, "geometry": { "type": "Polygon", "coordinates": [ [ [ -89.866007140940255, 29.525041869845364 ], [ -89.8479269749742, 29.440725677218442 ], [ -89.944221464244492, 29.424902485019313 ], [ -89.962369729159221, 29.50916451070723 ], [ -89.866007140940255, 29.525041869845364 ] ] ] } },
{ "type": "Feature", "properties": { "ID": 36343, "date": "2022-01-01T00:00:00", "smokePM_pred": 5.2261543273925799 }, "geometry": { "type": "Polygon", "coordinates": [ [ [ -89.769567430563612, 29.540856940064042 ], [ -89.751555622636758, 29.456486776530483 ], [ -89.8479269749742, 29.440725677218442 ], [ -89.866007140940255, 29.525041869845364 ], [ -89.769567430563612, 29.540856940064042 ] ] ] } },
{ "type": "Feature", "properties": { "ID": 36344, "date": "2022-01-01T00:00:00", "smokePM_pred": 5.0264592170715297 }, "geometry": { "type": "Polygon", "coordinates": [ [ [ -89.673050851174835, 29.556609521899446 ], [ -89.655107659913043, 29.472185584351124 ], [ -89.751555622636758, 29.456486776530483 ], [ -89.769567430563612, 29.540856940064042 ], [ -89.673050851174835, 29.556609521899446 ] ] ] } },
{ "type": "Feature", "properties": { "ID": 36345, "date": "2022-01-01T00:00:00", "smokePM_pred": 4.9652962684631303 }, "geometry": { "type": "Polygon", "coordinates": [ [ [ -89.576457657430296, 29.572299416352642 ], [ -89.558583340986047, 29.4878219025398 ], [ -89.655107659913043, 29.472185584351124 ], [ -89.673050851174835, 29.556609521899446 ], [ -89.576457657430296, 29.572299416352642 ] ] ] } },
{ "type": "Feature", "properties": { "ID": 36346, "date": "2022-01-01T00:00:00", "smokePM_pred": 4.76882123947144 }, "geometry": { "type": "Polygon", "coordinates": [ [ [ -89.479788105496482, 29.58792642489567 ], [ -89.461982921539928, 29.50339553342566 ], [ -89.558583340986047, 29.4878219025398 ], [ -89.576457657430296, 29.572299416352642 ], [ -89.479788105496482, 29.58792642489567 ] ] ] } },
{ "type": "Feature", "properties": { "ID": 36347, "date": "2022-01-01T00:00:00", "smokePM_pred": 4.9090538024902299 }, "geometry": { "type": "Polygon", "coordinates": [ [ [ -89.383042453049015, 29.603490349477433 ], [ -89.365306658759124, 29.518906279813486 ], [ -89.461982921539928, 29.50339553342566 ], [ -89.479788105496482, 29.58792642489567 ], [ -89.383042453049015, 29.603490349477433 ] ] ] } },
{ "type": "Feature", "properties": { "ID": 36348, "date": "2022-01-01T00:00:00", "smokePM_pred": 4.34657955169678 }, "geometry": { "type": "Polygon", "coordinates": [ [ [ -89.286220959271844, 29.618990992529731 ], [ -89.268554811327448, 29.534353944989736 ], [ -89.365306658759124, 29.518906279813486 ], [ -89.383042453049015, 29.603490349477433 ], [ -89.286220959271844, 29.618990992529731 ] ] ] } },
{ "type": "Feature", "properties": { "ID": 36349, "date": "2022-01-01T00:00:00", "smokePM_pred": 4.3854408264160201 }, "geometry": { "type": "Polygon", "coordinates": [ [ [ -89.18932388485608, 29.634428156973321 ], [ -89.171727639427075, 29.549738332728456 ], [ -89.268554811327448, 29.534353944989736 ], [ -89.286220959271844, 29.618990992529731 ], [ -89.18932388485608, 29.634428156973321 ] ] ] } },
{ "type": "Feature", "properties": { "ID": 36350, "date": "2022-01-01T00:00:00", "smokePM_pred": 4.2995405197143599 }, "geometry": { "type": "Polygon", "coordinates": [ [ [ -89.09235149199904, 29.649801646223793 ], [ -89.074825404737368, 29.565059247297263 ], [ -89.171727639427075, 29.549738332728456 ], [ -89.18932388485608, 29.634428156973321 ], [ -89.09235149199904, 29.649801646223793 ] ] ] } },
{ "type": "Feature", "properties": { "ID": 36351, "date": "2022-01-01T00:00:00", "smokePM_pred": 4.1130847930908203 }, "geometry": { "type": "Polygon", "coordinates": [ [ [ -88.995304044403028, 29.665111264197709 ], [ -88.97784837043379, 29.580316493463346 ], [ -89.074825404737368, 29.565059247297263 ], [ -89.09235149199904, 29.649801646223793 ], [ -88.995304044403028, 29.665111264197709 ] ] ] } },
{ "type": "Feature", "properties": { "ID": 36352, "date": "2022-01-01T00:00:00", "smokePM_pred": 4.0535368919372603 }, "geometry": { "type": "Polygon", "coordinates": [ [ [ -88.898181807274213, 29.680356815318532 ], [ -88.880796801186676, 29.595509876499371 ], [ -88.97784837043379, 29.580316493463346 ], [ -88.995304044403028, 29.665111264197709 ], [ -88.898181807274213, 29.680356815318532 ] ] ] } },
{ "type": "Feature", "properties": { "ID": 36353, "date": "2022-01-01T00:00:00", "smokePM_pred": 3.8886876106262198 }, "geometry": { "type": "Polygon", "coordinates": [ [ [ -88.800985047321234, 29.695538104522651 ], [ -88.783670963159906, 29.610639202189539 ], [ -88.880796801186676, 29.595509876499371 ], [ -88.898181807274213, 29.680356815318532 ], [ -88.800985047321234, 29.695538104522651 ] ] ] } },
{ "type": "Feature", "properties": { "ID": 36383, "date": "2022-01-01T00:00:00", "smokePM_pred": 1.7147861719131501 }, "geometry": { "type": "Polygon", "coordinates": [ [ [ -85.851813028074119, 30.120150134058424 ], [ -85.836741661010748, 30.033791589028276 ], [ -85.935964459769409, 30.020671512715875 ], [ -85.951114071965449, 30.106984617123903 ], [ -85.851813028074119, 30.120150134058424 ] ] ] } },
{ "type": "Feature", "properties": { "ID": 36784, "date": "2022-01-01T00:00:00", "smokePM_pred": 7.1472735404968297 }, "geometry": { "type": "Polygon", "coordinates": [ [ [ -96.705668066661886, 28.295571490301278 ], [ -96.683225785784629, 28.215685342169731 ], [ -96.773376558202031, 28.195823488072456 ], [ -96.795867481176003, 28.275643437918259 ], [ -96.705668066661886, 28.295571490301278 ] ] ] } },
{ "type": "Feature", "properties": { "ID": 36785, "date": "2022-01-01T00:00:00", "smokePM_pred": 7.1128406524658203 }, "geometry": { "type": "Polygon", "coordinates": [ [ [ -96.615376836125819, 28.315452543469259 ], [ -96.592983469488871, 28.235500329129987 ], [ -96.683225785784629, 28.215685342169731 ], [ -96.705668066661886, 28.295571490301278 ], [ -96.615376836125819, 28.315452543469259 ] ] ] } },
{ "type": "Feature", "properties": { "ID": 36786, "date": "2022-01-01T00:00:00", "smokePM_pred": 7.0008888244628897 }, "geometry": { "type": "Polygon", "coordinates": [ [ [ -96.524993934115699, 28.335286378758283 ], [ -96.502649753976357, 28.255268231157633 ], [ -96.592983469488871, 28.235500329129987 ], [ -96.615376836125819, 28.315452543469259 ], [ -96.524993934115699, 28.335286378758283 ] ] ] } },
{ "type": "Feature", "properties": { "ID": 36787, "date": "2022-01-01T00:00:00", "smokePM_pred": 6.8732976913452104 }, "geometry": { "type": "Polygon", "coordinates": [ [ [ -96.434519506602427, 28.355072777558121 ], [ -96.412224785324895, 28.274988830511639 ], [ -96.502649753976357, 28.255268231157633 ], [ -96.524993934115699, 28.335286378758283 ], [ -96.434519506602427, 28.355072777558121 ] ] ] } },
{ "type": "Feature", "properties": { "ID": 36788, "date": "2022-01-01T00:00:00", "smokePM_pred": 7.1433668136596697 }, "geometry": { "type": "Polygon", "coordinates": [ [ [ -96.343953700982766, 28.374811521317348 ], [ -96.321708711031576, 28.294661909510552 ], [ -96.412224785324895, 28.274988830511639 ], [ -96.434519506602427, 28.355072777558121 ], [ -96.343953700982766, 28.374811521317348 ] ] ] } },
{ "type": "Feature", "properties": { "ID": 36789, "date": "2022-01-01T00:00:00", "smokePM_pred": 6.9990158081054696 }, "geometry": { "type": "Polygon", "coordinates": [ [ [ -96.253296666082591, 28.394502391548421 ], [ -96.231101680015655, 28.314287250537649 ], [ -96.321708711031576, 28.294661909510552 ], [ -96.343953700982766, 28.374811521317348 ], [ -96.253296666082591, 28.394502391548421 ] ] ] } },
{ "type": "Feature", "properties": { "ID": 36790, "date": "2022-01-01T00:00:00", "smokePM_pred": 6.7190170288085902 }, "geometry": { "type": "Polygon", "coordinates": [ [ [ -96.162548552159606, 28.41414516983281 ], [ -96.140403842621538, 28.333864636045995 ], [ -96.231101680015655, 28.314287250537649 ], [ -96.253296666082591, 28.394502391548421 ], [ -96.162548552159606, 28.41414516983281 ] ] ] } },
{ "type": "Feature", "properties": { "ID": 36840, "date": "2022-01-01T00:00:00", "smokePM_pred": 4.1700010299682599 }, "geometry": { "type": "Polygon", "coordinates": [ [ [ -91.512765286597485, 29.330176753658314 ], [ -91.493481825652466, 29.246819943291801 ], [ -91.588496072570692, 29.229914612053882 ], [ -91.607843391214004, 29.313213972599332 ], [ -91.512765286597485, 29.330176753658314 ] ] ] } },
{ "type": "Feature", "properties": { "ID": 36841, "date": "2022-01-01T00:00:00", "smokePM_pred": 4.3596563339233398 }, "geometry": { "type": "Polygon", "coordinates": [ [ [ -91.417605720818486, 29.347080520687697 ], [ -91.398386384738899, 29.263666441843874 ], [ -91.493481825652466, 29.246819943291801 ], [ -91.512765286597485, 29.330176753658314 ], [ -91.417605720818486, 29.347080520687697 ] ] ] } },
{ "type": "Feature", "properties": { "ID": 36842, "date": "2022-01-01T00:00:00", "smokePM_pred": 4.2912850379943803 }, "geometry": { "type": "Polygon", "coordinates": [ [ [ -91.322364921592623, 29.363925066354632 ], [ -91.303209977228917, 29.280453901254813 ], [ -91.398386384738899, 29.263666441843874 ], [ -91.417605720818486, 29.347080520687697 ], [ -91.322364921592623, 29.363925066354632 ] ] ] } },
{ "type": "Feature", "properties": { "ID": 36843, "date": "2022-01-01T00:00:00", "smokePM_pred": 4.3289737701415998 }, "geometry": { "type": "Polygon", "coordinates": [ [ [ -91.227043118159074, 29.380710183690756 ], [ -91.207952832036341, 29.297182115433092 ], [ -91.303209977228917, 29.280453901254813 ], [ -91.322364921592623, 29.363925066354632 ], [ -91.227043118159074, 29.380710183690756 ] ] ] } },
{ "type": "Feature", "properties": { "ID": 36844, "date": "2022-01-01T00:00:00", "smokePM_pred": 4.0224967002868697 }, "geometry": { "type": "Polygon", "coordinates": [ [ [ -91.131640541280703, 29.39743566609809 ], [ -91.112615179590136, 29.313850878656979 ], [ -91.207952832036341, 29.297182115433092 ], [ -91.227043118159074, 29.380710183690756 ], [ -91.131640541280703, 29.39743566609809 ] ] ] } },
{ "type": "Feature", "properties": { "ID": 36845, "date": "2022-01-01T00:00:00", "smokePM_pred": 3.5568733215332 }, "geometry": { "type": "Polygon", "coordinates": [ [ [ -91.036157423244376, 29.414101307355004 ], [ -91.017197251834645, 29.330459985580365 ], [ -91.112615179590136, 29.313850878656979 ], [ -91.131640541280703, 29.39743566609809 ], [ -91.036157423244376, 29.414101307355004 ] ] ] } },
{ "type": "Feature", "properties": { "ID": 36846, "date": "2022-01-01T00:00:00", "smokePM_pred": 3.3894104957580602 }, "geometry": { "type": "Polygon", "coordinates": [ [ [ -90.940593997861043, 29.430706901622134 ], [ -90.921699282229667, 29.34700923123869 ], [ -91.017197251834645, 29.330459985580365 ], [ -91.036157423244376, 29.414101307355004 ], [ -90.940593997861043, 29.430706901622134 ] ] ] } },
{ "type": "Feature", "properties": { "ID": 36847, "date": "2022-01-01T00:00:00", "smokePM_pred": 3.3504679203033398 }, "geometry": { "type": "Polygon", "coordinates": [ [ [ -90.844950500465913, 29.447252243448318 ], [ -90.826121505750606, 29.363498411054845 ], [ -90.921699282229667, 29.34700923123869 ], [ -90.940593997861043, 29.430706901622134 ], [ -90.844950500465913, 29.447252243448318 ] ] ] } },
{ "type": "Feature", "properties": { "ID": 36848, "date": "2022-01-01T00:00:00", "smokePM_pred": 2.5779256820678702 }, "geometry": { "type": "Polygon", "coordinates": [ [ [ -90.74922716791842, 29.463737127776565 ], [ -90.730464158888367, 29.379927320845109 ], [ -90.826121505750606, 29.363498411054845 ], [ -90.844950500465913, 29.447252243448318 ], [ -90.74922716791842, 29.463737127776565 ] ] ] } },
{ "type": "Feature", "properties": { "ID": 36849, "date": "2022-01-01T00:00:00", "smokePM_pred": 2.7499766349792498 }, "geometry": { "type": "Polygon", "coordinates": [ [ [ -90.653424238602256, 29.480161349950023 ], [ -90.63472747964947, 29.396295756825083 ], [ -90.730464158888367, 29.379927320845109 ], [ -90.74922716791842, 29.463737127776565 ], [ -90.653424238602256, 29.480161349950023 ] ] ] } },
{ "type": "Feature", "properties": { "ID": 36850, "date": "2022-01-01T00:00:00", "smokePM_pred": 3.2779002189636199 }, "geometry": { "type": "Polygon", "coordinates": [ [ [ -90.557541952425282, 29.496524705717935 ], [ -90.538911707555826, 29.412603515615594 ], [ -90.63472747964947, 29.396295756825083 ], [ -90.653424238602256, 29.480161349950023 ], [ -90.557541952425282, 29.496524705717935 ] ] ] } },
{ "type": "Feature", "properties": { "ID": 36851, "date": "2022-01-01T00:00:00", "smokePM_pred": 3.3980884552002002 }, "geometry": { "type": "Polygon", "coordinates": [ [ [ -90.46158055081932, 29.512826991241596 ], [ -90.443017083644605, 29.428850394248688 ], [ -90.538911707555826, 29.412603515615594 ], [ -90.557541952425282, 29.496524705717935 ], [ -90.46158055081932, 29.512826991241596 ] ] ] } },
{ "type": "Feature", "properties": { "ID": 36852, "date": "2022-01-01T00:00:00", "smokePM_pred": 4.1628236770629901 }, "geometry": { "type": "Polygon", "coordinates": [ [ [ -90.36554027674002, 29.52906800310036 ], [ -90.347043850467998, 29.445036190173536 ], [ -90.443017083644605, 29.428850394248688 ], [ -90.46158055081932, 29.512826991241596 ], [ -90.36554027674002, 29.52906800310036 ] ] ] } },
{ "type": "Feature", "properties": { "ID": 36853, "date": "2022-01-01T00:00:00", "smokePM_pred": 4.2538223266601598 }, "geometry": { "type": "Polygon", "coordinates": [ [ [ -90.269421374666535, 29.54524753829763 ], [ -90.250992252092942, 29.461160701262379 ], [ -90.347043850467998, 29.445036190173536 ], [ -90.36554027674002, 29.52906800310036 ], [ -90.269421374666535, 29.54524753829763 ] ] ] } },
{ "type": "Feature", "properties": { "ID": 36854, "date": "2022-01-01T00:00:00", "smokePM_pred": 4.7599639892578098 }, "geometry": { "type": "Polygon", "coordinates": [ [ [ -90.173224090601181, 29.561365394266822 ], [ -90.154862534100701, 29.477223725816543 ], [ -90.250992252092942, 29.461160701262379 ], [ -90.269421374666535, 29.54524753829763 ], [ -90.173224090601181, 29.561365394266822 ] ] ] } },
{ "type": "Feature", "properties": { "ID": 36855, "date": "2022-01-01T00:00:00", "smokePM_pred": 5.14471435546875 }, "geometry": { "type": "Polygon", "coordinates": [ [ [ -90.076948672069051, 29.577421368877364 ], [ -90.058654943586575, 29.493225062572389 ], [ -90.154862534100701, 29.477223725816543 ], [ -90.173224090601181, 29.561365394266822 ], [ -90.076948672069051, 29.577421368877364 ] ] ] } },
{ "type": "Feature", "properties": { "ID": 36856, "date": "2022-01-01T00:00:00", "smokePM_pred": 5.2526063919067401 }, "geometry": { "type": "Polygon", "coordinates": [ [ [ -89.980595368117591, 29.593415260440754 ], [ -89.962369729159221, 29.50916451070723 ], [ -90.058654943586575, 29.493225062572389 ], [ -90.076948672069051, 29.577421368877364 ], [ -89.980595368117591, 29.593415260440754 ] ] ] } },
{ "type": "Feature", "properties": { "ID": 36857, "date": "2022-01-01T00:00:00", "smokePM_pred": 5.3175511360168501 }, "geometry": { "type": "Polygon", "coordinates": [ [ [ -89.884164429315931, 29.609346867716496 ], [ -89.866007140940255, 29.525041869845364 ], [ -89.962369729159221, 29.50916451070723 ], [ -89.980595368117591, 29.593415260440754 ], [ -89.884164429315931, 29.609346867716496 ] ] ] } },
{ "type": "Feature", "properties": { "ID": 36858, "date": "2022-01-01T00:00:00", "smokePM_pred": 5.2883796691894496 }, "geometry": { "type": "Polygon", "coordinates": [ [ [ -89.787656107754458, 29.625215989918146 ], [ -89.769567430563612, 29.540856940064042 ], [ -89.866007140940255, 29.525041869845364 ], [ -89.884164429315931, 29.609346867716496 ], [ -89.787656107754458, 29.625215989918146 ] ] ] } },
{ "type": "Feature", "properties": { "ID": 36859, "date": "2022-01-01T00:00:00", "smokePM_pred": 5.2460894584655797 }, "geometry": { "type": "Polygon", "coordinates": [ [ [ -89.691070657044051, 29.641022426719314 ], [ -89.673050851174835, 29.556609521899446 ], [ -89.769567430563612, 29.540856940064042 ], [ -89.787656107754458, 29.625215989918146 ], [ -89.691070657044051, 29.641022426719314 ] ] ] } },
{ "type": "Feature", "properties": { "ID": 36860, "date": "2022-01-01T00:00:00", "smokePM_pred": 5.1800646781921396 }, "geometry": { "type": "Polygon", "coordinates": [ [ [ -89.594408332315339, 29.656765978259738 ], [ -89.576457657430296, 29.572299416352642 ], [ -89.673050851174835, 29.556609521899446 ], [ -89.691070657044051, 29.641022426719314 ], [ -89.594408332315339, 29.656765978259738 ] ] ] } },
{ "type": "Feature", "properties": { "ID": 36861, "date": "2022-01-01T00:00:00", "smokePM_pred": 4.9407873153686497 }, "geometry": { "type": "Polygon", "coordinates": [ [ [ -89.497669390218036, 29.672446445151223 ], [ -89.479788105496482, 29.58792642489567 ], [ -89.576457657430296, 29.572299416352642 ], [ -89.594408332315339, 29.656765978259738 ], [ -89.497669390218036, 29.672446445151223 ] ] ] } },
{ "type": "Feature", "properties": { "ID": 36862, "date": "2022-01-01T00:00:00", "smokePM_pred": 4.8648600578308097 }, "geometry": { "type": "Polygon", "coordinates": [ [ [ -89.400854088919871, 29.688063628483729 ], [ -89.383042453049015, 29.603490349477433 ], [ -89.479788105496482, 29.58792642489567 ], [ -89.497669390218036, 29.672446445151223 ], [ -89.400854088919871, 29.688063628483729 ] ] ] } },
{ "type": "Feature", "properties": { "ID": 36863, "date": "2022-01-01T00:00:00", "smokePM_pred": 4.3314676284790004 }, "geometry": { "type": "Polygon", "coordinates": [ [ [ -89.303962688105841, 29.703617329831363 ], [ -89.286220959271844, 29.618990992529731 ], [ -89.383042453049015, 29.603490349477433 ], [ -89.400854088919871, 29.688063628483729 ], [ -89.303962688105841, 29.703617329831363 ] ] ] } },
{ "type": "Feature", "properties": { "ID": 36864, "date": "2022-01-01T00:00:00", "smokePM_pred": 4.4117789268493697 }, "geometry": { "type": "Polygon", "coordinates": [ [ [ -89.20699544897721, 29.719107351258469 ], [ -89.18932388485608, 29.634428156973321 ], [ -89.286220959271844, 29.618990992529731 ], [ -89.303962688105841, 29.703617329831363 ], [ -89.20699544897721, 29.719107351258469 ] ] ] } },
{ "type": "Feature", "properties": { "ID": 36865, "date": "2022-01-01T00:00:00", "smokePM_pred": 4.3450641632080096 }, "geometry": { "type": "Polygon", "coordinates": [ [ [ -89.109952634250305, 29.734533495325611 ], [ -89.09235149199904, 29.649801646223793 ], [ -89.18932388485608, 29.634428156973321 ], [ -89.20699544897721, 29.719107351258469 ], [ -89.109952634250305, 29.734533495325611 ] ] ] } },
{ "type": "Feature", "properties": { "ID": 36866, "date": "2022-01-01T00:00:00", "smokePM_pred": 4.1088128089904803 }, "geometry": { "type": "Polygon", "coordinates": [ [ [ -89.012834508155507, 29.749895565095606 ], [ -88.995304044403028, 29.665111264197709 ], [ -89.09235149199904, 29.649801646223793 ], [ -89.109952634250305, 29.734533495325611 ], [ -89.012834508155507, 29.749895565095606 ] ] ] } },
{ "type": "Feature", "properties": { "ID": 36867, "date": "2022-01-01T00:00:00", "smokePM_pred": 4.0315008163452104 }, "geometry": { "type": "Polygon", "coordinates": [ [ [ -88.915641336436096, 29.765193364139613 ], [ -88.898181807274213, 29.680356815318532 ], [ -88.995304044403028, 29.665111264197709 ], [ -89.012834508155507, 29.749895565095606 ], [ -88.915641336436096, 29.765193364139613 ] ] ] } },
{ "type": "Feature", "properties": { "ID": 36868, "date": "2022-01-01T00:00:00", "smokePM_pred": 3.87118792533875 }, "geometry": { "type": "Polygon", "coordinates": [ [ [ -88.818373386346806, 29.780426696543138 ], [ -88.800985047321234, 29.695538104522651 ], [ -88.898181807274213, 29.680356815318532 ], [ -88.915641336436096, 29.765193364139613 ], [ -88.818373386346806, 29.780426696543138 ] ] ] } },
{ "type": "Feature", "properties": { "ID": 36869, "date": "2022-01-01T00:00:00", "smokePM_pred": 3.9664757251739502 }, "geometry": { "type": "Polygon", "coordinates": [ [ [ -88.721030926652702, 29.795595366912082 ], [ -88.703714032754021, 29.710654937265375 ], [ -88.800985047321234, 29.695538104522651 ], [ -88.818373386346806, 29.780426696543138 ], [ -88.721030926652702, 29.795595366912082 ] ] ] } },
{ "type": "Feature", "properties": { "ID": 36897, "date": "2022-01-01T00:00:00", "smokePM_pred": 1.9288591146469101 }, "geometry": { "type": "Polygon", "coordinates": [ [ [ -85.966329516433845, 30.193289641633609 ], [ -85.951114071965449, 30.106984617123903 ], [ -86.050349283822399, 30.093749254639445 ], [ -86.065643050777169, 30.180008535452682 ], [ -85.966329516433845, 30.193289641633609 ] ] ] } },
{ "type": "Feature", "properties": { "ID": 36898, "date": "2022-01-01T00:00:00", "smokePM_pred": 1.6825933456420901 }, "geometry": { "type": "Polygon", "coordinates": [ [ [ -85.866949915133105, 30.206500672844619 ], [ -85.851813028074119, 30.120150134058424 ], [ -85.951114071965449, 30.106984617123903 ], [ -85.966329516433845, 30.193289641633609 ], [ -85.866949915133105, 30.206500672844619 ] ] ] } },
{ "type": "Feature", "properties": { "ID": 37300, "date": "2022-01-01T00:00:00", "smokePM_pred": 6.9212779998779297 }, "geometry": { "type": "Polygon", "coordinates": [ [ [ -96.637861874473941, 28.395387505640453 ], [ -96.615376836125819, 28.315452543469259 ], [ -96.705668066661886, 28.295571490301278 ], [ -96.728202163797732, 28.375440303437031 ], [ -96.637861874473941, 28.395387505640453 ] ] ] } },
{ "type": "Feature", "properties": { "ID": 37301, "date": "2022-01-01T00:00:00", "smokePM_pred": 6.6872882843017596 }, "geometry": { "type": "Polygon", "coordinates": [ [ [ -96.547429639995912, 28.415287357094886 ], [ -96.524993934115699, 28.335286378758283 ], [ -96.615376836125819, 28.315452543469259 ], [ -96.637861874473941, 28.395387505640453 ], [ -96.547429639995912, 28.415287357094886 ] ] ] } },
{ "type": "Feature", "properties": { "ID": 37302, "date": "2022-01-01T00:00:00", "smokePM_pred": 6.7973756790161097 }, "geometry": { "type": "Polygon", "coordinates": [ [ [ -96.456905606224453, 28.435139638318578 ], [ -96.434519506602427, 28.355072777558121 ], [ -96.524993934115699, 28.335286378758283 ], [ -96.547429639995912, 28.415287357094886 ], [ -96.456905606224453, 28.435139638318578 ] ] ] } },
{ "type": "Feature", "properties": { "ID": 37303, "date": "2022-01-01T00:00:00", "smokePM_pred": 6.9171495437622097 }, "geometry": { "type": "Polygon", "coordinates": [ [ [ -96.366289920453184, 28.454944129887721 ], [ -96.343953700982766, 28.374811521317348 ], [ -96.434519506602427, 28.355072777558121 ], [ -96.456905606224453, 28.435139638318578 ], [ -96.366289920453184, 28.454944129887721 ] ] ] } },
{ "type": "Feature", "properties": { "ID": 37304, "date": "2022-01-01T00:00:00", "smokePM_pred": 6.3666486740112296 }, "geometry": { "type": "Polygon", "coordinates": [ [ [ -96.275582731411447, 28.474700612441577 ], [ -96.253296666082591, 28.394502391548421 ], [ -96.343953700982766, 28.374811521317348 ], [ -96.366289920453184, 28.454944129887721 ], [ -96.275582731411447, 28.474700612441577 ] ] ] } },
{ "type": "Feature", "properties": { "ID": 37305, "date": "2022-01-01T00:00:00", "smokePM_pred": 6.6030306816101101 }, "geometry": { "type": "Polygon", "coordinates": [ [ [ -96.184784189267432, 28.494408866687621 ], [ -96.162548552159606, 28.41414516983281 ], [ -96.253296666082591, 28.394502391548421 ], [ -96.275582731411447, 28.474700612441577 ], [ -96.184784189267432, 28.494408866687621 ] ] ] } },
{ "type": "Feature", "properties": { "ID": 37306, "date": "2022-01-01T00:00:00", "smokePM_pred": 6.67726802825928 }, "geometry": { "type": "Polygon", "coordinates": [ [ [ -96.093894445631122, 28.51406867340669 ], [ -96.071709510906459, 28.433739637826122 ], [ -96.162548552159606, 28.41414516983281 ], [ -96.184784189267432, 28.494408866687621 ], [ -96.093894445631122, 28.51406867340669 ] ] ] } },
{ "type": "Feature", "properties": { "ID": 37307, "date": "2022-01-01T00:00:00", "smokePM_pred": 6.6517791748046902 }, "geometry": { "type": "Polygon", "coordinates": [ [ [ -96.002913653557087, 28.533679813458189 ], [ -95.980779695453577, 28.453285577263284 ], [ -96.071709510906459, 28.433739637826122 ], [ -96.093894445631122, 28.51406867340669 ], [ -96.002913653557087, 28.533679813458189 ] ] ] } },
{ "type": "Feature", "properties": { "ID": 37308, "date": "2022-01-01T00:00:00", "smokePM_pred": 6.6064467430114702 }, "geometry": { "type": "Polygon", "coordinates": [ [ [ -95.91184196754763, 28.553242067785302 ], [ -95.889759260371946, 28.472782769963736 ], [ -95.980779695453577, 28.453285577263284 ], [ -96.002913653557087, 28.533679813458189 ], [ -95.91184196754763, 28.553242067785302 ] ] ] } },
{ "type": "Feature", "properties": { "ID": 37309, "date": "2022-01-01T00:00:00", "smokePM_pred": 7.06296682357788 }, "geometry": { "type": "Polygon", "coordinates": [ [ [ -95.820679543555372, 28.572755217420188 ], [ -95.798648361676058, 28.492230997836593 ], [ -95.889759260371946, 28.472782769963736 ], [ -95.91184196754763, 28.553242067785302 ], [ -95.820679543555372, 28.572755217420188 ] ] ] } },
{ "type": "Feature", "properties": { "ID": 37310, "date": "2022-01-01T00:00:00", "smokePM_pred": 6.7785911560058603 }, "geometry": { "type": "Polygon", "coordinates": [ [ [ -95.72942653898626, 28.592219043489234 ], [ -95.707447156826518, 28.511630042885905 ], [ -95.798648361676058, 28.492230997836593 ], [ -95.820679543555372, 28.572755217420188 ], [ -95.72942653898626, 28.592219043489234 ] ] ] } },
{ "type": "Feature", "properties": { "ID": 37352, "date": "2022-01-01T00:00:00", "smokePM_pred": 4.2927103042602504 }, "geometry": { "type": "Polygon", "coordinates": [ [ [ -91.81731068045211, 29.362283221002979 ], [ -91.797754313711906, 29.279112199510887 ], [ -91.892586683775832, 29.261973623916337 ], [ -91.912206326523361, 29.345086573431626 ], [ -91.81731068045211, 29.362283221002979 ] ] ] } },
{ "type": "Feature", "properties": { "ID": 37353, "date": "2022-01-01T00:00:00", "smokePM_pred": 4.4463047981262198 }, "geometry": { "type": "Polygon", "coordinates": [ [ [ -91.722332629620283, 29.379421299901122 ], [ -91.702839808475417, 29.296192385202165 ], [ -91.797754313711906, 29.279112199510887 ], [ -91.81731068045211, 29.362283221002979 ], [ -91.722332629620283, 29.379421299901122 ] ] ] } },
{ "type": "Feature", "properties": { "ID": 37354, "date": "2022-01-01T00:00:00", "smokePM_pred": 4.1263899803161603 }, "geometry": { "type": "Polygon", "coordinates": [ [ [ -91.627272397466186, 29.396500600853013 ], [ -91.607843391214004, 29.313213972599332 ], [ -91.702839808475417, 29.296192385202165 ], [ -91.722332629620283, 29.379421299901122 ], [ -91.627272397466186, 29.396500600853013 ] ] ] } },
{ "type": "Feature", "properties": { "ID": 37355, "date": "2022-01-01T00:00:00", "smokePM_pred": 4.0674982070922896 }, "geometry": { "type": "Polygon", "coordinates": [ [ [ -91.532130208958904, 29.413520914932967 ], [ -91.512765286597485, 29.330176753658314 ], [ -91.607843391214004, 29.313213972599332 ], [ -91.627272397466186, 29.396500600853013 ], [ -91.532130208958904, 29.413520914932967 ] ] ] } },
{ "type": "Feature", "properties": { "ID": 37356, "date": "2022-01-01T00:00:00", "smokePM_pred": 4.0730185508728001 }, "geometry": { "type": "Polygon", "coordinates": [ [ [ -91.436906290598785, 29.430482033568527 ], [ -91.417605720818486, 29.347080520687697 ], [ -91.512765286597485, 29.330176753658314 ], [ -91.532130208958904, 29.413520914932967 ], [ -91.436906290598785, 29.430482033568527 ] ] ] } },
{ "type": "Feature", "properties": { "ID": 37357, "date": "2022-01-01T00:00:00", "smokePM_pred": 4.0682301521301296 }, "geometry": { "type": "Polygon", "coordinates": [ [ [ -91.341600870417963, 29.447383748546347 ], [ -91.322364921592623, 29.363925066354632 ], [ -91.417605720818486, 29.347080520687697 ], [ -91.436906290598785, 29.430482033568527 ], [ -91.341600870417963, 29.447383748546347 ] ] ] } },
{ "type": "Feature", "properties": { "ID": 37358, "date": "2022-01-01T00:00:00", "smokePM_pred": 3.97913694381714 }, "geometry": { "type": "Polygon", "coordinates": [ [ [ -91.246214177980605, 29.464225852018217 ], [ -91.227043118159074, 29.380710183690756 ], [ -91.322364921592623, 29.363925066354632 ], [ -91.341600870417963, 29.447383748546347 ], [ -91.246214177980605, 29.464225852018217 ] ] ] } },
{ "type": "Feature", "properties": { "ID": 37359, "date": "2022-01-01T00:00:00", "smokePM_pred": 3.5934214591979998 }, "geometry": { "type": "Polygon", "coordinates": [ [ [ -91.150746444383245, 29.481008136506979 ], [ -91.131640541280703, 29.39743566609809 ], [ -91.227043118159074, 29.380710183690756 ], [ -91.246214177980605, 29.464225852018217 ], [ -91.150746444383245, 29.481008136506979 ] ] ] } },
{ "type": "Feature", "properties": { "ID": 37360, "date": "2022-01-01T00:00:00", "smokePM_pred": 3.3236973285675 }, "geometry": { "type": "Polygon", "coordinates": [ [ [ -91.055197902255117, 29.49773039491248 ], [ -91.036157423244376, 29.414101307355004 ], [ -91.131640541280703, 29.39743566609809 ], [ -91.150746444383245, 29.481008136506979 ], [ -91.055197902255117, 29.49773039491248 ] ] ] } },
{ "type": "Feature", "properties": { "ID": 37361, "date": "2022-01-01T00:00:00", "smokePM_pred": 3.17236280441284 }, "geometry": { "type": "Polygon", "coordinates": [ [ [ -90.959568785758265, 29.514392420517556 ], [ -90.940593997861043, 29.430706901622134 ], [ -91.036157423244376, 29.414101307355004 ], [ -91.055197902255117, 29.49773039491248 ], [ -90.959568785758265, 29.514392420517556 ] ] ] } },
{ "type": "Feature", "properties": { "ID": 37362, "date": "2022-01-01T00:00:00", "smokePM_pred": 3.0740916728973402 }, "geometry": { "type": "Polygon", "coordinates": [ [ [ -90.863859330587601, 29.530994006994021 ], [ -90.844950500465913, 29.447252243448318 ], [ -90.940593997861043, 29.430706901622134 ], [ -90.959568785758265, 29.514392420517556 ], [ -90.863859330587601, 29.530994006994021 ] ] ] } },
{ "type": "Feature", "properties": { "ID": 37363, "date": "2022-01-01T00:00:00", "smokePM_pred": 3.03501677513123 }, "geometry": { "type": "Polygon", "coordinates": [ [ [ -90.768069773971149, 29.547534948408614 ], [ -90.74922716791842, 29.463737127776565 ], [ -90.844950500465913, 29.447252243448318 ], [ -90.863859330587601, 29.530994006994021 ], [ -90.768069773971149, 29.547534948408614 ] ] ] } },
{ "type": "Feature", "properties": { "ID": 37364, "date": "2022-01-01T00:00:00", "smokePM_pred": 2.4607267379760702 }, "geometry": { "type": "Polygon", "coordinates": [ [ [ -90.672200354669869, 29.564015039228998 ], [ -90.653424238602256, 29.480161349950023 ], [ -90.74922716791842, 29.463737127776565 ], [ -90.768069773971149, 29.547534948408614 ], [ -90.672200354669869, 29.564015039228998 ] ] ] } },
{ "type": "Feature", "properties": { "ID": 37365, "date": "2022-01-01T00:00:00", "smokePM_pred": 2.5505316257476802 }, "geometry": { "type": "Polygon", "coordinates": [ [ [ -90.576251312977689, 29.580434074329808 ], [ -90.557541952425282, 29.496524705717935 ], [ -90.653424238602256, 29.480161349950023 ], [ -90.672200354669869, 29.564015039228998 ], [ -90.576251312977689, 29.580434074329808 ] ] ] } },
{ "type": "Feature", "properties": { "ID": 37366, "date": "2022-01-01T00:00:00", "smokePM_pred": 3.43798875808716 }, "geometry": { "type": "Polygon", "coordinates": [ [ [ -90.480222890721322, 29.596791848998595 ], [ -90.46158055081932, 29.512826991241596 ], [ -90.557541952425282, 29.496524705717935 ], [ -90.576251312977689, 29.580434074329808 ], [ -90.480222890721322, 29.596791848998595 ] ] ] } },
{ "type": "Feature", "properties": { "ID": 37367, "date": "2022-01-01T00:00:00", "smokePM_pred": 3.4310896396636998 }, "geometry": { "type": "Polygon", "coordinates": [ [ [ -90.384115331260134, 29.613088158941885 ], [ -90.36554027674002, 29.52906800310036 ], [ -90.46158055081932, 29.512826991241596 ], [ -90.480222890721322, 29.596791848998595 ], [ -90.384115331260134, 29.613088158941885 ] ] ] } },
{ "type": "Feature", "properties": { "ID": 37368, "date": "2022-01-01T00:00:00", "smokePM_pred": 4.2597885131835902 }, "geometry": { "type": "Polygon", "coordinates": [ [ [ -90.287928879485818, 29.629322800291149 ], [ -90.269421374666535, 29.54524753829763 ], [ -90.36554027674002, 29.52906800310036 ], [ -90.384115331260134, 29.613088158941885 ], [ -90.287928879485818, 29.629322800291149 ] ] ] } },
{ "type": "Feature", "properties": { "ID": 37369, "date": "2022-01-01T00:00:00", "smokePM_pred": 4.7396059036254901 }, "geometry": { "type": "Polygon", "coordinates": [ [ [ -90.191663781822143, 29.645495569608862 ], [ -90.173224090601181, 29.561365394266822 ], [ -90.269421374666535, 29.54524753829763 ], [ -90.287928879485818, 29.629322800291149 ], [ -90.191663781822143, 29.645495569608862 ] ] ] } },
{ "type": "Feature", "properties": { "ID": 37370, "date": "2022-01-01T00:00:00", "smokePM_pred": 5.0536141395568803 }, "geometry": { "type": "Polygon", "coordinates": [ [ [ -90.095320286224549, 29.661606263894555 ], [ -90.076948672069051, 29.577421368877364 ], [ -90.173224090601181, 29.561365394266822 ], [ -90.191663781822143, 29.645495569608862 ], [ -90.095320286224549, 29.661606263894555 ] ] ] } },
{ "type": "Feature", "properties": { "ID": 37371, "date": "2022-01-01T00:00:00", "smokePM_pred": 5.3419513702392596 }, "geometry": { "type": "Polygon", "coordinates": [ [ [ -89.998898642179668, 29.677654680590773 ], [ -89.980595368117591, 29.593415260440754 ], [ -90.076948672069051, 29.577421368877364 ], [ -90.095320286224549, 29.661606263894555 ], [ -89.998898642179668, 29.677654680590773 ] ] ] } },
{ "type": "Feature", "properties": { "ID": 37372, "date": "2022-01-01T00:00:00", "smokePM_pred": 5.3362774848937997 }, "geometry": { "type": "Polygon", "coordinates": [ [ [ -89.902399100704841, 29.6936406175892 ], [ -89.884164429315931, 29.609346867716496 ], [ -89.980595368117591, 29.593415260440754 ], [ -89.998898642179668, 29.677654680590773 ], [ -89.902399100704841, 29.6936406175892 ] ] ] } },
{ "type": "Feature", "properties": { "ID": 37373, "date": "2022-01-01T00:00:00", "smokePM_pred": 5.3137564659118697 }, "geometry": { "type": "Polygon", "coordinates": [ [ [ -89.805821914347547, 29.709563873236629 ], [ -89.787656107754458, 29.625215989918146 ], [ -89.884164429315931, 29.609346867716496 ], [ -89.902399100704841, 29.6936406175892 ], [ -89.805821914347547, 29.709563873236629 ] ] ] } },
{ "type": "Feature", "properties": { "ID": 37374, "date": "2022-01-01T00:00:00", "smokePM_pred": 5.5226926803588903 }, "geometry": { "type": "Polygon", "coordinates": [ [ [ -89.709167337184724, 29.725424246341078 ], [ -89.691070657044051, 29.641022426719314 ], [ -89.787656107754458, 29.625215989918146 ], [ -89.805821914347547, 29.709563873236629 ], [ -89.709167337184724, 29.725424246341078 ] ] ] } },
{ "type": "Feature", "properties": { "ID": 37375, "date": "2022-01-01T00:00:00", "smokePM_pred": 5.4532237052917498 }, "geometry": { "type": "Polygon", "coordinates": [ [ [ -89.612435624822055, 29.741221536177793 ], [ -89.594408332315339, 29.656765978259738 ], [ -89.691070657044051, 29.641022426719314 ], [ -89.709167337184724, 29.725424246341078 ], [ -89.612435624822055, 29.741221536177793 ] ] ] } },
{ "type": "Feature", "properties": { "ID": 37376, "date": "2022-01-01T00:00:00", "smokePM_pred": 5.0261077880859402 }, "geometry": { "type": "Polygon", "coordinates": [ [ [ -89.51562703439329, 29.756955542495344 ], [ -89.497669390218036, 29.672446445151223 ], [ -89.594408332315339, 29.656765978259738 ], [ -89.612435624822055, 29.741221536177793 ], [ -89.51562703439329, 29.756955542495344 ] ] ] } },
{ "type": "Feature", "properties": { "ID": 37377, "date": "2022-01-01T00:00:00", "smokePM_pred": 4.9493608474731401 }, "geometry": { "type": "Polygon", "coordinates": [ [ [ -89.418741824559248, 29.772626065521628 ], [ -89.400854088919871, 29.688063628483729 ], [ -89.497669390218036, 29.672446445151223 ], [ -89.51562703439329, 29.756955542495344 ], [ -89.418741824559248, 29.772626065521628 ] ] ] } },
{ "type": "Feature", "properties": { "ID": 37378, "date": "2022-01-01T00:00:00", "smokePM_pred": 4.2748289108276403 }, "geometry": { "type": "Polygon", "coordinates": [ [ [ -89.321780255507022, 29.788232905970002 ], [ -89.303962688105841, 29.703617329831363 ], [ -89.400854088919871, 29.688063628483729 ], [ -89.418741824559248, 29.772626065521628 ], [ -89.321780255507022, 29.788232905970002 ] ] ] } },
{ "type": "Feature", "properties": { "ID": 37379, "date": "2022-01-01T00:00:00", "smokePM_pred": 4.4623317718505904 }, "geometry": { "type": "Polygon", "coordinates": [ [ [ -89.224742588948942, 29.803775865045317 ], [ -89.20699544897721, 29.719107351258469 ], [ -89.303962688105841, 29.703617329831363 ], [ -89.321780255507022, 29.788232905970002 ], [ -89.224742588948942, 29.803775865045317 ] ] ] } },
{ "type": "Feature", "properties": { "ID": 37380, "date": "2022-01-01T00:00:00", "smokePM_pred": 4.3976159095764196 }, "geometry": { "type": "Polygon", "coordinates": [ [ [ -89.12762908812158, 29.81925474444996 ], [ -89.109952634250305, 29.734533495325611 ], [ -89.20699544897721, 29.719107351258469 ], [ -89.224742588948942, 29.803775865045317 ], [ -89.12762908812158, 29.81925474444996 ] ] ] } },
{ "type": "Feature", "properties": { "ID": 37381, "date": "2022-01-01T00:00:00", "smokePM_pred": 4.1959214210510298 }, "geometry": { "type": "Polygon", "coordinates": [ [ [ -89.030440017784585, 29.834669346389951 ], [ -89.012834508155507, 29.749895565095606 ], [ -89.109952634250305, 29.734533495325611 ], [ -89.12762908812158, 29.81925474444996 ], [ -89.030440017784585, 29.834669346389951 ] ] ] } },
{ "type": "Feature", "properties": { "ID": 37382, "date": "2022-01-01T00:00:00", "smokePM_pred": 4.0464673042297399 }, "geometry": { "type": "Polygon", "coordinates": [ [ [ -88.933175644219546, 29.850019473581053 ], [ -88.915641336436096, 29.765193364139613 ], [ -89.012834508155507, 29.749895565095606 ], [ -89.030440017784585, 29.834669346389951 ], [ -88.933175644219546, 29.850019473581053 ] ] ] } },
{ "type": "Feature", "properties": { "ID": 37383, "date": "2022-01-01T00:00:00", "smokePM_pred": 3.1943838596343999 }, "geometry": { "type": "Polygon", "coordinates": [ [ [ -88.835836235228669, 29.865304929254773 ], [ -88.818373386346806, 29.780426696543138 ], [ -88.915641336436096, 29.765193364139613 ], [ -88.933175644219546, 29.850019473581053 ], [ -88.835836235228669, 29.865304929254773 ] ] ] } },
{ "type": "Feature", "properties": { "ID": 37384, "date": "2022-01-01T00:00:00", "smokePM_pred": 3.1991109848022501 }, "geometry": { "type": "Polygon", "coordinates": [ [ [ -88.738422060133544, 29.880525517164472 ], [ -88.721030926652702, 29.795595366912082 ], [ -88.818373386346806, 29.780426696543138 ], [ -88.835836235228669, 29.865304929254773 ], [ -88.738422060133544, 29.880525517164472 ] ] ] } },
{ "type": "Feature", "properties": { "ID": 37385, "date": "2022-01-01T00:00:00", "smokePM_pred": 3.2636573314666699 }, "geometry": { "type": "Polygon", "coordinates": [ [ [ -88.640933389773778, 29.895681041591466 ], [ -88.623614227627627, 29.810699180378773 ], [ -88.721030926652702, 29.795595366912082 ], [ -88.738422060133544, 29.880525517164472 ], [ -88.640933389773778, 29.895681041591466 ] ] ] } },
{ "type": "Feature", "properties": { "ID": 37410, "date": "2022-01-01T00:00:00", "smokePM_pred": 2.3997430801391602 }, "geometry": { "type": "Polygon", "coordinates": [ [ [ -86.18032874928609, 30.252862573788502 ], [ -86.164890206495102, 30.166657531983031 ], [ -86.264070673360649, 30.153236809600429 ], [ -86.279587375123796, 30.239395576493393 ], [ -86.18032874928609, 30.252862573788502 ] ] ] } },
{ "type": "Feature", "properties": { "ID": 37411, "date": "2022-01-01T00:00:00", "smokePM_pred": 2.0927371978759801 }, "geometry": { "type": "Polygon", "coordinates": [ [ [ -86.08100319659745, 30.266259624097259 ], [ -86.065643050777169, 30.180008535452682 ], [ -86.164890206495102, 30.166657531983031 ], [ -86.18032874928609, 30.252862573788502 ], [ -86.08100319659745, 30.266259624097259 ] ] ] } },
{ "type": "Feature", "properties": { "ID": 37412, "date": "2022-01-01T00:00:00", "smokePM_pred": 1.8861348628997801 }, "geometry": { "type": "Polygon", "coordinates": [ [ [ -85.981611028099252, 30.279586548245902 ], [ -85.966329516433845, 30.193289641633609 ], [ -86.065643050777169, 30.180008535452682 ], [ -86.08100319659745, 30.266259624097259 ], [ -85.981611028099252, 30.279586548245902 ] ] ] } },
{ "type": "Feature", "properties": { "ID": 37413, "date": "2022-01-01T00:00:00", "smokePM_pred": 1.0823987722396899 }, "geometry": { "type": "Polygon", "coordinates": [ [ [ -85.882152556283089, 30.292843167757766 ], [ -85.866949915133105, 30.206500672844619 ], [ -85.966329516433845, 30.193289641633609 ], [ -85.981611028099252, 30.279586548245902 ], [ -85.882152556283089, 30.292843167757766 ] ] ] } },
{ "type": "Feature", "properties": { "ID": 37817, "date": "2022-01-01T00:00:00", "smokePM_pred": 6.2455425262451199 }, "geometry": { "type": "Polygon", "coordinates": [ [ [ -96.479383358085613, 28.515189333088255 ], [ -96.456905606224453, 28.435139638318578 ], [ -96.547429639995912, 28.415287357094886 ], [ -96.569957145408296, 28.495271086114403 ], [ -96.479383358085613, 28.515189333088255 ] ] ] } },
{ "type": "Feature", "properties": { "ID": 37818, "date": "2022-01-01T00:00:00", "smokePM_pred": 6.3542537689209002 }, "geometry": { "type": "Polygon", "coordinates": [ [ [ -96.388717643433836, 28.53505965586627 ], [ -96.366289920453184, 28.454944129887721 ], [ -96.456905606224453, 28.435139638318578 ], [ -96.479383358085613, 28.515189333088255 ], [ -96.388717643433836, 28.53505965586627 ] ] ] } },
{ "type": "Feature", "properties": { "ID": 37819, "date": "2022-01-01T00:00:00", "smokePM_pred": 6.1653461456298801 }, "geometry": { "type": "Polygon", "coordinates": [ [ [ -96.297960150082886, 28.55488183421209 ], [ -96.275582731411447, 28.474700612441577 ], [ -96.366289920453184, 28.454944129887721 ], [ -96.388717643433836, 28.53505965586627 ], [ -96.297960150082886, 28.55488183421209 ] ] ] } },
{ "type": "Feature", "properties": { "ID": 37820, "date": "2022-01-01T00:00:00", "smokePM_pred": 6.1193313598632804 }, "geometry": { "type": "Polygon", "coordinates": [ [ [ -96.207111028108415, 28.574655647956781 ], [ -96.184784189267432, 28.494408866687621 ], [ -96.275582731411447, 28.474700612441577 ], [ -96.297960150082886, 28.55488183421209 ], [ -96.207111028108415, 28.574655647956781 ] ] ] } },
{ "type": "Feature", "properties": { "ID": 37821, "date": "2022-01-01T00:00:00", "smokePM_pred": 6.4075078964233398 }, "geometry": { "type": "Polygon", "coordinates": [ [ [ -96.11617042903471, 28.594380877004021 ], [ -96.093894445631122, 28.51406867340669 ], [ -96.184784189267432, 28.494408866687621 ], [ -96.207111028108415, 28.574655647956781 ], [ -96.11617042903471, 28.594380877004021 ] ] ] } },
{ "type": "Feature", "properties": { "ID": 37822, "date": "2022-01-01T00:00:00", "smokePM_pred": 6.4699544906616202 }, "geometry": { "type": "Polygon", "coordinates": [ [ [ -96.025138505837816, 28.61405730133524 ], [ -96.002913653557087, 28.533679813458189 ], [ -96.093894445631122, 28.51406867340669 ], [ -96.11617042903471, 28.594380877004021 ], [ -96.025138505837816, 28.61405730133524 ] ] ] } },
{ "type": "Feature", "properties": { "ID": 37823, "date": "2022-01-01T00:00:00", "smokePM_pred": 6.4039940834045401 }, "geometry": { "type": "Polygon", "coordinates": [ [ [ -95.934015412948284, 28.633684701014911 ], [ -95.91184196754763, 28.553242067785302 ], [ -96.002913653557087, 28.533679813458189 ], [ -96.025138505837816, 28.61405730133524 ], [ -95.934015412948284, 28.633684701014911 ] ] ] } },
{ "type": "Feature", "properties": { "ID": 37824, "date": "2022-01-01T00:00:00", "smokePM_pred": 7.1851234436035201 }, "geometry": { "type": "Polygon", "coordinates": [ [ [ -95.842801306254231, 28.65326285619577 ], [ -95.820679543555372, 28.572755217420188 ], [ -95.91184196754763, 28.553242067785302 ], [ -95.934015412948284, 28.633684701014911 ], [ -95.842801306254231, 28.65326285619577 ] ] ] } },
{ "type": "Feature", "properties": { "ID": 37825, "date": "2022-01-01T00:00:00", "smokePM_pred": 6.9479169845581001 }, "geometry": { "type": "Polygon", "coordinates": [ [ [ -95.751496343104051, 28.672791547124103 ], [ -95.72942653898626, 28.592219043489234 ], [ -95.820679543555372, 28.572755217420188 ], [ -95.842801306254231, 28.65326285619577 ], [ -95.751496343104051, 28.672791547124103 ] ] ] } },
{ "type": "Feature", "properties": { "ID": 37826, "date": "2022-01-01T00:00:00", "smokePM_pred": 6.9364991188049299 }, "geometry": { "type": "Polygon", "coordinates": [ [ [ -95.660100682309334, 28.692270554144987 ], [ -95.638083112702219, 28.611633327218346 ], [ -95.72942653898626, 28.592219043489234 ], [ -95.751496343104051, 28.672791547124103 ], [ -95.660100682309334, 28.692270554144987 ] ] ] } },
{ "type": "Feature", "properties": { "ID": 37827, "date": "2022-01-01T00:00:00", "smokePM_pred": 7.08380126953125 }, "geometry": { "type": "Polygon", "coordinates": [ [ [ -95.568614484147531, 28.711699657707676 ], [ -95.546649425023901, 28.630997849938186 ], [ -95.638083112702219, 28.611633327218346 ], [ -95.660100682309334, 28.692270554144987 ], [ -95.568614484147531, 28.711699657707676 ] ] ] } },
{ "type": "Feature", "properties": { "ID": 37828, "date": "2022-01-01T00:00:00", "smokePM_pred": 7.2073020935058603 }, "geometry": { "type": "Polygon", "coordinates": [ [ [ -95.477037910364771, 28.731078638370835 ], [ -95.455125637733431, 28.650312393089511 ], [ -95.546649425023901, 28.630997849938186 ], [ -95.568614484147531, 28.711699657707676 ], [ -95.477037910364771, 28.731078638370835 ] ] ] } },
{ "type": "Feature", "properties": { "ID": 37866, "date": "2022-01-01T00:00:00", "smokePM_pred": 4.4422640800476101 }, "geometry": { "type": "Polygon", "coordinates": [ [ [ -91.931908596194432, 29.428186479051174 ], [ -91.912206326523361, 29.345086573431626 ], [ -92.007019345925997, 29.327831566801429 ], [ -92.026784842112477, 29.410873138718099 ], [ -91.931908596194432, 29.428186479051174 ] ] ] } },
{ "type": "Feature", "properties": { "ID": 37867, "date": "2022-01-01T00:00:00", "smokePM_pred": 4.4436764717101997 }, "geometry": { "type": "Polygon", "coordinates": [ [ [ -91.836949452207918, 29.445441282379161 ], [ -91.81731068045211, 29.362283221002979 ], [ -91.912206326523361, 29.345086573431626 ], [ -91.931908596194432, 29.428186479051174 ], [ -91.836949452207918, 29.445441282379161 ] ] ] } },
{ "type": "Feature", "properties": { "ID": 37868, "date": "2022-01-01T00:00:00", "smokePM_pred": 4.4262938499450701 }, "geometry": { "type": "Polygon", "coordinates": [ [ [ -91.74190763234256, 29.462637338202107 ], [ -91.722332629620283, 29.379421299901122 ], [ -91.81731068045211, 29.362283221002979 ], [ -91.836949452207918, 29.445441282379161 ], [ -91.74190763234256, 29.462637338202107 ] ] ] } },
{ "type": "Feature", "properties": { "ID": 37869, "date": "2022-01-01T00:00:00", "smokePM_pred": 4.0625729560851997 }, "geometry": { "type": "Polygon", "coordinates": [ [ [ -91.646783360326765, 29.47977443636189 ], [ -91.627272397466186, 29.396500600853013 ], [ -91.722332629620283, 29.379421299901122 ], [ -91.74190763234256, 29.462637338202107 ], [ -91.646783360326765, 29.47977443636189 ] ] ] } },
{ "type": "Feature", "properties": { "ID": 37870, "date": "2022-01-01T00:00:00", "smokePM_pred": 3.9987244606018102 }, "geometry": { "type": "Polygon", "coordinates": [ [ [ -91.551576861428387, 29.496852367048191 ], [ -91.532130208958904, 29.413520914932967 ], [ -91.627272397466186, 29.396500600853013 ], [ -91.646783360326765, 29.47977443636189 ], [ -91.551576861428387, 29.496852367048191 ] ] ] } },
{ "type": "Feature", "properties": { "ID": 37871, "date": "2022-01-01T00:00:00", "smokePM_pred": 3.6534266471862802 }, "geometry": { "type": "Polygon", "coordinates": [ [ [ -91.456288362455183, 29.513870920804536 ], [ -91.436906290598785, 29.430482033568527 ], [ -91.532130208958904, 29.413520914932967 ], [ -91.551576861428387, 29.496852367048191 ], [ -91.456288362455183, 29.513870920804536 ] ] ] } },
{ "type": "Feature", "properties": { "ID": 37872, "date": "2022-01-01T00:00:00", "smokePM_pred": 3.5752320289611799 }, "geometry": { "type": "Polygon", "coordinates": [ [ [ -91.360918091755252, 29.530829888534146 ], [ -91.341600870417963, 29.447383748546347 ], [ -91.436906290598785, 29.430482033568527 ], [ -91.456288362455183, 29.513870920804536 ], [ -91.360918091755252, 29.530829888534146 ] ] ] } },
{ "type": "Feature", "properties": { "ID": 37873, "date": "2022-01-01T00:00:00", "smokePM_pred": 3.5826392173767099 }, "geometry": { "type": "Polygon", "coordinates": [ [ [ -91.265466279217549, 29.547729061505983 ], [ -91.246214177980605, 29.464225852018217 ], [ -91.341600870417963, 29.447383748546347 ], [ -91.360918091755252, 29.530829888534146 ], [ -91.265466279217549, 29.547729061505983 ] ] ] } },
{ "type": "Feature", "properties": { "ID": 37874, "date": "2022-01-01T00:00:00", "smokePM_pred": 3.38059782981873 }, "geometry": { "type": "Polygon", "coordinates": [ [ [ -91.169933156272037, 29.564568231360681 ], [ -91.150746444383245, 29.481008136506979 ], [ -91.246214177980605, 29.464225852018217 ], [ -91.265466279217549, 29.547729061505983 ], [ -91.169933156272037, 29.564568231360681 ] ] ] } },
{ "type": "Feature", "properties": { "ID": 37875, "date": "2022-01-01T00:00:00", "smokePM_pred": 3.1301407814025901 }, "geometry": { "type": "Polygon", "coordinates": [ [ [ -91.074318955890121, 29.581347190116588 ], [ -91.055197902255117, 29.49773039491248 ], [ -91.150746444383245, 29.481008136506979 ], [ -91.169933156272037, 29.564568231360681 ], [ -91.074318955890121, 29.581347190116588 ] ] ] } },
{ "type": "Feature", "properties": { "ID": 37876, "date": "2022-01-01T00:00:00", "smokePM_pred": 3.4062247276306201 }, "geometry": { "type": "Polygon", "coordinates": [ [ [ -90.978623912584752, 29.598065730175758 ], [ -90.959568785758265, 29.514392420517556 ], [ -91.055197902255117, 29.49773039491248 ], [ -91.074318955890121, 29.581347190116588 ], [ -90.978623912584752, 29.598065730175758 ] ] ] } },
{ "type": "Feature", "properties": { "ID": 37877, "date": "2022-01-01T00:00:00", "smokePM_pred": 3.1413486003875701 }, "geometry": { "type": "Polygon", "coordinates": [ [ [ -90.882848262410619, 29.61472364432991 ], [ -90.863859330587601, 29.530994006994021 ], [ -90.959568785758265, 29.514392420517556 ], [ -90.978623912584752, 29.598065730175758 ], [ -90.882848262410619, 29.61472364432991 ] ] ] } },
{ "type": "Feature", "properties": { "ID": 37878, "date": "2022-01-01T00:00:00", "smokePM_pred": 2.4293007850646999 }, "geometry": { "type": "Polygon", "coordinates": [ [ [ -90.786992242964217, 29.631320725766503 ], [ -90.768069773971149, 29.547534948408614 ], [ -90.863859330587601, 29.530994006994021 ], [ -90.882848262410619, 29.61472364432991 ], [ -90.786992242964217, 29.631320725766503 ] ] ] } },
{ "type": "Feature", "properties": { "ID": 37879, "date": "2022-01-01T00:00:00", "smokePM_pred": 2.1002719402313201 }, "geometry": { "type": "Polygon", "coordinates": [ [ [ -90.691056093383864, 29.647856768074742 ], [ -90.672200354669869, 29.564015039228998 ], [ -90.768069773971149, 29.547534948408614 ], [ -90.786992242964217, 29.631320725766503 ], [ -90.691056093383864, 29.647856768074742 ] ] ] } },
{ "type": "Feature", "properties": { "ID": 37880, "date": "2022-01-01T00:00:00", "smokePM_pred": 2.2676427364349401 }, "geometry": { "type": "Polygon", "coordinates": [ [ [ -90.595040054349724, 29.664331565251594 ], [ -90.576251312977689, 29.580434074329808 ], [ -90.672200354669869, 29.564015039228998 ], [ -90.691056093383864, 29.647856768074742 ], [ -90.595040054349724, 29.664331565251594 ] ] ] } },
{ "type": "Feature", "properties": { "ID": 37881, "date": "2022-01-01T00:00:00", "smokePM_pred": 2.5397632122039799 }, "geometry": { "type": "Polygon", "coordinates": [ [ [ -90.498944368083542, 29.680744911707833 ], [ -90.480222890721322, 29.596791848998595 ], [ -90.576251312977689, 29.580434074329808 ], [ -90.595040054349724, 29.664331565251594 ], [ -90.498944368083542, 29.680744911707833 ] ] ] } },
{ "type": "Feature", "properties": { "ID": 37882, "date": "2022-01-01T00:00:00", "smokePM_pred": 3.3833930492401101 }, "geometry": { "type": "Polygon", "coordinates": [ [ [ -90.402769278348671, 29.697096602274062 ], [ -90.384115331260134, 29.613088158941885 ], [ -90.480222890721322, 29.596791848998595 ], [ -90.498944368083542, 29.680744911707833 ], [ -90.402769278348671, 29.697096602274062 ] ] ] } },
{ "type": "Feature", "properties": { "ID": 37883, "date": "2022-01-01T00:00:00", "smokePM_pred": 4.0700211524963397 }, "geometry": { "type": "Polygon", "coordinates": [ [ [ -90.306515030449702, 29.713386432206825 ], [ -90.287928879485818, 29.629322800291149 ], [ -90.384115331260134, 29.613088158941885 ], [ -90.402769278348671, 29.697096602274062 ], [ -90.306515030449702, 29.713386432206825 ] ] ] } },
{ "type": "Feature", "properties": { "ID": 37884, "date": "2022-01-01T00:00:00", "smokePM_pred": 4.7565870285034197 }, "geometry": { "type": "Polygon", "coordinates": [ [ [ -90.210181871232237, 29.729614197194604 ], [ -90.191663781822143, 29.645495569608862 ], [ -90.287928879485818, 29.629322800291149 ], [ -90.306515030449702, 29.713386432206825 ], [ -90.210181871232237, 29.729614197194604 ] ] ] } },
{ "type": "Feature", "properties": { "ID": 37885, "date": "2022-01-01T00:00:00", "smokePM_pred": 4.8908014297485396 }, "geometry": { "type": "Polygon", "coordinates": [ [ [ -90.113770049082433, 29.745779693363893 ], [ -90.095320286224549, 29.661606263894555 ], [ -90.191663781822143, 29.645495569608862 ], [ -90.210181871232237, 29.729614197194604 ], [ -90.113770049082433, 29.745779693363893 ] ] ] } },
{ "type": "Feature", "properties": { "ID": 37886, "date": "2022-01-01T00:00:00", "smokePM_pred": 5.2958354949951199 }, "geometry": { "type": "Polygon", "coordinates": [ [ [ -90.01727981392672, 29.761882717285307 ], [ -89.998898642179668, 29.677654680590773 ], [ -90.095320286224549, 29.661606263894555 ], [ -90.113770049082433, 29.745779693363893 ], [ -90.01727981392672, 29.761882717285307 ] ] ] } },
{ "type": "Feature", "properties": { "ID": 37887, "date": "2022-01-01T00:00:00", "smokePM_pred": 5.5332970619201696 }, "geometry": { "type": "Polygon", "coordinates": [ [ [ -89.920711417231161, 29.777923065979561 ], [ -89.902399100704841, 29.6936406175892 ], [ -89.998898642179668, 29.677654680590773 ], [ -90.01727981392672, 29.761882717285307 ], [ -89.920711417231161, 29.777923065979561 ] ] ] } },
{ "type": "Feature", "properties": { "ID": 37888, "date": "2022-01-01T00:00:00", "smokePM_pred": 5.6572542190551802 }, "geometry": { "type": "Polygon", "coordinates": [ [ [ -89.824065112000966, 29.793900536923672 ], [ -89.805821914347547, 29.709563873236629 ], [ -89.902399100704841, 29.6936406175892 ], [ -89.920711417231161, 29.777923065979561 ], [ -89.824065112000966, 29.793900536923672 ] ] ] } },
{ "type": "Feature", "properties": { "ID": 37889, "date": "2022-01-01T00:00:00", "smokePM_pred": 5.50323534011841 }, "geometry": { "type": "Polygon", "coordinates": [ [ [ -89.727341152779871, 29.80981492805693 ], [ -89.709167337184724, 29.725424246341078 ], [ -89.805821914347547, 29.709563873236629 ], [ -89.824065112000966, 29.793900536923672 ], [ -89.727341152779871, 29.80981492805693 ] ] ] } },
{ "type": "Feature", "properties": { "ID": 37890, "date": "2022-01-01T00:00:00", "smokePM_pred": 5.6493544578552202 }, "geometry": { "type": "Polygon", "coordinates": [ [ [ -89.630539795649426, 29.825666037787034 ], [ -89.612435624822055, 29.741221536177793 ], [ -89.709167337184724, 29.725424246341078 ], [ -89.727341152779871, 29.80981492805693 ], [ -89.630539795649426, 29.825666037787034 ] ] ] } },
{ "type": "Feature", "properties": { "ID": 37891, "date": "2022-01-01T00:00:00", "smokePM_pred": 5.2024655342101997 }, "geometry": { "type": "Polygon", "coordinates": [ [ [ -89.533661298228196, 29.841453664996184 ], [ -89.51562703439329, 29.756955542495344 ], [ -89.612435624822055, 29.741221536177793 ], [ -89.630539795649426, 29.825666037787034 ], [ -89.533661298228196, 29.841453664996184 ] ] ] } },
{ "type": "Feature", "properties": { "ID": 37892, "date": "2022-01-01T00:00:00", "smokePM_pred": 5.1021890640258798 }, "geometry": { "type": "Polygon", "coordinates": [ [ [ -89.436705919671027, 29.857177609047152 ], [ -89.418741824559248, 29.772626065521628 ], [ -89.51562703439329, 29.756955542495344 ], [ -89.533661298228196, 29.841453664996184 ], [ -89.436705919671027, 29.857177609047152 ] ] ] } },
{ "type": "Feature", "properties": { "ID": 37893, "date": "2022-01-01T00:00:00", "smokePM_pred": 4.4287257194518999 }, "geometry": { "type": "Polygon", "coordinates": [ [ [ -89.339673920668062, 29.87283766978943 ], [ -89.321780255507022, 29.788232905970002 ], [ -89.418741824559248, 29.772626065521628 ], [ -89.436705919671027, 29.857177609047152 ], [ -89.339673920668062, 29.87283766978943 ] ] ] } },
{ "type": "Feature", "properties": { "ID": 37894, "date": "2022-01-01T00:00:00", "smokePM_pred": 4.4922685623168901 }, "geometry": { "type": "Polygon", "coordinates": [ [ [ -89.242565563443804, 29.888433647565243 ], [ -89.224742588948942, 29.803775865045317 ], [ -89.321780255507022, 29.788232905970002 ], [ -89.339673920668062, 29.87283766978943 ], [ -89.242565563443804, 29.888433647565243 ] ] ] } },
{ "type": "Feature", "properties": { "ID": 37895, "date": "2022-01-01T00:00:00", "smokePM_pred": 4.2705321311950701 }, "geometry": { "type": "Polygon", "coordinates": [ [ [ -89.145381111756151, 29.903965343215717 ], [ -89.12762908812158, 29.81925474444996 ], [ -89.224742588948942, 29.803775865045317 ], [ -89.242565563443804, 29.888433647565243 ], [ -89.145381111756151, 29.903965343215717 ] ] ] } },
{ "type": "Feature", "properties": { "ID": 37896, "date": "2022-01-01T00:00:00", "smokePM_pred": 4.2215085029601997 }, "geometry": { "type": "Polygon", "coordinates": [ [ [ -89.048120830895172, 29.919432558086978 ], [ -89.030440017784585, 29.834669346389951 ], [ -89.12762908812158, 29.81925474444996 ], [ -89.145381111756151, 29.903965343215717 ], [ -89.048120830895172, 29.919432558086978 ] ] ] } },
{ "type": "Feature", "properties": { "ID": 37897, "date": "2022-01-01T00:00:00", "smokePM_pred": 4.1710491180419904 }, "geometry": { "type": "Polygon", "coordinates": [ [ [ -88.950784987682027, 29.934835094036227 ], [ -88.933175644219546, 29.850019473581053 ], [ -89.030440017784585, 29.834669346389951 ], [ -89.048120830895172, 29.919432558086978 ], [ -88.950784987682027, 29.934835094036227 ] ] ] } },
{ "type": "Feature", "properties": { "ID": 37898, "date": "2022-01-01T00:00:00", "smokePM_pred": 3.2754669189453098 }, "geometry": { "type": "Polygon", "coordinates": [ [ [ -88.853373850467747, 29.950172753437851 ], [ -88.835836235228669, 29.865304929254773 ], [ -88.933175644219546, 29.850019473581053 ], [ -88.950784987682027, 29.934835094036227 ], [ -88.853373850467747, 29.950172753437851 ] ] ] } },
{ "type": "Feature", "properties": { "ID": 37899, "date": "2022-01-01T00:00:00", "smokePM_pred": 3.32087206840515 }, "geometry": { "type": "Polygon", "coordinates": [ [ [ -88.755887689131868, 29.965445339189603 ], [ -88.738422060133544, 29.880525517164472 ], [ -88.835836235228669, 29.865304929254773 ], [ -88.853373850467747, 29.950172753437851 ], [ -88.755887689131868, 29.965445339189603 ] ] ] } },
{ "type": "Feature", "properties": { "ID": 37900, "date": "2022-01-01T00:00:00", "smokePM_pred": 3.2849588394164999 }, "geometry": { "type": "Polygon", "coordinates": [ [ [ -88.658326775081036, 29.980652654718568 ], [ -88.640933389773778, 29.895681041591466 ], [ -88.738422060133544, 29.880525517164472 ], [ -88.755887689131868, 29.965445339189603 ], [ -88.658326775081036, 29.980652654718568 ] ] ] } },
{ "type": "Feature", "properties": { "ID": 37923, "date": "2022-01-01T00:00:00", "smokePM_pred": 1.7062015533447299 }, "geometry": { "type": "Polygon", "coordinates": [ [ [ -86.39444093126734, 30.311962620683477 ], [ -86.378778764522707, 30.225858812076758 ], [ -86.477902609351915, 30.212252461088532 ], [ -86.493642763336581, 30.298309465436251 ], [ -86.39444093126734, 30.311962620683477 ] ] ] } },
{ "type": "Feature", "properties": { "ID": 37924, "date": "2022-01-01T00:00:00", "smokePM_pred": 2.0037522315978999 }, "geometry": { "type": "Polygon", "coordinates": [ [ [ -86.295171313568545, 30.325545962653703 ], [ -86.279587375123796, 30.239395576493393 ], [ -86.378778764522707, 30.225858812076758 ], [ -86.39444093126734, 30.311962620683477 ], [ -86.295171313568545, 30.325545962653703 ] ] ] } },
{ "type": "Feature", "properties": { "ID": 37925, "date": "2022-01-01T00:00:00", "smokePM_pred": 2.20713090896606 }, "geometry": { "type": "Polygon", "coordinates": [ [ [ -86.195834219170322, 30.339059309991097 ], [ -86.18032874928609, 30.252862573788502 ], [ -86.279587375123796, 30.239395576493393 ], [ -86.295171313568545, 30.325545962653703 ], [ -86.195834219170322, 30.339059309991097 ] ] ] } },
{ "type": "Feature", "properties": { "ID": 37926, "date": "2022-01-01T00:00:00", "smokePM_pred": 1.5370130538940401 }, "geometry": { "type": "Polygon", "coordinates": [ [ [ -86.096429958468974, 30.352502482027294 ], [ -86.08100319659745, 30.266259624097259 ], [ -86.18032874928609, 30.252862573788502 ], [ -86.195834219170322, 30.339059309991097 ], [ -86.096429958468974, 30.352502482027294 ] ] ] } },
{ "type": "Feature", "properties": { "ID": 37927, "date": "2022-01-01T00:00:00", "smokePM_pred": 1.3705091476440401 }, "geometry": { "type": "Polygon", "coordinates": [ [ [ -85.996958843323739, 30.365875298787476 ], [ -85.981611028099252, 30.279586548245902 ], [ -86.08100319659745, 30.266259624097259 ], [ -86.096429958468974, 30.352502482027294 ], [ -85.996958843323739, 30.365875298787476 ] ] ] } },
{ "type": "Feature", "properties": { "ID": 37928, "date": "2022-01-01T00:00:00", "smokePM_pred": 1.25765633583069 }, "geometry": { "type": "Polygon", "coordinates": [ [ [ -85.897421187053268, 30.379177580996284 ], [ -85.882152556283089, 30.292843167757766 ], [ -85.981611028099252, 30.279586548245902 ], [ -85.996958843323739, 30.365875298787476 ], [ -85.897421187053268, 30.379177580996284 ] ] ] } },
{ "type": "Feature", "properties": { "ID": 38334, "date": "2022-01-01T00:00:00", "smokePM_pred": 5.8898582458496103 }, "geometry": { "type": "Polygon", "coordinates": [ [ [ -96.320429197619319, 28.635045977521781 ], [ -96.297960150082886, 28.55488183421209 ], [ -96.388717643433836, 28.53505965586627 ], [ -96.411237145354605, 28.615158019563459 ], [ -96.320429197619319, 28.635045977521781 ] ] ] } },
{ "type": "Feature", "properties": { "ID": 38335, "date": "2022-01-01T00:00:00", "smokePM_pred": 5.9239206314086896 }, "geometry": { "type": "Polygon", "coordinates": [ [ [ -96.229529344290526, 28.654885434654542 ], [ -96.207111028108415, 28.574655647956781 ], [ -96.297960150082886, 28.55488183421209 ], [ -96.320429197619319, 28.635045977521781 ], [ -96.229529344290526, 28.654885434654542 ] ] ] } },
{ "type": "Feature", "properties": { "ID": 38336, "date": "2022-01-01T00:00:00", "smokePM_pred": 6.0928812026977504 }, "geometry": { "type": "Polygon", "coordinates": [ [ [ -96.138537736803968, 28.674676169985759 ], [ -96.11617042903471, 28.594380877004021 ], [ -96.207111028108415, 28.574655647956781 ], [ -96.229529344290526, 28.654885434654542 ], [ -96.138537736803968, 28.674676169985759 ] ] ] } },
{ "type": "Feature", "properties": { "ID": 38337, "date": "2022-01-01T00:00:00", "smokePM_pred": 6.2430891990661603 }, "geometry": { "type": "Polygon", "coordinates": [ [ [ -96.047454528054061, 28.694417962616484 ], [ -96.025138505837816, 28.61405730133524 ], [ -96.11617042903471, 28.594380877004021 ], [ -96.138537736803968, 28.674676169985759 ], [ -96.047454528054061, 28.694417962616484 ] ] ] } },
{ "type": "Feature", "properties": { "ID": 38338, "date": "2022-01-01T00:00:00", "smokePM_pred": 6.3020315170288104 }, "geometry": { "type": "Polygon", "coordinates": [ [ [ -95.956279872396863, 28.714110591730012 ], [ -95.934015412948284, 28.633684701014911 ], [ -96.025138505837816, 28.61405730133524 ], [ -96.047454528054061, 28.694417962616484 ], [ -95.956279872396863, 28.714110591730012 ] ] ] } },
{ "type": "Feature", "properties": { "ID": 38339, "date": "2022-01-01T00:00:00", "smokePM_pred": 6.4557723999023402 }, "geometry": { "type": "Polygon", "coordinates": [ [ [ -95.865013925653059, 28.733753836597195 ], [ -95.842801306254231, 28.65326285619577 ], [ -95.934015412948284, 28.633684701014911 ], [ -95.956279872396863, 28.714110591730012 ], [ -95.865013925653059, 28.733753836597195 ] ] ] } },
{ "type": "Feature", "properties": { "ID": 38340, "date": "2022-01-01T00:00:00", "smokePM_pred": 6.8319449424743697 }, "geometry": { "type": "Polygon", "coordinates": [ [ [ -95.773656845110722, 28.753347476581695 ], [ -95.751496343104051, 28.672791547124103 ], [ -95.842801306254231, 28.65326285619577 ], [ -95.865013925653059, 28.733753836597195 ], [ -95.773656845110722, 28.753347476581695 ] ] ] } },
{ "type": "Feature", "properties": { "ID": 38341, "date": "2022-01-01T00:00:00", "smokePM_pred": 6.7923040390014604 }, "geometry": { "type": "Polygon", "coordinates": [ [ [ -95.682208789528303, 28.772891291145328 ], [ -95.660100682309334, 28.692270554144987 ], [ -95.751496343104051, 28.672791547124103 ], [ -95.773656845110722, 28.753347476581695 ], [ -95.682208789528303, 28.772891291145328 ] ] ] } },
{ "type": "Feature", "properties": { "ID": 38342, "date": "2022-01-01T00:00:00", "smokePM_pred": 6.7007255554199201 }, "geometry": { "type": "Polygon", "coordinates": [ [ [ -95.590669919137355, 28.792385059853363 ], [ -95.568614484147531, 28.711699657707676 ], [ -95.660100682309334, 28.692270554144987 ], [ -95.682208789528303, 28.772891291145328 ], [ -95.590669919137355, 28.792385059853363 ] ] ] } },
{ "type": "Feature", "properties": { "ID": 38343, "date": "2022-01-01T00:00:00", "smokePM_pred": 6.8790798187255904 }, "geometry": { "type": "Polygon", "coordinates": [ [ [ -95.499040395645324, 28.811828562379876 ], [ -95.477037910364771, 28.731078638370835 ], [ -95.568614484147531, 28.711699657707676 ], [ -95.590669919137355, 28.792385059853363 ], [ -95.499040395645324, 28.811828562379876 ] ] ] } },
{ "type": "Feature", "properties": { "ID": 38344, "date": "2022-01-01T00:00:00", "smokePM_pred": 7.0935640335082999 }, "geometry": { "type": "Polygon", "coordinates": [ [ [ -95.407320382238254, 28.831221578513144 ], [ -95.385371124178491, 28.750407276807959 ], [ -95.477037910364771, 28.731078638370835 ], [ -95.499040395645324, 28.811828562379876 ], [ -95.407320382238254, 28.831221578513144 ] ] ] } },
{ "type": "Feature", "properties": { "ID": 38345, "date": "2022-01-01T00:00:00", "smokePM_pred": 7.29042291641235 }, "geometry": { "type": "Polygon", "coordinates": [ [ [ -95.315510043583458, 28.850563888161044 ], [ -95.293614290280033, 28.769685353812701 ], [ -95.385371124178491, 28.750407276807959 ], [ -95.407320382238254, 28.831221578513144 ], [ -95.315510043583458, 28.850563888161044 ] ] ] } },
{ "type": "Feature", "properties": { "ID": 38346, "date": "2022-01-01T00:00:00", "smokePM_pred": 7.8377971649169904 }, "geometry": { "type": "Polygon", "coordinates": [ [ [ -95.22360954583219, 28.869855271356354 ], [ -95.201767574837348, 28.788912650304219 ], [ -95.293614290280033, 28.769685353812701 ], [ -95.315510043583458, 28.850563888161044 ], [ -95.22360954583219, 28.869855271356354 ] ] ] } },
{ "type": "Feature", "properties": { "ID": 38378, "date": "2022-01-01T00:00:00", "smokePM_pred": 4.7943921089172399 }, "geometry": { "type": "Polygon", "coordinates": [ [ [ -92.23626244827642, 29.458982706312298 ], [ -92.216287758675222, 29.376071690710464 ], [ -92.310913992628912, 29.358584005691888 ], [ -92.330951308983146, 29.441436074688017 ], [ -92.23626244827642, 29.458982706312298 ] ] ] } },
{ "type": "Feature", "properties": { "ID": 38379, "date": "2022-01-01T00:00:00", "smokePM_pred": 4.4772543907165501 }, "geometry": { "type": "Polygon", "coordinates": [ [ [ -92.141489758429628, 29.476471259086956 ], [ -92.121577969310721, 29.393501472215878 ], [ -92.216287758675222, 29.376071690710464 ], [ -92.23626244827642, 29.458982706312298 ], [ -92.141489758429628, 29.476471259086956 ] ] ] } },
{ "type": "Feature", "properties": { "ID": 38380, "date": "2022-01-01T00:00:00", "smokePM_pred": 4.3042469024658203 }, "geometry": { "type": "Polygon", "coordinates": [ [ [ -92.046633457275064, 29.49390152063209 ], [ -92.026784842112477, 29.410873138718099 ], [ -92.121577969310721, 29.393501472215878 ], [ -92.141489758429628, 29.476471259086956 ], [ -92.046633457275064, 29.49390152063209 ] ] ] } },
{ "type": "Feature", "properties": { "ID": 38381, "date": "2022-01-01T00:00:00", "smokePM_pred": 4.4162759780883798 }, "geometry": { "type": "Polygon", "coordinates": [ [ [ -91.95169376419031, 29.511273278892336 ], [ -91.931908596194432, 29.428186479051174 ], [ -92.026784842112477, 29.410873138718099 ], [ -92.046633457275064, 29.49390152063209 ], [ -91.95169376419031, 29.511273278892336 ] ] ] } },
{ "type": "Feature", "properties": { "ID": 38382, "date": "2022-01-01T00:00:00", "smokePM_pred": 4.3769559860229501 }, "geometry": { "type": "Polygon", "coordinates": [ [ [ -91.856670900099061, 29.528586322142726 ], [ -91.836949452207918, 29.445441282379161 ], [ -91.931908596194432, 29.428186479051174 ], [ -91.95169376419031, 29.511273278892336 ], [ -91.856670900099061, 29.528586322142726 ] ] ] } },
{ "type": "Feature", "properties": { "ID": 38383, "date": "2022-01-01T00:00:00", "smokePM_pred": 4.34670066833496 }, "geometry": { "type": "Polygon", "coordinates": [ [ [ -91.761565087471837, 29.545840438994713 ], [ -91.74190763234256, 29.462637338202107 ], [ -91.836949452207918, 29.445441282379161 ], [ -91.856670900099061, 29.528586322142726 ], [ -91.761565087471837, 29.545840438994713 ] ] ] } },
{ "type": "Feature", "properties": { "ID": 38384, "date": "2022-01-01T00:00:00", "smokePM_pred": 3.89080142974854 }, "geometry": { "type": "Polygon", "coordinates": [ [ [ -91.666376550326618, 29.56303541840213 ], [ -91.646783360326765, 29.47977443636189 ], [ -91.74190763234256, 29.462637338202107 ], [ -91.761565087471837, 29.545840438994713 ], [ -91.666376550326618, 29.56303541840213 ] ] ] } },
{ "type": "Feature", "properties": { "ID": 38385, "date": "2022-01-01T00:00:00", "smokePM_pred": 3.78688287734985 }, "geometry": { "type": "Polygon", "coordinates": [ [ [ -91.571105514229458, 29.580171049667104 ], [ -91.551576861428387, 29.496852367048191 ], [ -91.646783360326765, 29.47977443636189 ], [ -91.666376550326618, 29.56303541840213 ], [ -91.571105514229458, 29.580171049667104 ] ] ] } },
{ "type": "Feature", "properties": { "ID": 38386, "date": "2022-01-01T00:00:00", "smokePM_pred": 3.3664979934692401 }, "geometry": { "type": "Polygon", "coordinates": [ [ [ -91.475752206295056, 29.597247122446124 ], [ -91.456288362455183, 29.513870920804536 ], [ -91.551576861428387, 29.496852367048191 ], [ -91.571105514229458, 29.580171049667104 ], [ -91.475752206295056, 29.597247122446124 ] ] ] } },
{ "type": "Feature", "properties": { "ID": 38387, "date": "2022-01-01T00:00:00", "smokePM_pred": 3.3103821277618399 }, "geometry": { "type": "Polygon", "coordinates": [ [ [ -91.380316855187203, 29.614263426755951 ], [ -91.360918091755252, 29.530829888534146 ], [ -91.456288362455183, 29.513870920804536 ], [ -91.475752206295056, 29.597247122446124 ], [ -91.380316855187203, 29.614263426755951 ] ] ] } },
{ "type": "Feature", "properties": { "ID": 38388, "date": "2022-01-01T00:00:00", "smokePM_pred": 3.1971447467803999 }, "geometry": { "type": "Polygon", "coordinates": [ [ [ -91.284799691119176, 29.631219752979742 ], [ -91.265466279217549, 29.547729061505983 ], [ -91.360918091755252, 29.530829888534146 ], [ -91.380316855187203, 29.614263426755951 ], [ -91.284799691119176, 29.631219752979742 ] ] ] } },
{ "type": "Feature", "properties": { "ID": 38389, "date": "2022-01-01T00:00:00", "smokePM_pred": 3.0173854827880899 }, "geometry": { "type": "Polygon", "coordinates": [ [ [ -91.189200945854182, 29.648115891872934 ], [ -91.169933156272037, 29.564568231360681 ], [ -91.265466279217549, 29.547729061505983 ], [ -91.284799691119176, 29.631219752979742 ], [ -91.189200945854182, 29.648115891872934 ] ] ] } },
{ "type": "Feature", "properties": { "ID": 38390, "date": "2022-01-01T00:00:00", "smokePM_pred": 2.6208117008209202 }, "geometry": { "type": "Polygon", "coordinates": [ [ [ -91.093520852705524, 29.664951634569345 ], [ -91.074318955890121, 29.581347190116588 ], [ -91.169933156272037, 29.564568231360681 ], [ -91.189200945854182, 29.648115891872934 ], [ -91.093520852705524, 29.664951634569345 ] ] ] } },
{ "type": "Feature", "properties": { "ID": 38391, "date": "2022-01-01T00:00:00", "smokePM_pred": 2.7269339561462398 }, "geometry": { "type": "Polygon", "coordinates": [ [ [ -90.997759646536977, 29.681726772587204 ], [ -90.978623912584752, 29.598065730175758 ], [ -91.074318955890121, 29.581347190116588 ], [ -91.093520852705524, 29.664951634569345 ], [ -90.997759646536977, 29.681726772587204 ] ] ] } },
{ "type": "Feature", "properties": { "ID": 38392, "date": "2022-01-01T00:00:00", "smokePM_pred": 2.5051295757293701 }, "geometry": { "type": "Polygon", "coordinates": [ [ [ -90.901917563762879, 29.698441097835165 ], [ -90.882848262410619, 29.61472364432991 ], [ -90.978623912584752, 29.598065730175758 ], [ -90.997759646536977, 29.681726772587204 ], [ -90.901917563762879, 29.698441097835165 ] ] ] } },
{ "type": "Feature", "properties": { "ID": 38393, "date": "2022-01-01T00:00:00", "smokePM_pred": 1.90046739578247 }, "geometry": { "type": "Polygon", "coordinates": [ [ [ -90.805994842348184, 29.715094402618323 ], [ -90.786992242964217, 29.631320725766503 ], [ -90.882848262410619, 29.61472364432991 ], [ -90.901917563762879, 29.698441097835165 ], [ -90.805994842348184, 29.715094402618323 ] ] ] } },
{ "type": "Feature", "properties": { "ID": 38394, "date": "2022-01-01T00:00:00", "smokePM_pred": 1.74481773376465 }, "geometry": { "type": "Polygon", "coordinates": [ [ [ -90.709991721808635, 29.731686479644377 ], [ -90.691056093383864, 29.647856768074742 ], [ -90.786992242964217, 29.631320725766503 ], [ -90.805994842348184, 29.715094402618323 ], [ -90.709991721808635, 29.731686479644377 ] ] ] } },
{ "type": "Feature", "properties": { "ID": 38395, "date": "2022-01-01T00:00:00", "smokePM_pred": 2.0193243026733398 }, "geometry": { "type": "Polygon", "coordinates": [ [ [ -90.613908443210676, 29.748217122029573 ], [ -90.595040054349724, 29.664331565251594 ], [ -90.691056093383864, 29.647856768074742 ], [ -90.709991721808635, 29.731686479644377 ], [ -90.613908443210676, 29.748217122029573 ] ] ] } },
{ "type": "Feature", "properties": { "ID": 38396, "date": "2022-01-01T00:00:00", "smokePM_pred": 2.0902879238128702 }, "geometry": { "type": "Polygon", "coordinates": [ [ [ -90.517745249171341, 29.764686123304855 ], [ -90.498944368083542, 29.680744911707833 ], [ -90.595040054349724, 29.664331565251594 ], [ -90.613908443210676, 29.748217122029573 ], [ -90.517745249171341, 29.764686123304855 ] ] ] } },
{ "type": "Feature", "properties": { "ID": 38397, "date": "2022-01-01T00:00:00", "smokePM_pred": 3.15547752380371 }, "geometry": { "type": "Polygon", "coordinates": [ [ [ -90.421502383858154, 29.781093277421867 ], [ -90.402769278348671, 29.697096602274062 ], [ -90.498944368083542, 29.680744911707833 ], [ -90.517745249171341, 29.764686123304855 ], [ -90.421502383858154, 29.781093277421867 ] ] ] } },
{ "type": "Feature", "properties": { "ID": 38398, "date": "2022-01-01T00:00:00", "smokePM_pred": 4.2456111907959002 }, "geometry": { "type": "Polygon", "coordinates": [ [ [ -90.325180092988901, 29.797438378759139 ], [ -90.306515030449702, 29.713386432206825 ], [ -90.402769278348671, 29.697096602274062 ], [ -90.421502383858154, 29.781093277421867 ], [ -90.325180092988901, 29.797438378759139 ] ] ] } },
{ "type": "Feature", "properties": { "ID": 38399, "date": "2022-01-01T00:00:00", "smokePM_pred": 4.9567070007324201 }, "geometry": { "type": "Polygon", "coordinates": [ [ [ -90.228778623831332, 29.813721222128059 ], [ -90.210181871232237, 29.729614197194604 ], [ -90.306515030449702, 29.713386432206825 ], [ -90.325180092988901, 29.797438378759139 ], [ -90.228778623831332, 29.813721222128059 ] ] ] } },
{ "type": "Feature", "properties": { "ID": 38400, "date": "2022-01-01T00:00:00", "smokePM_pred": 5.0472116470336896 }, "geometry": { "type": "Polygon", "coordinates": [ [ [ -90.132298225202874, 29.829941602779069 ], [ -90.113770049082433, 29.745779693363893 ], [ -90.210181871232237, 29.729614197194604 ], [ -90.228778623831332, 29.813721222128059 ], [ -90.132298225202874, 29.829941602779069 ] ] ] } },
{ "type": "Feature", "properties": { "ID": 38401, "date": "2022-01-01T00:00:00", "smokePM_pred": 5.1731448173523003 }, "geometry": { "type": "Polygon", "coordinates": [ [ [ -90.035739147470139, 29.846099316407681 ], [ -90.01727981392672, 29.761882717285307 ], [ -90.113770049082433, 29.745779693363893 ], [ -90.132298225202874, 29.829941602779069 ], [ -90.035739147470139, 29.846099316407681 ] ] ] } },
{ "type": "Feature", "properties": { "ID": 38402, "date": "2022-01-01T00:00:00", "smokePM_pred": 5.7247409820556596 }, "geometry": { "type": "Polygon", "coordinates": [ [ [ -89.939101642548522, 29.862194159160623 ], [ -89.920711417231161, 29.777923065979561 ], [ -90.01727981392672, 29.761882717285307 ], [ -90.035739147470139, 29.846099316407681 ], [ -89.939101642548522, 29.862194159160623 ] ] ] } },
{ "type": "Feature", "properties": { "ID": 38403, "date": "2022-01-01T00:00:00", "smokePM_pred": 5.6831979751586896 }, "geometry": { "type": "Polygon", "coordinates": [ [ [ -89.842385963901592, 29.878225927641967 ], [ -89.824065112000966, 29.793900536923672 ], [ -89.920711417231161, 29.777923065979561 ], [ -89.939101642548522, 29.862194159160623 ], [ -89.842385963901592, 29.878225927641967 ] ] ] } },
{ "type": "Feature", "properties": { "ID": 38404, "date": "2022-01-01T00:00:00", "smokePM_pred": 5.4967522621154803 }, "geometry": { "type": "Polygon", "coordinates": [ [ [ -89.745592366540578, 29.89419441891922 ], [ -89.727341152779871, 29.80981492805693 ], [ -89.824065112000966, 29.793900536923672 ], [ -89.842385963901592, 29.878225927641967 ], [ -89.745592366540578, 29.89419441891922 ] ] ] } },
{ "type": "Feature", "properties": { "ID": 38405, "date": "2022-01-01T00:00:00", "smokePM_pred": 5.28914594650269 }, "geometry": { "type": "Polygon", "coordinates": [ [ [ -89.64872110702359, 29.910099430529385 ], [ -89.630539795649426, 29.825666037787034 ], [ -89.727341152779871, 29.80981492805693 ], [ -89.745592366540578, 29.89419441891922 ], [ -89.64872110702359, 29.910099430529385 ] ] ] } },
{ "type": "Feature", "properties": { "ID": 38406, "date": "2022-01-01T00:00:00", "smokePM_pred": 5.3864674568176296 }, "geometry": { "type": "Polygon", "coordinates": [ [ [ -89.551772443454951, 29.92594076048524 ], [ -89.533661298228196, 29.841453664996184 ], [ -89.630539795649426, 29.825666037787034 ], [ -89.64872110702359, 29.910099430529385 ], [ -89.551772443454951, 29.92594076048524 ] ] ] } },
{ "type": "Feature", "properties": { "ID": 38407, "date": "2022-01-01T00:00:00", "smokePM_pred": 5.0959672927856401 }, "geometry": { "type": "Polygon", "coordinates": [ [ [ -89.454746635484341, 29.941718207281291 ], [ -89.436705919671027, 29.857177609047152 ], [ -89.533661298228196, 29.841453664996184 ], [ -89.551772443454951, 29.92594076048524 ], [ -89.454746635484341, 29.941718207281291 ] ] ] } },
{ "type": "Feature", "properties": { "ID": 38408, "date": "2022-01-01T00:00:00", "smokePM_pred": 4.3318786621093803 }, "geometry": { "type": "Polygon", "coordinates": [ [ [ -89.357643944305934, 29.957431569899988 ], [ -89.339673920668062, 29.87283766978943 ], [ -89.436705919671027, 29.857177609047152 ], [ -89.454746635484341, 29.941718207281291 ], [ -89.357643944305934, 29.957431569899988 ] ] ] } },
{ "type": "Feature", "properties": { "ID": 38409, "date": "2022-01-01T00:00:00", "smokePM_pred": 4.4667735099792498 }, "geometry": { "type": "Polygon", "coordinates": [ [ [ -89.260464632657488, 29.973080647817874 ], [ -89.242565563443804, 29.888433647565243 ], [ -89.339673920668062, 29.87283766978943 ], [ -89.357643944305934, 29.957431569899988 ], [ -89.260464632657488, 29.973080647817874 ] ] ] } },
{ "type": "Feature", "properties": { "ID": 38410, "date": "2022-01-01T00:00:00", "smokePM_pred": 4.1590905189514196 }, "geometry": { "type": "Polygon", "coordinates": [ [ [ -89.163208964819219, 29.988665241011645 ], [ -89.145381111756151, 29.903965343215717 ], [ -89.242565563443804, 29.888433647565243 ], [ -89.260464632657488, 29.973080647817874 ], [ -89.163208964819219, 29.988665241011645 ] ] ] } },
{ "type": "Feature", "properties": { "ID": 38411, "date": "2022-01-01T00:00:00", "smokePM_pred": 4.1793642044067401 }, "geometry": { "type": "Polygon", "coordinates": [ [ [ -89.065877206612868, 30.004185149964382 ], [ -89.048120830895172, 29.919432558086978 ], [ -89.145381111756151, 29.903965343215717 ], [ -89.163208964819219, 29.988665241011645 ], [ -89.065877206612868, 30.004185149964382 ] ] ] } },
{ "type": "Feature", "properties": { "ID": 38412, "date": "2022-01-01T00:00:00", "smokePM_pred": 3.4287624359130899 }, "geometry": { "type": "Polygon", "coordinates": [ [ [ -88.968469625400417, 30.019640175671626 ], [ -88.950784987682027, 29.934835094036227 ], [ -89.048120830895172, 29.919432558086978 ], [ -89.065877206612868, 30.004185149964382 ], [ -88.968469625400417, 30.019640175671626 ] ] ] } },
{ "type": "Feature", "properties": { "ID": 38413, "date": "2022-01-01T00:00:00", "smokePM_pred": 3.3912842273712198 }, "geometry": { "type": "Polygon", "coordinates": [ [ [ -88.870986490082984, 30.035030119647519 ], [ -88.853373850467747, 29.950172753437851 ], [ -88.950784987682027, 29.934835094036227 ], [ -88.968469625400417, 30.019640175671626 ], [ -88.870986490082984, 30.035030119647519 ] ] ] } },
{ "type": "Feature", "properties": { "ID": 38414, "date": "2022-01-01T00:00:00", "smokePM_pred": 3.2029671669006299 }, "geometry": { "type": "Polygon", "coordinates": [ [ [ -88.773428071099374, 30.050354783930956 ], [ -88.755887689131868, 29.965445339189603 ], [ -88.853373850467747, 29.950172753437851 ], [ -88.870986490082984, 30.035030119647519 ], [ -88.773428071099374, 30.050354783930956 ] ] ] } },
{ "type": "Feature", "properties": { "ID": 38415, "date": "2022-01-01T00:00:00", "smokePM_pred": 3.21132516860962 }, "geometry": { "type": "Polygon", "coordinates": [ [ [ -88.675794640424883, 30.065613971091771 ], [ -88.658326775081036, 29.980652654718568 ], [ -88.755887689131868, 29.965445339189603 ], [ -88.773428071099374, 30.050354783930956 ], [ -88.675794640424883, 30.065613971091771 ] ] ] } },
{ "type": "Feature", "properties": { "ID": 38421, "date": "2022-01-01T00:00:00", "smokePM_pred": 3.1950430870056201 }, "geometry": { "type": "Polygon", "coordinates": [ [ [ -88.088434234696138, 30.155783086833129 ], [ -88.071406874579253, 30.070514933380192 ], [ -88.169410520049667, 30.055703336800729 ], [ -88.186511938185745, 30.140920877937269 ], [ -88.088434234696138, 30.155783086833129 ] ] ] } },
{ "type": "Feature", "properties": { "ID": 38422, "date": "2022-01-01T00:00:00", "smokePM_pred": 3.0652394294738801 }, "geometry": { "type": "Polygon", "coordinates": [ [ [ -87.990283466232782, 30.170578451976446 ], [ -87.973330418870717, 30.085259899063796 ], [ -88.071406874579253, 30.070514933380192 ], [ -88.088434234696138, 30.155783086833129 ], [ -87.990283466232782, 30.170578451976446 ] ] ] } },
{ "type": "Feature", "properties": { "ID": 38423, "date": "2022-01-01T00:00:00", "smokePM_pred": 2.77755975723267 }, "geometry": { "type": "Polygon", "coordinates": [ [ [ -87.892059917004673, 30.185306780405433 ], [ -87.875181436490024, 30.099938041733949 ], [ -87.973330418870717, 30.085259899063796 ], [ -87.990283466232782, 30.170578451976446 ], [ -87.892059917004673, 30.185306780405433 ] ] ] } },
{ "type": "Feature", "properties": { "ID": 38424, "date": "2022-01-01T00:00:00", "smokePM_pred": 2.8156971931457502 }, "geometry": { "type": "Polygon", "coordinates": [ [ [ -87.793763872741764, 30.199967879744474 ], [ -87.776960212514723, 30.114549169857479 ], [ -87.875181436490024, 30.099938041733949 ], [ -87.892059917004673, 30.185306780405433 ], [ -87.793763872741764, 30.199967879744474 ] ] ] } },
{ "type": "Feature", "properties": { "ID": 38425, "date": "2022-01-01T00:00:00", "smokePM_pred": 2.6692121028900102 }, "geometry": { "type": "Polygon", "coordinates": [ [ [ -87.695395620692921, 30.214561558210313 ], [ -87.678667033531909, 30.129093092491729 ], [ -87.776960212514723, 30.114549169857479 ], [ -87.793763872741764, 30.199967879744474 ], [ -87.695395620692921, 30.214561558210313 ] ] ] } },
{ "type": "Feature", "properties": { "ID": 38426, "date": "2022-01-01T00:00:00", "smokePM_pred": 2.5434477329254199 }, "geometry": { "type": "Polygon", "coordinates": [ [ [ -87.596955449623664, 30.229087624618103 ], [ -87.580302187636036, 30.143569619290592 ], [ -87.678667033531909, 30.129093092491729 ], [ -87.695395620692921, 30.214561558210313 ], [ -87.596955449623664, 30.229087624618103 ] ] ] } },
{ "type": "Feature", "properties": { "ID": 38427, "date": "2022-01-01T00:00:00", "smokePM_pred": 2.5201325416564901 }, "geometry": { "type": "Polygon", "coordinates": [ [ [ -87.498443649814064, 30.243545888387608 ], [ -87.481865964426618, 30.157978560510681 ], [ -87.580302187636036, 30.143569619290592 ], [ -87.596955449623664, 30.229087624618103 ], [ -87.498443649814064, 30.243545888387608 ] ] ] } },
{ "type": "Feature", "properties": { "ID": 38428, "date": "2022-01-01T00:00:00", "smokePM_pred": 2.1447868347168 }, "geometry": { "type": "Polygon", "coordinates": [ [ [ -87.399860513056382, 30.257936159549288 ], [ -87.383358655006106, 30.172319727017367 ], [ -87.481865964426618, 30.157978560510681 ], [ -87.498443649814064, 30.243545888387608 ], [ -87.399860513056382, 30.257936159549288 ] ] ] } },
{ "type": "Feature", "properties": { "ID": 38429, "date": "2022-01-01T00:00:00", "smokePM_pred": 2.3618834018707302 }, "geometry": { "type": "Polygon", "coordinates": [ [ [ -87.301206332652683, 30.272258248750461 ], [ -87.284780551977349, 30.186592930290907 ], [ -87.383358655006106, 30.172319727017367 ], [ -87.399860513056382, 30.257936159549288 ], [ -87.301206332652683, 30.272258248750461 ] ] ] } },
{ "type": "Feature", "properties": { "ID": 38430, "date": "2022-01-01T00:00:00", "smokePM_pred": 2.4350714683532702 }, "geometry": { "type": "Polygon", "coordinates": [ [ [ -87.202481403412463, 30.286511967261333 ], [ -87.186131949441204, 30.200797982432508 ], [ -87.284780551977349, 30.186592930290907 ], [ -87.301206332652683, 30.272258248750461 ], [ -87.202481403412463, 30.286511967261333 ] ] ] } },
{ "type": "Feature", "properties": { "ID": 38431, "date": "2022-01-01T00:00:00", "smokePM_pred": 2.8854382038116499 }, "geometry": { "type": "Polygon", "coordinates": [ [ [ -87.103686021650034, 30.300697126981248 ], [ -87.087413142994009, 30.214934696170385 ], [ -87.186131949441204, 30.200797982432508 ], [ -87.202481403412463, 30.286511967261333 ], [ -87.103686021650034, 30.300697126981248 ] ] ] } },
{ "type": "Feature", "properties": { "ID": 38432, "date": "2022-01-01T00:00:00", "smokePM_pred": 2.9214005470275901 }, "geometry": { "type": "Polygon", "coordinates": [ [ [ -87.004820485182023, 30.314813540444664 ], [ -86.988624429725022, 30.229002884865896 ], [ -87.087413142994009, 30.214934696170385 ], [ -87.103686021650034, 30.300697126981248 ], [ -87.004820485182023, 30.314813540444664 ] ] ] } },
{ "type": "Feature", "properties": { "ID": 38433, "date": "2022-01-01T00:00:00", "smokePM_pred": 2.9403090476989702 }, "geometry": { "type": "Polygon", "coordinates": [ [ [ -86.90588509332467, 30.328861020827361 ], [ -86.889766108213692, 30.243002362519537 ], [ -86.988624429725022, 30.229002884865896 ], [ -87.004820485182023, 30.314813540444664 ], [ -86.90588509332467, 30.328861020827361 ] ] ] } },
{ "type": "Feature", "properties": { "ID": 38434, "date": "2022-01-01T00:00:00", "smokePM_pred": 2.83733129501343 }, "geometry": { "type": "Polygon", "coordinates": [ [ [ -86.806880146891046, 30.342839381952462 ], [ -86.790838478526993, 30.256932943777084 ], [ -86.889766108213692, 30.243002362519537 ], [ -86.90588509332467, 30.328861020827361 ], [ -86.806880146891046, 30.342839381952462 ] ] ] } },
{ "type": "Feature", "properties": { "ID": 38435, "date": "2022-01-01T00:00:00", "smokePM_pred": 2.8518187999725302 }, "geometry": { "type": "Polygon", "coordinates": [ [ [ -86.707805948188295, 30.356748438296584 ], [ -86.691841842216505, 30.270794443935547 ], [ -86.790838478526993, 30.256932943777084 ], [ -86.806880146891046, 30.342839381952462 ], [ -86.707805948188295, 30.356748438296584 ] ] ] } },
{ "type": "Feature", "properties": { "ID": 38436, "date": "2022-01-01T00:00:00", "smokePM_pred": 2.9314334392547599 }, "geometry": { "type": "Polygon", "coordinates": [ [ [ -86.608662801014745, 30.370588004995874 ], [ -86.59277650231563, 30.284586678949346 ], [ -86.691841842216505, 30.270794443935547 ], [ -86.707805948188295, 30.356748438296584 ], [ -86.608662801014745, 30.370588004995874 ] ] ] } },
{ "type": "Feature", "properties": { "ID": 38437, "date": "2022-01-01T00:00:00", "smokePM_pred": 2.1559712886810298 }, "geometry": { "type": "Polygon", "coordinates": [ [ [ -86.509451010656903, 30.384357897852109 ], [ -86.493642763336581, 30.298309465436251 ], [ -86.59277650231563, 30.284586678949346 ], [ -86.608662801014745, 30.370588004995874 ], [ -86.509451010656903, 30.384357897852109 ] ] ] } },
{ "type": "Feature", "properties": { "ID": 38438, "date": "2022-01-01T00:00:00", "smokePM_pred": 1.70064544677734 }, "geometry": { "type": "Polygon", "coordinates": [ [ [ -86.410170883886451, 30.398057933338809 ], [ -86.39444093126734, 30.311962620683477 ], [ -86.493642763336581, 30.298309465436251 ], [ -86.509451010656903, 30.384357897852109 ], [ -86.410170883886451, 30.398057933338809 ] ] ] } },
{ "type": "Feature", "properties": { "ID": 38439, "date": "2022-01-01T00:00:00", "smokePM_pred": 1.52652859687805 }, "geometry": { "type": "Polygon", "coordinates": [ [ [ -86.31082272895712, 30.411687928607247 ], [ -86.295171313568545, 30.325545962653703 ], [ -86.39444093126734, 30.311962620683477 ], [ -86.410170883886451, 30.398057933338809 ], [ -86.31082272895712, 30.411687928607247 ] ] ] } },
{ "type": "Feature", "properties": { "ID": 38440, "date": "2022-01-01T00:00:00", "smokePM_pred": 1.3572757244110101 }, "geometry": { "type": "Polygon", "coordinates": [ [ [ -86.211406855601453, 30.425247701492506 ], [ -86.195834219170322, 30.339059309991097 ], [ -86.295171313568545, 30.325545962653703 ], [ -86.31082272895712, 30.411687928607247 ], [ -86.211406855601453, 30.425247701492506 ] ] ] } },
{ "type": "Feature", "properties": { "ID": 38441, "date": "2022-01-01T00:00:00", "smokePM_pred": 1.28901159763336 }, "geometry": { "type": "Polygon", "coordinates": [ [ [ -86.11192357502766, 30.438737070519579 ], [ -86.096429958468974, 30.352502482027294 ], [ -86.195834219170322, 30.339059309991097 ], [ -86.211406855601453, 30.425247701492506 ], [ -86.11192357502766, 30.438737070519579 ] ] ] } },
{ "type": "Feature", "properties": { "ID": 38442, "date": "2022-01-01T00:00:00", "smokePM_pred": 1.33228659629822 }, "geometry": { "type": "Polygon", "coordinates": [ [ [ -86.012373199916127, 30.452155854909357 ], [ -85.996958843323739, 30.365875298787476 ], [ -86.096429958468974, 30.352502482027294 ], [ -86.11192357502766, 30.438737070519579 ], [ -86.012373199916127, 30.452155854909357 ] ] ] } },
{ "type": "Feature", "properties": { "ID": 38443, "date": "2022-01-01T00:00:00", "smokePM_pred": 1.04640769958496 }, "geometry": { "type": "Polygon", "coordinates": [ [ [ -85.912756044416128, 30.465503874584702 ], [ -85.897421187053268, 30.379177580996284 ], [ -85.996958843323739, 30.365875298787476 ], [ -86.012373199916127, 30.452155854909357 ], [ -85.912756044416128, 30.465503874584702 ] ] ] } },
{ "type": "Feature", "properties": { "ID": 38851, "date": "2022-01-01T00:00:00", "smokePM_pred": 5.7355318069457999 }, "geometry": { "type": "Polygon", "coordinates": [ [ [ -96.160996646080164, 28.754954473386306 ], [ -96.138537736803968, 28.674676169985759 ], [ -96.229529344290526, 28.654885434654542 ], [ -96.252039414873522, 28.735098147460878 ], [ -96.160996646080164, 28.754954473386306 ] ] ] } },
{ "type": "Feature", "properties": { "ID": 38852, "date": "2022-01-01T00:00:00", "smokePM_pred": 6.0625810623168999 }, "geometry": { "type": "Polygon", "coordinates": [ [ [ -96.069861997421683, 28.774761718691767 ], [ -96.047454528054061, 28.694417962616484 ], [ -96.138537736803968, 28.674676169985759 ], [ -96.160996646080164, 28.754954473386306 ], [ -96.069861997421683, 28.774761718691767 ] ] ] } },
{ "type": "Feature", "properties": { "ID": 38853, "date": "2022-01-01T00:00:00", "smokePM_pred": 5.8214159011840803 }, "geometry": { "type": "Polygon", "coordinates": [ [ [ -95.978635623176658, 28.794519661676912 ], [ -95.956279872396863, 28.714110591730012 ], [ -96.047454528054061, 28.694417962616484 ], [ -96.069861997421683, 28.774761718691767 ], [ -95.978635623176658, 28.794519661676912 ] ] ] } },
{ "type": "Feature", "properties": { "ID": 38854, "date": "2022-01-01T00:00:00", "smokePM_pred": 6.1431956291198704 }, "geometry": { "type": "Polygon", "coordinates": [ [ [ -95.887317679095432, 28.814228080728199 ], [ -95.865013925653059, 28.733753836597195 ], [ -95.956279872396863, 28.714110591730012 ], [ -95.978635623176658, 28.794519661676912 ], [ -95.887317679095432, 28.814228080728199 ] ] ] } },
{ "type": "Feature", "properties": { "ID": 38855, "date": "2022-01-01T00:00:00", "smokePM_pred": 6.1331443786621103 }, "geometry": { "type": "Polygon", "coordinates": [ [ [ -95.79590832240298, 28.833886754324194 ], [ -95.773656845110722, 28.753347476581695 ], [ -95.865013925653059, 28.733753836597195 ], [ -95.887317679095432, 28.814228080728199 ], [ -95.79590832240298, 28.833886754324194 ] ] ] } },
{ "type": "Feature", "properties": { "ID": 38856, "date": "2022-01-01T00:00:00", "smokePM_pred": 5.9322566986084002 }, "geometry": { "type": "Polygon", "coordinates": [ [ [ -95.704407711801792, 28.853495461040907 ], [ -95.682208789528303, 28.772891291145328 ], [ -95.773656845110722, 28.753347476581695 ], [ -95.79590832240298, 28.833886754324194 ], [ -95.704407711801792, 28.853495461040907 ] ] ] } },
{ "type": "Feature", "properties": { "ID": 38857, "date": "2022-01-01T00:00:00", "smokePM_pred": 6.3700766563415501 }, "geometry": { "type": "Polygon", "coordinates": [ [ [ -95.612816007474706, 28.873053979557117 ], [ -95.590669919137355, 28.792385059853363 ], [ -95.682208789528303, 28.772891291145328 ], [ -95.704407711801792, 28.853495461040907 ], [ -95.612816007474706, 28.873053979557117 ] ] ] } },
{ "type": "Feature", "properties": { "ID": 38858, "date": "2022-01-01T00:00:00", "smokePM_pred": 6.5995531082153303 }, "geometry": { "type": "Polygon", "coordinates": [ [ [ -95.521133371087799, 28.892562088659787 ], [ -95.499040395645324, 28.811828562379876 ], [ -95.590669919137355, 28.792385059853363 ], [ -95.612816007474706, 28.873053979557117 ], [ -95.521133371087799, 28.892562088659787 ] ] ] } },
{ "type": "Feature", "properties": { "ID": 38859, "date": "2022-01-01T00:00:00", "smokePM_pred": 6.9310874938964799 }, "geometry": { "type": "Polygon", "coordinates": [ [ [ -95.429359965793054, 28.91201956724943 ], [ -95.407320382238254, 28.831221578513144 ], [ -95.499040395645324, 28.811828562379876 ], [ -95.521133371087799, 28.892562088659787 ], [ -95.429359965793054, 28.91201956724943 ] ] ] } },
{ "type": "Feature", "properties": { "ID": 38860, "date": "2022-01-01T00:00:00", "smokePM_pred": 7.3243989944457999 }, "geometry": { "type": "Polygon", "coordinates": [ [ [ -95.337495956231109, 28.931426194345534 ], [ -95.315510043583458, 28.850563888161044 ], [ -95.407320382238254, 28.831221578513144 ], [ -95.429359965793054, 28.91201956724943 ], [ -95.337495956231109, 28.931426194345534 ] ] ] } },
{ "type": "Feature", "properties": { "ID": 38861, "date": "2022-01-01T00:00:00", "smokePM_pred": 7.8162918090820304 }, "geometry": { "type": "Polygon", "coordinates": [ [ [ -95.245541508533918, 28.950781749091984 ], [ -95.22360954583219, 28.869855271356354 ], [ -95.315510043583458, 28.850563888161044 ], [ -95.337495956231109, 28.931426194345534 ], [ -95.245541508533918, 28.950781749091984 ] ] ] } },
{ "type": "Feature", "properties": { "ID": 38862, "date": "2022-01-01T00:00:00", "smokePM_pred": 8.8998527526855504 }, "geometry": { "type": "Polygon", "coordinates": [ [ [ -95.153496790327438, 28.97008601076249 ], [ -95.131619056622213, 28.889095508262333 ], [ -95.22360954583219, 28.869855271356354 ], [ -95.245541508533918, 28.950781749091984 ], [ -95.153496790327438, 28.97008601076249 ] ] ] } },
{ "type": "Feature", "properties": { "ID": 38863, "date": "2022-01-01T00:00:00", "smokePM_pred": 8.9681463241577095 }, "geometry": { "type": "Polygon", "coordinates": [ [ [ -95.06136197073414, 28.989338758766127 ], [ -95.039538745080321, 28.908284379178042 ], [ -95.131619056622213, 28.889095508262333 ], [ -95.153496790327438, 28.97008601076249 ], [ -95.06136197073414, 28.989338758766127 ] ] ] } },
{ "type": "Feature", "properties": { "ID": 38890, "date": "2022-01-01T00:00:00", "smokePM_pred": 5.9332756996154803 }, "geometry": { "type": "Polygon", "coordinates": [ [ [ -92.540322900694036, 29.488889402958314 ], [ -92.520076679368785, 29.406169425996879 ], [ -92.614512761101878, 29.388449835258889 ], [ -92.634820998206536, 29.471110260049375 ], [ -92.540322900694036, 29.488889402958314 ] ] ] } },
{ "type": "Feature", "properties": { "ID": 38891, "date": "2022-01-01T00:00:00", "smokePM_pred": 5.1336393356323198 }, "geometry": { "type": "Polygon", "coordinates": [ [ [ -92.445740053822618, 29.506610933339509 ], [ -92.425556124262002, 29.423831576912509 ], [ -92.520076679368785, 29.406169425996879 ], [ -92.540322900694036, 29.488889402958314 ], [ -92.445740053822618, 29.506610933339509 ] ] ] } },
{ "type": "Feature", "properties": { "ID": 38892, "date": "2022-01-01T00:00:00", "smokePM_pred": 4.9519734382629403 }, "geometry": { "type": "Polygon", "coordinates": [ [ [ -92.351072671022507, 29.52427463698141 ], [ -92.330951308983146, 29.441436074688017 ], [ -92.425556124262002, 29.423831576912509 ], [ -92.445740053822618, 29.506610933339509 ], [ -92.351072671022507, 29.52427463698141 ] ] ] } },
{ "type": "Feature", "properties": { "ID": 38893, "date": "2022-01-01T00:00:00", "smokePM_pred": 4.53684282302856 }, "geometry": { "type": "Polygon", "coordinates": [ [ [ -92.256320967275073, 29.541880299979471 ], [ -92.23626244827642, 29.458982706312298 ], [ -92.330951308983146, 29.441436074688017 ], [ -92.351072671022507, 29.52427463698141 ], [ -92.256320967275073, 29.541880299979471 ] ] ] } },
{ "type": "Feature", "properties": { "ID": 38894, "date": "2022-01-01T00:00:00", "smokePM_pred": 4.3912534713745099 }, "geometry": { "type": "Polygon", "coordinates": [ [ [ -92.16148515911388, 29.559427708742128 ], [ -92.141489758429628, 29.476471259086956 ], [ -92.23626244827642, 29.458982706312298 ], [ -92.256320967275073, 29.541880299979471 ], [ -92.16148515911388, 29.559427708742128 ] ] ] } },
{ "type": "Feature", "properties": { "ID": 38895, "date": "2022-01-01T00:00:00", "smokePM_pred": 4.2546682357788104 }, "geometry": { "type": "Polygon", "coordinates": [ [ [ -92.066565464625512, 29.576916649996701 ], [ -92.046633457275064, 29.49390152063209 ], [ -92.141489758429628, 29.476471259086956 ], [ -92.16148515911388, 29.559427708742128 ], [ -92.066565464625512, 29.576916649996701 ] ] ] } },
{ "type": "Feature", "properties": { "ID": 38896, "date": "2022-01-01T00:00:00", "smokePM_pred": 4.1810784339904803 }, "geometry": { "type": "Polygon", "coordinates": [ [ [ -91.971562103450495, 29.594346910795426 ], [ -91.95169376419031, 29.511273278892336 ], [ -92.046633457275064, 29.49390152063209 ], [ -92.066565464625512, 29.576916649996701 ], [ -91.971562103450495, 29.594346910795426 ] ] ] } },
{ "type": "Feature", "properties": { "ID": 38897, "date": "2022-01-01T00:00:00", "smokePM_pred": 4.1701512336731001 }, "geometry": { "type": "Polygon", "coordinates": [ [ [ -91.876475296784108, 29.611718278521355 ], [ -91.856670900099061, 29.528586322142726 ], [ -91.95169376419031, 29.511273278892336 ], [ -91.971562103450495, 29.594346910795426 ], [ -91.876475296784108, 29.611718278521355 ] ] ] } },
{ "type": "Feature", "properties": { "ID": 38898, "date": "2022-01-01T00:00:00", "smokePM_pred": 3.9775538444518999 }, "geometry": { "type": "Polygon", "coordinates": [ [ [ -91.781305267377121, 29.629030540894398 ], [ -91.761565087471837, 29.545840438994713 ], [ -91.856670900099061, 29.528586322142726 ], [ -91.876475296784108, 29.611718278521355 ], [ -91.781305267377121, 29.629030540894398 ] ] ] } },
{ "type": "Feature", "properties": { "ID": 38899, "date": "2022-01-01T00:00:00", "smokePM_pred": 3.58692526817322 }, "geometry": { "type": "Polygon", "coordinates": [ [ [ -91.686052239536494, 29.64628348597731 ], [ -91.666376550326618, 29.56303541840213 ], [ -91.761565087471837, 29.545840438994713 ], [ -91.781305267377121, 29.629030540894398 ], [ -91.686052239536494, 29.64628348597731 ] ] ] } },
{ "type": "Feature", "properties": { "ID": 38900, "date": "2022-01-01T00:00:00", "smokePM_pred": 3.5107078552246098 }, "geometry": { "type": "Polygon", "coordinates": [ [ [ -91.59071643912597, 29.663476902181678 ], [ -91.571105514229458, 29.580171049667104 ], [ -91.666376550326618, 29.56303541840213 ], [ -91.686052239536494, 29.64628348597731 ], [ -91.59071643912597, 29.663476902181678 ] ] ] } },
{ "type": "Feature", "properties": { "ID": 38901, "date": "2022-01-01T00:00:00", "smokePM_pred": 2.8488218784332302 }, "geometry": { "type": "Polygon", "coordinates": [ [ [ -91.495298093566674, 29.680610578273949 ], [ -91.475752206295056, 29.597247122446124 ], [ -91.571105514229458, 29.580171049667104 ], [ -91.59071643912597, 29.663476902181678 ], [ -91.495298093566674, 29.680610578273949 ] ] ] } },
{ "type": "Feature", "properties": { "ID": 38902, "date": "2022-01-01T00:00:00", "smokePM_pred": 2.69416284561157 }, "geometry": { "type": "Polygon", "coordinates": [ [ [ -91.399797431837627, 29.697684303381475 ], [ -91.380316855187203, 29.614263426755951 ], [ -91.475752206295056, 29.597247122446124 ], [ -91.495298093566674, 29.680610578273949 ], [ -91.399797431837627, 29.697684303381475 ] ] ] } },
{ "type": "Feature", "properties": { "ID": 38903, "date": "2022-01-01T00:00:00", "smokePM_pred": 2.27280950546265 }, "geometry": { "type": "Polygon", "coordinates": [ [ [ -91.304214684476179, 29.71469786699852 ], [ -91.284799691119176, 29.631219752979742 ], [ -91.380316855187203, 29.614263426755951 ], [ -91.399797431837627, 29.697684303381475 ], [ -91.304214684476179, 29.71469786699852 ] ] ] } },
{ "type": "Feature", "properties": { "ID": 38904, "date": "2022-01-01T00:00:00", "smokePM_pred": 2.26538109779358 }, "geometry": { "type": "Polygon", "coordinates": [ [ [ -91.208550083578359, 29.731651058992316 ], [ -91.189200945854182, 29.648115891872934 ], [ -91.284799691119176, 29.631219752979742 ], [ -91.304214684476179, 29.71469786699852 ], [ -91.208550083578359, 29.731651058992316 ] ] ] } },
{ "type": "Feature", "properties": { "ID": 38905, "date": "2022-01-01T00:00:00", "smokePM_pred": 2.4379315376281698 }, "geometry": { "type": "Polygon", "coordinates": [ [ [ -91.112803862799254, 29.748543669609134 ], [ -91.093520852705524, 29.664951634569345 ], [ -91.189200945854182, 29.648115891872934 ], [ -91.208550083578359, 29.731651058992316 ], [ -91.112803862799254, 29.748543669609134 ] ] ] } },
{ "type": "Feature", "properties": { "ID": 38906, "date": "2022-01-01T00:00:00", "smokePM_pred": 2.5498507022857702 }, "geometry": { "type": "Polygon", "coordinates": [ [ [ -91.016976257353249, 29.765375489480316 ], [ -90.997759646536977, 29.681726772587204 ], [ -91.093520852705524, 29.664951634569345 ], [ -91.112803862799254, 29.748543669609134 ], [ -91.016976257353249, 29.765375489480316 ] ] ] } },
{ "type": "Feature", "properties": { "ID": 38907, "date": "2022-01-01T00:00:00", "smokePM_pred": 2.4927730560302699 }, "geometry": { "type": "Polygon", "coordinates": [ [ [ -90.921067504014161, 29.782146309628391 ], [ -90.901917563762879, 29.698441097835165 ], [ -90.997759646536977, 29.681726772587204 ], [ -91.016976257353249, 29.765375489480316 ], [ -90.921067504014161, 29.782146309628391 ] ] ] } },
{ "type": "Feature", "properties": { "ID": 38908, "date": "2022-01-01T00:00:00", "smokePM_pred": 1.8504403829574601 }, "geometry": { "type": "Polygon", "coordinates": [ [ [ -90.825077841115444, 29.798855921473095 ], [ -90.805994842348184, 29.715094402618323 ], [ -90.901917563762879, 29.698441097835165 ], [ -90.921067504014161, 29.782146309628391 ], [ -90.825077841115444, 29.798855921473095 ] ] ] } },
{ "type": "Feature", "properties": { "ID": 38909, "date": "2022-01-01T00:00:00", "smokePM_pred": 1.4272325038909901 }, "geometry": { "type": "Polygon", "coordinates": [ [ [ -90.729007508550254, 29.815504116837491 ], [ -90.709991721808635, 29.731686479644377 ], [ -90.805994842348184, 29.715094402618323 ], [ -90.825077841115444, 29.798855921473095 ], [ -90.729007508550254, 29.815504116837491 ] ] ] } },
{ "type": "Feature", "properties": { "ID": 38910, "date": "2022-01-01T00:00:00", "smokePM_pred": 1.8461754322052 }, "geometry": { "type": "Polygon", "coordinates": [ [ [ -90.632856747771413, 29.832090687954082 ], [ -90.613908443210676, 29.748217122029573 ], [ -90.709991721808635, 29.731686479644377 ], [ -90.729007508550254, 29.815504116837491 ], [ -90.632856747771413, 29.832090687954082 ] ] ] } },
{ "type": "Feature", "properties": { "ID": 38911, "date": "2022-01-01T00:00:00", "smokePM_pred": 2.1581070423126198 }, "geometry": { "type": "Polygon", "coordinates": [ [ [ -90.536625801791359, 29.848615427470875 ], [ -90.517745249171341, 29.764686123304855 ], [ -90.613908443210676, 29.748217122029573 ], [ -90.632856747771413, 29.832090687954082 ], [ -90.536625801791359, 29.848615427470875 ] ] ] } },
{ "type": "Feature", "properties": { "ID": 38912, "date": "2022-01-01T00:00:00", "smokePM_pred": 3.0828557014465301 }, "geometry": { "type": "Polygon", "coordinates": [ [ [ -90.440314915182029, 29.865078128457512 ], [ -90.421502383858154, 29.781093277421867 ], [ -90.517745249171341, 29.764686123304855 ], [ -90.536625801791359, 29.848615427470875 ], [ -90.440314915182029, 29.865078128457512 ] ] ] } },
{ "type": "Feature", "properties": { "ID": 38913, "date": "2022-01-01T00:00:00", "smokePM_pred": 4.4601898193359402 }, "geometry": { "type": "Polygon", "coordinates": [ [ [ -90.343924334074671, 29.881478584411365 ], [ -90.325180092988901, 29.797438378759139 ], [ -90.421502383858154, 29.781093277421867 ], [ -90.440314915182029, 29.865078128457512 ], [ -90.343924334074671, 29.881478584411365 ] ] ] } },
{ "type": "Feature", "properties": { "ID": 38914, "date": "2022-01-01T00:00:00", "smokePM_pred": 5.0731525421142596 }, "geometry": { "type": "Polygon", "coordinates": [ [ [ -90.247454306159554, 29.897816589263687 ], [ -90.228778623831332, 29.813721222128059 ], [ -90.325180092988901, 29.797438378759139 ], [ -90.343924334074671, 29.881478584411365 ], [ -90.247454306159554, 29.897816589263687 ] ] ] } },
{ "type": "Feature", "properties": { "ID": 38915, "date": "2022-01-01T00:00:00", "smokePM_pred": 4.7708935737609899 }, "geometry": { "type": "Polygon", "coordinates": [ [ [ -90.150905080685703, 29.914091937385713 ], [ -90.132298225202874, 29.829941602779069 ], [ -90.228778623831332, 29.813721222128059 ], [ -90.247454306159554, 29.897816589263687 ], [ -90.150905080685703, 29.914091937385713 ] ] ] } },
{ "type": "Feature", "properties": { "ID": 38916, "date": "2022-01-01T00:00:00", "smokePM_pred": 4.9775447845459002 }, "geometry": { "type": "Polygon", "coordinates": [ [ [ -90.05427690846048, 29.930304423594787 ], [ -90.035739147470139, 29.846099316407681 ], [ -90.132298225202874, 29.829941602779069 ], [ -90.150905080685703, 29.914091937385713 ], [ -90.05427690846048, 29.930304423594787 ] ] ] } },
{ "type": "Feature", "properties": { "ID": 38917, "date": "2022-01-01T00:00:00", "smokePM_pred": 5.9795904159545898 }, "geometry": { "type": "Polygon", "coordinates": [ [ [ -89.957570041849095, 29.946453843160533 ], [ -89.939101642548522, 29.862194159160623 ], [ -90.035739147470139, 29.846099316407681 ], [ -90.05427690846048, 29.930304423594787 ], [ -89.957570041849095, 29.946453843160533 ] ] ] } },
{ "type": "Feature", "properties": { "ID": 38918, "date": "2022-01-01T00:00:00", "smokePM_pred": 5.8817629814148003 }, "geometry": { "type": "Polygon", "coordinates": [ [ [ -89.860784734774128, 29.96253999181096 ], [ -89.842385963901592, 29.878225927641967 ], [ -89.939101642548522, 29.862194159160623 ], [ -89.957570041849095, 29.946453843160533 ], [ -89.860784734774128, 29.96253999181096 ] ] ] } },
{ "type": "Feature", "properties": { "ID": 38919, "date": "2022-01-01T00:00:00", "smokePM_pred": 5.9877815246581996 }, "geometry": { "type": "Polygon", "coordinates": [ [ [ -89.763921242714929, 29.978562665738643 ], [ -89.745592366540578, 29.89419441891922 ], [ -89.842385963901592, 29.878225927641967 ], [ -89.860784734774128, 29.96253999181096 ], [ -89.763921242714929, 29.978562665738643 ] ] ] } },
{ "type": "Feature", "properties": { "ID": 38920, "date": "2022-01-01T00:00:00", "smokePM_pred": 5.6019601821899396 }, "geometry": { "type": "Polygon", "coordinates": [ [ [ -89.666979822706978, 29.994521661606843 ], [ -89.64872110702359, 29.910099430529385 ], [ -89.745592366540578, 29.89419441891922 ], [ -89.763921242714929, 29.978562665738643 ], [ -89.666979822706978, 29.994521661606843 ] ] ] } },
{ "type": "Feature", "properties": { "ID": 38921, "date": "2022-01-01T00:00:00", "smokePM_pred": 5.2980413436889604 }, "geometry": { "type": "Polygon", "coordinates": [ [ [ -89.569960733341091, 30.010416776555662 ], [ -89.551772443454951, 29.92594076048524 ], [ -89.64872110702359, 29.910099430529385 ], [ -89.666979822706978, 29.994521661606843 ], [ -89.569960733341091, 30.010416776555662 ] ] ] } },
{ "type": "Feature", "properties": { "ID": 38922, "date": "2022-01-01T00:00:00", "smokePM_pred": 4.7758312225341797 }, "geometry": { "type": "Polygon", "coordinates": [ [ [ -89.47286423476271, 30.026247808208268 ], [ -89.454746635484341, 29.941718207281291 ], [ -89.551772443454951, 29.92594076048524 ], [ -89.569960733341091, 30.010416776555662 ], [ -89.47286423476271, 30.026247808208268 ] ] ] } },
{ "type": "Feature", "properties": { "ID": 38923, "date": "2022-01-01T00:00:00", "smokePM_pred": 4.4164366722106898 }, "geometry": { "type": "Polygon", "coordinates": [ [ [ -89.375690588670963, 30.042014554676943 ], [ -89.357643944305934, 29.957431569899988 ], [ -89.454746635484341, 29.941718207281291 ], [ -89.47286423476271, 30.026247808208268 ], [ -89.375690588670963, 30.042014554676943 ] ] ] } },
{ "type": "Feature", "properties": { "ID": 38924, "date": "2022-01-01T00:00:00", "smokePM_pred": 4.2076334953308097 }, "geometry": { "type": "Polygon", "coordinates": [ [ [ -89.278440058317841, 30.057716814569361 ], [ -89.260464632657488, 29.973080647817874 ], [ -89.357643944305934, 29.957431569899988 ], [ -89.375690588670963, 30.042014554676943 ], [ -89.278440058317841, 30.057716814569361 ] ] ] } },
{ "type": "Feature", "properties": { "ID": 38925, "date": "2022-01-01T00:00:00", "smokePM_pred": 3.9781346321106001 }, "geometry": { "type": "Polygon", "coordinates": [ [ [ -89.181112908507089, 30.073354386994684 ], [ -89.163208964819219, 29.988665241011645 ], [ -89.260464632657488, 29.973080647817874 ], [ -89.278440058317841, 30.057716814569361 ], [ -89.181112908507089, 30.073354386994684 ] ] ] } },
{ "type": "Feature", "properties": { "ID": 38926, "date": "2022-01-01T00:00:00", "smokePM_pred": 3.3324058055877699 }, "geometry": { "type": "Polygon", "coordinates": [ [ [ -89.083709405593169, 30.088927071569771 ], [ -89.065877206612868, 30.004185149964382 ], [ -89.163208964819219, 29.988665241011645 ], [ -89.181112908507089, 30.073354386994684 ], [ -89.083709405593169, 30.088927071569771 ] ] ] } },
{ "type": "Feature", "properties": { "ID": 38927, "date": "2022-01-01T00:00:00", "smokePM_pred": 3.3316898345947301 }, "geometry": { "type": "Polygon", "coordinates": [ [ [ -88.986229817480137, 30.104434668425313 ], [ -88.968469625400417, 30.019640175671626 ], [ -89.065877206612868, 30.004185149964382 ], [ -89.083709405593169, 30.088927071569771 ], [ -88.986229817480137, 30.104434668425313 ] ] ] } },
{ "type": "Feature", "properties": { "ID": 38928, "date": "2022-01-01T00:00:00", "smokePM_pred": 3.3689563274383501 }, "geometry": { "type": "Polygon", "coordinates": [ [ [ -88.888674413620436, 30.119876978212055 ], [ -88.870986490082984, 30.035030119647519 ], [ -88.968469625400417, 30.019640175671626 ], [ -88.986229817480137, 30.104434668425313 ], [ -88.888674413620436, 30.119876978212055 ] ] ] } },
{ "type": "Feature", "properties": { "ID": 38929, "date": "2022-01-01T00:00:00", "smokePM_pred": 3.2184245586395299 }, "geometry": { "type": "Polygon", "coordinates": [ [ [ -88.791043465013615, 30.135253802106931 ], [ -88.773428071099374, 30.050354783930956 ], [ -88.870986490082984, 30.035030119647519 ], [ -88.888674413620436, 30.119876978212055 ], [ -88.791043465013615, 30.135253802106931 ] ] ] } },
{ "type": "Feature", "properties": { "ID": 38930, "date": "2022-01-01T00:00:00", "smokePM_pred": 3.2100861072540301 }, "geometry": { "type": "Polygon", "coordinates": [ [ [ -88.693337244204926, 30.15056494181928 ], [ -88.675794640424883, 30.065613971091771 ], [ -88.773428071099374, 30.050354783930956 ], [ -88.791043465013615, 30.135253802106931 ], [ -88.693337244204926, 30.15056494181928 ] ] ] } },
{ "type": "Feature", "properties": { "ID": 38931, "date": "2022-01-01T00:00:00", "smokePM_pred": 3.1341621875762899 }, "geometry": { "type": "Polygon", "coordinates": [ [ [ -88.595556025284012, 30.16581019959699 ], [ -88.578086471569719, 30.080807484236821 ], [ -88.675794640424883, 30.065613971091771 ], [ -88.693337244204926, 30.15056494181928 ], [ -88.595556025284012, 30.16581019959699 ] ] ] } },
{ "type": "Feature", "properties": { "ID": 38932, "date": "2022-01-01T00:00:00", "smokePM_pred": 3.2789232730865501 }, "geometry": { "type": "Polygon", "coordinates": [ [ [ -88.497700083883288, 30.180989378232699 ], [ -88.480303839577658, 30.095935127016151 ], [ -88.578086471569719, 30.080807484236821 ], [ -88.595556025284012, 30.16581019959699 ], [ -88.497700083883288, 30.180989378232699 ] ] ] } },
{ "type": "Feature", "properties": { "ID": 38933, "date": "2022-01-01T00:00:00", "smokePM_pred": 3.4441981315612802 }, "geometry": { "type": "Polygon", "coordinates": [ [ [ -88.399769697176453, 30.196102281069923 ], [ -88.382447021024291, 30.110996703629155 ], [ -88.480303839577658, 30.095935127016151 ], [ -88.497700083883288, 30.180989378232699 ], [ -88.399769697176453, 30.196102281069923 ] ] ] } },
{ "type": "Feature", "properties": { "ID": 38934, "date": "2022-01-01T00:00:00", "smokePM_pred": 3.2592630386352499 }, "geometry": { "type": "Polygon", "coordinates": [ [ [ -88.301765143876864, 30.211148712009322 ], [ -88.284516294015518, 30.12599201883069 ], [ -88.382447021024291, 30.110996703629155 ], [ -88.399769697176453, 30.196102281069923 ], [ -88.301765143876864, 30.211148712009322 ] ] ] } },
{ "type": "Feature", "properties": { "ID": 38935, "date": "2022-01-01T00:00:00", "smokePM_pred": 3.2150232791900599 }, "geometry": { "type": "Polygon", "coordinates": [ [ [ -88.203686704235807, 30.226128475514848 ], [ -88.186511938185745, 30.140920877937269 ], [ -88.284516294015518, 30.12599201883069 ], [ -88.301765143876864, 30.211148712009322 ], [ -88.203686704235807, 30.226128475514848 ] ] ] } },
{ "type": "Feature", "properties": { "ID": 38936, "date": "2022-01-01T00:00:00", "smokePM_pred": 3.4692919254303001 }, "geometry": { "type": "Polygon", "coordinates": [ [ [ -88.105534660040632, 30.241041376619833 ], [ -88.088434234696138, 30.155783086833129 ], [ -88.186511938185745, 30.140920877937269 ], [ -88.203686704235807, 30.226128475514848 ], [ -88.105534660040632, 30.241041376619833 ] ] ] } },
{ "type": "Feature", "properties": { "ID": 38937, "date": "2022-01-01T00:00:00", "smokePM_pred": 2.9056169986724898 }, "geometry": { "type": "Polygon", "coordinates": [ [ [ -88.007309294613094, 30.25588722093331 ], [ -87.990283466232782, 30.170578451976446 ], [ -88.088434234696138, 30.155783086833129 ], [ -88.105534660040632, 30.241041376619833 ], [ -88.007309294613094, 30.25588722093331 ] ] ] } },
{ "type": "Feature", "properties": { "ID": 38938, "date": "2022-01-01T00:00:00", "smokePM_pred": 2.5315132141113299 }, "geometry": { "type": "Polygon", "coordinates": [ [ [ -87.909010892807245, 30.270665814646069 ], [ -87.892059917004673, 30.185306780405433 ], [ -87.990283466232782, 30.170578451976446 ], [ -88.007309294613094, 30.25588722093331 ], [ -87.909010892807245, 30.270665814646069 ] ] ] } },
{ "type": "Feature", "properties": { "ID": 38939, "date": "2022-01-01T00:00:00", "smokePM_pred": 2.2537434101104701 }, "geometry": { "type": "Polygon", "coordinates": [ [ [ -87.810639741007549, 30.285376964536912 ], [ -87.793763872741764, 30.199967879744474 ], [ -87.892059917004673, 30.185306780405433 ], [ -87.909010892807245, 30.270665814646069 ], [ -87.810639741007549, 30.285376964536912 ] ] ] } },
{ "type": "Feature", "properties": { "ID": 38940, "date": "2022-01-01T00:00:00", "smokePM_pred": 2.0621600151061998 }, "geometry": { "type": "Polygon", "coordinates": [ [ [ -87.712196127126731, 30.300020477978737 ], [ -87.695395620692921, 30.214561558210313 ], [ -87.793763872741764, 30.199967879744474 ], [ -87.810639741007549, 30.285376964536912 ], [ -87.712196127126731, 30.300020477978737 ] ] ] } },
{ "type": "Feature", "properties": { "ID": 38941, "date": "2022-01-01T00:00:00", "smokePM_pred": 1.79492807388306 }, "geometry": { "type": "Polygon", "coordinates": [ [ [ -87.613680340603679, 30.314596162944813 ], [ -87.596955449623664, 30.229087624618103 ], [ -87.695395620692921, 30.214561558210313 ], [ -87.712196127126731, 30.300020477978737 ], [ -87.613680340603679, 30.314596162944813 ] ] ] } },
{ "type": "Feature", "properties": { "ID": 38942, "date": "2022-01-01T00:00:00", "smokePM_pred": 1.7843337059021001 }, "geometry": { "type": "Polygon", "coordinates": [ [ [ -87.515092672401224, 30.329103828014837 ], [ -87.498443649814064, 30.243545888387608 ], [ -87.596955449623664, 30.229087624618103 ], [ -87.613680340603679, 30.314596162944813 ], [ -87.515092672401224, 30.329103828014837 ] ] ] } },
{ "type": "Feature", "properties": { "ID": 38943, "date": "2022-01-01T00:00:00", "smokePM_pred": 1.92257881164551 }, "geometry": { "type": "Polygon", "coordinates": [ [ [ -87.41643341500388, 30.343543282381155 ], [ -87.399860513056382, 30.257936159549288 ], [ -87.498443649814064, 30.243545888387608 ], [ -87.515092672401224, 30.329103828014837 ], [ -87.41643341500388, 30.343543282381155 ] ] ] } },
{ "type": "Feature", "properties": { "ID": 38944, "date": "2022-01-01T00:00:00", "smokePM_pred": 1.49873399734497 }, "geometry": { "type": "Polygon", "coordinates": [ [ [ -87.317702862415373, 30.357914335854943 ], [ -87.301206332652683, 30.272258248750461 ], [ -87.399860513056382, 30.257936159549288 ], [ -87.41643341500388, 30.343543282381155 ], [ -87.317702862415373, 30.357914335854943 ] ] ] } },
{ "type": "Feature", "properties": { "ID": 38945, "date": "2022-01-01T00:00:00", "smokePM_pred": 1.6481344699859599 }, "geometry": { "type": "Polygon", "coordinates": [ [ [ -87.218901310156298, 30.372216798872252 ], [ -87.202481403412463, 30.286511967261333 ], [ -87.301206332652683, 30.272258248750461 ], [ -87.317702862415373, 30.357914335854943 ], [ -87.218901310156298, 30.372216798872252 ] ] ] } },
{ "type": "Feature", "properties": { "ID": 38946, "date": "2022-01-01T00:00:00", "smokePM_pred": 2.2560079097747798 }, "geometry": { "type": "Polygon", "coordinates": [ [ [ -87.120029055261597, 30.386450482500337 ], [ -87.103686021650034, 30.300697126981248 ], [ -87.202481403412463, 30.286511967261333 ], [ -87.218901310156298, 30.372216798872252 ], [ -87.120029055261597, 30.386450482500337 ] ] ] } },
{ "type": "Feature", "properties": { "ID": 38947, "date": "2022-01-01T00:00:00", "smokePM_pred": 2.53157663345337 }, "geometry": { "type": "Polygon", "coordinates": [ [ [ -87.02108639627788, 30.400615198443571 ], [ -87.004820485182023, 30.314813540444664 ], [ -87.103686021650034, 30.300697126981248 ], [ -87.120029055261597, 30.386450482500337 ], [ -87.02108639627788, 30.400615198443571 ] ] ] } },
{ "type": "Feature", "properties": { "ID": 38948, "date": "2022-01-01T00:00:00", "smokePM_pred": 2.5725650787353498 }, "geometry": { "type": "Polygon", "coordinates": [ [ [ -86.922073633260894, 30.41471075904979 ], [ -86.90588509332467, 30.328861020827361 ], [ -87.004820485182023, 30.314813540444664 ], [ -87.02108639627788, 30.400615198443571 ], [ -86.922073633260894, 30.41471075904979 ] ] ] } },
{ "type": "Feature", "properties": { "ID": 38949, "date": "2022-01-01T00:00:00", "smokePM_pred": 2.4882678985595699 }, "geometry": { "type": "Polygon", "coordinates": [ [ [ -86.822991067772719, 30.428736977316337 ], [ -86.806880146891046, 30.342839381952462 ], [ -86.90588509332467, 30.328861020827361 ], [ -86.922073633260894, 30.41471075904979 ], [ -86.822991067772719, 30.428736977316337 ] ] ] } },
{ "type": "Feature", "properties": { "ID": 38950, "date": "2022-01-01T00:00:00", "smokePM_pred": 2.45403981208801 }, "geometry": { "type": "Polygon", "coordinates": [ [ [ -86.723839002878904, 30.442693666896158 ], [ -86.707805948188295, 30.356748438296584 ], [ -86.806880146891046, 30.342839381952462 ], [ -86.822991067772719, 30.428736977316337 ], [ -86.723839002878904, 30.442693666896158 ] ] ] } },
{ "type": "Feature", "properties": { "ID": 38951, "date": "2022-01-01T00:00:00", "smokePM_pred": 2.0882556438446001 }, "geometry": { "type": "Polygon", "coordinates": [ [ [ -86.624617743145649, 30.456580642103994 ], [ -86.608662801014745, 30.370588004995874 ], [ -86.707805948188295, 30.356748438296584 ], [ -86.723839002878904, 30.442693666896158 ], [ -86.624617743145649, 30.456580642103994 ] ] ] } },
{ "type": "Feature", "properties": { "ID": 38952, "date": "2022-01-01T00:00:00", "smokePM_pred": 1.71175420284271 }, "geometry": { "type": "Polygon", "coordinates": [ [ [ -86.525327594636835, 30.470397717922449 ], [ -86.509451010656903, 30.384357897852109 ], [ -86.608662801014745, 30.370588004995874 ], [ -86.624617743145649, 30.456580642103994 ], [ -86.525327594636835, 30.470397717922449 ] ] ] } },
{ "type": "Feature", "properties": { "ID": 38953, "date": "2022-01-01T00:00:00", "smokePM_pred": 1.57222044467926 }, "geometry": { "type": "Polygon", "coordinates": [ [ [ -86.425968864910928, 30.48414471000811 ], [ -86.410170883886451, 30.398057933338809 ], [ -86.509451010656903, 30.384357897852109 ], [ -86.525327594636835, 30.470397717922449 ], [ -86.425968864910928, 30.48414471000811 ] ] ] } },
{ "type": "Feature", "properties": { "ID": 38954, "date": "2022-01-01T00:00:00", "smokePM_pred": 1.34482645988464 }, "geometry": { "type": "Polygon", "coordinates": [ [ [ -86.326541863017908, 30.497821434697663 ], [ -86.31082272895712, 30.411687928607247 ], [ -86.410170883886451, 30.398057933338809 ], [ -86.425968864910928, 30.48414471000811 ], [ -86.326541863017908, 30.497821434697663 ] ] ] } },
{ "type": "Feature", "properties": { "ID": 38955, "date": "2022-01-01T00:00:00", "smokePM_pred": 1.5640240907669101 }, "geometry": { "type": "Polygon", "coordinates": [ [ [ -86.227046899496102, 30.511427709013955 ], [ -86.211406855601453, 30.425247701492506 ], [ -86.31082272895712, 30.411687928607247 ], [ -86.326541863017908, 30.497821434697663 ], [ -86.227046899496102, 30.511427709013955 ] ] ] } },
{ "type": "Feature", "properties": { "ID": 38956, "date": "2022-01-01T00:00:00", "smokePM_pred": 1.02011501789093 }, "geometry": { "type": "Polygon", "coordinates": [ [ [ -86.127484286368855, 30.524963350672124 ], [ -86.11192357502766, 30.438737070519579 ], [ -86.211406855601453, 30.425247701492506 ], [ -86.227046899496102, 30.511427709013955 ], [ -86.127484286368855, 30.524963350672124 ] ] ] } },
{ "type": "Feature", "properties": { "ID": 38957, "date": "2022-01-01T00:00:00", "smokePM_pred": 0.92464637756347701 }, "geometry": { "type": "Polygon", "coordinates": [ [ [ -86.027854337141221, 30.538428178085599 ], [ -86.012373199916127, 30.452155854909357 ], [ -86.11192357502766, 30.438737070519579 ], [ -86.127484286368855, 30.524963350672124 ], [ -86.027854337141221, 30.538428178085599 ] ] ] } },
{ "type": "Feature", "properties": { "ID": 38958, "date": "2022-01-01T00:00:00", "smokePM_pred": 0.894231677055359 }, "geometry": { "type": "Polygon", "coordinates": [ [ [ -85.928157366796484, 30.551822010372284 ], [ -85.912756044416128, 30.465503874584702 ], [ -86.012373199916127, 30.452155854909357 ], [ -86.027854337141221, 30.538428178085599 ], [ -85.928157366796484, 30.551822010372284 ] ] ] } },
{ "type": "Feature", "properties": { "ID": 39367, "date": "2022-01-01T00:00:00", "smokePM_pred": 5.3372902870178196 }, "geometry": { "type": "Polygon", "coordinates": [ [ [ -96.092361192621127, 28.855088490616598 ], [ -96.069861997421683, 28.774761718691767 ], [ -96.160996646080164, 28.754954473386306 ], [ -96.183547435466309, 28.835215707904716 ], [ -96.092361192621127, 28.855088490616598 ] ] ] } },
{ "type": "Feature", "properties": { "ID": 39368, "date": "2022-01-01T00:00:00", "smokePM_pred": 5.3054676055908203 }, "geometry": { "type": "Polygon", "coordinates": [ [ [ -96.00108294403843, 28.874911832268587 ], [ -95.978635623176658, 28.794519661676912 ], [ -96.069861997421683, 28.774761718691767 ], [ -96.092361192621127, 28.855088490616598 ], [ -96.00108294403843, 28.874911832268587 ] ] ] } },
{ "type": "Feature", "properties": { "ID": 39369, "date": "2022-01-01T00:00:00", "smokePM_pred": 5.5793042182922399 }, "geometry": { "type": "Polygon", "coordinates": [ [ [ -95.909712845395333, 28.894685510360254 ], [ -95.887317679095432, 28.814228080728199 ], [ -95.978635623176658, 28.794519661676912 ], [ -96.00108294403843, 28.874911832268587 ], [ -95.909712845395333, 28.894685510360254 ] ] ] } },
{ "type": "Feature", "properties": { "ID": 39370, "date": "2022-01-01T00:00:00", "smokePM_pred": 5.9260087013244602 }, "geometry": { "type": "Polygon", "coordinates": [ [ [ -95.81825105385073, 28.914409302482543 ], [ -95.79590832240298, 28.833886754324194 ], [ -95.887317679095432, 28.814228080728199 ], [ -95.909712845395333, 28.894685510360254 ], [ -95.81825105385073, 28.914409302482543 ] ] ] } },
{ "type": "Feature", "properties": { "ID": 39371, "date": "2022-01-01T00:00:00", "smokePM_pred": 6.0247783660888699 }, "geometry": { "type": "Polygon", "coordinates": [ [ [ -95.72669772804835, 28.934082986323126 ], [ -95.704407711801792, 28.853495461040907 ], [ -95.79590832240298, 28.833886754324194 ], [ -95.81825105385073, 28.914409302482543 ], [ -95.72669772804835, 28.934082986323126 ] ] ] } },
{ "type": "Feature", "properties": { "ID": 39372, "date": "2022-01-01T00:00:00", "smokePM_pred": 6.1426215171814 }, "geometry": { "type": "Polygon", "coordinates": [ [ [ -95.635053028119543, 28.953706339671786 ], [ -95.612816007474706, 28.873053979557117 ], [ -95.704407711801792, 28.853495461040907 ], [ -95.72669772804835, 28.934082986323126 ], [ -95.635053028119543, 28.953706339671786 ] ] ] } },
{ "type": "Feature", "properties": { "ID": 39373, "date": "2022-01-01T00:00:00", "smokePM_pred": 6.38309574127197 }, "geometry": { "type": "Polygon", "coordinates": [ [ [ -95.543317115686236, 28.973279140425809 ], [ -95.521133371087799, 28.892562088659787 ], [ -95.612816007474706, 28.873053979557117 ], [ -95.635053028119543, 28.953706339671786 ], [ -95.543317115686236, 28.973279140425809 ] ] ] } },
{ "type": "Feature", "properties": { "ID": 39374, "date": "2022-01-01T00:00:00", "smokePM_pred": 6.8230128288268999 }, "geometry": { "type": "Polygon", "coordinates": [ [ [ -95.451490153863617, 28.992801166595353 ], [ -95.429359965793054, 28.91201956724943 ], [ -95.521133371087799, 28.892562088659787 ], [ -95.543317115686236, 28.973279140425809 ], [ -95.451490153863617, 28.992801166595353 ] ] ] } },
{ "type": "Feature", "properties": { "ID": 39375, "date": "2022-01-01T00:00:00", "smokePM_pred": 7.0497856140136701 }, "geometry": { "type": "Polygon", "coordinates": [ [ [ -95.35957230726298, 29.012272196308992 ], [ -95.337495956231109, 28.931426194345534 ], [ -95.429359965793054, 28.91201956724943 ], [ -95.451490153863617, 28.992801166595353 ], [ -95.35957230726298, 29.012272196308992 ] ] ] } },
{ "type": "Feature", "properties": { "ID": 39376, "date": "2022-01-01T00:00:00", "smokePM_pred": 7.6365737915039098 }, "geometry": { "type": "Polygon", "coordinates": [ [ [ -95.26756374199438, 29.031692007819068 ], [ -95.245541508533918, 28.950781749091984 ], [ -95.337495956231109, 28.931426194345534 ], [ -95.35957230726298, 29.012272196308992 ], [ -95.26756374199438, 29.031692007819068 ] ] ] } },
{ "type": "Feature", "properties": { "ID": 39377, "date": "2022-01-01T00:00:00", "smokePM_pred": 8.9307985305786097 }, "geometry": { "type": "Polygon", "coordinates": [ [ [ -95.175464625669349, 29.05106037950722 ], [ -95.153496790327438, 28.97008601076249 ], [ -95.245541508533918, 28.950781749091984 ], [ -95.26756374199438, 29.031692007819068 ], [ -95.175464625669349, 29.05106037950722 ] ] ] } },
{ "type": "Feature", "properties": { "ID": 39378, "date": "2022-01-01T00:00:00", "smokePM_pred": 9.1014862060546893 }, "geometry": { "type": "Polygon", "coordinates": [ [ [ -95.083275127403496, 29.07037708988986 ], [ -95.06136197073414, 28.989338758766127 ], [ -95.153496790327438, 28.97008601076249 ], [ -95.175464625669349, 29.05106037950722 ], [ -95.083275127403496, 29.07037708988986 ] ] ] } },
{ "type": "Feature", "properties": { "ID": 39379, "date": "2022-01-01T00:00:00", "smokePM_pred": 10.3317928314209 }, "geometry": { "type": "Polygon", "coordinates": [ [ [ -94.99099541781905, 29.089641917623691 ], [ -94.969137220375558, 29.008539772652743 ], [ -95.06136197073414, 28.989338758766127 ], [ -95.083275127403496, 29.07037708988986 ], [ -94.99099541781905, 29.089641917623691 ] ] ] } },
{ "type": "Feature", "properties": { "ID": 39380, "date": "2022-01-01T00:00:00", "smokePM_pred": 10.9131813049316 }, "geometry": { "type": "Polygon", "coordinates": [ [ [ -94.89862566904749, 29.108854641511211 ], [ -94.876822711374871, 29.027688832118496 ], [ -94.969137220375558, 29.008539772652743 ], [ -94.99099541781905, 29.089641917623691 ], [ -94.89862566904749, 29.108854641511211 ] ] ] } },
{ "type": "Feature", "properties": { "ID": 39404, "date": "2022-01-01T00:00:00", "smokePM_pred": 6.2894129753112802 }, "geometry": { "type": "Polygon", "coordinates": [ [ [ -92.655214196808402, 29.553756858417682 ], [ -92.634820998206536, 29.471110260049375 ], [ -92.729234134479995, 29.453273719125338 ], [ -92.749689282986779, 29.535860508190119 ], [ -92.655214196808402, 29.553756858417682 ] ] ] } },
{ "type": "Feature", "properties": { "ID": 39405, "date": "2022-01-01T00:00:00", "smokePM_pred": 5.9026379585266104 }, "geometry": { "type": "Polygon", "coordinates": [ [ [ -92.560653871636575, 29.571595638781702 ], [ -92.540322900694036, 29.488889402958314 ], [ -92.634820998206536, 29.471110260049375 ], [ -92.655214196808402, 29.553756858417682 ], [ -92.560653871636575, 29.571595638781702 ] ] ] } },
{ "type": "Feature", "properties": { "ID": 39406, "date": "2022-01-01T00:00:00", "smokePM_pred": 5.1178398132324201 }, "geometry": { "type": "Polygon", "coordinates": [ [ [ -92.466008519570465, 29.589376633872558 ], [ -92.445740053822618, 29.506610933339509 ], [ -92.540322900694036, 29.488889402958314 ], [ -92.560653871636575, 29.571595638781702 ], [ -92.466008519570465, 29.589376633872558 ] ] ] } },
{ "type": "Feature", "properties": { "ID": 39407, "date": "2022-01-01T00:00:00", "smokePM_pred": 4.9258236885070801 }, "geometry": { "type": "Polygon", "coordinates": [ [ [ -92.371278354267858, 29.607099628582016 ], [ -92.351072671022507, 29.52427463698141 ], [ -92.445740053822618, 29.506610933339509 ], [ -92.466008519570465, 29.589376633872558 ], [ -92.371278354267858, 29.607099628582016 ] ] ] } },
{ "type": "Feature", "properties": { "ID": 39408, "date": "2022-01-01T00:00:00", "smokePM_pred": 3.9757957458496098 }, "geometry": { "type": "Polygon", "coordinates": [ [ [ -92.276463590946364, 29.624764408109119 ], [ -92.256320967275073, 29.541880299979471 ], [ -92.351072671022507, 29.52427463698141 ], [ -92.371278354267858, 29.607099628582016 ], [ -92.276463590946364, 29.624764408109119 ] ] ] } },
{ "type": "Feature", "properties": { "ID": 39409, "date": "2022-01-01T00:00:00", "smokePM_pred": 3.9360089302063002 }, "geometry": { "type": "Polygon", "coordinates": [ [ [ -92.1815644463843, 29.64237075796618 ], [ -92.16148515911388, 29.559427708742128 ], [ -92.256320967275073, 29.541880299979471 ], [ -92.276463590946364, 29.624764408109119 ], [ -92.1815644463843, 29.64237075796618 ] ] ] } },
{ "type": "Feature", "properties": { "ID": 39410, "date": "2022-01-01T00:00:00", "smokePM_pred": 4.1061162948608398 }, "geometry": { "type": "Polygon", "coordinates": [ [ [ -92.08658113892173, 29.659918463984788 ], [ -92.066565464625512, 29.576916649996701 ], [ -92.16148515911388, 29.559427708742128 ], [ -92.1815644463843, 29.64237075796618 ], [ -92.08658113892173, 29.659918463984788 ] ] ] } },
{ "type": "Feature", "properties": { "ID": 39411, "date": "2022-01-01T00:00:00", "smokePM_pred": 4.0306282043456996 }, "geometry": { "type": "Polygon", "coordinates": [ [ [ -91.991513888461284, 29.67740731232178 ], [ -91.971562103450495, 29.594346910795426 ], [ -92.066565464625512, 29.576916649996701 ], [ -92.08658113892173, 29.659918463984788 ], [ -91.991513888461284, 29.67740731232178 ] ] ] } },
{ "type": "Feature", "properties": { "ID": 39412, "date": "2022-01-01T00:00:00", "smokePM_pred": 3.8055102825164799 }, "geometry": { "type": "Polygon", "coordinates": [ [ [ -91.896362916469116, 29.694837089465246 ], [ -91.876475296784108, 29.611718278521355 ], [ -91.971562103450495, 29.594346910795426 ], [ -91.991513888461284, 29.67740731232178 ], [ -91.896362916469116, 29.694837089465246 ] ] ] } },
{ "type": "Feature", "properties": { "ID": 39413, "date": "2022-01-01T00:00:00", "smokePM_pred": 3.5797302722930899 }, "geometry": { "type": "Polygon", "coordinates": [ [ [ -91.801128445975536, 29.712207582240559 ], [ -91.781305267377121, 29.629030540894398 ], [ -91.876475296784108, 29.611718278521355 ], [ -91.896362916469116, 29.694837089465246 ], [ -91.801128445975536, 29.712207582240559 ] ] ] } },
{ "type": "Feature", "properties": { "ID": 39414, "date": "2022-01-01T00:00:00", "smokePM_pred": 3.7036204338073699 }, "geometry": { "type": "Polygon", "coordinates": [ [ [ -91.705810701575828, 29.729518577816403 ], [ -91.686052239536494, 29.64628348597731 ], [ -91.781305267377121, 29.629030540894398 ], [ -91.801128445975536, 29.712207582240559 ], [ -91.705810701575828, 29.729518577816403 ] ] ] } },
{ "type": "Feature", "properties": { "ID": 39415, "date": "2022-01-01T00:00:00", "smokePM_pred": 3.4973349571228001 }, "geometry": { "type": "Polygon", "coordinates": [ [ [ -91.610409909430871, 29.74676986371081 ], [ -91.59071643912597, 29.663476902181678 ], [ -91.686052239536494, 29.64628348597731 ], [ -91.705810701575828, 29.729518577816403 ], [ -91.610409909430871, 29.74676986371081 ] ] ] } },
{ "type": "Feature", "properties": { "ID": 39416, "date": "2022-01-01T00:00:00", "smokePM_pred": 2.9862442016601598 }, "geometry": { "type": "Polygon", "coordinates": [ [ [ -91.514926297267735, 29.763961227797179 ], [ -91.495298093566674, 29.680610578273949 ], [ -91.59071643912597, 29.663476902181678 ], [ -91.610409909430871, 29.74676986371081 ], [ -91.514926297267735, 29.763961227797179 ] ] ] } },
{ "type": "Feature", "properties": { "ID": 39417, "date": "2022-01-01T00:00:00", "smokePM_pred": 2.3465375900268599 }, "geometry": { "type": "Polygon", "coordinates": [ [ [ -91.419360094380238, 29.781092458310368 ], [ -91.399797431837627, 29.697684303381475 ], [ -91.495298093566674, 29.680610578273949 ], [ -91.514926297267735, 29.763961227797179 ], [ -91.419360094380238, 29.781092458310368 ] ] ] } },
{ "type": "Feature", "properties": { "ID": 39418, "date": "2022-01-01T00:00:00", "smokePM_pred": 2.3905127048492401 }, "geometry": { "type": "Polygon", "coordinates": [ [ [ -91.323711531629357, 29.798163343852792 ], [ -91.304214684476179, 29.71469786699852 ], [ -91.399797431837627, 29.697684303381475 ], [ -91.419360094380238, 29.781092458310368 ], [ -91.323711531629357, 29.798163343852792 ] ] ] } },
{ "type": "Feature", "properties": { "ID": 39419, "date": "2022-01-01T00:00:00", "smokePM_pred": 2.7731661796569802 }, "geometry": { "type": "Polygon", "coordinates": [ [ [ -91.22798084144371, 29.815173673400388 ], [ -91.208550083578359, 29.731651058992316 ], [ -91.304214684476179, 29.71469786699852 ], [ -91.323711531629357, 29.798163343852792 ], [ -91.22798084144371, 29.815173673400388 ] ] ] } },
{ "type": "Feature", "properties": { "ID": 39420, "date": "2022-01-01T00:00:00", "smokePM_pred": 2.3437128067016602 }, "geometry": { "type": "Polygon", "coordinates": [ [ [ -91.132168257819828, 29.832123236308824 ], [ -91.112803862799254, 29.748543669609134 ], [ -91.208550083578359, 29.731651058992316 ], [ -91.22798084144371, 29.815173673400388 ], [ -91.132168257819828, 29.832123236308824 ] ] ] } },
{ "type": "Feature", "properties": { "ID": 39421, "date": "2022-01-01T00:00:00", "smokePM_pred": 2.88424468040466 }, "geometry": { "type": "Polygon", "coordinates": [ [ [ -91.036274016322508, 29.84901182231954 ], [ -91.016976257353249, 29.765375489480316 ], [ -91.112803862799254, 29.748543669609134 ], [ -91.132168257819828, 29.832123236308824 ], [ -91.036274016322508, 29.84901182231954 ] ] ] } },
{ "type": "Feature", "properties": { "ID": 39422, "date": "2022-01-01T00:00:00", "smokePM_pred": 1.90091335773468 }, "geometry": { "type": "Polygon", "coordinates": [ [ [ -90.940298354085002, 29.865839221565821 ], [ -90.921067504014161, 29.782146309628391 ], [ -91.016976257353249, 29.765375489480316 ], [ -91.036274016322508, 29.84901182231954 ], [ -90.940298354085002, 29.865839221565821 ] ] ] } },
{ "type": "Feature", "properties": { "ID": 39423, "date": "2022-01-01T00:00:00", "smokePM_pred": 1.5677622556686399 }, "geometry": { "type": "Polygon", "coordinates": [ [ [ -90.844241509809137, 29.882605224578985 ], [ -90.825077841115444, 29.798855921473095 ], [ -90.921067504014161, 29.782146309628391 ], [ -90.940298354085002, 29.865839221565821 ], [ -90.844241509809137, 29.882605224578985 ] ] ] } },
{ "type": "Feature", "properties": { "ID": 39424, "date": "2022-01-01T00:00:00", "smokePM_pred": 1.66230952739716 }, "geometry": { "type": "Polygon", "coordinates": [ [ [ -90.748103723765482, 29.89930962229441 ], [ -90.729007508550254, 29.815504116837491 ], [ -90.825077841115444, 29.798855921473095 ], [ -90.844241509809137, 29.882605224578985 ], [ -90.748103723765482, 29.89930962229441 ] ] ] } },
{ "type": "Feature", "properties": { "ID": 39425, "date": "2022-01-01T00:00:00", "smokePM_pred": 2.1043062210082999 }, "geometry": { "type": "Polygon", "coordinates": [ [ [ -90.651885237793294, 29.915952206057739 ], [ -90.632856747771413, 29.832090687954082 ], [ -90.729007508550254, 29.815504116837491 ], [ -90.748103723765482, 29.89930962229441 ], [ -90.651885237793294, 29.915952206057739 ] ] ] } },
{ "type": "Feature", "properties": { "ID": 39426, "date": "2022-01-01T00:00:00", "smokePM_pred": 3.0721466541290301 }, "geometry": { "type": "Polygon", "coordinates": [ [ [ -90.555586295300557, 29.932532767630963 ], [ -90.536625801791359, 29.848615427470875 ], [ -90.632856747771413, 29.832090687954082 ], [ -90.651885237793294, 29.915952206057739 ], [ -90.555586295300557, 29.932532767630963 ] ] ] } },
{ "type": "Feature", "properties": { "ID": 39427, "date": "2022-01-01T00:00:00", "smokePM_pred": 3.8780050277710001 }, "geometry": { "type": "Polygon", "coordinates": [ [ [ -90.459207141263789, 29.949051099198602 ], [ -90.440314915182029, 29.865078128457512 ], [ -90.536625801791359, 29.848615427470875 ], [ -90.555586295300557, 29.932532767630963 ], [ -90.459207141263789, 29.949051099198602 ] ] ] } },
{ "type": "Feature", "properties": { "ID": 39428, "date": "2022-01-01T00:00:00", "smokePM_pred": 4.9006838798523003 }, "geometry": { "type": "Polygon", "coordinates": [ [ [ -90.362748022227976, 29.965506993373786 ], [ -90.343924334074671, 29.881478584411365 ], [ -90.440314915182029, 29.865078128457512 ], [ -90.459207141263789, 29.949051099198602 ], [ -90.362748022227976, 29.965506993373786 ] ] ] } },
{ "type": "Feature", "properties": { "ID": 39429, "date": "2022-01-01T00:00:00", "smokePM_pred": 5.51808786392212 }, "geometry": { "type": "Polygon", "coordinates": [ [ [ -90.266209186306227, 29.98190024320451 ], [ -90.247454306159554, 29.897816589263687 ], [ -90.343924334074671, 29.881478584411365 ], [ -90.362748022227976, 29.965506993373786 ], [ -90.266209186306227, 29.98190024320451 ] ] ] } },
{ "type": "Feature", "properties": { "ID": 39430, "date": "2022-01-01T00:00:00", "smokePM_pred": 4.8724169731140101 }, "geometry": { "type": "Polygon", "coordinates": [ [ [ -90.169590883179595, 29.998230642179678 ], [ -90.150905080685703, 29.914091937385713 ], [ -90.247454306159554, 29.897816589263687 ], [ -90.266209186306227, 29.98190024320451 ], [ -90.169590883179595, 29.998230642179678 ] ] ] } },
{ "type": "Feature", "properties": { "ID": 39431, "date": "2022-01-01T00:00:00", "smokePM_pred": 3.82224345207214 }, "geometry": { "type": "Polygon", "coordinates": [ [ [ -90.072893364096558, 30.014497984235355 ], [ -90.05427690846048, 29.930304423594787 ], [ -90.150905080685703, 29.914091937385713 ], [ -90.169590883179595, 29.998230642179678 ], [ -90.072893364096558, 30.014497984235355 ] ] ] } },
{ "type": "Feature", "properties": { "ID": 39432, "date": "2022-01-01T00:00:00", "smokePM_pred": 5.64263820648193 }, "geometry": { "type": "Polygon", "coordinates": [ [ [ -89.976116881872713, 30.030702063760902 ], [ -89.957570041849095, 29.946453843160533 ], [ -90.05427690846048, 29.930304423594787 ], [ -90.072893364096558, 30.014497984235355 ], [ -89.976116881872713, 30.030702063760902 ] ] ] } },
{ "type": "Feature", "properties": { "ID": 39433, "date": "2022-01-01T00:00:00", "smokePM_pred": 5.8475327491760298 }, "geometry": { "type": "Polygon", "coordinates": [ [ [ -89.879261690890246, 30.046842675605163 ], [ -89.860784734774128, 29.96253999181096 ], [ -89.957570041849095, 29.946453843160533 ], [ -89.976116881872713, 30.030702063760902 ], [ -89.879261690890246, 30.046842675605163 ] ] ] } },
{ "type": "Feature", "properties": { "ID": 39434, "date": "2022-01-01T00:00:00", "smokePM_pred": 5.5540180206298801 }, "geometry": { "type": "Polygon", "coordinates": [ [ [ -89.782328047097309, 30.062919615082638 ], [ -89.763921242714929, 29.978562665738643 ], [ -89.860784734774128, 29.96253999181096 ], [ -89.879261690890246, 30.046842675605163 ], [ -89.782328047097309, 30.062919615082638 ] ] ] } },
{ "type": "Feature", "properties": { "ID": 39435, "date": "2022-01-01T00:00:00", "smokePM_pred": 5.3305387496948198 }, "geometry": { "type": "Polygon", "coordinates": [ [ [ -89.685316208007393, 30.078932677979637 ], [ -89.666979822706978, 29.994521661606843 ], [ -89.763921242714929, 29.978562665738643 ], [ -89.782328047097309, 30.062919615082638 ], [ -89.685316208007393, 30.078932677979637 ] ] ] } },
{ "type": "Feature", "properties": { "ID": 39436, "date": "2022-01-01T00:00:00", "smokePM_pred": 4.9501137733459499 }, "geometry": { "type": "Polygon", "coordinates": [ [ [ -89.58822643269869, 30.094881660560532 ], [ -89.569960733341091, 30.010416776555662 ], [ -89.666979822706978, 29.994521661606843 ], [ -89.685316208007393, 30.078932677979637 ], [ -89.58822643269869, 30.094881660560532 ] ] ] } },
{ "type": "Feature", "properties": { "ID": 39437, "date": "2022-01-01T00:00:00", "smokePM_pred": 4.3153858184814498 }, "geometry": { "type": "Polygon", "coordinates": [ [ [ -89.491058981813197, 30.110766359573919 ], [ -89.47286423476271, 30.026247808208268 ], [ -89.569960733341091, 30.010416776555662 ], [ -89.58822643269869, 30.094881660560532 ], [ -89.491058981813197, 30.110766359573919 ] ] ] } },
{ "type": "Feature", "properties": { "ID": 39438, "date": "2022-01-01T00:00:00", "smokePM_pred": 4.2377414703369096 }, "geometry": { "type": "Polygon", "coordinates": [ [ [ -89.393814117556033, 30.126586572258791 ], [ -89.375690588670963, 30.042014554676943 ], [ -89.47286423476271, 30.026247808208268 ], [ -89.491058981813197, 30.110766359573919 ], [ -89.393814117556033, 30.126586572258791 ] ] ] } },
{ "type": "Feature", "properties": { "ID": 39439, "date": "2022-01-01T00:00:00", "smokePM_pred": 4.0766038894653303 }, "geometry": { "type": "Polygon", "coordinates": [ [ [ -89.29649210369432, 30.142342096350781 ], [ -89.278440058317841, 30.057716814569361 ], [ -89.375690588670963, 30.042014554676943 ], [ -89.393814117556033, 30.126586572258791 ], [ -89.29649210369432, 30.142342096350781 ] ] ] } },
{ "type": "Feature", "properties": { "ID": 39440, "date": "2022-01-01T00:00:00", "smokePM_pred": 3.9504630565643302 }, "geometry": { "type": "Polygon", "coordinates": [ [ [ -89.199093205556395, 30.158032730088323 ], [ -89.181112908507089, 30.073354386994684 ], [ -89.278440058317841, 30.057716814569361 ], [ -89.29649210369432, 30.142342096350781 ], [ -89.199093205556395, 30.158032730088323 ] ] ] } },
{ "type": "Feature", "properties": { "ID": 39441, "date": "2022-01-01T00:00:00", "smokePM_pred": 3.22748970985413 }, "geometry": { "type": "Polygon", "coordinates": [ [ [ -89.101617690030636, 30.173658272218898 ], [ -89.083709405593169, 30.088927071569771 ], [ -89.181112908507089, 30.073354386994684 ], [ -89.199093205556395, 30.158032730088323 ], [ -89.101617690030636, 30.173658272218898 ] ] ] } },
{ "type": "Feature", "properties": { "ID": 39442, "date": "2022-01-01T00:00:00", "smokePM_pred": 3.61766529083252 }, "geometry": { "type": "Polygon", "coordinates": [ [ [ -89.004065825564354, 30.189218522005184 ], [ -88.986229817480137, 30.104434668425313 ], [ -89.083709405593169, 30.088927071569771 ], [ -89.101617690030636, 30.173658272218898 ], [ -89.004065825564354, 30.189218522005184 ] ] ] } },
{ "type": "Feature", "properties": { "ID": 39443, "date": "2022-01-01T00:00:00", "smokePM_pred": 3.1647150516510001 }, "geometry": { "type": "Polygon", "coordinates": [ [ [ -88.906437882162663, 30.204713279231328 ], [ -88.888674413620436, 30.119876978212055 ], [ -88.986229817480137, 30.104434668425313 ], [ -89.004065825564354, 30.189218522005184 ], [ -88.906437882162663, 30.204713279231328 ] ] ] } },
{ "type": "Feature", "properties": { "ID": 39444, "date": "2022-01-01T00:00:00", "smokePM_pred": 3.4639241695403999 }, "geometry": { "type": "Polygon", "coordinates": [ [ [ -88.808734131387084, 30.22014234420913 ], [ -88.791043465013615, 30.135253802106931 ], [ -88.888674413620436, 30.119876978212055 ], [ -88.906437882162663, 30.204713279231328 ], [ -88.808734131387084, 30.22014234420913 ] ] ] } },
{ "type": "Feature", "properties": { "ID": 39445, "date": "2022-01-01T00:00:00", "smokePM_pred": 3.18809938430786 }, "geometry": { "type": "Polygon", "coordinates": [ [ [ -88.710954846354383, 30.235505517784226 ], [ -88.693337244204926, 30.15056494181928 ], [ -88.791043465013615, 30.135253802106931 ], [ -88.808734131387084, 30.22014234420913 ], [ -88.710954846354383, 30.235505517784226 ] ] ] } },
{ "type": "Feature", "properties": { "ID": 39446, "date": "2022-01-01T00:00:00", "smokePM_pred": 3.1239697933196999 }, "geometry": { "type": "Polygon", "coordinates": [ [ [ -88.613100301734988, 30.25080260134235 ], [ -88.595556025284012, 30.16581019959699 ], [ -88.693337244204926, 30.15056494181928 ], [ -88.710954846354383, 30.235505517784226 ], [ -88.613100301734988, 30.25080260134235 ] ] ] } },
{ "type": "Feature", "properties": { "ID": 39447, "date": "2022-01-01T00:00:00", "smokePM_pred": 3.0837669372558598 }, "geometry": { "type": "Polygon", "coordinates": [ [ [ -88.51517077375162, 30.266033396815505 ], [ -88.497700083883288, 30.180989378232699 ], [ -88.595556025284012, 30.16581019959699 ], [ -88.613100301734988, 30.25080260134235 ], [ -88.51517077375162, 30.266033396815505 ] ] ] } },
{ "type": "Feature", "properties": { "ID": 39448, "date": "2022-01-01T00:00:00", "smokePM_pred": 3.1323435306549099 }, "geometry": { "type": "Polygon", "coordinates": [ [ [ -88.417166540177703, 30.281197706688221 ], [ -88.399769697176453, 30.196102281069923 ], [ -88.497700083883288, 30.180989378232699 ], [ -88.51517077375162, 30.266033396815505 ], [ -88.417166540177703, 30.281197706688221 ] ] ] } },
{ "type": "Feature", "properties": { "ID": 39449, "date": "2022-01-01T00:00:00", "smokePM_pred": 3.0985033512115501 }, "geometry": { "type": "Polygon", "coordinates": [ [ [ -88.319087880335744, 30.296295334003709 ], [ -88.301765143876864, 30.211148712009322 ], [ -88.399769697176453, 30.196102281069923 ], [ -88.417166540177703, 30.281197706688221 ], [ -88.319087880335744, 30.296295334003709 ] ] ] } },
{ "type": "Feature", "properties": { "ID": 39450, "date": "2022-01-01T00:00:00", "smokePM_pred": 3.18861961364746 }, "geometry": { "type": "Polygon", "coordinates": [ [ [ -88.220935075095653, 30.311326082370119 ], [ -88.203686704235807, 30.226128475514848 ], [ -88.301765143876864, 30.211148712009322 ], [ -88.319087880335744, 30.296295334003709 ], [ -88.220935075095653, 30.311326082370119 ] ] ] } },
{ "type": "Feature", "properties": { "ID": 39451, "date": "2022-01-01T00:00:00", "smokePM_pred": 2.9007334709167498 }, "geometry": { "type": "Polygon", "coordinates": [ [ [ -88.122708406872903, 30.326289755966734 ], [ -88.105534660040632, 30.241041376619833 ], [ -88.203686704235807, 30.226128475514848 ], [ -88.220935075095653, 30.311326082370119 ], [ -88.122708406872903, 30.326289755966734 ] ] ] } },
{ "type": "Feature", "properties": { "ID": 39452, "date": "2022-01-01T00:00:00", "smokePM_pred": 2.43178391456604 }, "geometry": { "type": "Polygon", "coordinates": [ [ [ -88.024408159626788, 30.341186159550219 ], [ -88.007309294613094, 30.25588722093331 ], [ -88.105534660040632, 30.241041376619833 ], [ -88.122708406872903, 30.326289755966734 ], [ -88.024408159626788, 30.341186159550219 ] ] ] } },
{ "type": "Feature", "properties": { "ID": 39453, "date": "2022-01-01T00:00:00", "smokePM_pred": 2.7487211227417001 }, "geometry": { "type": "Polygon", "coordinates": [ [ [ -87.926034618858424, 30.356015098460738 ], [ -87.909010892807245, 30.270665814646069 ], [ -88.007309294613094, 30.25588722093331 ], [ -88.024408159626788, 30.341186159550219 ], [ -87.926034618858424, 30.356015098460738 ] ] ] } },
{ "type": "Feature", "properties": { "ID": 39454, "date": "2022-01-01T00:00:00", "smokePM_pred": 2.53114581108093 }, "geometry": { "type": "Polygon", "coordinates": [ [ [ -87.82758807160883, 30.370776378628239 ], [ -87.810639741007549, 30.285376964536912 ], [ -87.909010892807245, 30.270665814646069 ], [ -87.926034618858424, 30.356015098460738 ], [ -87.82758807160883, 30.370776378628239 ] ] ] } },
{ "type": "Feature", "properties": { "ID": 39455, "date": "2022-01-01T00:00:00", "smokePM_pred": 1.7773307561874401 }, "geometry": { "type": "Polygon", "coordinates": [ [ [ -87.729068806456752, 30.385469806578662 ], [ -87.712196127126731, 30.300020477978737 ], [ -87.810639741007549, 30.285376964536912 ], [ -87.82758807160883, 30.370776378628239 ], [ -87.729068806456752, 30.385469806578662 ] ] ] } },
{ "type": "Feature", "properties": { "ID": 39456, "date": "2022-01-01T00:00:00", "smokePM_pred": 1.5547240972518901 }, "geometry": { "type": "Polygon", "coordinates": [ [ [ -87.630477113516704, 30.400095189440087 ], [ -87.613680340603679, 30.314596162944813 ], [ -87.712196127126731, 30.300020477978737 ], [ -87.729068806456752, 30.385469806578662 ], [ -87.630477113516704, 30.400095189440087 ] ] ] } },
{ "type": "Feature", "properties": { "ID": 39457, "date": "2022-01-01T00:00:00", "smokePM_pred": 1.5717204809188801 }, "geometry": { "type": "Polygon", "coordinates": [ [ [ -87.531813284436538, 30.414652334949 ], [ -87.515092672401224, 30.329103828014837 ], [ -87.613680340603679, 30.314596162944813 ], [ -87.630477113516704, 30.400095189440087 ], [ -87.531813284436538, 30.414652334949 ] ] ] } },
{ "type": "Feature", "properties": { "ID": 39458, "date": "2022-01-01T00:00:00", "smokePM_pred": 1.4741278886795 }, "geometry": { "type": "Polygon", "coordinates": [ [ [ -87.433077612395351, 30.429141051456391 ], [ -87.41643341500388, 30.343543282381155 ], [ -87.515092672401224, 30.329103828014837 ], [ -87.531813284436538, 30.414652334949 ], [ -87.433077612395351, 30.429141051456391 ] ] ] } },
{ "type": "Feature", "properties": { "ID": 39459, "date": "2022-01-01T00:00:00", "smokePM_pred": 1.3505288362503101 }, "geometry": { "type": "Polygon", "coordinates": [ [ [ -87.334270392101004, 30.443561147934073 ], [ -87.317702862415373, 30.357914335854943 ], [ -87.41643341500388, 30.343543282381155 ], [ -87.433077612395351, 30.429141051456391 ], [ -87.334270392101004, 30.443561147934073 ] ] ] } },
{ "type": "Feature", "properties": { "ID": 39460, "date": "2022-01-01T00:00:00", "smokePM_pred": 1.2688121795654299 }, "geometry": { "type": "Polygon", "coordinates": [ [ [ -87.23539191978773, 30.457912433980759 ], [ -87.218901310156298, 30.372216798872252 ], [ -87.317702862415373, 30.357914335854943 ], [ -87.334270392101004, 30.443561147934073 ], [ -87.23539191978773, 30.457912433980759 ] ] ] } },
{ "type": "Feature", "properties": { "ID": 39461, "date": "2022-01-01T00:00:00", "smokePM_pred": 1.52522480487823 }, "geometry": { "type": "Polygon", "coordinates": [ [ [ -87.136442493213636, 30.472194719828313 ], [ -87.120029055261597, 30.386450482500337 ], [ -87.218901310156298, 30.372216798872252 ], [ -87.23539191978773, 30.457912433980759 ], [ -87.136442493213636, 30.472194719828313 ] ] ] } },
{ "type": "Feature", "properties": { "ID": 39462, "date": "2022-01-01T00:00:00", "smokePM_pred": 2.4018540382385298 }, "geometry": { "type": "Polygon", "coordinates": [ [ [ -87.037422411658042, 30.486407816347917 ], [ -87.02108639627788, 30.400615198443571 ], [ -87.120029055261597, 30.386450482500337 ], [ -87.136442493213636, 30.472194719828313 ], [ -87.037422411658042, 30.486407816347917 ] ] ] } },
{ "type": "Feature", "properties": { "ID": 39463, "date": "2022-01-01T00:00:00", "smokePM_pred": 2.2954697608947798 }, "geometry": { "type": "Polygon", "coordinates": [ [ [ -86.938331975918942, 30.500551535056204 ], [ -86.922073633260894, 30.41471075904979 ], [ -87.02108639627788, 30.400615198443571 ], [ -87.037422411658042, 30.486407816347917 ], [ -86.938331975918942, 30.500551535056204 ] ] ] } },
{ "type": "Feature", "properties": { "ID": 39464, "date": "2022-01-01T00:00:00", "smokePM_pred": 2.2015414237976101 }, "geometry": { "type": "Polygon", "coordinates": [ [ [ -86.839171488310157, 30.51462568812148 ], [ -86.822991067772719, 30.428736977316337 ], [ -86.922073633260894, 30.41471075904979 ], [ -86.938331975918942, 30.500551535056204 ], [ -86.839171488310157, 30.51462568812148 ] ] ] } },
{ "type": "Feature", "properties": { "ID": 39465, "date": "2022-01-01T00:00:00", "smokePM_pred": 2.17588591575623 }, "geometry": { "type": "Polygon", "coordinates": [ [ [ -86.739941252658582, 30.528630088369887 ], [ -86.723839002878904, 30.442693666896158 ], [ -86.822991067772719, 30.428736977316337 ], [ -86.839171488310157, 30.51462568812148 ], [ -86.739941252658582, 30.528630088369887 ] ] ] } },
{ "type": "Feature", "properties": { "ID": 39466, "date": "2022-01-01T00:00:00", "smokePM_pred": 1.9596127271652199 }, "geometry": { "type": "Polygon", "coordinates": [ [ [ -86.640641574301256, 30.542564549291484 ], [ -86.624617743145649, 30.456580642103994 ], [ -86.723839002878904, 30.442693666896158 ], [ -86.739941252658582, 30.528630088369887 ], [ -86.640641574301256, 30.542564549291484 ] ] ] } },
{ "type": "Feature", "properties": { "ID": 39467, "date": "2022-01-01T00:00:00", "smokePM_pred": 1.5920311212539699 }, "geometry": { "type": "Polygon", "coordinates": [ [ [ -86.54127276008245, 30.556428885046486 ], [ -86.525327594636835, 30.470397717922449 ], [ -86.624617743145649, 30.456580642103994 ], [ -86.640641574301256, 30.542564549291484 ], [ -86.54127276008245, 30.556428885046486 ] ] ] } },
{ "type": "Feature", "properties": { "ID": 39468, "date": "2022-01-01T00:00:00", "smokePM_pred": 1.50850582122803 }, "geometry": { "type": "Polygon", "coordinates": [ [ [ -86.441835118350554, 30.570222910471372 ], [ -86.425968864910928, 30.48414471000811 ], [ -86.525327594636835, 30.470397717922449 ], [ -86.54127276008245, 30.556428885046486 ], [ -86.441835118350554, 30.570222910471372 ] ] ] } },
{ "type": "Feature", "properties": { "ID": 39469, "date": "2022-01-01T00:00:00", "smokePM_pred": 1.3262315988540601 }, "geometry": { "type": "Polygon", "coordinates": [ [ [ -86.342328958955036, 30.583946441085029 ], [ -86.326541863017908, 30.497821434697663 ], [ -86.425968864910928, 30.48414471000811 ], [ -86.441835118350554, 30.570222910471372 ], [ -86.342328958955036, 30.583946441085029 ] ] ] } },
{ "type": "Feature", "properties": { "ID": 39470, "date": "2022-01-01T00:00:00", "smokePM_pred": 1.2702107429504399 }, "geometry": { "type": "Polygon", "coordinates": [ [ [ -86.242754593243177, 30.597599293094845 ], [ -86.227046899496102, 30.511427709013955 ], [ -86.326541863017908, 30.497821434697663 ], [ -86.342328958955036, 30.583946441085029 ], [ -86.242754593243177, 30.597599293094845 ] ] ] } },
{ "type": "Feature", "properties": { "ID": 39471, "date": "2022-01-01T00:00:00", "smokePM_pred": 1.0785168409347501 }, "geometry": { "type": "Polygon", "coordinates": [ [ [ -86.143112334056866, 30.611181283402885 ], [ -86.127484286368855, 30.524963350672124 ], [ -86.227046899496102, 30.511427709013955 ], [ -86.242754593243177, 30.597599293094845 ], [ -86.143112334056866, 30.611181283402885 ] ] ] } },
{ "type": "Feature", "properties": { "ID": 39472, "date": "2022-01-01T00:00:00", "smokePM_pred": 0.98926705121993996 }, "geometry": { "type": "Polygon", "coordinates": [ [ [ -86.043402495729183, 30.624692229611973 ], [ -86.027854337141221, 30.538428178085599 ], [ -86.127484286368855, 30.524963350672124 ], [ -86.143112334056866, 30.611181283402885 ], [ -86.043402495729183, 30.624692229611973 ] ] ] } },
{ "type": "Feature", "properties": { "ID": 39473, "date": "2022-01-01T00:00:00", "smokePM_pred": 0.95798045396804798 }, "geometry": { "type": "Polygon", "coordinates": [ [ [ -85.943625394081039, 30.638131950031756 ], [ -85.928157366796484, 30.551822010372284 ], [ -86.027854337141221, 30.538428178085599 ], [ -86.043402495729183, 30.624692229611973 ], [ -85.943625394081039, 30.638131950031756 ] ] ] } },
{ "type": "Feature", "properties": { "ID": 39884, "date": "2022-01-01T00:00:00", "smokePM_pred": 5.0000715255737296 }, "geometry": { "type": "Polygon", "coordinates": [ [ [ -95.93219970484418, 28.975126046930331 ], [ -95.909712845395333, 28.894685510360254 ], [ -96.00108294403843, 28.874911832268587 ], [ -96.023622115207601, 28.955287024582478 ], [ -95.93219970484418, 28.975126046930331 ] ] ] } },
{ "type": "Feature", "properties": { "ID": 39885, "date": "2022-01-01T00:00:00", "smokePM_pred": 5.4923377037048304 }, "geometry": { "type": "Polygon", "coordinates": [ [ [ -95.840685319804209, 28.994915042854252 ], [ -95.81825105385073, 28.914409302482543 ], [ -95.909712845395333, 28.894685510360254 ], [ -95.93219970484418, 28.975126046930331 ], [ -95.840685319804209, 28.994915042854252 ] ] ] } },
{ "type": "Feature", "properties": { "ID": 39886, "date": "2022-01-01T00:00:00", "smokePM_pred": 5.6876020431518599 }, "geometry": { "type": "Polygon", "coordinates": [ [ [ -95.749079118669727, 29.014653789151058 ], [ -95.72669772804835, 28.934082986323126 ], [ -95.81825105385073, 28.914409302482543 ], [ -95.840685319804209, 28.994915042854252 ], [ -95.749079118669727, 29.014653789151058 ] ] ] } },
{ "type": "Feature", "properties": { "ID": 39887, "date": "2022-01-01T00:00:00", "smokePM_pred": 5.9225158691406197 }, "geometry": { "type": "Polygon", "coordinates": [ [ [ -95.657381261517784, 29.034342062718963 ], [ -95.635053028119543, 28.953706339671786 ], [ -95.72669772804835, 28.934082986323126 ], [ -95.749079118669727, 29.014653789151058 ], [ -95.657381261517784, 29.034342062718963 ] ] ] } },
{ "type": "Feature", "properties": { "ID": 39888, "date": "2022-01-01T00:00:00", "smokePM_pred": 5.9614696502685502 }, "geometry": { "type": "Polygon", "coordinates": [ [ [ -95.565591909923313, 29.053979640562972 ], [ -95.543317115686236, 28.973279140425809 ], [ -95.635053028119543, 28.953706339671786 ], [ -95.657381261517784, 29.034342062718963 ], [ -95.565591909923313, 29.053979640562972 ] ] ] } },
{ "type": "Feature", "properties": { "ID": 39889, "date": "2022-01-01T00:00:00", "smokePM_pred": 6.4384584426879901 }, "geometry": { "type": "Polygon", "coordinates": [ [ [ -95.473711226961996, 29.073566299800408 ], [ -95.451490153863617, 28.992801166595353 ], [ -95.543317115686236, 28.973279140425809 ], [ -95.565591909923313, 29.053979640562972 ], [ -95.473711226961996, 29.073566299800408 ] ] ] } },
{ "type": "Feature", "properties": { "ID": 39890, "date": "2022-01-01T00:00:00", "smokePM_pred": 6.7617745399475098 }, "geometry": { "type": "Polygon", "coordinates": [ [ [ -95.381739377213052, 29.093101817666273 ], [ -95.35957230726298, 29.012272196308992 ], [ -95.451490153863617, 28.992801166595353 ], [ -95.473711226961996, 29.073566299800408 ], [ -95.381739377213052, 29.093101817666273 ] ] ] } },
{ "type": "Feature", "properties": { "ID": 39891, "date": "2022-01-01T00:00:00", "smokePM_pred": 7.2984056472778303 }, "geometry": { "type": "Polygon", "coordinates": [ [ [ -95.289676526761951, 29.112585971518811 ], [ -95.26756374199438, 29.031692007819068 ], [ -95.35957230726298, 29.012272196308992 ], [ -95.381739377213052, 29.093101817666273 ], [ -95.289676526761951, 29.112585971518811 ] ] ] } },
{ "type": "Feature", "properties": { "ID": 39892, "date": "2022-01-01T00:00:00", "smokePM_pred": 8.8869609832763707 }, "geometry": { "type": "Polygon", "coordinates": [ [ [ -95.197522843203188, 29.132018538844914 ], [ -95.175464625669349, 29.05106037950722 ], [ -95.26756374199438, 29.031692007819068 ], [ -95.289676526761951, 29.112585971518811 ], [ -95.197522843203188, 29.132018538844914 ] ] ] } },
{ "type": "Feature", "properties": { "ID": 39893, "date": "2022-01-01T00:00:00", "smokePM_pred": 9.1564073562622106 }, "geometry": { "type": "Polygon", "coordinates": [ [ [ -95.105278495642935, 29.151399297265758 ], [ -95.083275127403496, 29.07037708988986 ], [ -95.175464625669349, 29.05106037950722 ], [ -95.197522843203188, 29.132018538844914 ], [ -95.105278495642935, 29.151399297265758 ] ] ] } },
{ "type": "Feature", "properties": { "ID": 39894, "date": "2022-01-01T00:00:00", "smokePM_pred": 10.580797195434601 }, "geometry": { "type": "Polygon", "coordinates": [ [ [ -95.012943654701616, 29.170728024542225 ], [ -94.99099541781905, 29.089641917623691 ], [ -95.083275127403496, 29.07037708988986 ], [ -95.105278495642935, 29.151399297265758 ], [ -95.012943654701616, 29.170728024542225 ] ] ] } },
{ "type": "Feature", "properties": { "ID": 39895, "date": "2022-01-01T00:00:00", "smokePM_pred": 11.701011657714799 }, "geometry": { "type": "Polygon", "coordinates": [ [ [ -94.920518492516464, 29.19000449858056 ], [ -94.89862566904749, 29.108854641511211 ], [ -94.99099541781905, 29.089641917623691 ], [ -95.012943654701616, 29.170728024542225 ], [ -94.920518492516464, 29.19000449858056 ] ] ] } },
{ "type": "Feature", "properties": { "ID": 39896, "date": "2022-01-01T00:00:00", "smokePM_pred": 12.0623865127563 }, "geometry": { "type": "Polygon", "coordinates": [ [ [ -94.828003182744169, 29.209228497437838 ], [ -94.806166054731946, 29.12801504050633 ], [ -94.89862566904749, 29.108854641511211 ], [ -94.920518492516464, 29.19000449858056 ], [ -94.828003182744169, 29.209228497437838 ] ] ] } },
{ "type": "Feature", "properties": { "ID": 39897, "date": "2022-01-01T00:00:00", "smokePM_pred": 12.032693862915 }, "geometry": { "type": "Polygon", "coordinates": [ [ [ -94.735397900563243, 29.22839979932769 ], [ -94.713616750029658, 29.147122893719853 ], [ -94.806166054731946, 29.12801504050633 ], [ -94.828003182744169, 29.209228497437838 ], [ -94.735397900563243, 29.22839979932769 ] ] ] } },
{ "type": "Feature", "properties": { "ID": 39898, "date": "2022-01-01T00:00:00", "smokePM_pred": 11.1786136627197 }, "geometry": { "type": "Polygon", "coordinates": [ [ [ -94.642702822676497, 29.247518182625758 ], [ -94.620977931614391, 29.166177980425104 ], [ -94.713616750029658, 29.147122893719853 ], [ -94.735397900563243, 29.22839979932769 ], [ -94.642702822676497, 29.247518182625758 ] ] ] } },
{ "type": "Feature", "properties": { "ID": 39917, "date": "2022-01-01T00:00:00", "smokePM_pred": 6.99649906158447 }, "geometry": { "type": "Polygon", "coordinates": [ [ [ -92.864681398856348, 29.600419549302341 ], [ -92.844078919630064, 29.517906803804006 ], [ -92.938382897753044, 29.499895961253781 ], [ -92.959046978182329, 29.582348470671199 ], [ -92.864681398856348, 29.600419549302341 ] ] ] } },
{ "type": "Feature", "properties": { "ID": 39918, "date": "2022-01-01T00:00:00", "smokePM_pred": 6.7276849746704102 }, "geometry": { "type": "Polygon", "coordinates": [ [ [ -92.770229881288003, 29.618433319684787 ], [ -92.749689282986779, 29.535860508190119 ], [ -92.844078919630064, 29.517906803804006 ], [ -92.864681398856348, 29.600419549302341 ], [ -92.770229881288003, 29.618433319684787 ] ] ] } },
{ "type": "Feature", "properties": { "ID": 39919, "date": "2022-01-01T00:00:00", "smokePM_pred": 6.3745212554931596 }, "geometry": { "type": "Polygon", "coordinates": [ [ [ -92.675692634663307, 29.636389564923789 ], [ -92.655214196808402, 29.553756858417682 ], [ -92.749689282986779, 29.535860508190119 ], [ -92.770229881288003, 29.618433319684787 ], [ -92.675692634663307, 29.636389564923789 ] ] ] } },
{ "type": "Feature", "properties": { "ID": 39920, "date": "2022-01-01T00:00:00", "smokePM_pred": 5.8735609054565403 }, "geometry": { "type": "Polygon", "coordinates": [ [ [ -92.581069869733213, 29.65428806841421 ], [ -92.560653871636575, 29.571595638781702 ], [ -92.655214196808402, 29.553756858417682 ], [ -92.675692634663307, 29.636389564923789 ], [ -92.581069869733213, 29.65428806841421 ] ] ] } },
{ "type": "Feature", "properties": { "ID": 39921, "date": "2022-01-01T00:00:00", "smokePM_pred": 4.7924728393554696 }, "geometry": { "type": "Polygon", "coordinates": [ [ [ -92.486361798814727, 29.672128613846574 ], [ -92.466008519570465, 29.589376633872558 ], [ -92.560653871636575, 29.571595638781702 ], [ -92.581069869733213, 29.65428806841421 ], [ -92.486361798814727, 29.672128613846574 ] ] ] } },
{ "type": "Feature", "properties": { "ID": 39922, "date": "2022-01-01T00:00:00", "smokePM_pred": 4.4786686897277797 }, "geometry": { "type": "Polygon", "coordinates": [ [ [ -92.391568635792254, 29.689910985212943 ], [ -92.371278354267858, 29.607099628582016 ], [ -92.466008519570465, 29.589376633872558 ], [ -92.486361798814727, 29.672128613846574 ], [ -92.391568635792254, 29.689910985212943 ] ] ] } },
{ "type": "Feature", "properties": { "ID": 39923, "date": "2022-01-01T00:00:00", "smokePM_pred": 3.7199251651763898 }, "geometry": { "type": "Polygon", "coordinates": [ [ [ -92.296690596118509, 29.707634966812996 ], [ -92.276463590946364, 29.624764408109119 ], [ -92.371278354267858, 29.607099628582016 ], [ -92.391568635792254, 29.689910985212943 ], [ -92.296690596118509, 29.707634966812996 ] ] ] } },
{ "type": "Feature", "properties": { "ID": 39924, "date": "2022-01-01T00:00:00", "smokePM_pred": 3.7760586738586399 }, "geometry": { "type": "Polygon", "coordinates": [ [ [ -92.201727896815683, 29.725300343259981 ], [ -92.1815644463843, 29.64237075796618 ], [ -92.276463590946364, 29.624764408109119 ], [ -92.296690596118509, 29.707634966812996 ], [ -92.201727896815683, 29.725300343259981 ] ] ] } },
{ "type": "Feature", "properties": { "ID": 39925, "date": "2022-01-01T00:00:00", "smokePM_pred": 3.9665880203247101 }, "geometry": { "type": "Polygon", "coordinates": [ [ [ -92.106680756476379, 29.74290689948673 ], [ -92.08658113892173, 29.659918463984788 ], [ -92.1815644463843, 29.64237075796618 ], [ -92.201727896815683, 29.725300343259981 ], [ -92.106680756476379, 29.74290689948673 ] ] ] } },
{ "type": "Feature", "properties": { "ID": 39926, "date": "2022-01-01T00:00:00", "smokePM_pred": 3.6714622974395801 }, "geometry": { "type": "Polygon", "coordinates": [ [ [ -92.011549395264552, 29.760454420751714 ], [ -91.991513888461284, 29.67740731232178 ], [ -92.08658113892173, 29.659918463984788 ], [ -92.106680756476379, 29.74290689948673 ], [ -92.011549395264552, 29.760454420751714 ] ] ] } },
{ "type": "Feature", "properties": { "ID": 39927, "date": "2022-01-01T00:00:00", "smokePM_pred": 3.7708904743194598 }, "geometry": { "type": "Polygon", "coordinates": [ [ [ -91.916334034916346, 29.777942692645045 ], [ -91.896362916469116, 29.694837089465246 ], [ -91.991513888461284, 29.67740731232178 ], [ -92.011549395264552, 29.760454420751714 ], [ -91.916334034916346, 29.777942692645045 ] ] ] } },
{ "type": "Feature", "properties": { "ID": 39928, "date": "2022-01-01T00:00:00", "smokePM_pred": 3.0108895301818799 }, "geometry": { "type": "Polygon", "coordinates": [ [ [ -91.82103489874099, 29.795371501094561 ], [ -91.801128445975536, 29.712207582240559 ], [ -91.896362916469116, 29.694837089465246 ], [ -91.916334034916346, 29.777942692645045 ], [ -91.82103489874099, 29.795371501094561 ] ] ] } },
{ "type": "Feature", "properties": { "ID": 39929, "date": "2022-01-01T00:00:00", "smokePM_pred": 2.31070184707642 }, "geometry": { "type": "Polygon", "coordinates": [ [ [ -91.725652211621437, 29.812740632371856 ], [ -91.705810701575828, 29.729518577816403 ], [ -91.801128445975536, 29.712207582240559 ], [ -91.82103489874099, 29.795371501094561 ], [ -91.725652211621437, 29.812740632371856 ] ] ] } },
{ "type": "Feature", "properties": { "ID": 39930, "date": "2022-01-01T00:00:00", "smokePM_pred": 2.5199060440063499 }, "geometry": { "type": "Polygon", "coordinates": [ [ [ -91.630186200015075, 29.830049873098346 ], [ -91.610409909430871, 29.74676986371081 ], [ -91.705810701575828, 29.729518577816403 ], [ -91.725652211621437, 29.812740632371856 ], [ -91.630186200015075, 29.830049873098346 ] ] ] } },
{ "type": "Feature", "properties": { "ID": 39931, "date": "2022-01-01T00:00:00", "smokePM_pred": 2.1653761863708501 }, "geometry": { "type": "Polygon", "coordinates": [ [ [ -91.53463709195438, 29.847299010251362 ], [ -91.514926297267735, 29.763961227797179 ], [ -91.610409909430871, 29.74676986371081 ], [ -91.630186200015075, 29.830049873098346 ], [ -91.53463709195438, 29.847299010251362 ] ] ] } },
{ "type": "Feature", "properties": { "ID": 39932, "date": "2022-01-01T00:00:00", "smokePM_pred": 2.1543169021606401 }, "geometry": { "type": "Polygon", "coordinates": [ [ [ -91.4390051170475, 29.864487831170273 ], [ -91.419360094380238, 29.781092458310368 ], [ -91.514926297267735, 29.763961227797179 ], [ -91.53463709195438, 29.847299010251362 ], [ -91.4390051170475, 29.864487831170273 ] ] ] } },
{ "type": "Feature", "properties": { "ID": 39933, "date": "2022-01-01T00:00:00", "smokePM_pred": 2.8403840065002401 }, "geometry": { "type": "Polygon", "coordinates": [ [ [ -91.343290506478652, 29.881616123562502 ], [ -91.323711531629357, 29.798163343852792 ], [ -91.419360094380238, 29.781092458310368 ], [ -91.4390051170475, 29.864487831170273 ], [ -91.343290506478652, 29.881616123562502 ] ] ] } },
{ "type": "Feature", "properties": { "ID": 39934, "date": "2022-01-01T00:00:00", "smokePM_pred": 3.0178153514862101 }, "geometry": { "type": "Polygon", "coordinates": [ [ [ -91.247493493008648, 29.898683675509709 ], [ -91.22798084144371, 29.815173673400388 ], [ -91.323711531629357, 29.798163343852792 ], [ -91.343290506478652, 29.881616123562502 ], [ -91.247493493008648, 29.898683675509709 ] ] ] } },
{ "type": "Feature", "properties": { "ID": 39935, "date": "2022-01-01T00:00:00", "smokePM_pred": 2.3395197391510001 }, "geometry": { "type": "Polygon", "coordinates": [ [ [ -91.151614310975233, 29.915690275473853 ], [ -91.132168257819828, 29.832123236308824 ], [ -91.22798084144371, 29.815173673400388 ], [ -91.247493493008648, 29.898683675509709 ], [ -91.151614310975233, 29.915690275473853 ] ] ] } },
{ "type": "Feature", "properties": { "ID": 39936, "date": "2022-01-01T00:00:00", "smokePM_pred": 2.3148424625396702 }, "geometry": { "type": "Polygon", "coordinates": [ [ [ -91.055653196293406, 29.932635712303384 ], [ -91.036274016322508, 29.84901182231954 ], [ -91.132168257819828, 29.832123236308824 ], [ -91.151614310975233, 29.915690275473853 ], [ -91.055653196293406, 29.932635712303384 ] ] ] } },
{ "type": "Feature", "properties": { "ID": 39937, "date": "2022-01-01T00:00:00", "smokePM_pred": 1.97498118877411 }, "geometry": { "type": "Polygon", "coordinates": [ [ [ -90.959610386455637, 29.949519775239313 ], [ -90.940298354085002, 29.865839221565821 ], [ -91.036274016322508, 29.84901182231954 ], [ -91.055653196293406, 29.932635712303384 ], [ -90.959610386455637, 29.949519775239313 ] ] ] } },
{ "type": "Feature", "properties": { "ID": 39938, "date": "2022-01-01T00:00:00", "smokePM_pred": 3.0113656520843501 }, "geometry": { "type": "Polygon", "coordinates": [ [ [ -90.863486120532087, 29.966342253921383 ], [ -90.844241509809137, 29.882605224578985 ], [ -90.940298354085002, 29.865839221565821 ], [ -90.959610386455637, 29.949519775239313 ], [ -90.863486120532087, 29.966342253921383 ] ] ] } },
{ "type": "Feature", "properties": { "ID": 39939, "date": "2022-01-01T00:00:00", "smokePM_pred": 2.2530200481414799 }, "geometry": { "type": "Polygon", "coordinates": [ [ [ -90.767280639170664, 29.983102938394232 ], [ -90.748103723765482, 29.89930962229441 ], [ -90.844241509809137, 29.882605224578985 ], [ -90.863486120532087, 29.966342253921383 ], [ -90.767280639170664, 29.983102938394232 ] ] ] } },
{ "type": "Feature", "properties": { "ID": 39940, "date": "2022-01-01T00:00:00", "smokePM_pred": 2.1171903610229501 }, "geometry": { "type": "Polygon", "coordinates": [ [ [ -90.670994184597163, 29.999801619113512 ], [ -90.651885237793294, 29.915952206057739 ], [ -90.748103723765482, 29.89930962229441 ], [ -90.767280639170664, 29.983102938394232 ], [ -90.670994184597163, 29.999801619113512 ] ] ] } },
{ "type": "Feature", "properties": { "ID": 39941, "date": "2022-01-01T00:00:00", "smokePM_pred": 3.1718368530273402 }, "geometry": { "type": "Polygon", "coordinates": [ [ [ -90.574627000615166, 30.0164380869521 ], [ -90.555586295300557, 29.932532767630963 ], [ -90.651885237793294, 29.915952206057739 ], [ -90.670994184597163, 29.999801619113512 ], [ -90.574627000615166, 30.0164380869521 ] ] ] } },
{ "type": "Feature", "properties": { "ID": 39942, "date": "2022-01-01T00:00:00", "smokePM_pred": 4.2330784797668501 }, "geometry": { "type": "Polygon", "coordinates": [ [ [ -90.478179332605961, 30.033012133206263 ], [ -90.459207141263789, 29.949051099198602 ], [ -90.555586295300557, 29.932532767630963 ], [ -90.574627000615166, 30.0164380869521 ], [ -90.478179332605961, 30.033012133206263 ] ] ] } },
{ "type": "Feature", "properties": { "ID": 39943, "date": "2022-01-01T00:00:00", "smokePM_pred": 5.3341937065124503 }, "geometry": { "type": "Polygon", "coordinates": [ [ [ -90.38165142752851, 30.049523549601801 ], [ -90.362748022227976, 29.965506993373786 ], [ -90.459207141263789, 29.949051099198602 ], [ -90.478179332605961, 30.033012133206263 ], [ -90.38165142752851, 30.049523549601801 ] ] ] } },
{ "type": "Feature", "properties": { "ID": 39944, "date": "2022-01-01T00:00:00", "smokePM_pred": 5.8801774978637704 }, "geometry": { "type": "Polygon", "coordinates": [ [ [ -90.285043533919051, 30.065972128300256 ], [ -90.266209186306227, 29.98190024320451 ], [ -90.362748022227976, 29.965506993373786 ], [ -90.38165142752851, 30.049523549601801 ], [ -90.285043533919051, 30.065972128300256 ] ] ] } },
{ "type": "Feature", "properties": { "ID": 39945, "date": "2022-01-01T00:00:00", "smokePM_pred": 6.1172246932983398 }, "geometry": { "type": "Polygon", "coordinates": [ [ [ -90.188355901891015, 30.082357661905128 ], [ -90.169590883179595, 29.998230642179678 ], [ -90.266209186306227, 29.98190024320451 ], [ -90.285043533919051, 30.065972128300256 ], [ -90.188355901891015, 30.082357661905128 ] ] ] } },
{ "type": "Feature", "properties": { "ID": 39946, "date": "2022-01-01T00:00:00", "smokePM_pred": 4.49904441833496 }, "geometry": { "type": "Polygon", "coordinates": [ [ [ -90.091588783134512, 30.098679943468021 ], [ -90.072893364096558, 30.014497984235355 ], [ -90.169590883179595, 29.998230642179678 ], [ -90.188355901891015, 30.082357661905128 ], [ -90.091588783134512, 30.098679943468021 ] ] ] } },
{ "type": "Feature", "properties": { "ID": 39947, "date": "2022-01-01T00:00:00", "smokePM_pred": 4.7384743690490696 }, "geometry": { "type": "Polygon", "coordinates": [ [ [ -89.994742430915977, 30.114938766494895 ], [ -89.976116881872713, 30.030702063760902 ], [ -90.072893364096558, 30.014497984235355 ], [ -90.091588783134512, 30.098679943468021 ], [ -89.994742430915977, 30.114938766494895 ] ] ] } },
{ "type": "Feature", "properties": { "ID": 39948, "date": "2022-01-01T00:00:00", "smokePM_pred": 5.28940773010254 }, "geometry": { "type": "Polygon", "coordinates": [ [ [ -89.897817100077731, 30.13113392495227 ], [ -89.879261690890246, 30.046842675605163 ], [ -89.976116881872713, 30.030702063760902 ], [ -89.994742430915977, 30.114938766494895 ], [ -89.897817100077731, 30.13113392495227 ] ] ] } },
{ "type": "Feature", "properties": { "ID": 39949, "date": "2022-01-01T00:00:00", "smokePM_pred": 5.1055026054382298 }, "geometry": { "type": "Polygon", "coordinates": [ [ [ -89.800813047037408, 30.147265213273393 ], [ -89.782328047097309, 30.062919615082638 ], [ -89.879261690890246, 30.046842675605163 ], [ -89.897817100077731, 30.13113392495227 ], [ -89.800813047037408, 30.147265213273393 ] ] ] } },
{ "type": "Feature", "properties": { "ID": 39950, "date": "2022-01-01T00:00:00", "smokePM_pred": 4.7282624244689897 }, "geometry": { "type": "Polygon", "coordinates": [ [ [ -89.703730529787251, 30.163332426364494 ], [ -89.685316208007393, 30.078932677979637 ], [ -89.782328047097309, 30.062919615082638 ], [ -89.800813047037408, 30.147265213273393 ], [ -89.703730529787251, 30.163332426364494 ] ] ] } },
{ "type": "Feature", "properties": { "ID": 39951, "date": "2022-01-01T00:00:00", "smokePM_pred": 4.4721636772155797 }, "geometry": { "type": "Polygon", "coordinates": [ [ [ -89.60656980789355, 30.17933535961102 ], [ -89.58822643269869, 30.094881660560532 ], [ -89.685316208007393, 30.078932677979637 ], [ -89.703730529787251, 30.163332426364494 ], [ -89.60656980789355, 30.17933535961102 ] ] ] } },
{ "type": "Feature", "properties": { "ID": 39952, "date": "2022-01-01T00:00:00", "smokePM_pred": 4.11993312835693 }, "geometry": { "type": "Polygon", "coordinates": [ [ [ -89.509331142495753, 30.19527380888383 ], [ -89.491058981813197, 30.110766359573919 ], [ -89.58822643269869, 30.094881660560532 ], [ -89.60656980789355, 30.17933535961102 ], [ -89.509331142495753, 30.19527380888383 ] ] ] } },
{ "type": "Feature", "properties": { "ID": 39953, "date": "2022-01-01T00:00:00", "smokePM_pred": 3.6784303188324001 }, "geometry": { "type": "Polygon", "coordinates": [ [ [ -89.412014796305797, 30.211147570545439 ], [ -89.393814117556033, 30.126586572258791 ], [ -89.491058981813197, 30.110766359573919 ], [ -89.509331142495753, 30.19527380888383 ], [ -89.412014796305797, 30.211147570545439 ] ] ] } },
{ "type": "Feature", "properties": { "ID": 39954, "date": "2022-01-01T00:00:00", "smokePM_pred": 3.6751956939697301 }, "geometry": { "type": "Polygon", "coordinates": [ [ [ -89.314621033607025, 30.226956441456259 ], [ -89.29649210369432, 30.142342096350781 ], [ -89.393814117556033, 30.126586572258791 ], [ -89.412014796305797, 30.211147570545439 ], [ -89.314621033607025, 30.226956441456259 ] ] ] } },
{ "type": "Feature", "properties": { "ID": 39955, "date": "2022-01-01T00:00:00", "smokePM_pred": 3.3627123832702601 }, "geometry": { "type": "Polygon", "coordinates": [ [ [ -89.217150120253365, 30.242700218980794 ], [ -89.199093205556395, 30.158032730088323 ], [ -89.29649210369432, 30.142342096350781 ], [ -89.314621033607025, 30.226956441456259 ], [ -89.217150120253365, 30.242700218980794 ] ] ] } },
{ "type": "Feature", "properties": { "ID": 39956, "date": "2022-01-01T00:00:00", "smokePM_pred": 3.1929628849029501 }, "geometry": { "type": "Polygon", "coordinates": [ [ [ -89.119602323668232, 30.258378700993958 ], [ -89.101617690030636, 30.173658272218898 ], [ -89.199093205556395, 30.158032730088323 ], [ -89.217150120253365, 30.242700218980794 ], [ -89.119602323668232, 30.258378700993958 ] ] ] } },
{ "type": "Feature", "properties": { "ID": 39957, "date": "2022-01-01T00:00:00", "smokePM_pred": 2.9051282405853298 }, "geometry": { "type": "Polygon", "coordinates": [ [ [ -89.021977912843425, 30.273991685887232 ], [ -89.004065825564354, 30.189218522005184 ], [ -89.101617690030636, 30.173658272218898 ], [ -89.119602323668232, 30.258378700993958 ], [ -89.021977912843425, 30.273991685887232 ] ] ] } },
{ "type": "Feature", "properties": { "ID": 39958, "date": "2022-01-01T00:00:00", "smokePM_pred": 2.8313047885894802 }, "geometry": { "type": "Polygon", "coordinates": [ [ [ -88.924277158337929, 30.28953897257497 ], [ -88.906437882162663, 30.204713279231328 ], [ -89.004065825564354, 30.189218522005184 ], [ -89.021977912843425, 30.273991685887232 ], [ -88.924277158337929, 30.28953897257497 ] ] ] } },
{ "type": "Feature", "properties": { "ID": 39959, "date": "2022-01-01T00:00:00", "smokePM_pred": 2.8633649349212602 }, "geometry": { "type": "Polygon", "coordinates": [ [ [ -88.82650033227668, 30.305020360500588 ], [ -88.808734131387084, 30.22014234420913 ], [ -88.906437882162663, 30.204713279231328 ], [ -88.924277158337929, 30.28953897257497 ], [ -88.82650033227668, 30.305020360500588 ] ] ] } },
{ "type": "Feature", "properties": { "ID": 39960, "date": "2022-01-01T00:00:00", "smokePM_pred": 2.94840407371521 }, "geometry": { "type": "Polygon", "coordinates": [ [ [ -88.728647708349229, 30.320435649642853 ], [ -88.710954846354383, 30.235505517784226 ], [ -88.808734131387084, 30.22014234420913 ], [ -88.82650033227668, 30.305020360500588 ], [ -88.728647708349229, 30.320435649642853 ] ] ] } },
{ "type": "Feature", "properties": { "ID": 39961, "date": "2022-01-01T00:00:00", "smokePM_pred": 2.9113750457763699 }, "geometry": { "type": "Polygon", "coordinates": [ [ [ -88.630719561808391, 30.335784640522121 ], [ -88.613100301734988, 30.25080260134235 ], [ -88.710954846354383, 30.235505517784226 ], [ -88.728647708349229, 30.320435649642853 ], [ -88.630719561808391, 30.335784640522121 ] ] ] } },
{ "type": "Feature", "properties": { "ID": 39962, "date": "2022-01-01T00:00:00", "smokePM_pred": 2.7205734252929701 }, "geometry": { "type": "Polygon", "coordinates": [ [ [ -88.532716169468685, 30.351067134206566 ], [ -88.51517077375162, 30.266033396815505 ], [ -88.613100301734988, 30.25080260134235 ], [ -88.630719561808391, 30.335784640522121 ], [ -88.532716169468685, 30.351067134206566 ] ] ] } },
{ "type": "Feature", "properties": { "ID": 39963, "date": "2022-01-01T00:00:00", "smokePM_pred": 2.7975113391876198 }, "geometry": { "type": "Polygon", "coordinates": [ [ [ -88.434637809704881, 30.366282932318448 ], [ -88.417166540177703, 30.281197706688221 ], [ -88.51517077375162, 30.266033396815505 ], [ -88.532716169468685, 30.351067134206566 ], [ -88.434637809704881, 30.366282932318448 ] ] ] } },
{ "type": "Feature", "properties": { "ID": 39964, "date": "2022-01-01T00:00:00", "smokePM_pred": 3.0144729614257799 }, "geometry": { "type": "Polygon", "coordinates": [ [ [ -88.336484762450368, 30.381431837040363 ], [ -88.319087880335744, 30.296295334003709 ], [ -88.417166540177703, 30.281197706688221 ], [ -88.434637809704881, 30.366282932318448 ], [ -88.336484762450368, 30.381431837040363 ] ] ] } },
{ "type": "Feature", "properties": { "ID": 39965, "date": "2022-01-01T00:00:00", "smokePM_pred": 2.9060978889465301 }, "geometry": { "type": "Polygon", "coordinates": [ [ [ -88.238257309195447, 30.396513651121438 ], [ -88.220935075095653, 30.311326082370119 ], [ -88.319087880335744, 30.296295334003709 ], [ -88.336484762450368, 30.381431837040363 ], [ -88.238257309195447, 30.396513651121438 ] ] ] } },
{ "type": "Feature", "properties": { "ID": 39966, "date": "2022-01-01T00:00:00", "smokePM_pred": 2.37567234039307 }, "geometry": { "type": "Polygon", "coordinates": [ [ [ -88.139955732985513, 30.411528177883689 ], [ -88.122708406872903, 30.326289755966734 ], [ -88.220935075095653, 30.311326082370119 ], [ -88.238257309195447, 30.396513651121438 ], [ -88.139955732985513, 30.411528177883689 ] ] ] } },
{ "type": "Feature", "properties": { "ID": 39967, "date": "2022-01-01T00:00:00", "smokePM_pred": 2.3273506164550799 }, "geometry": { "type": "Polygon", "coordinates": [ [ [ -88.041580318419363, 30.426475221228127 ], [ -88.024408159626788, 30.341186159550219 ], [ -88.122708406872903, 30.326289755966734 ], [ -88.139955732985513, 30.411528177883689 ], [ -88.041580318419363, 30.426475221228127 ] ] ] } },
{ "type": "Feature", "properties": { "ID": 39968, "date": "2022-01-01T00:00:00", "smokePM_pred": 2.51670598983765 }, "geometry": { "type": "Polygon", "coordinates": [ [ [ -87.943131351647139, 30.441354585641086 ], [ -87.926034618858424, 30.356015098460738 ], [ -88.024408159626788, 30.341186159550219 ], [ -88.041580318419363, 30.426475221228127 ], [ -87.943131351647139, 30.441354585641086 ] ] ] } },
{ "type": "Feature", "properties": { "ID": 39969, "date": "2022-01-01T00:00:00", "smokePM_pred": 1.8638129234314 }, "geometry": { "type": "Polygon", "coordinates": [ [ [ -87.844609120368489, 30.456166076200503 ], [ -87.82758807160883, 30.370776378628239 ], [ -87.926034618858424, 30.356015098460738 ], [ -87.943131351647139, 30.441354585641086 ], [ -87.844609120368489, 30.456166076200503 ] ] ] } },
{ "type": "Feature", "properties": { "ID": 39970, "date": "2022-01-01T00:00:00", "smokePM_pred": 1.6091405153274501 }, "geometry": { "type": "Polygon", "coordinates": [ [ [ -87.746013913830367, 30.470909498582028 ], [ -87.729068806456752, 30.385469806578662 ], [ -87.82758807160883, 30.370776378628239 ], [ -87.844609120368489, 30.456166076200503 ], [ -87.746013913830367, 30.470909498582028 ] ] ] } },
{ "type": "Feature", "properties": { "ID": 39971, "date": "2022-01-01T00:00:00", "smokePM_pred": 1.50219190120697 }, "geometry": { "type": "Polygon", "coordinates": [ [ [ -87.647346022825005, 30.485584659065388 ], [ -87.630477113516704, 30.400095189440087 ], [ -87.729068806456752, 30.385469806578662 ], [ -87.746013913830367, 30.470909498582028 ], [ -87.647346022825005, 30.485584659065388 ] ] ] } },
{ "type": "Feature", "properties": { "ID": 39972, "date": "2022-01-01T00:00:00", "smokePM_pred": 1.2271767854690601 }, "geometry": { "type": "Polygon", "coordinates": [ [ [ -87.548605739687659, 30.500191364540552 ], [ -87.531813284436538, 30.414652334949 ], [ -87.630477113516704, 30.400095189440087 ], [ -87.647346022825005, 30.485584659065388 ], [ -87.548605739687659, 30.500191364540552 ] ] ] } },
{ "type": "Feature", "properties": { "ID": 39973, "date": "2022-01-01T00:00:00", "smokePM_pred": 1.2793152332305899 }, "geometry": { "type": "Polygon", "coordinates": [ [ [ -87.449793358294372, 30.514729422513987 ], [ -87.433077612395351, 30.429141051456391 ], [ -87.531813284436538, 30.414652334949 ], [ -87.548605739687659, 30.500191364540552 ], [ -87.449793358294372, 30.514729422513987 ] ] ] } },
{ "type": "Feature", "properties": { "ID": 39974, "date": "2022-01-01T00:00:00", "smokePM_pred": 0.96308743953704801 }, "geometry": { "type": "Polygon", "coordinates": [ [ [ -87.350909174059538, 30.529198641114878 ], [ -87.334270392101004, 30.443561147934073 ], [ -87.433077612395351, 30.429141051456391 ], [ -87.449793358294372, 30.514729422513987 ], [ -87.350909174059538, 30.529198641114878 ] ] ] } },
{ "type": "Feature", "properties": { "ID": 39975, "date": "2022-01-01T00:00:00", "smokePM_pred": 0.77651649713516202 }, "geometry": { "type": "Polygon", "coordinates": [ [ [ -87.251953483933562, 30.543598829101345 ], [ -87.23539191978773, 30.457912433980759 ], [ -87.334270392101004, 30.443561147934073 ], [ -87.350909174059538, 30.529198641114878 ], [ -87.251953483933562, 30.543598829101345 ] ] ] } },
{ "type": "Feature", "properties": { "ID": 39976, "date": "2022-01-01T00:00:00", "smokePM_pred": 0.59854865074157704 }, "geometry": { "type": "Polygon", "coordinates": [ [ [ -87.152926586400255, 30.557929795866691 ], [ -87.136442493213636, 30.472194719828313 ], [ -87.23539191978773, 30.457912433980759 ], [ -87.251953483933562, 30.543598829101345 ], [ -87.152926586400255, 30.557929795866691 ] ] ] } },
{ "type": "Feature", "properties": { "ID": 39977, "date": "2022-01-01T00:00:00", "smokePM_pred": 1.2041723728179901 }, "geometry": { "type": "Polygon", "coordinates": [ [ [ -87.05382878147438, 30.572191351445593 ], [ -87.037422411658042, 30.486407816347917 ], [ -87.136442493213636, 30.472194719828313 ], [ -87.152926586400255, 30.557929795866691 ], [ -87.05382878147438, 30.572191351445593 ] ] ] } },
{ "type": "Feature", "properties": { "ID": 39978, "date": "2022-01-01T00:00:00", "smokePM_pred": 1.7604467868804901 }, "geometry": { "type": "Polygon", "coordinates": [ [ [ -86.954660370698846, 30.586383306520268 ], [ -86.938331975918942, 30.500551535056204 ], [ -87.037422411658042, 30.486407816347917 ], [ -87.05382878147438, 30.572191351445593 ], [ -86.954660370698846, 30.586383306520268 ] ] ] } },
{ "type": "Feature", "properties": { "ID": 39979, "date": "2022-01-01T00:00:00", "smokePM_pred": 2.00640916824341 }, "geometry": { "type": "Polygon", "coordinates": [ [ [ -86.855421657142088, 30.600505472426793 ], [ -86.839171488310157, 30.51462568812148 ], [ -86.938331975918942, 30.500551535056204 ], [ -86.954660370698846, 30.586383306520268 ], [ -86.855421657142088, 30.600505472426793 ] ] ] } },
{ "type": "Feature", "properties": { "ID": 39980, "date": "2022-01-01T00:00:00", "smokePM_pred": 1.87822902202606 }, "geometry": { "type": "Polygon", "coordinates": [ [ [ -86.756112945395188, 30.614557661161182 ], [ -86.739941252658582, 30.528630088369887 ], [ -86.839171488310157, 30.51462568812148 ], [ -86.855421657142088, 30.600505472426793 ], [ -86.756112945395188, 30.614557661161182 ] ] ] } },
{ "type": "Feature", "properties": { "ID": 39981, "date": "2022-01-01T00:00:00", "smokePM_pred": 1.8000580072403001 }, "geometry": { "type": "Polygon", "coordinates": [ [ [ -86.656734541569037, 30.628539685385658 ], [ -86.640641574301256, 30.542564549291484 ], [ -86.739941252658582, 30.528630088369887 ], [ -86.756112945395188, 30.614557661161182 ], [ -86.656734541569037, 30.628539685385658 ] ] ] } },
{ "type": "Feature", "properties": { "ID": 39982, "date": "2022-01-01T00:00:00", "smokePM_pred": 1.6314790248870801 }, "geometry": { "type": "Polygon", "coordinates": [ [ [ -86.557286753291308, 30.642451358434805 ], [ -86.54127276008245, 30.556428885046486 ], [ -86.640641574301256, 30.542564549291484 ], [ -86.656734541569037, 30.628539685385658 ], [ -86.557286753291308, 30.642451358434805 ] ] ] } },
{ "type": "Feature", "properties": { "ID": 39983, "date": "2022-01-01T00:00:00", "smokePM_pred": 1.5679968595504801 }, "geometry": { "type": "Polygon", "coordinates": [ [ [ -86.457769889703442, 30.65629249432174 ], [ -86.441835118350554, 30.570222910471372 ], [ -86.54127276008245, 30.556428885046486 ], [ -86.557286753291308, 30.642451358434805 ], [ -86.457769889703442, 30.65629249432174 ] ] ] } },
{ "type": "Feature", "properties": { "ID": 39984, "date": "2022-01-01T00:00:00", "smokePM_pred": 1.3916152715682999 }, "geometry": { "type": "Polygon", "coordinates": [ [ [ -86.358184261457566, 30.670062907744306 ], [ -86.342328958955036, 30.583946441085029 ], [ -86.441835118350554, 30.570222910471372 ], [ -86.457769889703442, 30.65629249432174 ], [ -86.358184261457566, 30.670062907744306 ] ] ] } },
{ "type": "Feature", "properties": { "ID": 39985, "date": "2022-01-01T00:00:00", "smokePM_pred": 1.2284301519393901 }, "geometry": { "type": "Polygon", "coordinates": [ [ [ -86.258530180713251, 30.683762414091238 ], [ -86.242754593243177, 30.597599293094845 ], [ -86.342328958955036, 30.583946441085029 ], [ -86.358184261457566, 30.670062907744306 ], [ -86.258530180713251, 30.683762414091238 ] ] ] } },
{ "type": "Feature", "properties": { "ID": 39986, "date": "2022-01-01T00:00:00", "smokePM_pred": 1.18861997127533 }, "geometry": { "type": "Polygon", "coordinates": [ [ [ -86.158807961134201, 30.697390829448285 ], [ -86.143112334056866, 30.611181283402885 ], [ -86.242754593243177, 30.597599293094845 ], [ -86.258530180713251, 30.683762414091238 ], [ -86.158807961134201, 30.697390829448285 ] ] ] } },
{ "type": "Feature", "properties": { "ID": 39987, "date": "2022-01-01T00:00:00", "smokePM_pred": 0.92984902858734098 }, "geometry": { "type": "Polygon", "coordinates": [ [ [ -86.059017917885015, 30.710947970604398 ], [ -86.043402495729183, 30.624692229611973 ], [ -86.143112334056866, 30.611181283402885 ], [ -86.158807961134201, 30.697390829448285 ], [ -86.059017917885015, 30.710947970604398 ] ] ] } },
{ "type": "Feature", "properties": { "ID": 39988, "date": "2022-01-01T00:00:00", "smokePM_pred": 0.91606813669204701 }, "geometry": { "type": "Polygon", "coordinates": [ [ [ -85.959160367627646, 30.724433655057844 ], [ -85.943625394081039, 30.638131950031756 ], [ -86.043402495729183, 30.624692229611973 ], [ -86.059017917885015, 30.710947970604398 ], [ -85.959160367627646, 30.724433655057844 ] ] ] } },
{ "type": "Feature", "properties": { "ID": 40400, "date": "2022-01-01T00:00:00", "smokePM_pred": 5.1138644218444798 }, "geometry": { "type": "Polygon", "coordinates": [ [ [ -95.863211402101356, 29.075403896901282 ], [ -95.840685319804209, 28.994915042854252 ], [ -95.93219970484418, 28.975126046930331 ], [ -95.954778539218267, 29.055549611538765 ], [ -95.863211402101356, 29.075403896901282 ] ] ] } },
{ "type": "Feature", "properties": { "ID": 40401, "date": "2022-01-01T00:00:00", "smokePM_pred": 5.1816449165344203 }, "geometry": { "type": "Polygon", "coordinates": [ [ [ -95.771552165558234, 29.095207791349257 ], [ -95.749079118669727, 29.014653789151058 ], [ -95.840685319804209, 28.994915042854252 ], [ -95.863211402101356, 29.075403896901282 ], [ -95.771552165558234, 29.095207791349257 ] ] ] } },
{ "type": "Feature", "properties": { "ID": 40402, "date": "2022-01-01T00:00:00", "smokePM_pred": 5.6168141365051296 }, "geometry": { "type": "Polygon", "coordinates": [ [ [ -95.679800989608651, 29.114961070886771 ], [ -95.657381261517784, 29.034342062718963 ], [ -95.749079118669727, 29.014653789151058 ], [ -95.771552165558234, 29.095207791349257 ], [ -95.679800989608651, 29.114961070886771 ] ] ] } },
{ "type": "Feature", "properties": { "ID": 40403, "date": "2022-01-01T00:00:00", "smokePM_pred": 5.7997536659240696 }, "geometry": { "type": "Polygon", "coordinates": [ [ [ -95.587958035777831, 29.134663511624048 ], [ -95.565591909923313, 29.053979640562972 ], [ -95.657381261517784, 29.034342062718963 ], [ -95.679800989608651, 29.114961070886771 ], [ -95.587958035777831, 29.134663511624048 ] ] ] } },
{ "type": "Feature", "properties": { "ID": 40404, "date": "2022-01-01T00:00:00", "smokePM_pred": 6.0976080894470197 }, "geometry": { "type": "Polygon", "coordinates": [ [ [ -95.496023467099079, 29.15431488978291 ], [ -95.473711226961996, 29.073566299800408 ], [ -95.565591909923313, 29.053979640562972 ], [ -95.587958035777831, 29.134663511624048 ], [ -95.496023467099079, 29.15431488978291 ] ] ] } },
{ "type": "Feature", "properties": { "ID": 40405, "date": "2022-01-01T00:00:00", "smokePM_pred": 6.5116009712219203 }, "geometry": { "type": "Polygon", "coordinates": [ [ [ -95.403997448116769, 29.173914981702207 ], [ -95.381739377213052, 29.093101817666273 ], [ -95.473711226961996, 29.073566299800408 ], [ -95.496023467099079, 29.15431488978291 ], [ -95.403997448116769, 29.173914981702207 ] ] ] } },
{ "type": "Feature", "properties": { "ID": 40406, "date": "2022-01-01T00:00:00", "smokePM_pred": 6.9800314903259304 }, "geometry": { "type": "Polygon", "coordinates": [ [ [ -95.31188014488913, 29.193463563843437 ], [ -95.289676526761951, 29.112585971518811 ], [ -95.381739377213052, 29.093101817666273 ], [ -95.403997448116769, 29.173914981702207 ], [ -95.31188014488913, 29.193463563843437 ] ] ] } },
{ "type": "Feature", "properties": { "ID": 40407, "date": "2022-01-01T00:00:00", "smokePM_pred": 8.1110305786132795 }, "geometry": { "type": "Polygon", "coordinates": [ [ [ -95.219671724990931, 29.212960412796193 ], [ -95.197522843203188, 29.132018538844914 ], [ -95.289676526761951, 29.112585971518811 ], [ -95.31188014488913, 29.193463563843437 ], [ -95.219671724990931, 29.212960412796193 ] ] ] } },
{ "type": "Feature", "properties": { "ID": 40408, "date": "2022-01-01T00:00:00", "smokePM_pred": 9.2459087371826207 }, "geometry": { "type": "Polygon", "coordinates": [ [ [ -95.127372357516293, 29.232405305283724 ], [ -95.105278495642935, 29.151399297265758 ], [ -95.197522843203188, 29.132018538844914 ], [ -95.219671724990931, 29.212960412796193 ], [ -95.127372357516293, 29.232405305283724 ] ] ] } },
{ "type": "Feature", "properties": { "ID": 40409, "date": "2022-01-01T00:00:00", "smokePM_pred": 10.5966501235962 }, "geometry": { "type": "Polygon", "coordinates": [ [ [ -95.034982213081193, 29.251798018168451 ], [ -95.012943654701616, 29.170728024542225 ], [ -95.105278495642935, 29.151399297265758 ], [ -95.127372357516293, 29.232405305283724 ], [ -95.034982213081193, 29.251798018168451 ] ] ] } },
{ "type": "Feature", "properties": { "ID": 40410, "date": "2022-01-01T00:00:00", "smokePM_pred": 12.196855545043899 }, "geometry": { "type": "Polygon", "coordinates": [ [ [ -94.942501463826233, 29.27113832845767 ], [ -94.920518492516464, 29.19000449858056 ], [ -95.012943654701616, 29.170728024542225 ], [ -95.034982213081193, 29.251798018168451 ], [ -94.942501463826233, 29.27113832845767 ] ] ] } },
{ "type": "Feature", "properties": { "ID": 40411, "date": "2022-01-01T00:00:00", "smokePM_pred": 12.273441314697299 }, "geometry": { "type": "Polygon", "coordinates": [ [ [ -94.849930283419098, 29.29042601330902 ], [ -94.828003182744169, 29.209228497437838 ], [ -94.920518492516464, 29.19000449858056 ], [ -94.942501463826233, 29.27113832845767 ], [ -94.849930283419098, 29.29042601330902 ] ] ] } },
{ "type": "Feature", "properties": { "ID": 40412, "date": "2022-01-01T00:00:00", "smokePM_pred": 11.779960632324199 }, "geometry": { "type": "Polygon", "coordinates": [ [ [ -94.757268847057134, 29.309660850036177 ], [ -94.735397900563243, 29.22839979932769 ], [ -94.828003182744169, 29.209228497437838 ], [ -94.849930283419098, 29.29042601330902 ], [ -94.757268847057134, 29.309660850036177 ] ] ] } },
{ "type": "Feature", "properties": { "ID": 40413, "date": "2022-01-01T00:00:00", "smokePM_pred": 11.129402160644499 }, "geometry": { "type": "Polygon", "coordinates": [ [ [ -94.664517331469796, 29.328842616114454 ], [ -94.642702822676497, 29.247518182625758 ], [ -94.735397900563243, 29.22839979932769 ], [ -94.757268847057134, 29.309660850036177 ], [ -94.664517331469796, 29.328842616114454 ] ] ] } },
{ "type": "Feature", "properties": { "ID": 40414, "date": "2022-01-01T00:00:00", "smokePM_pred": 10.2003726959229 }, "geometry": { "type": "Polygon", "coordinates": [ [ [ -94.571675914921073, 29.34797108918648 ], [ -94.549918127313362, 29.266583425875456 ], [ -94.642702822676497, 29.247518182625758 ], [ -94.664517331469796, 29.328842616114454 ], [ -94.571675914921073, 29.34797108918648 ] ] ] } },
{ "type": "Feature", "properties": { "ID": 40431, "date": "2022-01-01T00:00:00", "smokePM_pred": 7.8253669738769496 }, "geometry": { "type": "Polygon", "coordinates": [ [ [ -92.979797204736755, 29.664786764108925 ], [ -92.959046978182329, 29.582348470671199 ], [ -93.053326411643496, 29.564220300969847 ], [ -93.074138165546515, 29.646598102956034 ], [ -92.979797204736755, 29.664786764108925 ] ] ] } },
{ "type": "Feature", "properties": { "ID": 40432, "date": "2022-01-01T00:00:00", "smokePM_pred": 7.1449236869812003 }, "geometry": { "type": "Polygon", "coordinates": [ [ [ -92.885369816585609, 29.682918164980261 ], [ -92.864681398856348, 29.600419549302341 ], [ -92.959046978182329, 29.582348470671199 ], [ -92.979797204736755, 29.664786764108925 ], [ -92.885369816585609, 29.682918164980261 ] ] ] } },
{ "type": "Feature", "properties": { "ID": 40433, "date": "2022-01-01T00:00:00", "smokePM_pred": 6.7475113868713397 }, "geometry": { "type": "Polygon", "coordinates": [ [ [ -92.790856208906419, 29.70099208748816 ], [ -92.770229881288003, 29.618433319684787 ], [ -92.864681398856348, 29.600419549302341 ], [ -92.885369816585609, 29.682918164980261 ], [ -92.790856208906419, 29.70099208748816 ] ] ] } },
{ "type": "Feature", "properties": { "ID": 40434, "date": "2022-01-01T00:00:00", "smokePM_pred": 6.4094758033752397 }, "geometry": { "type": "Polygon", "coordinates": [ [ [ -92.696256591084676, 29.719008313834628 ], [ -92.675692634663307, 29.636389564923789 ], [ -92.770229881288003, 29.618433319684787 ], [ -92.790856208906419, 29.70099208748816 ], [ -92.696256591084676, 29.719008313834628 ] ] ] } },
{ "type": "Feature", "properties": { "ID": 40435, "date": "2022-01-01T00:00:00", "smokePM_pred": 5.7809824943542498 }, "geometry": { "type": "Polygon", "coordinates": [ [ [ -92.601571174079396, 29.736966626511453 ], [ -92.581069869733213, 29.65428806841421 ], [ -92.675692634663307, 29.636389564923789 ], [ -92.696256591084676, 29.719008313834628 ], [ -92.601571174079396, 29.736966626511453 ] ] ] } },
{ "type": "Feature", "properties": { "ID": 40436, "date": "2022-01-01T00:00:00", "smokePM_pred": 4.8011560440063503 }, "geometry": { "type": "Polygon", "coordinates": [ [ [ -92.506800170424412, 29.754866808306279 ], [ -92.486361798814727, 29.672128613846574 ], [ -92.581069869733213, 29.65428806841421 ], [ -92.601571174079396, 29.736966626511453 ], [ -92.506800170424412, 29.754866808306279 ] ] ] } },
{ "type": "Feature", "properties": { "ID": 40437, "date": "2022-01-01T00:00:00", "smokePM_pred": 4.0920929908752397 }, "geometry": { "type": "Polygon", "coordinates": [ [ [ -92.411943794229487, 29.772708642308555 ], [ -92.391568635792254, 29.689910985212943 ], [ -92.486361798814727, 29.672128613846574 ], [ -92.506800170424412, 29.754866808306279 ], [ -92.411943794229487, 29.772708642308555 ] ] ] } },
{ "type": "Feature", "properties": { "ID": 40438, "date": "2022-01-01T00:00:00", "smokePM_pred": 3.51751041412354 }, "geometry": { "type": "Polygon", "coordinates": [ [ [ -92.317002261181472, 29.790491911915584 ], [ -92.296690596118509, 29.707634966812996 ], [ -92.391568635792254, 29.689910985212943 ], [ -92.411943794229487, 29.772708642308555 ], [ -92.317002261181472, 29.790491911915584 ] ] ] } },
{ "type": "Feature", "properties": { "ID": 40439, "date": "2022-01-01T00:00:00", "smokePM_pred": 3.4237060546875 }, "geometry": { "type": "Polygon", "coordinates": [ [ [ -92.22197578854545, 29.808216400838543 ], [ -92.201727896815683, 29.725300343259981 ], [ -92.296690596118509, 29.707634966812996 ], [ -92.317002261181472, 29.790491911915584 ], [ -92.22197578854545, 29.808216400838543 ] ] ] } },
{ "type": "Feature", "properties": { "ID": 40440, "date": "2022-01-01T00:00:00", "smokePM_pred": 3.0244338512420699 }, "geometry": { "type": "Polygon", "coordinates": [ [ [ -92.1268645951656, 29.825881893108527 ], [ -92.106680756476379, 29.74290689948673 ], [ -92.201727896815683, 29.725300343259981 ], [ -92.22197578854545, 29.808216400838543 ], [ -92.1268645951656, 29.825881893108527 ] ] ] } },
{ "type": "Feature", "properties": { "ID": 40441, "date": "2022-01-01T00:00:00", "smokePM_pred": 2.9494380950927699 }, "geometry": { "type": "Polygon", "coordinates": [ [ [ -92.031668901466318, 29.843488173082626 ], [ -92.011549395264552, 29.760454420751714 ], [ -92.106680756476379, 29.74290689948673 ], [ -92.1268645951656, 29.825881893108527 ], [ -92.031668901466318, 29.843488173082626 ] ] ] } },
{ "type": "Feature", "properties": { "ID": 40442, "date": "2022-01-01T00:00:00", "smokePM_pred": 2.7687845230102499 }, "geometry": { "type": "Polygon", "coordinates": [ [ [ -91.936388929453059, 29.861035025449979 ], [ -91.916334034916346, 29.777942692645045 ], [ -92.011549395264552, 29.760454420751714 ], [ -92.031668901466318, 29.843488173082626 ], [ -91.936388929453059, 29.861035025449979 ] ] ] } },
{ "type": "Feature", "properties": { "ID": 40443, "date": "2022-01-01T00:00:00", "smokePM_pred": 2.75355768203735 }, "geometry": { "type": "Polygon", "coordinates": [ [ [ -91.841024902713087, 29.878522235237821 ], [ -91.82103489874099, 29.795371501094561 ], [ -91.916334034916346, 29.777942692645045 ], [ -91.936388929453059, 29.861035025449979 ], [ -91.841024902713087, 29.878522235237821 ] ] ] } },
{ "type": "Feature", "properties": { "ID": 40444, "date": "2022-01-01T00:00:00", "smokePM_pred": 2.2013409137725799 }, "geometry": { "type": "Polygon", "coordinates": [ [ [ -91.745577046416344, 29.895949587817626 ], [ -91.725652211621437, 29.812740632371856 ], [ -91.82103489874099, 29.795371501094561 ], [ -91.841024902713087, 29.878522235237821 ], [ -91.745577046416344, 29.895949587817626 ] ] ] } },
{ "type": "Feature", "properties": { "ID": 40445, "date": "2022-01-01T00:00:00", "smokePM_pred": 2.1838102340698202 }, "geometry": { "type": "Polygon", "coordinates": [ [ [ -91.6500455873162, 29.913316868911178 ], [ -91.630186200015075, 29.830049873098346 ], [ -91.725652211621437, 29.812740632371856 ], [ -91.745577046416344, 29.895949587817626 ], [ -91.6500455873162, 29.913316868911178 ] ] ] } },
{ "type": "Feature", "properties": { "ID": 40446, "date": "2022-01-01T00:00:00", "smokePM_pred": 2.1956138610839799 }, "geometry": { "type": "Polygon", "coordinates": [ [ [ -91.554430753749926, 29.93062386459669 ], [ -91.53463709195438, 29.847299010251362 ], [ -91.630186200015075, 29.830049873098346 ], [ -91.6500455873162, 29.913316868911178 ], [ -91.554430753749926, 29.93062386459669 ] ] ] } },
{ "type": "Feature", "properties": { "ID": 40447, "date": "2022-01-01T00:00:00", "smokePM_pred": 2.2653219699859601 }, "geometry": { "type": "Polygon", "coordinates": [ [ [ -91.45873277563949, 29.947870361314898 ], [ -91.4390051170475, 29.864487831170273 ], [ -91.53463709195438, 29.847299010251362 ], [ -91.554430753749926, 29.93062386459669 ], [ -91.45873277563949, 29.947870361314898 ] ] ] } },
{ "type": "Feature", "properties": { "ID": 40448, "date": "2022-01-01T00:00:00", "smokePM_pred": 3.2535278797149698 }, "geometry": { "type": "Polygon", "coordinates": [ [ [ -91.36295188449192, 29.965056145875273 ], [ -91.343290506478652, 29.881616123562502 ], [ -91.4390051170475, 29.864487831170273 ], [ -91.45873277563949, 29.947870361314898 ], [ -91.36295188449192, 29.965056145875273 ] ] ] } },
{ "type": "Feature", "properties": { "ID": 40449, "date": "2022-01-01T00:00:00", "smokePM_pred": 3.2082719802856401 }, "geometry": { "type": "Polygon", "coordinates": [ [ [ -91.267088313399881, 29.982181005462035 ], [ -91.247493493008648, 29.898683675509709 ], [ -91.343290506478652, 29.881616123562502 ], [ -91.36295188449192, 29.965056145875273 ], [ -91.267088313399881, 29.982181005462035 ] ] ] } },
{ "type": "Feature", "properties": { "ID": 40450, "date": "2022-01-01T00:00:00", "smokePM_pred": 2.5079183578491202 }, "geometry": { "type": "Polygon", "coordinates": [ [ [ -91.171142297041982, 29.999244727640384 ], [ -91.151614310975233, 29.915690275473853 ], [ -91.247493493008648, 29.898683675509709 ], [ -91.267088313399881, 29.982181005462035 ], [ -91.171142297041982, 29.999244727640384 ] ] ] } },
{ "type": "Feature", "properties": { "ID": 40451, "date": "2022-01-01T00:00:00", "smokePM_pred": 2.40526223182678 }, "geometry": { "type": "Polygon", "coordinates": [ [ [ -91.075114071683188, 30.016247100362687 ], [ -91.055653196293406, 29.932635712303384 ], [ -91.151614310975233, 29.915690275473853 ], [ -91.171142297041982, 29.999244727640384 ], [ -91.075114071683188, 30.016247100362687 ] ] ] } },
{ "type": "Feature", "properties": { "ID": 40452, "date": "2022-01-01T00:00:00", "smokePM_pred": 2.2292313575744598 }, "geometry": { "type": "Polygon", "coordinates": [ [ [ -90.979003875175025, 30.033187911974562 ], [ -90.959610386455637, 29.949519775239313 ], [ -91.055653196293406, 29.932635712303384 ], [ -91.075114071683188, 30.016247100362687 ], [ -90.979003875175025, 30.033187911974562 ] ] ] } },
{ "type": "Feature", "properties": { "ID": 40453, "date": "2022-01-01T00:00:00", "smokePM_pred": 2.60116815567017 }, "geometry": { "type": "Polygon", "coordinates": [ [ [ -90.882811946955869, 30.050066951221091 ], [ -90.863486120532087, 29.966342253921383 ], [ -90.959610386455637, 29.949519775239313 ], [ -90.979003875175025, 30.033187911974562 ], [ -90.882811946955869, 30.050066951221091 ] ] ] } },
{ "type": "Feature", "properties": { "ID": 40454, "date": "2022-01-01T00:00:00", "smokePM_pred": 2.3502721786499001 }, "geometry": { "type": "Polygon", "coordinates": [ [ [ -90.786538528050912, 30.066884007253019 ], [ -90.767280639170664, 29.983102938394232 ], [ -90.863486120532087, 29.966342253921383 ], [ -90.882811946955869, 30.050066951221091 ], [ -90.786538528050912, 30.066884007253019 ] ] ] } },
{ "type": "Feature", "properties": { "ID": 40455, "date": "2022-01-01T00:00:00", "smokePM_pred": 2.7137467861175502 }, "geometry": { "type": "Polygon", "coordinates": [ [ [ -90.690183861072498, 30.083638869632935 ], [ -90.670994184597163, 29.999801619113512 ], [ -90.767280639170664, 29.983102938394232 ], [ -90.786538528050912, 30.066884007253019 ], [ -90.690183861072498, 30.083638869632935 ] ] ] } },
{ "type": "Feature", "properties": { "ID": 40456, "date": "2022-01-01T00:00:00", "smokePM_pred": 3.1716685295104998 }, "geometry": { "type": "Polygon", "coordinates": [ [ [ -90.593748190219898, 30.100331328341447 ], [ -90.574627000615166, 30.0164380869521 ], [ -90.670994184597163, 29.999801619113512 ], [ -90.690183861072498, 30.083638869632935 ], [ -90.593748190219898, 30.100331328341447 ] ] ] } },
{ "type": "Feature", "properties": { "ID": 40457, "date": "2022-01-01T00:00:00", "smokePM_pred": 4.1472077369689897 }, "geometry": { "type": "Polygon", "coordinates": [ [ [ -90.497231761279323, 30.116961173783412 ], [ -90.478179332605961, 30.033012133206263 ], [ -90.574627000615166, 30.0164380869521 ], [ -90.593748190219898, 30.100331328341447 ], [ -90.497231761279323, 30.116961173783412 ] ] ] } },
{ "type": "Feature", "properties": { "ID": 40458, "date": "2022-01-01T00:00:00", "smokePM_pred": 5.2178030014038104 }, "geometry": { "type": "Polygon", "coordinates": [ [ [ -90.400634821623882, 30.133528196794153 ], [ -90.38165142752851, 30.049523549601801 ], [ -90.478179332605961, 30.033012133206263 ], [ -90.497231761279323, 30.116961173783412 ], [ -90.400634821623882, 30.133528196794153 ] ] ] } },
{ "type": "Feature", "properties": { "ID": 40459, "date": "2022-01-01T00:00:00", "smokePM_pred": 5.6346626281738299 }, "geometry": { "type": "Polygon", "coordinates": [ [ [ -90.303957620213296, 30.150032188645657 ], [ -90.285043533919051, 30.065972128300256 ], [ -90.38165142752851, 30.049523549601801 ], [ -90.400634821623882, 30.133528196794153 ], [ -90.303957620213296, 30.150032188645657 ] ] ] } },
{ "type": "Feature", "properties": { "ID": 40460, "date": "2022-01-01T00:00:00", "smokePM_pred": 6.0335144996643102 }, "geometry": { "type": "Polygon", "coordinates": [ [ [ -90.207200407593632, 30.166472941052806 ], [ -90.188355901891015, 30.082357661905128 ], [ -90.285043533919051, 30.065972128300256 ], [ -90.303957620213296, 30.150032188645657 ], [ -90.207200407593632, 30.166472941052806 ] ] ] } },
{ "type": "Feature", "properties": { "ID": 40461, "date": "2022-01-01T00:00:00", "smokePM_pred": 5.5463438034057599 }, "geometry": { "type": "Polygon", "coordinates": [ [ [ -90.110363435897114, 30.18285024617963 ], [ -90.091588783134512, 30.098679943468021 ], [ -90.188355901891015, 30.082357661905128 ], [ -90.207200407593632, 30.166472941052806 ], [ -90.110363435897114, 30.18285024617963 ] ] ] } },
{ "type": "Feature", "properties": { "ID": 40462, "date": "2022-01-01T00:00:00", "smokePM_pred": 4.9623908996581996 }, "geometry": { "type": "Polygon", "coordinates": [ [ [ -90.013446958841485, 30.199163896645508 ], [ -89.994742430915977, 30.114938766494895 ], [ -90.091588783134512, 30.098679943468021 ], [ -90.110363435897114, 30.18285024617963 ], [ -90.013446958841485, 30.199163896645508 ] ] ] } },
{ "type": "Feature", "properties": { "ID": 40463, "date": "2022-01-01T00:00:00", "smokePM_pred": 5.1382575035095197 }, "geometry": { "type": "Polygon", "coordinates": [ [ [ -89.916451231729766, 30.21541368553142 ], [ -89.897817100077731, 30.13113392495227 ], [ -89.994742430915977, 30.114938766494895 ], [ -90.013446958841485, 30.199163896645508 ], [ -89.916451231729766, 30.21541368553142 ] ] ] } },
{ "type": "Feature", "properties": { "ID": 40464, "date": "2022-01-01T00:00:00", "smokePM_pred": 4.8302345275878897 }, "geometry": { "type": "Polygon", "coordinates": [ [ [ -89.819376511449676, 30.231599406386234 ], [ -89.800813047037408, 30.147265213273393 ], [ -89.897817100077731, 30.13113392495227 ], [ -89.916451231729766, 30.21541368553142 ], [ -89.819376511449676, 30.231599406386234 ] ] ] } },
{ "type": "Feature", "properties": { "ID": 40465, "date": "2022-01-01T00:00:00", "smokePM_pred": 4.6567277908325204 }, "geometry": { "type": "Polygon", "coordinates": [ [ [ -89.722223056472885, 30.247720853232895 ], [ -89.703730529787251, 30.163332426364494 ], [ -89.800813047037408, 30.147265213273393 ], [ -89.819376511449676, 30.231599406386234 ], [ -89.722223056472885, 30.247720853232895 ] ] ] } },
{ "type": "Feature", "properties": { "ID": 40466, "date": "2022-01-01T00:00:00", "smokePM_pred": 3.7692840099334699 }, "geometry": { "type": "Polygon", "coordinates": [ [ [ -89.624991126854553, 30.263777820574731 ], [ -89.60656980789355, 30.17933535961102 ], [ -89.703730529787251, 30.163332426364494 ], [ -89.722223056472885, 30.247720853232895 ], [ -89.624991126854553, 30.263777820574731 ] ] ] } },
{ "type": "Feature", "properties": { "ID": 40467, "date": "2022-01-01T00:00:00", "smokePM_pred": 3.3552498817443799 }, "geometry": { "type": "Polygon", "coordinates": [ [ [ -89.527680984232418, 30.279770103401663 ], [ -89.509331142495753, 30.19527380888383 ], [ -89.60656980789355, 30.17933535961102 ], [ -89.624991126854553, 30.263777820574731 ], [ -89.527680984232418, 30.279770103401663 ] ] ] } },
{ "type": "Feature", "properties": { "ID": 40468, "date": "2022-01-01T00:00:00", "smokePM_pred": 3.041259765625 }, "geometry": { "type": "Polygon", "coordinates": [ [ [ -89.430292891826113, 30.295697497196528 ], [ -89.412014796305797, 30.211147570545439 ], [ -89.509331142495753, 30.19527380888383 ], [ -89.527680984232418, 30.279770103401663 ], [ -89.430292891826113, 30.295697497196528 ] ] ] } },
{ "type": "Feature", "properties": { "ID": 40469, "date": "2022-01-01T00:00:00", "smokePM_pred": 2.9355268478393599 }, "geometry": { "type": "Polygon", "coordinates": [ [ [ -89.332827114436185, 30.311559797941317 ], [ -89.314621033607025, 30.226956441456259 ], [ -89.412014796305797, 30.211147570545439 ], [ -89.430292891826113, 30.295697497196528 ], [ -89.332827114436185, 30.311559797941317 ] ] ] } },
{ "type": "Feature", "properties": { "ID": 40470, "date": "2022-01-01T00:00:00", "smokePM_pred": 2.7433001995086701 }, "geometry": { "type": "Polygon", "coordinates": [ [ [ -89.23528391844323, 30.327356802123415 ], [ -89.217150120253365, 30.242700218980794 ], [ -89.314621033607025, 30.226956441456259 ], [ -89.332827114436185, 30.311559797941317 ], [ -89.23528391844323, 30.327356802123415 ] ] ] } },
{ "type": "Feature", "properties": { "ID": 40471, "date": "2022-01-01T00:00:00", "smokePM_pred": 2.4980156421661399 }, "geometry": { "type": "Polygon", "coordinates": [ [ [ -89.13766357180674, 30.34308830674194 ], [ -89.119602323668232, 30.258378700993958 ], [ -89.217150120253365, 30.242700218980794 ], [ -89.23528391844323, 30.327356802123415 ], [ -89.13766357180674, 30.34308830674194 ] ] ] } },
{ "type": "Feature", "properties": { "ID": 40472, "date": "2022-01-01T00:00:00", "smokePM_pred": 2.4006719589233398 }, "geometry": { "type": "Polygon", "coordinates": [ [ [ -89.039966344064183, 30.358754109313939 ], [ -89.021977912843425, 30.273991685887232 ], [ -89.119602323668232, 30.258378700993958 ], [ -89.13766357180674, 30.34308830674194 ], [ -89.039966344064183, 30.358754109313939 ] ] ] } },
{ "type": "Feature", "properties": { "ID": 40473, "date": "2022-01-01T00:00:00", "smokePM_pred": 2.47631740570068 }, "geometry": { "type": "Polygon", "coordinates": [ [ [ -88.942192506329732, 30.374354007880751 ], [ -88.924277158337929, 30.28953897257497 ], [ -89.021977912843425, 30.273991685887232 ], [ -89.039966344064183, 30.358754109313939 ], [ -88.942192506329732, 30.374354007880751 ] ] ] } },
{ "type": "Feature", "properties": { "ID": 40474, "date": "2022-01-01T00:00:00", "smokePM_pred": 2.4915404319763201 }, "geometry": { "type": "Polygon", "coordinates": [ [ [ -88.844342331293007, 30.389887801014233 ], [ -88.82650033227668, 30.305020360500588 ], [ -88.924277158337929, 30.28953897257497 ], [ -88.942192506329732, 30.374354007880751 ], [ -88.844342331293007, 30.389887801014233 ] ] ] } },
{ "type": "Feature", "properties": { "ID": 40475, "date": "2022-01-01T00:00:00", "smokePM_pred": 2.3980190753936799 }, "geometry": { "type": "Polygon", "coordinates": [ [ [ -88.746416093217775, 30.405355287822999 ], [ -88.728647708349229, 30.320435649642853 ], [ -88.82650033227668, 30.305020360500588 ], [ -88.844342331293007, 30.389887801014233 ], [ -88.746416093217775, 30.405355287822999 ] ] ] } },
{ "type": "Feature", "properties": { "ID": 40476, "date": "2022-01-01T00:00:00", "smokePM_pred": 2.52975273132324 }, "geometry": { "type": "Polygon", "coordinates": [ [ [ -88.648414067940664, 30.420756267958808 ], [ -88.630719561808391, 30.335784640522121 ], [ -88.728647708349229, 30.320435649642853 ], [ -88.746416093217775, 30.405355287822999 ], [ -88.648414067940664, 30.420756267958808 ] ] ] } },
{ "type": "Feature", "properties": { "ID": 40477, "date": "2022-01-01T00:00:00", "smokePM_pred": 2.58855032920837 }, "geometry": { "type": "Polygon", "coordinates": [ [ [ -88.550336532869608, 30.436090541622807 ], [ -88.532716169468685, 30.351067134206566 ], [ -88.630719561808391, 30.335784640522121 ], [ -88.648414067940664, 30.420756267958808 ], [ -88.550336532869608, 30.436090541622807 ] ] ] } },
{ "type": "Feature", "properties": { "ID": 40478, "date": "2022-01-01T00:00:00", "smokePM_pred": 2.54841089248657 }, "geometry": { "type": "Polygon", "coordinates": [ [ [ -88.452183766982287, 30.451357909571719 ], [ -88.434637809704881, 30.366282932318448 ], [ -88.532716169468685, 30.351067134206566 ], [ -88.550336532869608, 30.436090541622807 ], [ -88.452183766982287, 30.451357909571719 ] ] ] } },
{ "type": "Feature", "properties": { "ID": 40479, "date": "2022-01-01T00:00:00", "smokePM_pred": 2.5737600326538099 }, "geometry": { "type": "Polygon", "coordinates": [ [ [ -88.35395605082465, 30.466558173124255 ], [ -88.336484762450368, 30.381431837040363 ], [ -88.434637809704881, 30.366282932318448 ], [ -88.452183766982287, 30.451357909571719 ], [ -88.35395605082465, 30.466558173124255 ] ] ] } },
{ "type": "Feature", "properties": { "ID": 40480, "date": "2022-01-01T00:00:00", "smokePM_pred": 2.5932762622833301 }, "geometry": { "type": "Polygon", "coordinates": [ [ [ -88.255653666509119, 30.481691134167335 ], [ -88.238257309195447, 30.396513651121438 ], [ -88.336484762450368, 30.381431837040363 ], [ -88.35395605082465, 30.466558173124255 ], [ -88.255653666509119, 30.481691134167335 ] ] ] } },
{ "type": "Feature", "properties": { "ID": 40481, "date": "2022-01-01T00:00:00", "smokePM_pred": 2.0091705322265598 }, "geometry": { "type": "Polygon", "coordinates": [ [ [ -88.157276897712919, 30.496756595162392 ], [ -88.139955732985513, 30.411528177883689 ], [ -88.238257309195447, 30.396513651121438 ], [ -88.255653666509119, 30.481691134167335 ], [ -88.157276897712919, 30.496756595162392 ] ] ] } },
{ "type": "Feature", "properties": { "ID": 40482, "date": "2022-01-01T00:00:00", "smokePM_pred": 1.8003581762313801 }, "geometry": { "type": "Polygon", "coordinates": [ [ [ -88.058826029676212, 30.511754359151606 ], [ -88.041580318419363, 30.426475221228127 ], [ -88.139955732985513, 30.411528177883689 ], [ -88.157276897712919, 30.496756595162392 ], [ -88.058826029676212, 30.511754359151606 ] ] ] } },
{ "type": "Feature", "properties": { "ID": 40483, "date": "2022-01-01T00:00:00", "smokePM_pred": 3.17940020561218 }, "geometry": { "type": "Polygon", "coordinates": [ [ [ -87.960301349200208, 30.526684229764225 ], [ -87.943131351647139, 30.441354585641086 ], [ -88.041580318419363, 30.426475221228127 ], [ -88.058826029676212, 30.511754359151606 ], [ -87.960301349200208, 30.526684229764225 ] ] ] } },
{ "type": "Feature", "properties": { "ID": 40484, "date": "2022-01-01T00:00:00", "smokePM_pred": 1.6113483905792201 }, "geometry": { "type": "Polygon", "coordinates": [ [ [ -87.861703144645162, 30.541546011222831 ], [ -87.844609120368489, 30.456166076200503 ], [ -87.943131351647139, 30.441354585641086 ], [ -87.960301349200208, 30.526684229764225 ], [ -87.861703144645162, 30.541546011222831 ] ] ] } },
{ "type": "Feature", "properties": { "ID": 40485, "date": "2022-01-01T00:00:00", "smokePM_pred": 1.4652068614959699 }, "geometry": { "type": "Polygon", "coordinates": [ [ [ -87.763031705928384, 30.556339508349637 ], [ -87.746013913830367, 30.470909498582028 ], [ -87.844609120368489, 30.456166076200503 ], [ -87.861703144645162, 30.541546011222831 ], [ -87.763031705928384, 30.556339508349637 ] ] ] } },
{ "type": "Feature", "properties": { "ID": 40486, "date": "2022-01-01T00:00:00", "smokePM_pred": 1.2981046438217201 }, "geometry": { "type": "Polygon", "coordinates": [ [ [ -87.664287324522093, 30.571064526572712 ], [ -87.647346022825005, 30.485584659065388 ], [ -87.746013913830367, 30.470909498582028 ], [ -87.763031705928384, 30.556339508349637 ], [ -87.664287324522093, 30.571064526572712 ] ] ] } },
{ "type": "Feature", "properties": { "ID": 40487, "date": "2022-01-01T00:00:00", "smokePM_pred": 1.23443031311035 }, "geometry": { "type": "Polygon", "coordinates": [ [ [ -87.565470293451156, 30.585720871932295 ], [ -87.548605739687659, 30.500191364540552 ], [ -87.647346022825005, 30.485584659065388 ], [ -87.664287324522093, 30.571064526572712 ], [ -87.565470293451156, 30.585720871932295 ] ] ] } },
{ "type": "Feature", "properties": { "ID": 40488, "date": "2022-01-01T00:00:00", "smokePM_pred": 1.0958173274993901 }, "geometry": { "type": "Polygon", "coordinates": [ [ [ -87.466580907290933, 30.600308351087019 ], [ -87.449793358294372, 30.514729422513987 ], [ -87.548605739687659, 30.500191364540552 ], [ -87.565470293451156, 30.585720871932295 ], [ -87.466580907290933, 30.600308351087019 ] ] ] } },
{ "type": "Feature", "properties": { "ID": 40489, "date": "2022-01-01T00:00:00", "smokePM_pred": 0.881824851036072 }, "geometry": { "type": "Polygon", "coordinates": [ [ [ -87.367619462164811, 30.614826771320217 ], [ -87.350909174059538, 30.529198641114878 ], [ -87.449793358294372, 30.514729422513987 ], [ -87.466580907290933, 30.600308351087019 ], [ -87.367619462164811, 30.614826771320217 ] ] ] } },
{ "type": "Feature", "properties": { "ID": 40490, "date": "2022-01-01T00:00:00", "smokePM_pred": 0.74855029582977295 }, "geometry": { "type": "Polygon", "coordinates": [ [ [ -87.268586255741837, 30.629275940546162 ], [ -87.251953483933562, 30.543598829101345 ], [ -87.350909174059538, 30.529198641114878 ], [ -87.367619462164811, 30.614826771320217 ], [ -87.268586255741837, 30.629275940546162 ] ] ] } },
{ "type": "Feature", "properties": { "ID": 40491, "date": "2022-01-01T00:00:00", "smokePM_pred": 0.75690728425979603 }, "geometry": { "type": "Polygon", "coordinates": [ [ [ -87.169481587234174, 30.643655667316327 ], [ -87.152926586400255, 30.557929795866691 ], [ -87.251953483933562, 30.543598829101345 ], [ -87.268586255741837, 30.629275940546162 ], [ -87.169481587234174, 30.643655667316327 ] ] ] } },
{ "type": "Feature", "properties": { "ID": 40492, "date": "2022-01-01T00:00:00", "smokePM_pred": 0.91424649953842196 }, "geometry": { "type": "Polygon", "coordinates": [ [ [ -87.070305757394593, 30.65796576082559 ], [ -87.05382878147438, 30.572191351445593 ], [ -87.152926586400255, 30.557929795866691 ], [ -87.169481587234174, 30.643655667316327 ], [ -87.070305757394593, 30.65796576082559 ] ] ] } },
{ "type": "Feature", "properties": { "ID": 40493, "date": "2022-01-01T00:00:00", "smokePM_pred": 1.27703833580017 }, "geometry": { "type": "Polygon", "coordinates": [ [ [ -86.971059068513753, 30.672206030918563 ], [ -86.954660370698846, 30.586383306520268 ], [ -87.05382878147438, 30.572191351445593 ], [ -87.070305757394593, 30.65796576082559 ], [ -86.971059068513753, 30.672206030918563 ] ] ] } },
{ "type": "Feature", "properties": { "ID": 40494, "date": "2022-01-01T00:00:00", "smokePM_pred": 1.5919144153595 }, "geometry": { "type": "Polygon", "coordinates": [ [ [ -86.871741824417455, 30.686376288095797 ], [ -86.855421657142088, 30.600505472426793 ], [ -86.954660370698846, 30.586383306520268 ], [ -86.971059068513753, 30.672206030918563 ], [ -86.871741824417455, 30.686376288095797 ] ] ] } },
{ "type": "Feature", "properties": { "ID": 40495, "date": "2022-01-01T00:00:00", "smokePM_pred": 1.54320287704468 }, "geometry": { "type": "Polygon", "coordinates": [ [ [ -86.772354330463884, 30.700476343519949 ], [ -86.756112945395188, 30.614557661161182 ], [ -86.855421657142088, 30.600505472426793 ], [ -86.871741824417455, 30.686376288095797 ], [ -86.772354330463884, 30.700476343519949 ] ] ] } },
{ "type": "Feature", "properties": { "ID": 40496, "date": "2022-01-01T00:00:00", "smokePM_pred": 1.5165491104126001 }, "geometry": { "type": "Polygon", "coordinates": [ [ [ -86.672896893540695, 30.714506009022116 ], [ -86.656734541569037, 30.628539685385658 ], [ -86.756112945395188, 30.614557661161182 ], [ -86.772354330463884, 30.700476343519949 ], [ -86.672896893540695, 30.714506009022116 ] ] ] } },
{ "type": "Feature", "properties": { "ID": 40497, "date": "2022-01-01T00:00:00", "smokePM_pred": 1.57830739021301 }, "geometry": { "type": "Polygon", "coordinates": [ [ [ -86.573369822062062, 30.728465097108 ], [ -86.557286753291308, 30.642451358434805 ], [ -86.656734541569037, 30.628539685385658 ], [ -86.672896893540695, 30.714506009022116 ], [ -86.573369822062062, 30.728465097108 ] ] ] } },
{ "type": "Feature", "properties": { "ID": 40498, "date": "2022-01-01T00:00:00", "smokePM_pred": 1.3222460746765099 }, "geometry": { "type": "Polygon", "coordinates": [ [ [ -86.473773425965604, 30.742353420964132 ], [ -86.457769889703442, 30.65629249432174 ], [ -86.557286753291308, 30.642451358434805 ], [ -86.573369822062062, 30.728465097108 ], [ -86.473773425965604, 30.742353420964132 ] ] ] } },
{ "type": "Feature", "properties": { "ID": 40499, "date": "2022-01-01T00:00:00", "smokePM_pred": 1.2560626268386801 }, "geometry": { "type": "Polygon", "coordinates": [ [ [ -86.374108016709272, 30.75617079446404 ], [ -86.358184261457566, 30.670062907744306 ], [ -86.457769889703442, 30.65629249432174 ], [ -86.473773425965604, 30.742353420964132 ], [ -86.374108016709272, 30.75617079446404 ] ] ] } },
{ "type": "Feature", "properties": { "ID": 40500, "date": "2022-01-01T00:00:00", "smokePM_pred": 1.2020783424377399 }, "geometry": { "type": "Polygon", "coordinates": [ [ [ -86.274373907268156, 30.769917032174547 ], [ -86.258530180713251, 30.683762414091238 ], [ -86.358184261457566, 30.670062907744306 ], [ -86.374108016709272, 30.75617079446404 ], [ -86.274373907268156, 30.769917032174547 ] ] ] } },
{ "type": "Feature", "properties": { "ID": 40501, "date": "2022-01-01T00:00:00", "smokePM_pred": 1.0130212306976301 }, "geometry": { "type": "Polygon", "coordinates": [ [ [ -86.174571412131243, 30.78359194936186 ], [ -86.158807961134201, 30.697390829448285 ], [ -86.258530180713251, 30.683762414091238 ], [ -86.274373907268156, 30.769917032174547 ], [ -86.174571412131243, 30.78359194936186 ] ] ] } },
{ "type": "Feature", "properties": { "ID": 40502, "date": "2022-01-01T00:00:00", "smokePM_pred": 0.85912024974822998 }, "geometry": { "type": "Polygon", "coordinates": [ [ [ -86.07470084729799, 30.797195361997808 ], [ -86.059017917885015, 30.710947970604398 ], [ -86.158807961134201, 30.697390829448285 ], [ -86.174571412131243, 30.78359194936186 ], [ -86.07470084729799, 30.797195361997808 ] ] ] } },
{ "type": "Feature", "properties": { "ID": 40917, "date": "2022-01-01T00:00:00", "smokePM_pred": 4.9396190643310502 }, "geometry": { "type": "Polygon", "coordinates": [ [ [ -95.702312495832174, 29.195563286027788 ], [ -95.679800989608651, 29.114961070886771 ], [ -95.771552165558234, 29.095207791349257 ], [ -95.794117152104008, 29.175744914405552 ], [ -95.702312495832174, 29.195563286027788 ] ] ] } },
{ "type": "Feature", "properties": { "ID": 40918, "date": "2022-01-01T00:00:00", "smokePM_pred": 5.3098411560058603 }, "geometry": { "type": "Polygon", "coordinates": [ [ [ -95.610415776732111, 29.215330675827264 ], [ -95.587958035777831, 29.134663511624048 ], [ -95.679800989608651, 29.114961070886771 ], [ -95.702312495832174, 29.195563286027788 ], [ -95.610415776732111, 29.215330675827264 ] ] ] } },
{ "type": "Feature", "properties": { "ID": 40919, "date": "2022-01-01T00:00:00", "smokePM_pred": 5.6625504493713397 }, "geometry": { "type": "Polygon", "coordinates": [ [ [ -95.518427157792004, 29.235046859127714 ], [ -95.496023467099079, 29.15431488978291 ], [ -95.587958035777831, 29.134663511624048 ], [ -95.610415776732111, 29.215330675827264 ], [ -95.518427157792004, 29.235046859127714 ] ] ] } },
{ "type": "Feature", "properties": { "ID": 40920, "date": "2022-01-01T00:00:00", "smokePM_pred": 5.9543185234069798 }, "geometry": { "type": "Polygon", "coordinates": [ [ [ -95.426346803518584, 29.254711611369256 ], [ -95.403997448116769, 29.173914981702207 ], [ -95.496023467099079, 29.15431488978291 ], [ -95.518427157792004, 29.235046859127714 ], [ -95.426346803518584, 29.254711611369256 ] ] ] } },
{ "type": "Feature", "properties": { "ID": 40921, "date": "2022-01-01T00:00:00", "smokePM_pred": 6.4314379692077601 }, "geometry": { "type": "Polygon", "coordinates": [ [ [ -95.334174879940065, 29.27432470811404 ], [ -95.31188014488913, 29.193463563843437 ], [ -95.403997448116769, 29.173914981702207 ], [ -95.426346803518584, 29.254711611369256 ], [ -95.334174879940065, 29.27432470811404 ] ] ] } },
{ "type": "Feature", "properties": { "ID": 40922, "date": "2022-01-01T00:00:00", "smokePM_pred": 7.1632986068725604 }, "geometry": { "type": "Polygon", "coordinates": [ [ [ -95.241911554608805, 29.293885925051647 ], [ -95.219671724990931, 29.212960412796193 ], [ -95.31188014488913, 29.193463563843437 ], [ -95.334174879940065, 29.27432470811404 ], [ -95.241911554608805, 29.293885925051647 ] ] ] } },
{ "type": "Feature", "properties": { "ID": 40923, "date": "2022-01-01T00:00:00", "smokePM_pred": 8.4194297790527308 }, "geometry": { "type": "Polygon", "coordinates": [ [ [ -95.149556996604176, 29.313395038004764 ], [ -95.127372357516293, 29.232405305283724 ], [ -95.219671724990931, 29.212960412796193 ], [ -95.241911554608805, 29.293885925051647 ], [ -95.149556996604176, 29.313395038004764 ] ] ] } },
{ "type": "Feature", "properties": { "ID": 40924, "date": "2022-01-01T00:00:00", "smokePM_pred": 9.6433143615722692 }, "geometry": { "type": "Polygon", "coordinates": [ [ [ -95.057111376535175, 29.332851822934749 ], [ -95.034982213081193, 29.251798018168451 ], [ -95.127372357516293, 29.232405305283724 ], [ -95.149556996604176, 29.313395038004764 ], [ -95.057111376535175, 29.332851822934749 ] ] ] } },
{ "type": "Feature", "properties": { "ID": 40925, "date": "2022-01-01T00:00:00", "smokePM_pred": 10.6620330810547 }, "geometry": { "type": "Polygon", "coordinates": [ [ [ -94.964574866543089, 29.352256055947194 ], [ -94.942501463826233, 29.27113832845767 ], [ -95.034982213081193, 29.251798018168451 ], [ -95.057111376535175, 29.332851822934749 ], [ -94.964574866543089, 29.352256055947194 ] ] ] } },
{ "type": "Feature", "properties": { "ID": 40926, "date": "2022-01-01T00:00:00", "smokePM_pred": 12.029990196228001 }, "geometry": { "type": "Polygon", "coordinates": [ [ [ -94.871947640304185, 29.371607513297626 ], [ -94.849930283419098, 29.29042601330902 ], [ -94.942501463826233, 29.27113832845767 ], [ -94.964574866543089, 29.352256055947194 ], [ -94.871947640304185, 29.371607513297626 ] ] ] } },
{ "type": "Feature", "properties": { "ID": 40927, "date": "2022-01-01T00:00:00", "smokePM_pred": 11.830623626709 }, "geometry": { "type": "Polygon", "coordinates": [ [ [ -94.779229873032151, 29.390905971397085 ], [ -94.757268847057134, 29.309660850036177 ], [ -94.849930283419098, 29.29042601330902 ], [ -94.871947640304185, 29.371607513297626 ], [ -94.779229873032151, 29.390905971397085 ] ] ] } },
{ "type": "Feature", "properties": { "ID": 40928, "date": "2022-01-01T00:00:00", "smokePM_pred": 10.5445861816406 }, "geometry": { "type": "Polygon", "coordinates": [ [ [ -94.686421741480629, 29.410151206817822 ], [ -94.664517331469796, 29.328842616114454 ], [ -94.757268847057134, 29.309660850036177 ], [ -94.779229873032151, 29.390905971397085 ], [ -94.686421741480629, 29.410151206817822 ] ] ] } },
{ "type": "Feature", "properties": { "ID": 40929, "date": "2022-01-01T00:00:00", "smokePM_pred": 9.9490280151367205 }, "geometry": { "type": "Polygon", "coordinates": [ [ [ -94.593523423945825, 29.429342996298946 ], [ -94.571675914921073, 29.34797108918648 ], [ -94.664517331469796, 29.328842616114454 ], [ -94.686421741480629, 29.410151206817822 ], [ -94.593523423945825, 29.429342996298946 ] ] ] } },
{ "type": "Feature", "properties": { "ID": 40930, "date": "2022-01-01T00:00:00", "smokePM_pred": 8.7642784118652308 }, "geometry": { "type": "Polygon", "coordinates": [ [ [ -94.50053510026865, 29.448481116752195 ], [ -94.478744777211858, 29.367046047067856 ], [ -94.571675914921073, 29.34797108918648 ], [ -94.593523423945825, 29.429342996298946 ], [ -94.50053510026865, 29.448481116752195 ] ] ] } },
{ "type": "Feature", "properties": { "ID": 40931, "date": "2022-01-01T00:00:00", "smokePM_pred": 8.6547880172729492 }, "geometry": { "type": "Polygon", "coordinates": [ [ [ -94.407456951837375, 29.467565345267559 ], [ -94.385724099682292, 29.386067267752864 ], [ -94.478744777211858, 29.367046047067856 ], [ -94.50053510026865, 29.448481116752195 ], [ -94.407456951837375, 29.467565345267559 ] ] ] } },
{ "type": "Feature", "properties": { "ID": 40932, "date": "2022-01-01T00:00:00", "smokePM_pred": 8.7433710098266602 }, "geometry": { "type": "Polygon", "coordinates": [ [ [ -94.314289161589699, 29.486595459119048 ], [ -94.292614065214011, 29.405034529420156 ], [ -94.385724099682292, 29.386067267752864 ], [ -94.407456951837375, 29.467565345267559 ], [ -94.314289161589699, 29.486595459119048 ] ] ] } },
{ "type": "Feature", "properties": { "ID": 40933, "date": "2022-01-01T00:00:00", "smokePM_pred": 8.7557239532470703 }, "geometry": { "type": "Polygon", "coordinates": [ [ [ -94.2210319140152, 29.5055712357705 ], [ -94.199414858232387, 29.423947610438471 ], [ -94.292614065214011, 29.405034529420156 ], [ -94.314289161589699, 29.486595459119048 ], [ -94.2210319140152, 29.5055712357705 ] ] ] } },
{ "type": "Feature", "properties": { "ID": 40937, "date": "2022-01-01T00:00:00", "smokePM_pred": 9.6855201721191406 }, "geometry": { "type": "Polygon", "coordinates": [ [ [ -93.847112094675794, 29.580926526618015 ], [ -93.825730047831442, 29.49905370237234 ], [ -93.919284069662751, 29.480359556259199 ], [ -93.940725295549541, 29.562170320130733 ], [ -93.847112094675794, 29.580926526618015 ] ] ] } },
{ "type": "Feature", "properties": { "ID": 40938, "date": "2022-01-01T00:00:00", "smokePM_pred": 9.62378025054932 }, "geometry": { "type": "Polygon", "coordinates": [ [ [ -93.753410382275732, 29.599627286273531 ], [ -93.732087798844177, 29.517692562733256 ], [ -93.825730047831442, 29.49905370237234 ], [ -93.847112094675794, 29.580926526618015 ], [ -93.753410382275732, 29.599627286273531 ] ] ] } },
{ "type": "Feature", "properties": { "ID": 40943, "date": "2022-01-01T00:00:00", "smokePM_pred": 8.2095909118652308 }, "geometry": { "type": "Polygon", "coordinates": [ [ [ -93.28358098681386, 29.692291645613444 ], [ -93.262559981741418, 29.610049873516349 ], [ -93.356640429348431, 29.591690742758843 ], [ -93.377722317817884, 29.673871434555078 ], [ -93.28358098681386, 29.692291645613444 ] ] ] } },
{ "type": "Feature", "properties": { "ID": 40944, "date": "2022-01-01T00:00:00", "smokePM_pred": 8.0268583297729492 }, "geometry": { "type": "Polygon", "coordinates": [ [ [ -93.189352330883224, 29.710655085760813 ], [ -93.168392492772412, 29.62835239988128 ], [ -93.262559981741418, 29.610049873516349 ], [ -93.28358098681386, 29.692291645613444 ], [ -93.189352330883224, 29.710655085760813 ] ] ] } },
{ "type": "Feature", "properties": { "ID": 40945, "date": "2022-01-01T00:00:00", "smokePM_pred": 7.8662223815918004 }, "geometry": { "type": "Polygon", "coordinates": [ [ [ -93.095036553294918, 29.72896153519299 ], [ -93.074138165546515, 29.646598102956034 ], [ -93.168392492772412, 29.62835239988128 ], [ -93.189352330883224, 29.710655085760813 ], [ -93.095036553294918, 29.72896153519299 ] ] ] } },
{ "type": "Feature", "properties": { "ID": 40946, "date": "2022-01-01T00:00:00", "smokePM_pred": 7.6626129150390598 }, "geometry": { "type": "Polygon", "coordinates": [ [ [ -93.000633858894375, 29.747210774371791 ], [ -92.979797204736755, 29.664786764108925 ], [ -93.074138165546515, 29.646598102956034 ], [ -93.095036553294918, 29.72896153519299 ], [ -93.000633858894375, 29.747210774371791 ] ] ] } },
{ "type": "Feature", "properties": { "ID": 40947, "date": "2022-01-01T00:00:00", "smokePM_pred": 7.30824899673462 }, "geometry": { "type": "Polygon", "coordinates": [ [ [ -92.906144454104989, 29.765402584031033 ], [ -92.885369816585609, 29.682918164980261 ], [ -92.979797204736755, 29.664786764108925 ], [ -93.000633858894375, 29.747210774371791 ], [ -92.906144454104989, 29.765402584031033 ] ] ] } },
{ "type": "Feature", "properties": { "ID": 40948, "date": "2022-01-01T00:00:00", "smokePM_pred": 6.8913054466247603 }, "geometry": { "type": "Polygon", "coordinates": [ [ [ -92.811568546929635, 29.783536745182516 ], [ -92.790856208906419, 29.70099208748816 ], [ -92.885369816585609, 29.682918164980261 ], [ -92.906144454104989, 29.765402584031033 ], [ -92.811568546929635, 29.783536745182516 ] ] ] } },
{ "type": "Feature", "properties": { "ID": 40949, "date": "2022-01-01T00:00:00", "smokePM_pred": 5.9005594253540004 }, "geometry": { "type": "Polygon", "coordinates": [ [ [ -92.716906346952001, 29.801613039122007 ], [ -92.696256591084676, 29.719008313834628 ], [ -92.790856208906419, 29.70099208748816 ], [ -92.811568546929635, 29.783536745182516 ], [ -92.716906346952001, 29.801613039122007 ] ] ] } },
{ "type": "Feature", "properties": { "ID": 40950, "date": "2022-01-01T00:00:00", "smokePM_pred": 5.5019426345825204 }, "geometry": { "type": "Polygon", "coordinates": [ [ [ -92.62215806533797, 29.819631247435289 ], [ -92.601571174079396, 29.736966626511453 ], [ -92.696256591084676, 29.719008313834628 ], [ -92.716906346952001, 29.801613039122007 ], [ -92.62215806533797, 29.819631247435289 ] ] ] } },
{ "type": "Feature", "properties": { "ID": 40951, "date": "2022-01-01T00:00:00", "smokePM_pred": 4.6547570228576696 }, "geometry": { "type": "Polygon", "coordinates": [ [ [ -92.527323914836884, 29.837591152004133 ], [ -92.506800170424412, 29.754866808306279 ], [ -92.601571174079396, 29.736966626511453 ], [ -92.62215806533797, 29.819631247435289 ], [ -92.527323914836884, 29.837591152004133 ] ] ] } },
{ "type": "Feature", "properties": { "ID": 40952, "date": "2022-01-01T00:00:00", "smokePM_pred": 3.8080596923828098 }, "geometry": { "type": "Polygon", "coordinates": [ [ [ -92.432404109782823, 29.855492535012356 ], [ -92.411943794229487, 29.772708642308555 ], [ -92.506800170424412, 29.754866808306279 ], [ -92.527323914836884, 29.837591152004133 ], [ -92.432404109782823, 29.855492535012356 ] ] ] } },
{ "type": "Feature", "properties": { "ID": 40953, "date": "2022-01-01T00:00:00", "smokePM_pred": 3.30721807479858 }, "geometry": { "type": "Polygon", "coordinates": [ [ [ -92.337398866095668, 29.873335178951937 ], [ -92.317002261181472, 29.790491911915584 ], [ -92.411943794229487, 29.772708642308555 ], [ -92.432404109782823, 29.855492535012356 ], [ -92.337398866095668, 29.873335178951937 ] ] ] } },
{ "type": "Feature", "properties": { "ID": 40954, "date": "2022-01-01T00:00:00", "smokePM_pred": 2.8638014793396001 }, "geometry": { "type": "Polygon", "coordinates": [ [ [ -92.242308401282358, 29.891118866628943 ], [ -92.22197578854545, 29.808216400838543 ], [ -92.317002261181472, 29.790491911915584 ], [ -92.337398866095668, 29.873335178951937 ], [ -92.242308401282358, 29.891118866628943 ] ] ] } },
{ "type": "Feature", "properties": { "ID": 40955, "date": "2022-01-01T00:00:00", "smokePM_pred": 2.30762839317322 }, "geometry": { "type": "Polygon", "coordinates": [ [ [ -92.147132934437749, 29.908843381169735 ], [ -92.1268645951656, 29.825881893108527 ], [ -92.22197578854545, 29.808216400838543 ], [ -92.242308401282358, 29.891118866628943 ], [ -92.147132934437749, 29.908843381169735 ] ] ] } },
{ "type": "Feature", "properties": { "ID": 40956, "date": "2022-01-01T00:00:00", "smokePM_pred": 2.3132908344268799 }, "geometry": { "type": "Polygon", "coordinates": [ [ [ -92.051872686245758, 29.92650850602698 ], [ -92.031668901466318, 29.843488173082626 ], [ -92.1268645951656, 29.825881893108527 ], [ -92.147132934437749, 29.908843381169735 ], [ -92.051872686245758, 29.92650850602698 ] ] ] } },
{ "type": "Feature", "properties": { "ID": 40957, "date": "2022-01-01T00:00:00", "smokePM_pred": 2.29402780532837 }, "geometry": { "type": "Polygon", "coordinates": [ [ [ -91.956527878980239, 29.944114024985787 ], [ -91.936388929453059, 29.861035025449979 ], [ -92.031668901466318, 29.843488173082626 ], [ -92.051872686245758, 29.92650850602698 ], [ -91.956527878980239, 29.944114024985787 ] ] ] } },
{ "type": "Feature", "properties": { "ID": 40958, "date": "2022-01-01T00:00:00", "smokePM_pred": 1.9961292743682899 }, "geometry": { "type": "Polygon", "coordinates": [ [ [ -91.861098736505824, 29.96165972216977 ], [ -91.841024902713087, 29.878522235237821 ], [ -91.936388929453059, 29.861035025449979 ], [ -91.956527878980239, 29.944114024985787 ], [ -91.861098736505824, 29.96165972216977 ] ] ] } },
{ "type": "Feature", "properties": { "ID": 40959, "date": "2022-01-01T00:00:00", "smokePM_pred": 1.93993675708771 }, "geometry": { "type": "Polygon", "coordinates": [ [ [ -91.765585484278731, 29.979145382047239 ], [ -91.745577046416344, 29.895949587817626 ], [ -91.841024902713087, 29.878522235237821 ], [ -91.861098736505824, 29.96165972216977 ], [ -91.765585484278731, 29.979145382047239 ] ] ] } },
{ "type": "Feature", "properties": { "ID": 40960, "date": "2022-01-01T00:00:00", "smokePM_pred": 2.0879974365234402 }, "geometry": { "type": "Polygon", "coordinates": [ [ [ -91.669988349347548, 29.99657078943725 ], [ -91.6500455873162, 29.913316868911178 ], [ -91.745577046416344, 29.895949587817626 ], [ -91.765585484278731, 29.979145382047239 ], [ -91.669988349347548, 29.99657078943725 ] ] ] } },
{ "type": "Feature", "properties": { "ID": 40961, "date": "2022-01-01T00:00:00", "smokePM_pred": 2.94208788871765 }, "geometry": { "type": "Polygon", "coordinates": [ [ [ -91.574307560353844, 30.013935729515836 ], [ -91.554430753749926, 29.93062386459669 ], [ -91.6500455873162, 29.913316868911178 ], [ -91.669988349347548, 29.99657078943725 ], [ -91.574307560353844, 30.013935729515836 ] ] ] } },
{ "type": "Feature", "properties": { "ID": 40962, "date": "2022-01-01T00:00:00", "smokePM_pred": 2.7638409137725799 }, "geometry": { "type": "Polygon", "coordinates": [ [ [ -91.478543347532877, 30.031239987822069 ], [ -91.45873277563949, 29.947870361314898 ], [ -91.554430753749926, 29.93062386459669 ], [ -91.574307560353844, 30.013935729515836 ], [ -91.478543347532877, 30.031239987822069 ] ] ] } },
{ "type": "Feature", "properties": { "ID": 40963, "date": "2022-01-01T00:00:00", "smokePM_pred": 3.3733494281768799 }, "geometry": { "type": "Polygon", "coordinates": [ [ [ -91.382695942713994, 30.048483350264291 ], [ -91.36295188449192, 29.965056145875273 ], [ -91.45873277563949, 29.947870361314898 ], [ -91.478543347532877, 30.031239987822069 ], [ -91.382695942713994, 30.048483350264291 ] ] ] } },
{ "type": "Feature", "properties": { "ID": 40964, "date": "2022-01-01T00:00:00", "smokePM_pred": 3.35172820091248 }, "geometry": { "type": "Polygon", "coordinates": [ [ [ -91.28676557932134, 30.065665603126238 ], [ -91.267088313399881, 29.982181005462035 ], [ -91.36295188449192, 29.965056145875273 ], [ -91.382695942713994, 30.048483350264291 ], [ -91.28676557932134, 30.065665603126238 ] ] ] } },
{ "type": "Feature", "properties": { "ID": 40965, "date": "2022-01-01T00:00:00", "smokePM_pred": 2.5645267963409402 }, "geometry": { "type": "Polygon", "coordinates": [ [ [ -91.19075249237406, 30.082786533073278 ], [ -91.171142297041982, 29.999244727640384 ], [ -91.267088313399881, 29.982181005462035 ], [ -91.28676557932134, 30.065665603126238 ], [ -91.19075249237406, 30.082786533073278 ] ] ] } },
{ "type": "Feature", "properties": { "ID": 40966, "date": "2022-01-01T00:00:00", "smokePM_pred": 2.27343845367432 }, "geometry": { "type": "Polygon", "coordinates": [ [ [ -91.094656918486805, 30.09984592715853 ], [ -91.075114071683188, 30.016247100362687 ], [ -91.171142297041982, 29.999244727640384 ], [ -91.19075249237406, 30.082786533073278 ], [ -91.094656918486805, 30.09984592715853 ] ] ] } },
{ "type": "Feature", "properties": { "ID": 40967, "date": "2022-01-01T00:00:00", "smokePM_pred": 2.4988882541656499 }, "geometry": { "type": "Polygon", "coordinates": [ [ [ -90.998479095869953, 30.116843572829087 ], [ -90.979003875175025, 30.033187911974562 ], [ -91.075114071683188, 30.016247100362687 ], [ -91.094656918486805, 30.09984592715853 ], [ -90.998479095869953, 30.116843572829087 ] ] ] } },
{ "type": "Feature", "properties": { "ID": 40968, "date": "2022-01-01T00:00:00", "smokePM_pred": 2.8576307296752899 }, "geometry": { "type": "Polygon", "coordinates": [ [ [ -90.902219264329915, 30.133779257932293 ], [ -90.882811946955869, 30.050066951221091 ], [ -90.979003875175025, 30.033187911974562 ], [ -90.998479095869953, 30.116843572829087 ], [ -90.902219264329915, 30.133779257932293 ] ] ] } },
{ "type": "Feature", "properties": { "ID": 40969, "date": "2022-01-01T00:00:00", "smokePM_pred": 3.63068747520447 }, "geometry": { "type": "Polygon", "coordinates": [ [ [ -90.805877665269179, 30.150652770721848 ], [ -90.786538528050912, 30.066884007253019 ], [ -90.882811946955869, 30.050066951221091 ], [ -90.902219264329915, 30.133779257932293 ], [ -90.805877665269179, 30.150652770721848 ] ] ] } },
{ "type": "Feature", "properties": { "ID": 40970, "date": "2022-01-01T00:00:00", "smokePM_pred": 3.0819354057311998 }, "geometry": { "type": "Polygon", "coordinates": [ [ [ -90.709454541686526, 30.167463899864128 ], [ -90.690183861072498, 30.083638869632935 ], [ -90.786538528050912, 30.066884007253019 ], [ -90.805877665269179, 30.150652770721848 ], [ -90.709454541686526, 30.167463899864128 ] ] ] } },
{ "type": "Feature", "properties": { "ID": 40971, "date": "2022-01-01T00:00:00", "smokePM_pred": 3.3669502735137899 }, "geometry": { "type": "Polygon", "coordinates": [ [ [ -90.612950138177027, 30.184212434444291 ], [ -90.593748190219898, 30.100331328341447 ], [ -90.690183861072498, 30.083638869632935 ], [ -90.709454541686526, 30.167463899864128 ], [ -90.612950138177027, 30.184212434444291 ] ] ] } },
{ "type": "Feature", "properties": { "ID": 40972, "date": "2022-01-01T00:00:00", "smokePM_pred": 3.9451093673706099 }, "geometry": { "type": "Polygon", "coordinates": [ [ [ -90.516364700931987, 30.200898163972699 ], [ -90.497231761279323, 30.116961173783412 ], [ -90.593748190219898, 30.100331328341447 ], [ -90.612950138177027, 30.184212434444291 ], [ -90.516364700931987, 30.200898163972699 ] ] ] } },
{ "type": "Feature", "properties": { "ID": 40973, "date": "2022-01-01T00:00:00", "smokePM_pred": 4.7533674240112296 }, "geometry": { "type": "Polygon", "coordinates": [ [ [ -90.419698477738805, 30.217520878390999 ], [ -90.400634821623882, 30.133528196794153 ], [ -90.497231761279323, 30.116961173783412 ], [ -90.516364700931987, 30.200898163972699 ], [ -90.419698477738805, 30.217520878390999 ] ] ] } },
{ "type": "Feature", "properties": { "ID": 40974, "date": "2022-01-01T00:00:00", "smokePM_pred": 5.0577540397643999 }, "geometry": { "type": "Polygon", "coordinates": [ [ [ -90.322951717980914, 30.234080368078441 ], [ -90.303957620213296, 30.150032188645657 ], [ -90.400634821623882, 30.133528196794153 ], [ -90.419698477738805, 30.217520878390999 ], [ -90.322951717980914, 30.234080368078441 ] ] ] } },
{ "type": "Feature", "properties": { "ID": 40975, "date": "2022-01-01T00:00:00", "smokePM_pred": 5.2812633514404297 }, "geometry": { "type": "Polygon", "coordinates": [ [ [ -90.22612467263744, 30.250576423858149 ], [ -90.207200407593632, 30.166472941052806 ], [ -90.303957620213296, 30.150032188645657 ], [ -90.322951717980914, 30.234080368078441 ], [ -90.22612467263744, 30.250576423858149 ] ] ] } },
{ "type": "Feature", "properties": { "ID": 40976, "date": "2022-01-01T00:00:00", "smokePM_pred": 4.0528435707092303 }, "geometry": { "type": "Polygon", "coordinates": [ [ [ -90.129217594283006, 30.267008837003338 ], [ -90.110363435897114, 30.18285024617963 ], [ -90.207200407593632, 30.166472941052806 ], [ -90.22612467263744, 30.250576423858149 ], [ -90.129217594283006, 30.267008837003338 ] ] ] } },
{ "type": "Feature", "properties": { "ID": 40977, "date": "2022-01-01T00:00:00", "smokePM_pred": 3.6333205699920699 }, "geometry": { "type": "Polygon", "coordinates": [ [ [ -90.03223073708719, 30.283377399243655 ], [ -90.013446958841485, 30.199163896645508 ], [ -90.110363435897114, 30.18285024617963 ], [ -90.129217594283006, 30.267008837003338 ], [ -90.03223073708719, 30.283377399243655 ] ] ] } },
{ "type": "Feature", "properties": { "ID": 40978, "date": "2022-01-01T00:00:00", "smokePM_pred": 3.74685883522034 }, "geometry": { "type": "Polygon", "coordinates": [ [ [ -89.935164356814241, 30.299681902771379 ], [ -89.916451231729766, 30.21541368553142 ], [ -90.013446958841485, 30.199163896645508 ], [ -90.03223073708719, 30.283377399243655 ], [ -89.935164356814241, 30.299681902771379 ] ] ] } },
{ "type": "Feature", "properties": { "ID": 40979, "date": "2022-01-01T00:00:00", "smokePM_pred": 3.6916160583496098 }, "geometry": { "type": "Polygon", "coordinates": [ [ [ -89.838018710822524, 30.315922140247739 ], [ -89.819376511449676, 30.231599406386234 ], [ -89.916451231729766, 30.21541368553142 ], [ -89.935164356814241, 30.299681902771379 ], [ -89.838018710822524, 30.315922140247739 ] ] ] } },
{ "type": "Feature", "properties": { "ID": 40980, "date": "2022-01-01T00:00:00", "smokePM_pred": 3.1457934379577601 }, "geometry": { "type": "Polygon", "coordinates": [ [ [ -89.740794058063855, 30.332097904809213 ], [ -89.722223056472885, 30.247720853232895 ], [ -89.819376511449676, 30.231599406386234 ], [ -89.838018710822524, 30.315922140247739 ], [ -89.740794058063855, 30.332097904809213 ] ] ] } },
{ "type": "Feature", "properties": { "ID": 40981, "date": "2022-01-01T00:00:00", "smokePM_pred": 2.9670648574829102 }, "geometry": { "type": "Polygon", "coordinates": [ [ [ -89.643490659082985, 30.3482089900738 ], [ -89.624991126854553, 30.263777820574731 ], [ -89.722223056472885, 30.247720853232895 ], [ -89.740794058063855, 30.332097904809213 ], [ -89.643490659082985, 30.3482089900738 ] ] ] } },
{ "type": "Feature", "properties": { "ID": 40982, "date": "2022-01-01T00:00:00", "smokePM_pred": 2.7484509944915798 }, "geometry": { "type": "Polygon", "coordinates": [ [ [ -89.546108776016766, 30.364255190147301 ], [ -89.527680984232418, 30.279770103401663 ], [ -89.624991126854553, 30.263777820574731 ], [ -89.643490659082985, 30.3482089900738 ], [ -89.546108776016766, 30.364255190147301 ] ] ] } },
{ "type": "Feature", "properties": { "ID": 40983, "date": "2022-01-01T00:00:00", "smokePM_pred": 2.9356675148010298 }, "geometry": { "type": "Polygon", "coordinates": [ [ [ -89.448648672593393, 30.380236299629615 ], [ -89.430292891826113, 30.295697497196528 ], [ -89.527680984232418, 30.279770103401663 ], [ -89.546108776016766, 30.364255190147301 ], [ -89.448648672593393, 30.380236299629615 ] ] ] } },
{ "type": "Feature", "properties": { "ID": 40984, "date": "2022-01-01T00:00:00", "smokePM_pred": 2.6957769393920898 }, "geometry": { "type": "Polygon", "coordinates": [ [ [ -89.351110614131571, 30.396152113621092 ], [ -89.332827114436185, 30.311559797941317 ], [ -89.430292891826113, 30.295697497196528 ], [ -89.448648672593393, 30.380236299629615 ], [ -89.351110614131571, 30.396152113621092 ] ] ] } },
{ "type": "Feature", "properties": { "ID": 40985, "date": "2022-01-01T00:00:00", "smokePM_pred": 2.5073363780975302 }, "geometry": { "type": "Polygon", "coordinates": [ [ [ -89.253494867539558, 30.412002427728773 ], [ -89.23528391844323, 30.327356802123415 ], [ -89.332827114436185, 30.311559797941317 ], [ -89.351110614131571, 30.396152113621092 ], [ -89.253494867539558, 30.412002427728773 ] ] ] } },
{ "type": "Feature", "properties": { "ID": 40986, "date": "2022-01-01T00:00:00", "smokePM_pred": 2.10443043708801 }, "geometry": { "type": "Polygon", "coordinates": [ [ [ -89.15580170131409, 30.427787038072754 ], [ -89.13766357180674, 30.34308830674194 ], [ -89.23528391844323, 30.327356802123415 ], [ -89.253494867539558, 30.412002427728773 ], [ -89.15580170131409, 30.427787038072754 ] ] ] } },
{ "type": "Feature", "properties": { "ID": 40987, "date": "2022-01-01T00:00:00", "smokePM_pred": 1.66897428035736 }, "geometry": { "type": "Polygon", "coordinates": [ [ [ -89.058031385539437, 30.443505741292419 ], [ -89.039966344064183, 30.358754109313939 ], [ -89.13766357180674, 30.34308830674194 ], [ -89.15580170131409, 30.427787038072754 ], [ -89.058031385539437, 30.443505741292419 ] ] ] } },
{ "type": "Feature", "properties": { "ID": 40988, "date": "2022-01-01T00:00:00", "smokePM_pred": 1.7552707195282 }, "geometry": { "type": "Polygon", "coordinates": [ [ [ -88.960184191886185, 30.459158334552832 ], [ -88.942192506329732, 30.374354007880751 ], [ -89.039966344064183, 30.358754109313939 ], [ -89.058031385539437, 30.443505741292419 ], [ -88.960184191886185, 30.459158334552832 ] ] ] } },
{ "type": "Feature", "properties": { "ID": 40989, "date": "2022-01-01T00:00:00", "smokePM_pred": 1.7278590202331501 }, "geometry": { "type": "Polygon", "coordinates": [ [ [ -88.86226039360993, 30.474744615551021 ], [ -88.844342331293007, 30.389887801014233 ], [ -88.942192506329732, 30.374354007880751 ], [ -88.960184191886185, 30.459158334552832 ], [ -88.86226039360993, 30.474744615551021 ] ] ] } },
{ "type": "Feature", "properties": { "ID": 40990, "date": "2022-01-01T00:00:00", "smokePM_pred": 2.06176686286926 }, "geometry": { "type": "Polygon", "coordinates": [ [ [ -88.764260265550092, 30.49026438252227 ], [ -88.746416093217775, 30.405355287822999 ], [ -88.844342331293007, 30.389887801014233 ], [ -88.86226039360993, 30.474744615551021 ], [ -88.764260265550092, 30.49026438252227 ] ] ] } },
{ "type": "Feature", "properties": { "ID": 40991, "date": "2022-01-01T00:00:00", "smokePM_pred": 2.3941409587860099 }, "geometry": { "type": "Polygon", "coordinates": [ [ [ -88.66618408412856, 30.505717434246463 ], [ -88.648414067940664, 30.420756267958808 ], [ -88.746416093217775, 30.405355287822999 ], [ -88.764260265550092, 30.49026438252227 ], [ -88.66618408412856, 30.505717434246463 ] ] ] } },
{ "type": "Feature", "properties": { "ID": 40992, "date": "2022-01-01T00:00:00", "smokePM_pred": 2.3322496414184601 }, "geometry": { "type": "Polygon", "coordinates": [ [ [ -88.568032127348133, 30.521103570054379 ], [ -88.550336532869608, 30.436090541622807 ], [ -88.648414067940664, 30.420756267958808 ], [ -88.66618408412856, 30.505717434246463 ], [ -88.568032127348133, 30.521103570054379 ] ] ] } },
{ "type": "Feature", "properties": { "ID": 40993, "date": "2022-01-01T00:00:00", "smokePM_pred": 2.3798696994781499 }, "geometry": { "type": "Polygon", "coordinates": [ [ [ -88.469804674791092, 30.536422589834046 ], [ -88.452183766982287, 30.451357909571719 ], [ -88.550336532869608, 30.436090541622807 ], [ -88.568032127348133, 30.521103570054379 ], [ -88.469804674791092, 30.536422589834046 ] ] ] } },
{ "type": "Feature", "properties": { "ID": 40994, "date": "2022-01-01T00:00:00", "smokePM_pred": 2.3231551647186302 }, "geometry": { "type": "Polygon", "coordinates": [ [ [ -88.371502007617579, 30.551674294037017 ], [ -88.35395605082465, 30.466558173124255 ], [ -88.452183766982287, 30.451357909571719 ], [ -88.469804674791092, 30.536422589834046 ], [ -88.371502007617579, 30.551674294037017 ] ] ] } },
{ "type": "Feature", "properties": { "ID": 40995, "date": "2022-01-01T00:00:00", "smokePM_pred": 1.95481085777283 }, "geometry": { "type": "Polygon", "coordinates": [ [ [ -88.273124408563973, 30.566858483684712 ], [ -88.255653666509119, 30.481691134167335 ], [ -88.35395605082465, 30.466558173124255 ], [ -88.371502007617579, 30.551674294037017 ], [ -88.273124408563973, 30.566858483684712 ] ] ] } },
{ "type": "Feature", "properties": { "ID": 40996, "date": "2022-01-01T00:00:00", "smokePM_pred": 1.6160740852355999 }, "geometry": { "type": "Polygon", "coordinates": [ [ [ -88.174672161941032, 30.581974960374719 ], [ -88.157276897712919, 30.496756595162392 ], [ -88.255653666509119, 30.481691134167335 ], [ -88.273124408563973, 30.566858483684712 ], [ -88.174672161941032, 30.581974960374719 ] ] ] } },
{ "type": "Feature", "properties": { "ID": 40997, "date": "2022-01-01T00:00:00", "smokePM_pred": 1.4785463809967001 }, "geometry": { "type": "Polygon", "coordinates": [ [ [ -88.07614555363223, 30.597023526287117 ], [ -88.058826029676212, 30.511754359151606 ], [ -88.157276897712919, 30.496756595162392 ], [ -88.174672161941032, 30.581974960374719 ], [ -88.07614555363223, 30.597023526287117 ] ] ] } },
{ "type": "Feature", "properties": { "ID": 40998, "date": "2022-01-01T00:00:00", "smokePM_pred": 2.31630539894104 }, "geometry": { "type": "Polygon", "coordinates": [ [ [ -87.977544871091794, 30.612003984190796 ], [ -87.960301349200208, 30.526684229764225 ], [ -88.058826029676212, 30.511754359151606 ], [ -88.07614555363223, 30.597023526287117 ], [ -87.977544871091794, 30.612003984190796 ] ] ] } },
{ "type": "Feature", "properties": { "ID": 40999, "date": "2022-01-01T00:00:00", "smokePM_pred": 1.4940711259841899 }, "geometry": { "type": "Polygon", "coordinates": [ [ [ -87.878870403342702, 30.626916137449761 ], [ -87.861703144645162, 30.541546011222831 ], [ -87.960301349200208, 30.526684229764225 ], [ -87.977544871091794, 30.612003984190796 ], [ -87.878870403342702, 30.626916137449761 ] ] ] } },
{ "type": "Feature", "properties": { "ID": 41000, "date": "2022-01-01T00:00:00", "smokePM_pred": 1.2870020866394001 }, "geometry": { "type": "Polygon", "coordinates": [ [ [ -87.780122440974722, 30.641759790029457 ], [ -87.763031705928384, 30.556339508349637 ], [ -87.861703144645162, 30.541546011222831 ], [ -87.878870403342702, 30.626916137449761 ], [ -87.780122440974722, 30.641759790029457 ] ] ] } },
{ "type": "Feature", "properties": { "ID": 41001, "date": "2022-01-01T00:00:00", "smokePM_pred": 1.17548823356628 }, "geometry": { "type": "Polygon", "coordinates": [ [ [ -87.681301276142207, 30.656534746503013 ], [ -87.664287324522093, 30.571064526572712 ], [ -87.763031705928384, 30.556339508349637 ], [ -87.780122440974722, 30.641759790029457 ], [ -87.681301276142207, 30.656534746503013 ] ] ] } },
{ "type": "Feature", "properties": { "ID": 41002, "date": "2022-01-01T00:00:00", "smokePM_pred": 1.22520971298218 }, "geometry": { "type": "Polygon", "coordinates": [ [ [ -87.582407202561967, 30.671240812057693 ], [ -87.565470293451156, 30.585720871932295 ], [ -87.664287324522093, 30.571064526572712 ], [ -87.681301276142207, 30.656534746503013 ], [ -87.582407202561967, 30.671240812057693 ] ] ] } },
{ "type": "Feature", "properties": { "ID": 41003, "date": "2022-01-01T00:00:00", "smokePM_pred": 1.3085588216781601 }, "geometry": { "type": "Polygon", "coordinates": [ [ [ -87.483440515511006, 30.685877792501017 ], [ -87.466580907290933, 30.600308351087019 ], [ -87.565470293451156, 30.585720871932295 ], [ -87.582407202561967, 30.671240812057693 ], [ -87.483440515511006, 30.685877792501017 ] ] ] } },
{ "type": "Feature", "properties": { "ID": 41004, "date": "2022-01-01T00:00:00", "smokePM_pred": 1.0131425857543901 }, "geometry": { "type": "Polygon", "coordinates": [ [ [ -87.384401511824123, 30.700445494267182 ], [ -87.367619462164811, 30.614826771320217 ], [ -87.466580907290933, 30.600308351087019 ], [ -87.483440515511006, 30.685877792501017 ], [ -87.384401511824123, 30.700445494267182 ] ] ] } },
{ "type": "Feature", "properties": { "ID": 41005, "date": "2022-01-01T00:00:00", "smokePM_pred": 0.90833002328872703 }, "geometry": { "type": "Polygon", "coordinates": [ [ [ -87.285290489891537, 30.714943724423325 ], [ -87.268586255741837, 30.629275940546162 ], [ -87.367619462164811, 30.614826771320217 ], [ -87.384401511824123, 30.700445494267182 ], [ -87.285290489891537, 30.714943724423325 ] ] ] } },
{ "type": "Feature", "properties": { "ID": 41006, "date": "2022-01-01T00:00:00", "smokePM_pred": 0.97508728504180897 }, "geometry": { "type": "Polygon", "coordinates": [ [ [ -87.186107749656344, 30.729372290675798 ], [ -87.169481587234174, 30.643655667316327 ], [ -87.268586255741837, 30.629275940546162 ], [ -87.285290489891537, 30.714943724423325 ], [ -87.186107749656344, 30.729372290675798 ] ] ] } },
{ "type": "Feature", "properties": { "ID": 41007, "date": "2022-01-01T00:00:00", "smokePM_pred": 1.0056622028350799 }, "geometry": { "type": "Polygon", "coordinates": [ [ [ -87.086853592611973, 30.743731001376485 ], [ -87.070305757394593, 30.65796576082559 ], [ -87.169481587234174, 30.643655667316327 ], [ -87.186107749656344, 30.729372290675798 ], [ -87.086853592611973, 30.743731001376485 ] ] ] } },
{ "type": "Feature", "properties": { "ID": 41008, "date": "2022-01-01T00:00:00", "smokePM_pred": 1.21302485466003 }, "geometry": { "type": "Polygon", "coordinates": [ [ [ -86.987528321799502, 30.758019665529012 ], [ -86.971059068513753, 30.672206030918563 ], [ -87.070305757394593, 30.65796576082559 ], [ -87.086853592611973, 30.743731001376485 ], [ -86.987528321799502, 30.758019665529012 ] ] ] } },
{ "type": "Feature", "properties": { "ID": 41009, "date": "2022-01-01T00:00:00", "smokePM_pred": 1.3929206132888801 }, "geometry": { "type": "Polygon", "coordinates": [ [ [ -86.888132241804982, 30.77223809279516 ], [ -86.871741824417455, 30.686376288095797 ], [ -86.971059068513753, 30.672206030918563 ], [ -86.987528321799502, 30.758019665529012 ], [ -86.888132241804982, 30.77223809279516 ] ] ] } },
{ "type": "Feature", "properties": { "ID": 41010, "date": "2022-01-01T00:00:00", "smokePM_pred": 1.5293265581130999 }, "geometry": { "type": "Polygon", "coordinates": [ [ [ -86.788665658756614, 30.786386093500969 ], [ -86.772354330463884, 30.700476343519949 ], [ -86.871741824417455, 30.686376288095797 ], [ -86.888132241804982, 30.77223809279516 ], [ -86.788665658756614, 30.786386093500969 ] ] ] } },
{ "type": "Feature", "properties": { "ID": 41011, "date": "2022-01-01T00:00:00", "smokePM_pred": 1.49902880191803 }, "geometry": { "type": "Polygon", "coordinates": [ [ [ -86.689128880321732, 30.80046347864312 ], [ -86.672896893540695, 30.714506009022116 ], [ -86.772354330463884, 30.700476343519949 ], [ -86.788665658756614, 30.786386093500969 ], [ -86.689128880321732, 30.80046347864312 ] ] ] } },
{ "type": "Feature", "properties": { "ID": 41012, "date": "2022-01-01T00:00:00", "smokePM_pred": 1.4144980907440201 }, "geometry": { "type": "Polygon", "coordinates": [ [ [ -86.589522215704065, 30.814470059895157 ], [ -86.573369822062062, 30.728465097108 ], [ -86.672896893540695, 30.714506009022116 ], [ -86.689128880321732, 30.80046347864312 ], [ -86.589522215704065, 30.814470059895157 ] ] ] } },
{ "type": "Feature", "properties": { "ID": 41013, "date": "2022-01-01T00:00:00", "smokePM_pred": 1.2832721471786499 }, "geometry": { "type": "Polygon", "coordinates": [ [ [ -86.489845975640492, 30.828405649613728 ], [ -86.473773425965604, 30.742353420964132 ], [ -86.573369822062062, 30.728465097108 ], [ -86.589522215704065, 30.814470059895157 ], [ -86.489845975640492, 30.828405649613728 ] ] ] } },
{ "type": "Feature", "properties": { "ID": 41014, "date": "2022-01-01T00:00:00", "smokePM_pred": 1.2223436832428001 }, "geometry": { "type": "Polygon", "coordinates": [ [ [ -86.390100472398046, 30.842270060844822 ], [ -86.374108016709272, 30.75617079446404 ], [ -86.473773425965604, 30.742353420964132 ], [ -86.489845975640492, 30.828405649613728 ], [ -86.390100472398046, 30.842270060844822 ] ] ] } },
{ "type": "Feature", "properties": { "ID": 41015, "date": "2022-01-01T00:00:00", "smokePM_pred": 1.14051401615143 }, "geometry": { "type": "Polygon", "coordinates": [ [ [ -86.290286019770619, 30.856063107330044 ], [ -86.274373907268156, 30.769917032174547 ], [ -86.374108016709272, 30.75617079446404 ], [ -86.390100472398046, 30.842270060844822 ], [ -86.290286019770619, 30.856063107330044 ] ] ] } },
{ "type": "Feature", "properties": { "ID": 41016, "date": "2022-01-01T00:00:00", "smokePM_pred": 0.99855434894561801 }, "geometry": { "type": "Polygon", "coordinates": [ [ [ -86.190402933075788, 30.869784603512802 ], [ -86.174571412131243, 30.78359194936186 ], [ -86.274373907268156, 30.769917032174547 ], [ -86.290286019770619, 30.856063107330044 ], [ -86.190402933075788, 30.869784603512802 ] ] ] } },
{ "type": "Feature", "properties": { "ID": 41017, "date": "2022-01-01T00:00:00", "smokePM_pred": 0.85475242137908902 }, "geometry": { "type": "Polygon", "coordinates": [ [ [ -86.090451529151352, 30.883434364544527 ], [ -86.07470084729799, 30.797195361997808 ], [ -86.174571412131243, 30.78359194936186 ], [ -86.190402933075788, 30.869784603512802 ], [ -86.090451529151352, 30.883434364544527 ] ] ] } },
{ "type": "Feature", "properties": { "ID": 41433, "date": "2022-01-01T00:00:00", "smokePM_pred": 4.7350316047668501 }, "geometry": { "type": "Polygon", "coordinates": [ [ [ -95.632965417779545, 29.295981055054074 ], [ -95.610415776732111, 29.215330675827264 ], [ -95.702312495832174, 29.195563286027788 ], [ -95.724916065136526, 29.276148629656657 ], [ -95.632965417779545, 29.295981055054074 ] ] ] } },
{ "type": "Feature", "properties": { "ID": 41434, "date": "2022-01-01T00:00:00", "smokePM_pred": 4.7676510810851997 }, "geometry": { "type": "Polygon", "coordinates": [ [ [ -95.540922584071794, 29.315762130084074 ], [ -95.518427157792004, 29.235046859127714 ], [ -95.610415776732111, 29.215330675827264 ], [ -95.632965417779545, 29.295981055054074 ], [ -95.540922584071794, 29.315762130084074 ] ] ] } },
{ "type": "Feature", "properties": { "ID": 41435, "date": "2022-01-01T00:00:00", "smokePM_pred": 5.6291556358337402 }, "geometry": { "type": "Polygon", "coordinates": [ [ [ -95.448787728479559, 29.335491629285467 ], [ -95.426346803518584, 29.254711611369256 ], [ -95.518427157792004, 29.235046859127714 ], [ -95.540922584071794, 29.315762130084074 ], [ -95.448787728479559, 29.335491629285467 ] ] ] } },
{ "type": "Feature", "properties": { "ID": 41436, "date": "2022-01-01T00:00:00", "smokePM_pred": 5.9194254875183097 }, "geometry": { "type": "Polygon", "coordinates": [ [ [ -95.356561016998214, 29.355169327318343 ], [ -95.334174879940065, 29.27432470811404 ], [ -95.426346803518584, 29.254711611369256 ], [ -95.448787728479559, 29.335491629285467 ], [ -95.356561016998214, 29.355169327318343 ] ] ] } },
{ "type": "Feature", "properties": { "ID": 41437, "date": "2022-01-01T00:00:00", "smokePM_pred": 6.6515388488769496 }, "geometry": { "type": "Polygon", "coordinates": [ [ [ -95.264242617154977, 29.37479499896968 ], [ -95.241911554608805, 29.293885925051647 ], [ -95.334174879940065, 29.27432470811404 ], [ -95.356561016998214, 29.355169327318343 ], [ -95.264242617154977, 29.37479499896968 ] ] ] } },
{ "type": "Feature", "properties": { "ID": 41438, "date": "2022-01-01T00:00:00", "smokePM_pred": 7.1767115592956499 }, "geometry": { "type": "Polygon", "coordinates": [ [ [ -95.171832698011812, 29.394368419158912 ], [ -95.149556996604176, 29.313395038004764 ], [ -95.241911554608805, 29.293885925051647 ], [ -95.264242617154977, 29.37479499896968 ], [ -95.171832698011812, 29.394368419158912 ] ] ] } },
{ "type": "Feature", "properties": { "ID": 41439, "date": "2022-01-01T00:00:00", "smokePM_pred": 8.5541515350341797 }, "geometry": { "type": "Polygon", "coordinates": [ [ [ -95.079331430168025, 29.413889362943628 ], [ -95.057111376535175, 29.332851822934749 ], [ -95.149556996604176, 29.313395038004764 ], [ -95.171832698011812, 29.394368419158912 ], [ -95.079331430168025, 29.413889362943628 ] ] ] } },
{ "type": "Feature", "properties": { "ID": 41440, "date": "2022-01-01T00:00:00", "smokePM_pred": 9.4549560546875 }, "geometry": { "type": "Polygon", "coordinates": [ [ [ -94.986738985763054, 29.433357605525092 ], [ -94.964574866543089, 29.352256055947194 ], [ -95.057111376535175, 29.332851822934749 ], [ -95.079331430168025, 29.413889362943628 ], [ -94.986738985763054, 29.433357605525092 ] ] ] } },
{ "type": "Feature", "properties": { "ID": 41441, "date": "2022-01-01T00:00:00", "smokePM_pred": 10.0294275283813 }, "geometry": { "type": "Polygon", "coordinates": [ [ [ -94.89405553847908, 29.45277292225396 ], [ -94.871947640304185, 29.371607513297626 ], [ -94.964574866543089, 29.352256055947194 ], [ -94.986738985763054, 29.433357605525092 ], [ -94.89405553847908, 29.45277292225396 ] ] ] } },
{ "type": "Feature", "properties": { "ID": 41442, "date": "2022-01-01T00:00:00", "smokePM_pred": 10.142291069030801 }, "geometry": { "type": "Polygon", "coordinates": [ [ [ -94.801281263543672, 29.472135088635937 ], [ -94.779229873032151, 29.390905971397085 ], [ -94.871947640304185, 29.371607513297626 ], [ -94.89405553847908, 29.45277292225396 ], [ -94.801281263543672, 29.472135088635937 ] ] ] } },
{ "type": "Feature", "properties": { "ID": 41443, "date": "2022-01-01T00:00:00", "smokePM_pred": 9.4218406677246094 }, "geometry": { "type": "Polygon", "coordinates": [ [ [ -94.708416337732288, 29.491443880337471 ], [ -94.686421741480629, 29.410151206817822 ], [ -94.779229873032151, 29.390905971397085 ], [ -94.801281263543672, 29.472135088635937 ], [ -94.708416337732288, 29.491443880337471 ] ] ] } },
{ "type": "Feature", "properties": { "ID": 41444, "date": "2022-01-01T00:00:00", "smokePM_pred": 8.9120082855224592 }, "geometry": { "type": "Polygon", "coordinates": [ [ [ -94.615460939370763, 29.510699073191432 ], [ -94.593523423945825, 29.429342996298946 ], [ -94.686421741480629, 29.410151206817822 ], [ -94.708416337732288, 29.491443880337471 ], [ -94.615460939370763, 29.510699073191432 ] ] ] } },
{ "type": "Feature", "properties": { "ID": 41445, "date": "2022-01-01T00:00:00", "smokePM_pred": 8.5567808151245099 }, "geometry": { "type": "Polygon", "coordinates": [ [ [ -94.522415248337822, 29.529900443202877 ], [ -94.50053510026865, 29.448481116752195 ], [ -94.593523423945825, 29.429342996298946 ], [ -94.615460939370763, 29.510699073191432 ], [ -94.522415248337822, 29.529900443202877 ] ] ] } },
{ "type": "Feature", "properties": { "ID": 41446, "date": "2022-01-01T00:00:00", "smokePM_pred": 8.5888710021972692 }, "geometry": { "type": "Polygon", "coordinates": [ [ [ -94.429279446067426, 29.549047766554775 ], [ -94.407456951837375, 29.467565345267559 ], [ -94.50053510026865, 29.448481116752195 ], [ -94.522415248337822, 29.529900443202877 ], [ -94.429279446067426, 29.549047766554775 ] ] ] } },
{ "type": "Feature", "properties": { "ID": 41447, "date": "2022-01-01T00:00:00", "smokePM_pred": 8.7850732803344709 }, "geometry": { "type": "Polygon", "coordinates": [ [ [ -94.336053715551188, 29.568140819613756 ], [ -94.314289161589699, 29.486595459119048 ], [ -94.407456951837375, 29.467565345267559 ], [ -94.429279446067426, 29.549047766554775 ], [ -94.336053715551188, 29.568140819613756 ] ] ] } },
{ "type": "Feature", "properties": { "ID": 41448, "date": "2022-01-01T00:00:00", "smokePM_pred": 9.1911058425903303 }, "geometry": { "type": "Polygon", "coordinates": [ [ [ -94.242738241340632, 29.587179378935922 ], [ -94.2210319140152, 29.5055712357705 ], [ -94.314289161589699, 29.486595459119048 ], [ -94.336053715551188, 29.568140819613756 ], [ -94.242738241340632, 29.587179378935922 ] ] ] } },
{ "type": "Feature", "properties": { "ID": 41449, "date": "2022-01-01T00:00:00", "smokePM_pred": 9.6166582107543999 }, "geometry": { "type": "Polygon", "coordinates": [ [ [ -94.149333209549411, 29.606163221272592 ], [ -94.127685395157471, 29.524492452881276 ], [ -94.2210319140152, 29.5055712357705 ], [ -94.242738241340632, 29.587179378935922 ], [ -94.149333209549411, 29.606163221272592 ] ] ] } },
{ "type": "Feature", "properties": { "ID": 41450, "date": "2022-01-01T00:00:00", "smokePM_pred": 9.6729898452758807 }, "geometry": { "type": "Polygon", "coordinates": [ [ [ -94.055838807855608, 29.625092123576149 ], [ -94.034249792616237, 29.543358888312081 ], [ -94.127685395157471, 29.524492452881276 ], [ -94.149333209549411, 29.606163221272592 ], [ -94.055838807855608, 29.625092123576149 ] ] ] } },
{ "type": "Feature", "properties": { "ID": 41451, "date": "2022-01-01T00:00:00", "smokePM_pred": 9.7221775054931605 }, "geometry": { "type": "Polygon", "coordinates": [ [ [ -93.962255225503782, 29.643965863005903 ], [ -93.940725295549541, 29.562170320130733 ], [ -94.034249792616237, 29.543358888312081 ], [ -94.055838807855608, 29.625092123576149 ], [ -93.962255225503782, 29.643965863005903 ] ] ] } },
{ "type": "Feature", "properties": { "ID": 41452, "date": "2022-01-01T00:00:00", "smokePM_pred": 9.8707475662231392 }, "geometry": { "type": "Polygon", "coordinates": [ [ [ -93.868582653307158, 29.662784216933851 ], [ -93.847112094675794, 29.580926526618015 ], [ -93.940725295549541, 29.562170320130733 ], [ -93.962255225503782, 29.643965863005903 ], [ -93.868582653307158, 29.662784216933851 ] ] ] } },
{ "type": "Feature", "properties": { "ID": 41453, "date": "2022-01-01T00:00:00", "smokePM_pred": 9.7447443008422905 }, "geometry": { "type": "Polygon", "coordinates": [ [ [ -93.774821283649572, 29.681546962950598 ], [ -93.753410382275732, 29.599627286273531 ], [ -93.847112094675794, 29.580926526618015 ], [ -93.868582653307158, 29.662784216933851 ], [ -93.774821283649572, 29.681546962950598 ] ] ] } },
{ "type": "Feature", "properties": { "ID": 41454, "date": "2022-01-01T00:00:00", "smokePM_pred": 9.6674699783325195 }, "geometry": { "type": "Polygon", "coordinates": [ [ [ -93.680971310487564, 29.700253878871262 ], [ -93.659620352194437, 29.618272377821484 ], [ -93.753410382275732, 29.599627286273531 ], [ -93.774821283649572, 29.681546962950598 ], [ -93.680971310487564, 29.700253878871262 ] ] ] } },
{ "type": "Feature", "properties": { "ID": 41455, "date": "2022-01-01T00:00:00", "smokePM_pred": 9.56616306304932 }, "geometry": { "type": "Polygon", "coordinates": [ [ [ -93.587032929352219, 29.718904742741273 ], [ -93.565742199843143, 29.6368615802166 ], [ -93.659620352194437, 29.618272377821484 ], [ -93.680971310487564, 29.700253878871262 ], [ -93.587032929352219, 29.718904742741273 ] ] ] } },
{ "type": "Feature", "properties": { "ID": 41456, "date": "2022-01-01T00:00:00", "smokePM_pred": 9.5116825103759801 }, "geometry": { "type": "Polygon", "coordinates": [ [ [ -93.493006337351147, 29.737499332842379 ], [ -93.471776122201248, 29.655394672649994 ], [ -93.565742199843143, 29.6368615802166 ], [ -93.587032929352219, 29.718904742741273 ], [ -93.493006337351147, 29.737499332842379 ] ] ] } },
{ "type": "Feature", "properties": { "ID": 41457, "date": "2022-01-01T00:00:00", "smokePM_pred": 8.7669286727905291 }, "geometry": { "type": "Polygon", "coordinates": [ [ [ -93.398891733170217, 29.756037427698555 ], [ -93.377722317817884, 29.673871434555078 ], [ -93.471776122201248, 29.655394672649994 ], [ -93.493006337351147, 29.737499332842379 ], [ -93.398891733170217, 29.756037427698555 ] ] ] } },
{ "type": "Feature", "properties": { "ID": 41458, "date": "2022-01-01T00:00:00", "smokePM_pred": 8.29052734375 }, "geometry": { "type": "Polygon", "coordinates": [ [ [ -93.304689317075386, 29.774518806081872 ], [ -93.28358098681386, 29.692291645613444 ], [ -93.377722317817884, 29.673871434555078 ], [ -93.398891733170217, 29.756037427698555 ], [ -93.304689317075386, 29.774518806081872 ] ] ] } },
{ "type": "Feature", "properties": { "ID": 41459, "date": "2022-01-01T00:00:00", "smokePM_pred": 8.2222328186035192 }, "geometry": { "type": "Polygon", "coordinates": [ [ [ -93.210399290914438, 29.792943247018549 ], [ -93.189352330883224, 29.710655085760813 ], [ -93.28358098681386, 29.692291645613444 ], [ -93.304689317075386, 29.774518806081872 ], [ -93.210399290914438, 29.792943247018549 ] ] ] } },
{ "type": "Feature", "properties": { "ID": 41460, "date": "2022-01-01T00:00:00", "smokePM_pred": 7.5240316390991202 }, "geometry": { "type": "Polygon", "coordinates": [ [ [ -93.116021858118572, 29.811310529794877 ], [ -93.095036553294918, 29.72896153519299 ], [ -93.189352330883224, 29.710655085760813 ], [ -93.210399290914438, 29.792943247018549 ], [ -93.116021858118572, 29.811310529794877 ] ] ] } },
{ "type": "Feature", "properties": { "ID": 41461, "date": "2022-01-01T00:00:00", "smokePM_pred": 7.2930188179016104 }, "geometry": { "type": "Polygon", "coordinates": [ [ [ -93.021557223704065, 29.829620433963182 ], [ -93.000633858894375, 29.747210774371791 ], [ -93.095036553294918, 29.72896153519299 ], [ -93.116021858118572, 29.811310529794877 ], [ -93.021557223704065, 29.829620433963182 ] ] ] } },
{ "type": "Feature", "properties": { "ID": 41462, "date": "2022-01-01T00:00:00", "smokePM_pred": 7.0821604728698704 }, "geometry": { "type": "Polygon", "coordinates": [ [ [ -92.927005594273822, 29.847872739347896 ], [ -92.906144454104989, 29.765402584031033 ], [ -93.000633858894375, 29.747210774371791 ], [ -93.021557223704065, 29.829620433963182 ], [ -92.927005594273822, 29.847872739347896 ] ] ] } },
{ "type": "Feature", "properties": { "ID": 41463, "date": "2022-01-01T00:00:00", "smokePM_pred": 6.1915798187255904 }, "geometry": { "type": "Polygon", "coordinates": [ [ [ -92.832367178018842, 29.866067226051488 ], [ -92.811568546929635, 29.783536745182516 ], [ -92.906144454104989, 29.765402584031033 ], [ -92.927005594273822, 29.847872739347896 ], [ -92.832367178018842, 29.866067226051488 ] ] ] } },
{ "type": "Feature", "properties": { "ID": 41464, "date": "2022-01-01T00:00:00", "smokePM_pred": 6.0224199295043999 }, "geometry": { "type": "Polygon", "coordinates": [ [ [ -92.737642184719647, 29.884203674460554 ], [ -92.716906346952001, 29.801613039122007 ], [ -92.811568546929635, 29.783536745182516 ], [ -92.832367178018842, 29.866067226051488 ], [ -92.737642184719647, 29.884203674460554 ] ] ] } },
{ "type": "Feature", "properties": { "ID": 41465, "date": "2022-01-01T00:00:00", "smokePM_pred": 5.4037728309631303 }, "geometry": { "type": "Polygon", "coordinates": [ [ [ -92.642830825747694, 29.902281865251819 ], [ -92.62215806533797, 29.819631247435289 ], [ -92.716906346952001, 29.801613039122007 ], [ -92.737642184719647, 29.884203674460554 ], [ -92.642830825747694, 29.902281865251819 ] ] ] } },
{ "type": "Feature", "properties": { "ID": 41466, "date": "2022-01-01T00:00:00", "smokePM_pred": 4.1826229095459002 }, "geometry": { "type": "Polygon", "coordinates": [ [ [ -92.547933314066654, 29.920301579398245 ], [ -92.527323914836884, 29.837591152004133 ], [ -92.62215806533797, 29.819631247435289 ], [ -92.642830825747694, 29.902281865251819 ], [ -92.547933314066654, 29.920301579398245 ] ] ] } },
{ "type": "Feature", "properties": { "ID": 41467, "date": "2022-01-01T00:00:00", "smokePM_pred": 3.2492115497589098 }, "geometry": { "type": "Polygon", "coordinates": [ [ [ -92.45294986423373, 29.938262598175029 ], [ -92.432404109782823, 29.855492535012356 ], [ -92.527323914836884, 29.837591152004133 ], [ -92.547933314066654, 29.920301579398245 ], [ -92.45294986423373, 29.938262598175029 ] ] ] } },
{ "type": "Feature", "properties": { "ID": 41468, "date": "2022-01-01T00:00:00", "smokePM_pred": 2.9478569030761701 }, "geometry": { "type": "Polygon", "coordinates": [ [ [ -92.357880692400727, 29.956164703165737 ], [ -92.337398866095668, 29.873335178951937 ], [ -92.432404109782823, 29.855492535012356 ], [ -92.45294986423373, 29.938262598175029 ], [ -92.357880692400727, 29.956164703165737 ] ] ] } },
{ "type": "Feature", "properties": { "ID": 41469, "date": "2022-01-01T00:00:00", "smokePM_pred": 2.21731352806091 }, "geometry": { "type": "Polygon", "coordinates": [ [ [ -92.262726016315384, 29.97400767626835 ], [ -92.242308401282358, 29.891118866628943 ], [ -92.337398866095668, 29.873335178951937 ], [ -92.357880692400727, 29.956164703165737 ], [ -92.262726016315384, 29.97400767626835 ] ] ] } },
{ "type": "Feature", "properties": { "ID": 41470, "date": "2022-01-01T00:00:00", "smokePM_pred": 2.0611433982849099 }, "geometry": { "type": "Polygon", "coordinates": [ [ [ -92.167486055322257, 29.991791299701454 ], [ -92.147132934437749, 29.908843381169735 ], [ -92.242308401282358, 29.891118866628943 ], [ -92.262726016315384, 29.97400767626835 ], [ -92.167486055322257, 29.991791299701454 ] ] ] } },
{ "type": "Feature", "properties": { "ID": 41471, "date": "2022-01-01T00:00:00", "smokePM_pred": 1.8428094387054399 }, "geometry": { "type": "Polygon", "coordinates": [ [ [ -92.072161030363858, 30.009515356010237 ], [ -92.051872686245758, 29.92650850602698 ], [ -92.147132934437749, 29.908843381169735 ], [ -92.167486055322257, 29.991791299701454 ], [ -92.072161030363858, 30.009515356010237 ] ] ] } },
{ "type": "Feature", "properties": { "ID": 41472, "date": "2022-01-01T00:00:00", "smokePM_pred": 1.94851839542389 }, "geometry": { "type": "Polygon", "coordinates": [ [ [ -91.976751163981575, 30.027179628072737 ], [ -91.956527878980239, 29.944114024985787 ], [ -92.051872686245758, 29.92650850602698 ], [ -92.072161030363858, 30.009515356010237 ], [ -91.976751163981575, 30.027179628072737 ] ] ] } },
{ "type": "Feature", "properties": { "ID": 41473, "date": "2022-01-01T00:00:00", "smokePM_pred": 2.03954410552979 }, "geometry": { "type": "Polygon", "coordinates": [ [ [ -91.881256680316611, 30.044783899105891 ], [ -91.861098736505824, 29.96165972216977 ], [ -91.956527878980239, 29.944114024985787 ], [ -91.976751163981575, 30.027179628072737 ], [ -91.881256680316611, 30.044783899105891 ] ] ] } },
{ "type": "Feature", "properties": { "ID": 41474, "date": "2022-01-01T00:00:00", "smokePM_pred": 1.8583736419677701 }, "geometry": { "type": "Polygon", "coordinates": [ [ [ -91.785677805110694, 30.062327952671737 ], [ -91.765585484278731, 29.979145382047239 ], [ -91.861098736505824, 29.96165972216977 ], [ -91.881256680316611, 30.044783899105891 ], [ -91.785677805110694, 30.062327952671737 ] ] ] } },
{ "type": "Feature", "properties": { "ID": 41475, "date": "2022-01-01T00:00:00", "smokePM_pred": 1.9347448348998999 }, "geometry": { "type": "Polygon", "coordinates": [ [ [ -91.690014765707005, 30.079811572683592 ], [ -91.669988349347548, 29.99657078943725 ], [ -91.765585484278731, 29.979145382047239 ], [ -91.785677805110694, 30.062327952671737 ], [ -91.690014765707005, 30.079811572683592 ] ] ] } },
{ "type": "Feature", "properties": { "ID": 41476, "date": "2022-01-01T00:00:00", "smokePM_pred": 2.4304881095886199 }, "geometry": { "type": "Polygon", "coordinates": [ [ [ -91.59426779105074, 30.097234543412146 ], [ -91.574307560353844, 30.013935729515836 ], [ -91.669988349347548, 29.99657078943725 ], [ -91.690014765707005, 30.079811572683592 ], [ -91.59426779105074, 30.097234543412146 ] ] ] } },
{ "type": "Feature", "properties": { "ID": 41477, "date": "2022-01-01T00:00:00", "smokePM_pred": 3.0072977542877202 }, "geometry": { "type": "Polygon", "coordinates": [ [ [ -91.498437111689896, 30.11459664949173 ], [ -91.478543347532877, 30.031239987822069 ], [ -91.574307560353844, 30.013935729515836 ], [ -91.59426779105074, 30.097234543412146 ], [ -91.498437111689896, 30.11459664949173 ] ] ] } },
{ "type": "Feature", "properties": { "ID": 41478, "date": "2022-01-01T00:00:00", "smokePM_pred": 3.4157197475433301 }, "geometry": { "type": "Polygon", "coordinates": [ [ [ -91.402522959775737, 30.131897675926485 ], [ -91.382695942713994, 30.048483350264291 ], [ -91.478543347532877, 30.031239987822069 ], [ -91.498437111689896, 30.11459664949173 ], [ -91.402522959775737, 30.131897675926485 ] ] ] } },
{ "type": "Feature", "properties": { "ID": 41479, "date": "2022-01-01T00:00:00", "smokePM_pred": 2.3675053119659402 }, "geometry": { "type": "Polygon", "coordinates": [ [ [ -91.306525569063325, 30.149137408096532 ], [ -91.28676557932134, 30.065665603126238 ], [ -91.382695942713994, 30.048483350264291 ], [ -91.402522959775737, 30.131897675926485 ], [ -91.306525569063325, 30.149137408096532 ] ] ] } },
{ "type": "Feature", "properties": { "ID": 41480, "date": "2022-01-01T00:00:00", "smokePM_pred": 2.3737454414367698 }, "geometry": { "type": "Polygon", "coordinates": [ [ [ -91.210445174912081, 30.166315631764228 ], [ -91.19075249237406, 30.082786533073278 ], [ -91.28676557932134, 30.065665603126238 ], [ -91.306525569063325, 30.149137408096532 ], [ -91.210445174912081, 30.166315631764228 ] ] ] } },
{ "type": "Feature", "properties": { "ID": 41481, "date": "2022-01-01T00:00:00", "smokePM_pred": 2.4592161178588898 }, "geometry": { "type": "Polygon", "coordinates": [ [ [ -91.11428201428599, 30.183432133080363 ], [ -91.094656918486805, 30.09984592715853 ], [ -91.19075249237406, 30.082786533073278 ], [ -91.210445174912081, 30.166315631764228 ], [ -91.11428201428599, 30.183432133080363 ] ] ] } },
{ "type": "Feature", "properties": { "ID": 41482, "date": "2022-01-01T00:00:00", "smokePM_pred": 2.4452610015869101 }, "geometry": { "type": "Polygon", "coordinates": [ [ [ -91.018036325754096, 30.200486698590417 ], [ -90.998479095869953, 30.116843572829087 ], [ -91.094656918486805, 30.09984592715853 ], [ -91.11428201428599, 30.183432133080363 ], [ -91.018036325754096, 30.200486698590417 ] ] ] } },
{ "type": "Feature", "properties": { "ID": 41483, "date": "2022-01-01T00:00:00", "smokePM_pred": 2.9162533283233598 }, "geometry": { "type": "Polygon", "coordinates": [ [ [ -90.921708349490672, 30.21747911524076 ], [ -90.902219264329915, 30.133779257932293 ], [ -90.998479095869953, 30.116843572829087 ], [ -91.018036325754096, 30.200486698590417 ], [ -90.921708349490672, 30.21747911524076 ] ] ] } },
{ "type": "Feature", "properties": { "ID": 41484, "date": "2022-01-01T00:00:00", "smokePM_pred": 3.1574449539184601 }, "geometry": { "type": "Polygon", "coordinates": [ [ [ -90.825298327275362, 30.234409170384954 ], [ -90.805877665269179, 30.150652770721848 ], [ -90.902219264329915, 30.133779257932293 ], [ -90.921708349490672, 30.21747911524076 ], [ -90.825298327275362, 30.234409170384954 ] ] ] } },
{ "type": "Feature", "properties": { "ID": 41485, "date": "2022-01-01T00:00:00", "smokePM_pred": 3.2246541976928702 }, "geometry": { "type": "Polygon", "coordinates": [ [ [ -90.728806502493441, 30.251276651789933 ], [ -90.709454541686526, 30.167463899864128 ], [ -90.805877665269179, 30.150652770721848 ], [ -90.825298327275362, 30.234409170384954 ], [ -90.728806502493441, 30.251276651789933 ] ] ] } },
{ "type": "Feature", "properties": { "ID": 41486, "date": "2022-01-01T00:00:00", "smokePM_pred": 3.2264451980590798 }, "geometry": { "type": "Polygon", "coordinates": [ [ [ -90.632233120135766, 30.268081347642351 ], [ -90.612950138177027, 30.184212434444291 ], [ -90.709454541686526, 30.167463899864128 ], [ -90.728806502493441, 30.251276651789933 ], [ -90.632233120135766, 30.268081347642351 ] ] ] } },
{ "type": "Feature", "properties": { "ID": 41487, "date": "2022-01-01T00:00:00", "smokePM_pred": 3.2890746593475302 }, "geometry": { "type": "Polygon", "coordinates": [ [ [ -90.535578426798764, 30.284823046554802 ], [ -90.516364700931987, 30.200898163972699 ], [ -90.612950138177027, 30.184212434444291 ], [ -90.632233120135766, 30.268081347642351 ], [ -90.535578426798764, 30.284823046554802 ] ] ] } },
{ "type": "Feature", "properties": { "ID": 41488, "date": "2022-01-01T00:00:00", "smokePM_pred": 3.47076416015625 }, "geometry": { "type": "Polygon", "coordinates": [ [ [ -90.438842670684394, 30.301501537572083 ], [ -90.419698477738805, 30.217520878390999 ], [ -90.516364700931987, 30.200898163972699 ], [ -90.535578426798764, 30.284823046554802 ], [ -90.438842670684394, 30.301501537572083 ] ] ] } },
{ "type": "Feature", "properties": { "ID": 41489, "date": "2022-01-01T00:00:00", "smokePM_pred": 3.0419080257415798 }, "geometry": { "type": "Polygon", "coordinates": [ [ [ -90.342026101600013, 30.318116610177562 ], [ -90.322951717980914, 30.234080368078441 ], [ -90.419698477738805, 30.217520878390999 ], [ -90.438842670684394, 30.301501537572083 ], [ -90.342026101600013, 30.318116610177562 ] ] ] } },
{ "type": "Feature", "properties": { "ID": 41490, "date": "2022-01-01T00:00:00", "smokePM_pred": 2.8451073169708301 }, "geometry": { "type": "Polygon", "coordinates": [ [ [ -90.245128970958092, 30.334668054299371 ], [ -90.22612467263744, 30.250576423858149 ], [ -90.322951717980914, 30.234080368078441 ], [ -90.342026101600013, 30.318116610177562 ], [ -90.245128970958092, 30.334668054299371 ] ] ] } },
{ "type": "Feature", "properties": { "ID": 41491, "date": "2022-01-01T00:00:00", "smokePM_pred": 2.5997183322906499 }, "geometry": { "type": "Polygon", "coordinates": [ [ [ -90.148151531776023, 30.35115566031676 ], [ -90.129217594283006, 30.267008837003338 ], [ -90.22612467263744, 30.250576423858149 ], [ -90.245128970958092, 30.334668054299371 ], [ -90.148151531776023, 30.35115566031676 ] ] ] } },
{ "type": "Feature", "properties": { "ID": 41492, "date": "2022-01-01T00:00:00", "smokePM_pred": 2.1701319217681898 }, "geometry": { "type": "Polygon", "coordinates": [ [ [ -90.0510940386757, 30.367579219066393 ], [ -90.03223073708719, 30.283377399243655 ], [ -90.129217594283006, 30.267008837003338 ], [ -90.148151531776023, 30.35115566031676 ], [ -90.0510940386757, 30.367579219066393 ] ] ] } },
{ "type": "Feature", "properties": { "ID": 41501, "date": "2022-01-01T00:00:00", "smokePM_pred": 2.0568771362304701 }, "geometry": { "type": "Polygon", "coordinates": [ [ [ -89.174016980635002, 30.512474843357573 ], [ -89.15580170131409, 30.427787038072754 ], [ -89.253494867539558, 30.412002427728773 ], [ -89.271783236533878, 30.49663704376901 ], [ -89.174016980635002, 30.512474843357573 ] ] ] } },
{ "type": "Feature", "properties": { "ID": 41502, "date": "2022-01-01T00:00:00", "smokePM_pred": 1.7383016347885101 }, "geometry": { "type": "Polygon", "coordinates": [ [ [ -89.076173305157525, 30.528246530592735 ], [ -89.058031385539437, 30.443505741292419 ], [ -89.15580170131409, 30.427787038072754 ], [ -89.174016980635002, 30.512474843357573 ], [ -89.076173305157525, 30.528246530592735 ] ] ] } },
{ "type": "Feature", "properties": { "ID": 41503, "date": "2022-01-01T00:00:00", "smokePM_pred": 1.7308974266052199 }, "geometry": { "type": "Polygon", "coordinates": [ [ [ -88.97825248232958, 30.543951901760025 ], [ -88.960184191886185, 30.459158334552832 ], [ -89.058031385539437, 30.443505741292419 ], [ -89.076173305157525, 30.528246530592735 ], [ -88.97825248232958, 30.543951901760025 ] ] ] } },
{ "type": "Feature", "properties": { "ID": 41504, "date": "2022-01-01T00:00:00", "smokePM_pred": 1.7504540681839 }, "geometry": { "type": "Polygon", "coordinates": [ [ [ -88.880254785974145, 30.559590753678354 ], [ -88.86226039360993, 30.474744615551021 ], [ -88.960184191886185, 30.459158334552832 ], [ -88.97825248232958, 30.543951901760025 ], [ -88.880254785974145, 30.559590753678354 ] ] ] } },
{ "type": "Feature", "properties": { "ID": 41505, "date": "2022-01-01T00:00:00", "smokePM_pred": 1.95993292331696 }, "geometry": { "type": "Polygon", "coordinates": [ [ [ -88.782180491507631, 30.575162883706387 ], [ -88.764260265550092, 30.49026438252227 ], [ -88.86226039360993, 30.474744615551021 ], [ -88.880254785974145, 30.559590753678354 ], [ -88.782180491507631, 30.575162883706387 ] ] ] } },
{ "type": "Feature", "properties": { "ID": 41506, "date": "2022-01-01T00:00:00", "smokePM_pred": 2.4124381542205802 }, "geometry": { "type": "Polygon", "coordinates": [ [ [ -88.684029875938577, 30.590668089748881 ], [ -88.66618408412856, 30.505717434246463 ], [ -88.764260265550092, 30.49026438252227 ], [ -88.782180491507631, 30.575162883706387 ], [ -88.684029875938577, 30.590668089748881 ] ] ] } },
{ "type": "Feature", "properties": { "ID": 41507, "date": "2022-01-01T00:00:00", "smokePM_pred": 2.4435579776763898 }, "geometry": { "type": "Polygon", "coordinates": [ [ [ -88.585803217866243, 30.606106170263033 ], [ -88.568032127348133, 30.521103570054379 ], [ -88.66618408412856, 30.505717434246463 ], [ -88.684029875938577, 30.590668089748881 ], [ -88.585803217866243, 30.606106170263033 ] ] ] } },
{ "type": "Feature", "properties": { "ID": 41508, "date": "2022-01-01T00:00:00", "smokePM_pred": 2.2481174468994101 }, "geometry": { "type": "Polygon", "coordinates": [ [ [ -88.487500797479058, 30.621476924264808 ], [ -88.469804674791092, 30.536422589834046 ], [ -88.568032127348133, 30.521103570054379 ], [ -88.585803217866243, 30.606106170263033 ], [ -88.487500797479058, 30.621476924264808 ] ] ] } },
{ "type": "Feature", "properties": { "ID": 41509, "date": "2022-01-01T00:00:00", "smokePM_pred": 2.1794359683990501 }, "geometry": { "type": "Polygon", "coordinates": [ [ [ -88.389122896553047, 30.636780151335344 ], [ -88.371502007617579, 30.551674294037017 ], [ -88.469804674791092, 30.536422589834046 ], [ -88.487500797479058, 30.621476924264808 ], [ -88.389122896553047, 30.636780151335344 ] ] ] } },
{ "type": "Feature", "properties": { "ID": 41510, "date": "2022-01-01T00:00:00", "smokePM_pred": 1.5935965776443499 }, "geometry": { "type": "Polygon", "coordinates": [ [ [ -88.29066979845021, 30.652015651627284 ], [ -88.273124408563973, 30.566858483684712 ], [ -88.371502007617579, 30.551674294037017 ], [ -88.389122896553047, 30.636780151335344 ], [ -88.29066979845021, 30.652015651627284 ] ] ] } },
{ "type": "Feature", "properties": { "ID": 41511, "date": "2022-01-01T00:00:00", "smokePM_pred": 1.26747918128967 }, "geometry": { "type": "Polygon", "coordinates": [ [ [ -88.192141788116771, 30.667183225871092 ], [ -88.174672161941032, 30.581974960374719 ], [ -88.273124408563973, 30.566858483684712 ], [ -88.29066979845021, 30.652015651627284 ], [ -88.192141788116771, 30.667183225871092 ] ] ] } },
{ "type": "Feature", "properties": { "ID": 41512, "date": "2022-01-01T00:00:00", "smokePM_pred": 1.3254923820495601 }, "geometry": { "type": "Polygon", "coordinates": [ [ [ -88.093539152081362, 30.682282675381458 ], [ -88.07614555363223, 30.597023526287117 ], [ -88.174672161941032, 30.581974960374719 ], [ -88.192141788116771, 30.667183225871092 ], [ -88.093539152081362, 30.682282675381458 ] ] ] } },
{ "type": "Feature", "properties": { "ID": 41513, "date": "2022-01-01T00:00:00", "smokePM_pred": 1.37388956546783 }, "geometry": { "type": "Polygon", "coordinates": [ [ [ -87.994862178453161, 30.697313802063594 ], [ -87.977544871091794, 30.612003984190796 ], [ -88.07614555363223, 30.597023526287117 ], [ -88.093539152081362, 30.682282675381458 ], [ -87.994862178453161, 30.697313802063594 ] ] ] } },
{ "type": "Feature", "properties": { "ID": 41514, "date": "2022-01-01T00:00:00", "smokePM_pred": 1.07906222343445 }, "geometry": { "type": "Polygon", "coordinates": [ [ [ -87.896111156919943, 30.712276408419665 ], [ -87.878870403342702, 30.626916137449761 ], [ -87.977544871091794, 30.612003984190796 ], [ -87.994862178453161, 30.697313802063594 ], [ -87.896111156919943, 30.712276408419665 ] ] ] } },
{ "type": "Feature", "properties": { "ID": 41515, "date": "2022-01-01T00:00:00", "smokePM_pred": 1.0863555669784499 }, "geometry": { "type": "Polygon", "coordinates": [ [ [ -87.797286378745994, 30.727170297555016 ], [ -87.780122440974722, 30.641759790029457 ], [ -87.878870403342702, 30.626916137449761 ], [ -87.896111156919943, 30.712276408419665 ], [ -87.797286378745994, 30.727170297555016 ] ] ] } },
{ "type": "Feature", "properties": { "ID": 41516, "date": "2022-01-01T00:00:00", "smokePM_pred": 1.0812441110611 }, "geometry": { "type": "Polygon", "coordinates": [ [ [ -87.698388136770063, 30.741995273184624 ], [ -87.681301276142207, 30.656534746503013 ], [ -87.780122440974722, 30.641759790029457 ], [ -87.797286378745994, 30.727170297555016 ], [ -87.698388136770063, 30.741995273184624 ] ] ] } },
{ "type": "Feature", "properties": { "ID": 41517, "date": "2022-01-01T00:00:00", "smokePM_pred": 1.2233138084411601 }, "geometry": { "type": "Polygon", "coordinates": [ [ [ -87.599416725403145, 30.756751139639377 ], [ -87.582407202561967, 30.671240812057693 ], [ -87.681301276142207, 30.656534746503013 ], [ -87.698388136770063, 30.741995273184624 ], [ -87.599416725403145, 30.756751139639377 ] ] ] } },
{ "type": "Feature", "properties": { "ID": 41518, "date": "2022-01-01T00:00:00", "smokePM_pred": 1.1972345113754299 }, "geometry": { "type": "Polygon", "coordinates": [ [ [ -87.500372440626251, 30.771437701872436 ], [ -87.483440515511006, 30.685877792501017 ], [ -87.582407202561967, 30.671240812057693 ], [ -87.599416725403145, 30.756751139639377 ], [ -87.500372440626251, 30.771437701872436 ] ] ] } },
{ "type": "Feature", "properties": { "ID": 41519, "date": "2022-01-01T00:00:00", "smokePM_pred": 1.18473148345947 }, "geometry": { "type": "Polygon", "coordinates": [ [ [ -87.401255579987989, 30.786054765465554 ], [ -87.384401511824123, 30.700445494267182 ], [ -87.483440515511006, 30.685877792501017 ], [ -87.500372440626251, 30.771437701872436 ], [ -87.401255579987989, 30.786054765465554 ] ] ] } },
{ "type": "Feature", "properties": { "ID": 41520, "date": "2022-01-01T00:00:00", "smokePM_pred": 0.99852818250656095 }, "geometry": { "type": "Polygon", "coordinates": [ [ [ -87.302066442602253, 30.800602136635447 ], [ -87.285290489891537, 30.714943724423325 ], [ -87.384401511824123, 30.700445494267182 ], [ -87.401255579987989, 30.786054765465554 ], [ -87.302066442602253, 30.800602136635447 ] ] ] } },
{ "type": "Feature", "properties": { "ID": 41521, "date": "2022-01-01T00:00:00", "smokePM_pred": 1.03054976463318 }, "geometry": { "type": "Polygon", "coordinates": [ [ [ -87.202805329145619, 30.815079622240038 ], [ -87.186107749656344, 30.729372290675798 ], [ -87.285290489891537, 30.714943724423325 ], [ -87.302066442602253, 30.800602136635447 ], [ -87.202805329145619, 30.815079622240038 ] ] ] } },
{ "type": "Feature", "properties": { "ID": 41522, "date": "2022-01-01T00:00:00", "smokePM_pred": 1.3173511028289799 }, "geometry": { "type": "Polygon", "coordinates": [ [ [ -87.103472541854885, 30.829487029784868 ], [ -87.086853592611973, 30.743731001376485 ], [ -87.186107749656344, 30.729372290675798 ], [ -87.202805329145619, 30.815079622240038 ], [ -87.103472541854885, 30.829487029784868 ] ] ] } },
{ "type": "Feature", "properties": { "ID": 41523, "date": "2022-01-01T00:00:00", "smokePM_pred": 1.2235071659088099 }, "geometry": { "type": "Polygon", "coordinates": [ [ [ -87.004068384524317, 30.843824167429375 ], [ -86.987528321799502, 30.758019665529012 ], [ -87.086853592611973, 30.743731001376485 ], [ -87.103472541854885, 30.829487029784868 ], [ -87.004068384524317, 30.843824167429375 ] ] ] } },
{ "type": "Feature", "properties": { "ID": 41524, "date": "2022-01-01T00:00:00", "smokePM_pred": 1.3621841669082599 }, "geometry": { "type": "Polygon", "coordinates": [ [ [ -86.904593162502962, 30.858090843993178 ], [ -86.888132241804982, 30.77223809279516 ], [ -86.987528321799502, 30.758019665529012 ], [ -87.004068384524317, 30.843824167429375 ], [ -86.904593162502962, 30.858090843993178 ] ] ] } },
{ "type": "Feature", "properties": { "ID": 41525, "date": "2022-01-01T00:00:00", "smokePM_pred": 1.3614759445190401 }, "geometry": { "type": "Polygon", "coordinates": [ [ [ -86.805047182691851, 30.872286868962462 ], [ -86.788665658756614, 30.786386093500969 ], [ -86.888132241804982, 30.77223809279516 ], [ -86.904593162502962, 30.858090843993178 ], [ -86.805047182691851, 30.872286868962462 ] ] ] } },
{ "type": "Feature", "properties": { "ID": 41526, "date": "2022-01-01T00:00:00", "smokePM_pred": 1.30238425731659 }, "geometry": { "type": "Polygon", "coordinates": [ [ [ -86.705430753541094, 30.886412052496166 ], [ -86.689128880321732, 30.80046347864312 ], [ -86.788665658756614, 30.786386093500969 ], [ -86.805047182691851, 30.872286868962462 ], [ -86.705430753541094, 30.886412052496166 ] ] ] } },
{ "type": "Feature", "properties": { "ID": 41527, "date": "2022-01-01T00:00:00", "smokePM_pred": 1.2965176105499301 }, "geometry": { "type": "Polygon", "coordinates": [ [ [ -86.605744185046959, 30.900466205432373 ], [ -86.589522215704065, 30.814470059895157 ], [ -86.689128880321732, 30.80046347864312 ], [ -86.705430753541094, 30.886412052496166 ], [ -86.605744185046959, 30.900466205432373 ] ] ] } },
{ "type": "Feature", "properties": { "ID": 41528, "date": "2022-01-01T00:00:00", "smokePM_pred": 1.26012516021729 }, "geometry": { "type": "Polygon", "coordinates": [ [ [ -86.505987788748754, 30.914449139294575 ], [ -86.489845975640492, 30.828405649613728 ], [ -86.589522215704065, 30.814470059895157 ], [ -86.605744185046959, 30.900466205432373 ], [ -86.505987788748754, 30.914449139294575 ] ] ] } },
{ "type": "Feature", "properties": { "ID": 41529, "date": "2022-01-01T00:00:00", "smokePM_pred": 1.3592312335968 }, "geometry": { "type": "Polygon", "coordinates": [ [ [ -86.406161877725722, 30.928360666297905 ], [ -86.390100472398046, 30.842270060844822 ], [ -86.489845975640492, 30.828405649613728 ], [ -86.505987788748754, 30.914449139294575 ], [ -86.406161877725722, 30.928360666297905 ] ] ] } },
{ "type": "Feature", "properties": { "ID": 41530, "date": "2022-01-01T00:00:00", "smokePM_pred": 1.25012648105621 }, "geometry": { "type": "Polygon", "coordinates": [ [ [ -86.306266766593893, 30.942200599355459 ], [ -86.290286019770619, 30.856063107330044 ], [ -86.390100472398046, 30.842270060844822 ], [ -86.406161877725722, 30.928360666297905 ], [ -86.306266766593893, 30.942200599355459 ] ] ] } },
{ "type": "Feature", "properties": { "ID": 41531, "date": "2022-01-01T00:00:00", "smokePM_pred": 1.11247169971466 }, "geometry": { "type": "Polygon", "coordinates": [ [ [ -86.206302771502749, 30.955968752084544 ], [ -86.190402933075788, 30.869784603512802 ], [ -86.290286019770619, 30.856063107330044 ], [ -86.306266766593893, 30.942200599355459 ], [ -86.206302771502749, 30.955968752084544 ] ] ] } },
{ "type": "Feature", "properties": { "ID": 41950, "date": "2022-01-01T00:00:00", "smokePM_pred": 4.66237497329712 }, "geometry": { "type": "Polygon", "coordinates": [ [ [ -95.471320509584956, 29.416254957732175 ], [ -95.448787728479559, 29.335491629285467 ], [ -95.540922584071794, 29.315762130084074 ], [ -95.563510032490882, 29.396460624563474 ], [ -95.471320509584956, 29.416254957732175 ] ] ] } },
{ "type": "Feature", "properties": { "ID": 41951, "date": "2022-01-01T00:00:00", "smokePM_pred": 5.4361681938171396 }, "geometry": { "type": "Polygon", "coordinates": [ [ [ -95.379038842674021, 29.435997344108561 ], [ -95.356561016998214, 29.355169327318343 ], [ -95.448787728479559, 29.335491629285467 ], [ -95.471320509584956, 29.416254957732175 ], [ -95.379038842674021, 29.435997344108561 ] ] ] } },
{ "type": "Feature", "properties": { "ID": 41952, "date": "2022-01-01T00:00:00", "smokePM_pred": 5.7677803039550799 }, "geometry": { "type": "Polygon", "coordinates": [ [ [ -95.286665199257371, 29.455687557574301 ], [ -95.264242617154977, 29.37479499896968 ], [ -95.356561016998214, 29.355169327318343 ], [ -95.379038842674021, 29.435997344108561 ], [ -95.286665199257371, 29.455687557574301 ] ] ] } },
{ "type": "Feature", "properties": { "ID": 41953, "date": "2022-01-01T00:00:00", "smokePM_pred": 6.8699326515197798 }, "geometry": { "type": "Polygon", "coordinates": [ [ [ -95.194199748376775, 29.475325372142962 ], [ -95.171832698011812, 29.394368419158912 ], [ -95.264242617154977, 29.37479499896968 ], [ -95.286665199257371, 29.455687557574301 ], [ -95.194199748376775, 29.475325372142962 ] ] ] } },
{ "type": "Feature", "properties": { "ID": 41954, "date": "2022-01-01T00:00:00", "smokePM_pred": 7.7574419975280797 }, "geometry": { "type": "Polygon", "coordinates": [ [ [ -95.101642660619191, 29.494910561965607 ], [ -95.079331430168025, 29.413889362943628 ], [ -95.171832698011812, 29.394368419158912 ], [ -95.194199748376775, 29.475325372142962 ], [ -95.101642660619191, 29.494910561965607 ] ] ] } },
{ "type": "Feature", "properties": { "ID": 41955, "date": "2022-01-01T00:00:00", "smokePM_pred": 8.6830835342407209 }, "geometry": { "type": "Polygon", "coordinates": [ [ [ -95.008994108119538, 29.514442901336484 ], [ -94.986738985763054, 29.433357605525092 ], [ -95.079331430168025, 29.413889362943628 ], [ -95.101642660619191, 29.494910561965607 ], [ -95.008994108119538, 29.514442901336484 ] ] ] } },
{ "type": "Feature", "properties": { "ID": 41956, "date": "2022-01-01T00:00:00", "smokePM_pred": 8.9132890701293999 }, "geometry": { "type": "Polygon", "coordinates": [ [ [ -94.916254264563406, 29.533922164698669 ], [ -94.89405553847908, 29.45277292225396 ], [ -94.986738985763054, 29.433357605525092 ], [ -95.008994108119538, 29.514442901336484 ], [ -94.916254264563406, 29.533922164698669 ] ] ] } },
{ "type": "Feature", "properties": { "ID": 41957, "date": "2022-01-01T00:00:00", "smokePM_pred": 8.5265073776245099 }, "geometry": { "type": "Polygon", "coordinates": [ [ [ -94.823423305189607, 29.553348126649801 ], [ -94.801281263543672, 29.472135088635937 ], [ -94.89405553847908, 29.45277292225396 ], [ -94.916254264563406, 29.533922164698669 ], [ -94.823423305189607, 29.553348126649801 ] ] ] } },
{ "type": "Feature", "properties": { "ID": 41958, "date": "2022-01-01T00:00:00", "smokePM_pred": 8.2824592590331996 }, "geometry": { "type": "Polygon", "coordinates": [ [ [ -94.730501406792868, 29.572720561947765 ], [ -94.708416337732288, 29.491443880337471 ], [ -94.801281263543672, 29.472135088635937 ], [ -94.823423305189607, 29.553348126649801 ], [ -94.730501406792868, 29.572720561947765 ] ] ] } },
{ "type": "Feature", "properties": { "ID": 41959, "date": "2022-01-01T00:00:00", "smokePM_pred": 8.2443161010742205 }, "geometry": { "type": "Polygon", "coordinates": [ [ [ -94.637488747726323, 29.592039245516442 ], [ -94.615460939370763, 29.510699073191432 ], [ -94.708416337732288, 29.491443880337471 ], [ -94.730501406792868, 29.572720561947765 ], [ -94.637488747726323, 29.592039245516442 ] ] ] } },
{ "type": "Feature", "properties": { "ID": 41960, "date": "2022-01-01T00:00:00", "smokePM_pred": 8.2509136199951207 }, "geometry": { "type": "Polygon", "coordinates": [ [ [ -94.544385507904025, 29.611303952451472 ], [ -94.522415248337822, 29.529900443202877 ], [ -94.615460939370763, 29.510699073191432 ], [ -94.637488747726323, 29.592039245516442 ], [ -94.544385507904025, 29.611303952451472 ] ] ] } },
{ "type": "Feature", "properties": { "ID": 41961, "date": "2022-01-01T00:00:00", "smokePM_pred": 8.5364303588867205 }, "geometry": { "type": "Polygon", "coordinates": [ [ [ -94.451191868803335, 29.630514458025971 ], [ -94.429279446067426, 29.549047766554775 ], [ -94.522415248337822, 29.529900443202877 ], [ -94.544385507904025, 29.611303952451472 ], [ -94.451191868803335, 29.630514458025971 ] ] ] } },
{ "type": "Feature", "properties": { "ID": 41962, "date": "2022-01-01T00:00:00", "smokePM_pred": 9.2783203125 }, "geometry": { "type": "Polygon", "coordinates": [ [ [ -94.357908013467409, 29.649670537696412 ], [ -94.336053715551188, 29.568140819613756 ], [ -94.429279446067426, 29.549047766554775 ], [ -94.451191868803335, 29.630514458025971 ], [ -94.357908013467409, 29.649670537696412 ] ] ] } },
{ "type": "Feature", "properties": { "ID": 41963, "date": "2022-01-01T00:00:00", "smokePM_pred": 9.7924385070800799 }, "geometry": { "type": "Polygon", "coordinates": [ [ [ -94.264534126507428, 29.668771967108334 ], [ -94.242738241340632, 29.587179378935922 ], [ -94.336053715551188, 29.568140819613756 ], [ -94.357908013467409, 29.649670537696412 ], [ -94.264534126507428, 29.668771967108334 ] ] ] } },
{ "type": "Feature", "properties": { "ID": 41964, "date": "2022-01-01T00:00:00", "smokePM_pred": 9.8974933624267596 }, "geometry": { "type": "Polygon", "coordinates": [ [ [ -94.171070394105058, 29.687818522102205 ], [ -94.149333209549411, 29.606163221272592 ], [ -94.242738241340632, 29.587179378935922 ], [ -94.264534126507428, 29.668771967108334 ], [ -94.171070394105058, 29.687818522102205 ] ] ] } },
{ "type": "Feature", "properties": { "ID": 41965, "date": "2022-01-01T00:00:00", "smokePM_pred": 9.8232078552246094 }, "geometry": { "type": "Polygon", "coordinates": [ [ [ -94.077517004014439, 29.706809978719313 ], [ -94.055838807855608, 29.625092123576149 ], [ -94.149333209549411, 29.606163221272592 ], [ -94.171070394105058, 29.687818522102205 ], [ -94.077517004014439, 29.706809978719313 ] ] ] } },
{ "type": "Feature", "properties": { "ID": 41966, "date": "2022-01-01T00:00:00", "smokePM_pred": 9.9631862640380895 }, "geometry": { "type": "Polygon", "coordinates": [ [ [ -93.983874145564627, 29.725746113207514 ], [ -93.962255225503782, 29.643965863005903 ], [ -94.055838807855608, 29.625092123576149 ], [ -94.077517004014439, 29.706809978719313 ], [ -93.983874145564627, 29.725746113207514 ] ] ] } },
{ "type": "Feature", "properties": { "ID": 41967, "date": "2022-01-01T00:00:00", "smokePM_pred": 10.0343980789185 }, "geometry": { "type": "Polygon", "coordinates": [ [ [ -93.890142009661602, 29.744626702027212 ], [ -93.868582653307158, 29.662784216933851 ], [ -93.962255225503782, 29.643965863005903 ], [ -93.983874145564627, 29.725746113207514 ], [ -93.890142009661602, 29.744626702027212 ] ] ] } },
{ "type": "Feature", "properties": { "ID": 41968, "date": "2022-01-01T00:00:00", "smokePM_pred": 10.040346145629901 }, "geometry": { "type": "Polygon", "coordinates": [ [ [ -93.796320788790297, 29.763451521857167 ], [ -93.774821283649572, 29.681546962950598 ], [ -93.868582653307158, 29.662784216933851 ], [ -93.890142009661602, 29.744626702027212 ], [ -93.796320788790297, 29.763451521857167 ] ] ] } },
{ "type": "Feature", "properties": { "ID": 41969, "date": "2022-01-01T00:00:00", "smokePM_pred": 9.9348344802856392 }, "geometry": { "type": "Polygon", "coordinates": [ [ [ -93.702410677016786, 29.782220349600482 ], [ -93.680971310487564, 29.700253878871262 ], [ -93.774821283649572, 29.681546962950598 ], [ -93.796320788790297, 29.763451521857167 ], [ -93.702410677016786, 29.782220349600482 ] ] ] } },
{ "type": "Feature", "properties": { "ID": 41970, "date": "2022-01-01T00:00:00", "smokePM_pred": 9.2374305725097692 }, "geometry": { "type": "Polygon", "coordinates": [ [ [ -93.608411869990107, 29.800932962390441 ], [ -93.587032929352219, 29.718904742741273 ], [ -93.680971310487564, 29.700253878871262 ], [ -93.702410677016786, 29.782220349600482 ], [ -93.608411869990107, 29.800932962390441 ] ] ] } },
{ "type": "Feature", "properties": { "ID": 41971, "date": "2022-01-01T00:00:00", "smokePM_pred": 9.1343441009521502 }, "geometry": { "type": "Polygon", "coordinates": [ [ [ -93.514324564944246, 29.81958913759652 ], [ -93.493006337351147, 29.737499332842379 ], [ -93.587032929352219, 29.718904742741273 ], [ -93.608411869990107, 29.800932962390441 ], [ -93.514324564944246, 29.81958913759652 ] ] ] } },
{ "type": "Feature", "properties": { "ID": 41972, "date": "2022-01-01T00:00:00", "smokePM_pred": 8.689208984375 }, "geometry": { "type": "Polygon", "coordinates": [ [ [ -93.420148960700075, 29.83818865283029 ], [ -93.398891733170217, 29.756037427698555 ], [ -93.493006337351147, 29.737499332842379 ], [ -93.514324564944246, 29.81958913759652 ], [ -93.420148960700075, 29.83818865283029 ] ] ] } },
{ "type": "Feature", "properties": { "ID": 41973, "date": "2022-01-01T00:00:00", "smokePM_pred": 8.1630516052246094 }, "geometry": { "type": "Polygon", "coordinates": [ [ [ -93.325885257666954, 29.856731285951458 ], [ -93.304689317075386, 29.774518806081872 ], [ -93.398891733170217, 29.756037427698555 ], [ -93.420148960700075, 29.83818865283029 ], [ -93.325885257666954, 29.856731285951458 ] ] ] } },
{ "type": "Feature", "properties": { "ID": 41974, "date": "2022-01-01T00:00:00", "smokePM_pred": 7.7122302055358896 }, "geometry": { "type": "Polygon", "coordinates": [ [ [ -93.23153365784475, 29.875216815073745 ], [ -93.210399290914438, 29.792943247018549 ], [ -93.304689317075386, 29.774518806081872 ], [ -93.325885257666954, 29.856731285951458 ], [ -93.23153365784475, 29.875216815073745 ] ] ] } },
{ "type": "Feature", "properties": { "ID": 41975, "date": "2022-01-01T00:00:00", "smokePM_pred": 7.5953207015991202 }, "geometry": { "type": "Polygon", "coordinates": [ [ [ -93.137094364825288, 29.893645018570975 ], [ -93.116021858118572, 29.811310529794877 ], [ -93.210399290914438, 29.792943247018549 ], [ -93.23153365784475, 29.875216815073745 ], [ -93.137094364825288, 29.893645018570975 ] ] ] } },
{ "type": "Feature", "properties": { "ID": 41976, "date": "2022-01-01T00:00:00", "smokePM_pred": 7.3562369346618697 }, "geometry": { "type": "Polygon", "coordinates": [ [ [ -93.042567583794181, 29.912015675083069 ], [ -93.021557223704065, 29.829620433963182 ], [ -93.116021858118572, 29.811310529794877 ], [ -93.137094364825288, 29.893645018570975 ], [ -93.042567583794181, 29.912015675083069 ] ] ] } },
{ "type": "Feature", "properties": { "ID": 41977, "date": "2022-01-01T00:00:00", "smokePM_pred": 7.0635309219360396 }, "geometry": { "type": "Polygon", "coordinates": [ [ [ -92.947953521532327, 29.930328563522036 ], [ -92.927005594273822, 29.847872739347896 ], [ -93.021557223704065, 29.829620433963182 ], [ -93.042567583794181, 29.912015675083069 ], [ -92.947953521532327, 29.930328563522036 ] ] ] } },
{ "type": "Feature", "properties": { "ID": 41978, "date": "2022-01-01T00:00:00", "smokePM_pred": 6.4100441932678196 }, "geometry": { "type": "Polygon", "coordinates": [ [ [ -92.85325238641741, 29.948583463078101 ], [ -92.832367178018842, 29.866067226051488 ], [ -92.927005594273822, 29.847872739347896 ], [ -92.947953521532327, 29.930328563522036 ], [ -92.85325238641741, 29.948583463078101 ] ] ] } },
{ "type": "Feature", "properties": { "ID": 41979, "date": "2022-01-01T00:00:00", "smokePM_pred": 5.8878870010376003 }, "geometry": { "type": "Polygon", "coordinates": [ [ [ -92.758464388425438, 29.966780153225656 ], [ -92.737642184719647, 29.884203674460554 ], [ -92.832367178018842, 29.866067226051488 ], [ -92.85325238641741, 29.948583463078101 ], [ -92.758464388425438, 29.966780153225656 ] ] ] } },
{ "type": "Feature", "properties": { "ID": 41980, "date": "2022-01-01T00:00:00", "smokePM_pred": 5.4376878738403303 }, "geometry": { "type": "Polygon", "coordinates": [ [ [ -92.663589739132078, 29.984918413729421 ], [ -92.642830825747694, 29.902281865251819 ], [ -92.737642184719647, 29.884203674460554 ], [ -92.758464388425438, 29.966780153225656 ], [ -92.663589739132078, 29.984918413729421 ] ] ] } },
{ "type": "Feature", "properties": { "ID": 41981, "date": "2022-01-01T00:00:00", "smokePM_pred": 4.2937655448913601 }, "geometry": { "type": "Polygon", "coordinates": [ [ [ -92.568628651714121, 30.00299802465047 ], [ -92.547933314066654, 29.920301579398245 ], [ -92.642830825747694, 29.902281865251819 ], [ -92.663589739132078, 29.984918413729421 ], [ -92.568628651714121, 30.00299802465047 ] ] ] } },
{ "type": "Feature", "properties": { "ID": 41982, "date": "2022-01-01T00:00:00", "smokePM_pred": 3.2825248241424601 }, "geometry": { "type": "Polygon", "coordinates": [ [ [ -92.473581340950659, 30.02101876635237 ], [ -92.45294986423373, 29.938262598175029 ], [ -92.547933314066654, 29.920301579398245 ], [ -92.568628651714121, 30.00299802465047 ], [ -92.473581340950659, 30.02101876635237 ] ] ] } },
{ "type": "Feature", "properties": { "ID": 41983, "date": "2022-01-01T00:00:00", "smokePM_pred": 2.9184865951538099 }, "geometry": { "type": "Polygon", "coordinates": [ [ [ -92.378448023224308, 30.038980419507268 ], [ -92.357880692400727, 29.956164703165737 ], [ -92.45294986423373, 29.938262598175029 ], [ -92.473581340950659, 30.02101876635237 ], [ -92.378448023224308, 30.038980419507268 ] ] ] } },
{ "type": "Feature", "properties": { "ID": 41984, "date": "2022-01-01T00:00:00", "smokePM_pred": 2.0309133529663099 }, "geometry": { "type": "Polygon", "coordinates": [ [ [ -92.283228916522518, 30.056882765102028 ], [ -92.262726016315384, 29.97400767626835 ], [ -92.357880692400727, 29.956164703165737 ], [ -92.378448023224308, 30.038980419507268 ], [ -92.283228916522518, 30.056882765102028 ] ] ] } },
{ "type": "Feature", "properties": { "ID": 41985, "date": "2022-01-01T00:00:00", "smokePM_pred": 2.0122420787811302 }, "geometry": { "type": "Polygon", "coordinates": [ [ [ -92.187924240438505, 30.074725584444352 ], [ -92.167486055322257, 29.991791299701454 ], [ -92.262726016315384, 29.97400767626835 ], [ -92.283228916522518, 30.056882765102028 ], [ -92.187924240438505, 30.074725584444352 ] ] ] } },
{ "type": "Feature", "properties": { "ID": 41986, "date": "2022-01-01T00:00:00", "smokePM_pred": 1.84742844104767 }, "geometry": { "type": "Polygon", "coordinates": [ [ [ -92.092534216172453, 30.092508659168956 ], [ -92.072161030363858, 30.009515356010237 ], [ -92.167486055322257, 29.991791299701454 ], [ -92.187924240438505, 30.074725584444352 ], [ -92.092534216172453, 30.092508659168956 ] ] ] } },
{ "type": "Feature", "properties": { "ID": 41987, "date": "2022-01-01T00:00:00", "smokePM_pred": 1.7347213029861499 }, "geometry": { "type": "Polygon", "coordinates": [ [ [ -91.997059066532415, 30.110231771243694 ], [ -91.976751163981575, 30.027179628072737 ], [ -92.072161030363858, 30.009515356010237 ], [ -92.092534216172453, 30.092508659168956 ], [ -91.997059066532415, 30.110231771243694 ] ] ] } },
{ "type": "Feature", "properties": { "ID": 41988, "date": "2022-01-01T00:00:00", "smokePM_pred": 1.5742933750152599 }, "geometry": { "type": "Polygon", "coordinates": [ [ [ -91.901499015935244, 30.127894702975745 ], [ -91.881256680316611, 30.044783899105891 ], [ -91.976751163981575, 30.027179628072737 ], [ -91.997059066532415, 30.110231771243694 ], [ -91.901499015935244, 30.127894702975745 ] ] ] } },
{ "type": "Feature", "properties": { "ID": 41989, "date": "2022-01-01T00:00:00", "smokePM_pred": 1.70985567569733 }, "geometry": { "type": "Polygon", "coordinates": [ [ [ -91.805854290407467, 30.145497237017832 ], [ -91.785677805110694, 30.062327952671737 ], [ -91.881256680316611, 30.044783899105891 ], [ -91.901499015935244, 30.127894702975745 ], [ -91.805854290407467, 30.145497237017832 ] ] ] } },
{ "type": "Feature", "properties": { "ID": 41990, "date": "2022-01-01T00:00:00", "smokePM_pred": 1.99440622329712 }, "geometry": { "type": "Polygon", "coordinates": [ [ [ -91.710125117586131, 30.163039156374346 ], [ -91.690014765707005, 30.079811572683592 ], [ -91.785677805110694, 30.062327952671737 ], [ -91.805854290407467, 30.145497237017832 ], [ -91.710125117586131, 30.163039156374346 ] ] ] } },
{ "type": "Feature", "properties": { "ID": 41991, "date": "2022-01-01T00:00:00", "smokePM_pred": 2.4437129497528098 }, "geometry": { "type": "Polygon", "coordinates": [ [ [ -91.61431172671945, 30.180520244407607 ], [ -91.59426779105074, 30.097234543412146 ], [ -91.690014765707005, 30.079811572683592 ], [ -91.710125117586131, 30.163039156374346 ], [ -91.61431172671945, 30.180520244407607 ] ] ] } },
{ "type": "Feature", "properties": { "ID": 41992, "date": "2022-01-01T00:00:00", "smokePM_pred": 3.3669793605804399 }, "geometry": { "type": "Polygon", "coordinates": [ [ [ -91.518414348667562, 30.197940284844059 ], [ -91.498437111689896, 30.11459664949173 ], [ -91.59426779105074, 30.097234543412146 ], [ -91.61431172671945, 30.180520244407607 ], [ -91.518414348667562, 30.197940284844059 ] ] ] } },
{ "type": "Feature", "properties": { "ID": 41993, "date": "2022-01-01T00:00:00", "smokePM_pred": 3.5179104804992698 }, "geometry": { "type": "Polygon", "coordinates": [ [ [ -91.422433215903069, 30.21529906178052 ], [ -91.402522959775737, 30.131897675926485 ], [ -91.498437111689896, 30.11459664949173 ], [ -91.518414348667562, 30.197940284844059 ], [ -91.422433215903069, 30.21529906178052 ] ] ] } },
{ "type": "Feature", "properties": { "ID": 41994, "date": "2022-01-01T00:00:00", "smokePM_pred": 2.8748981952667201 }, "geometry": { "type": "Polygon", "coordinates": [ [ [ -91.326368562511618, 30.232596359690362 ], [ -91.306525569063325, 30.149137408096532 ], [ -91.402522959775737, 30.131897675926485 ], [ -91.422433215903069, 30.21529906178052 ], [ -91.326368562511618, 30.232596359690362 ] ] ] } },
{ "type": "Feature", "properties": { "ID": 41995, "date": "2022-01-01T00:00:00", "smokePM_pred": 2.2860460281372101 }, "geometry": { "type": "Polygon", "coordinates": [ [ [ -91.230220624192413, 30.249831963429802 ], [ -91.210445174912081, 30.166315631764228 ], [ -91.306525569063325, 30.149137408096532 ], [ -91.326368562511618, 30.232596359690362 ], [ -91.230220624192413, 30.249831963429802 ] ] ] } },
{ "type": "Feature", "properties": { "ID": 41996, "date": "2022-01-01T00:00:00", "smokePM_pred": 2.13899827003479 }, "geometry": { "type": "Polygon", "coordinates": [ [ [ -91.133989638258527, 30.26700565824417 ], [ -91.11428201428599, 30.183432133080363 ], [ -91.210445174912081, 30.166315631764228 ], [ -91.230220624192413, 30.249831963429802 ], [ -91.133989638258527, 30.26700565824417 ] ] ] } },
{ "type": "Feature", "properties": { "ID": 41997, "date": "2022-01-01T00:00:00", "smokePM_pred": 2.1979515552520801 }, "geometry": { "type": "Polygon", "coordinates": [ [ [ -91.037675843637373, 30.284117229774111 ], [ -91.018036325754096, 30.200486698590417 ], [ -91.11428201428599, 30.183432133080363 ], [ -91.133989638258527, 30.26700565824417 ], [ -91.037675843637373, 30.284117229774111 ] ] ] } },
{ "type": "Feature", "properties": { "ID": 41998, "date": "2022-01-01T00:00:00", "smokePM_pred": 2.91616988182068 }, "geometry": { "type": "Polygon", "coordinates": [ [ [ -90.94127948087089, 30.301166464061918 ], [ -90.921708349490672, 30.21747911524076 ], [ -91.018036325754096, 30.200486698590417 ], [ -91.037675843637373, 30.284117229774111 ], [ -90.94127948087089, 30.301166464061918 ] ] ] } },
{ "type": "Feature", "properties": { "ID": 41999, "date": "2022-01-01T00:00:00", "smokePM_pred": 3.1105437278747599 }, "geometry": { "type": "Polygon", "coordinates": [ [ [ -90.844800792115791, 30.318153147557798 ], [ -90.825298327275362, 30.234409170384954 ], [ -90.921708349490672, 30.21747911524076 ], [ -90.94127948087089, 30.301166464061918 ], [ -90.844800792115791, 30.318153147557798 ] ] ] } },
{ "type": "Feature", "properties": { "ID": 42000, "date": "2022-01-01T00:00:00", "smokePM_pred": 3.20849680900574 }, "geometry": { "type": "Polygon", "coordinates": [ [ [ -90.748240021143744, 30.335077067126118 ], [ -90.728806502493441, 30.251276651789933 ], [ -90.825298327275362, 30.234409170384954 ], [ -90.844800792115791, 30.318153147557798 ], [ -90.748240021143744, 30.335077067126118 ] ] ] } },
{ "type": "Feature", "properties": { "ID": 42001, "date": "2022-01-01T00:00:00", "smokePM_pred": 3.0073390007018999 }, "geometry": { "type": "Polygon", "coordinates": [ [ [ -90.65159741334142, 30.351938010051779 ], [ -90.632233120135766, 30.268081347642351 ], [ -90.728806502493441, 30.251276651789933 ], [ -90.748240021143744, 30.335077067126118 ], [ -90.65159741334142, 30.351938010051779 ] ] ] } },
{ "type": "Feature", "properties": { "ID": 42002, "date": "2022-01-01T00:00:00", "smokePM_pred": 2.9074869155883798 }, "geometry": { "type": "Polygon", "coordinates": [ [ [ -90.554873215710472, 30.368735764046438 ], [ -90.535578426798764, 30.284823046554802 ], [ -90.632233120135766, 30.268081347642351 ], [ -90.65159741334142, 30.351938010051779 ], [ -90.554873215710472, 30.368735764046438 ] ] ] } },
{ "type": "Feature", "properties": { "ID": 42028, "date": "2022-01-01T00:00:00", "smokePM_pred": 0.74653995037078902 }, "geometry": { "type": "Polygon", "coordinates": [ [ [ -88.012253533982332, 30.78261363630585 ], [ -87.994862178453161, 30.697313802063594 ], [ -88.093539152081362, 30.682282675381458 ], [ -88.111007088386401, 30.767531758960072 ], [ -88.012253533982332, 30.78261363630585 ] ] ] } },
{ "type": "Feature", "properties": { "ID": 42029, "date": "2022-01-01T00:00:00", "smokePM_pred": 1.0755690336227399 }, "geometry": { "type": "Polygon", "coordinates": [ [ [ -87.913425667400304, 30.797626777453129 ], [ -87.896111156919943, 30.712276408419665 ], [ -87.994862178453161, 30.697313802063594 ], [ -88.012253533982332, 30.78261363630585 ], [ -87.913425667400304, 30.797626777453129 ] ] ] } },
{ "type": "Feature", "properties": { "ID": 42030, "date": "2022-01-01T00:00:00", "smokePM_pred": 1.04239189624786 }, "geometry": { "type": "Polygon", "coordinates": [ [ [ -87.814523780581283, 30.812570984643894 ], [ -87.797286378745994, 30.727170297555016 ], [ -87.896111156919943, 30.712276408419665 ], [ -87.913425667400304, 30.797626777453129 ], [ -87.814523780581283, 30.812570984643894 ] ] ] } },
{ "type": "Feature", "properties": { "ID": 42031, "date": "2022-01-01T00:00:00", "smokePM_pred": 1.0401476621627801 }, "geometry": { "type": "Polygon", "coordinates": [ [ [ -87.715548167050557, 30.827446060731617 ], [ -87.698388136770063, 30.741995273184624 ], [ -87.797286378745994, 30.727170297555016 ], [ -87.814523780581283, 30.812570984643894 ], [ -87.715548167050557, 30.827446060731617 ] ] ] } },
{ "type": "Feature", "properties": { "ID": 42032, "date": "2022-01-01T00:00:00", "smokePM_pred": 1.1511025428771999 }, "geometry": { "type": "Polygon", "coordinates": [ [ [ -87.616499121915581, 30.842251809187534 ], [ -87.599416725403145, 30.756751139639377 ], [ -87.698388136770063, 30.741995273184624 ], [ -87.715548167050557, 30.827446060731617 ], [ -87.616499121915581, 30.842251809187534 ] ] ] } },
{ "type": "Feature", "properties": { "ID": 42033, "date": "2022-01-01T00:00:00", "smokePM_pred": 1.23790884017944 }, "geometry": { "type": "Polygon", "coordinates": [ [ [ -87.517376941863702, 30.856988034107079 ], [ -87.500372440626251, 30.771437701872436 ], [ -87.599416725403145, 30.756751139639377 ], [ -87.616499121915581, 30.842251809187534 ], [ -87.517376941863702, 30.856988034107079 ] ] ] } },
{ "type": "Feature", "properties": { "ID": 42034, "date": "2022-01-01T00:00:00", "smokePM_pred": 1.2240909337997401 }, "geometry": { "type": "Polygon", "coordinates": [ [ [ -87.418181925159786, 30.87165454021628 ], [ -87.401255579987989, 30.786054765465554 ], [ -87.500372440626251, 30.771437701872436 ], [ -87.517376941863702, 30.856988034107079 ], [ -87.418181925159786, 30.87165454021628 ] ] ] } },
{ "type": "Feature", "properties": { "ID": 42035, "date": "2022-01-01T00:00:00", "smokePM_pred": 1.2085818052291899 }, "geometry": { "type": "Polygon", "coordinates": [ [ [ -87.318914371643871, 30.886251132878062 ], [ -87.302066442602253, 30.800602136635447 ], [ -87.401255579987989, 30.786054765465554 ], [ -87.418181925159786, 30.87165454021628 ], [ -87.318914371643871, 30.886251132878062 ] ] ] } },
{ "type": "Feature", "properties": { "ID": 42036, "date": "2022-01-01T00:00:00", "smokePM_pred": 1.1529457569122299 }, "geometry": { "type": "Polygon", "coordinates": [ [ [ -87.219574582728626, 30.900777618098658 ], [ -87.202805329145619, 30.815079622240038 ], [ -87.302066442602253, 30.800602136635447 ], [ -87.318914371643871, 30.886251132878062 ], [ -87.219574582728626, 30.900777618098658 ] ] ] } },
{ "type": "Feature", "properties": { "ID": 42037, "date": "2022-01-01T00:00:00", "smokePM_pred": 1.1615514755248999 }, "geometry": { "type": "Polygon", "coordinates": [ [ [ -87.120162861396793, 30.915233802533926 ], [ -87.103472541854885, 30.829487029784868 ], [ -87.202805329145619, 30.815079622240038 ], [ -87.219574582728626, 30.900777618098658 ], [ -87.120162861396793, 30.915233802533926 ] ] ] } },
{ "type": "Feature", "properties": { "ID": 42038, "date": "2022-01-01T00:00:00", "smokePM_pred": 1.25840032100677 }, "geometry": { "type": "Polygon", "coordinates": [ [ [ -87.020679512198569, 30.929619493495736 ], [ -87.004068384524317, 30.843824167429375 ], [ -87.103472541854885, 30.829487029784868 ], [ -87.120162861396793, 30.915233802533926 ], [ -87.020679512198569, 30.929619493495736 ] ] ] } },
{ "type": "Feature", "properties": { "ID": 42039, "date": "2022-01-01T00:00:00", "smokePM_pred": 1.3071974515914899 }, "geometry": { "type": "Polygon", "coordinates": [ [ [ -86.921124841248854, 30.943934498958324 ], [ -86.904593162502962, 30.858090843993178 ], [ -87.004068384524317, 30.843824167429375 ], [ -87.020679512198569, 30.929619493495736 ], [ -86.921124841248854, 30.943934498958324 ] ] ] } },
{ "type": "Feature", "properties": { "ID": 42040, "date": "2022-01-01T00:00:00", "smokePM_pred": 1.42162501811981 }, "geometry": { "type": "Polygon", "coordinates": [ [ [ -86.821499156224405, 30.958178627564614 ], [ -86.805047182691851, 30.872286868962462 ], [ -86.904593162502962, 30.858090843993178 ], [ -86.921124841248854, 30.943934498958324 ], [ -86.821499156224405, 30.958178627564614 ] ] ] } },
{ "type": "Feature", "properties": { "ID": 42041, "date": "2022-01-01T00:00:00", "smokePM_pred": 1.3839282989502 }, "geometry": { "type": "Polygon", "coordinates": [ [ [ -86.721802766361051, 30.972351688632514 ], [ -86.705430753541094, 30.886412052496166 ], [ -86.805047182691851, 30.872286868962462 ], [ -86.821499156224405, 30.958178627564614 ], [ -86.721802766361051, 30.972351688632514 ] ] ] } },
{ "type": "Feature", "properties": { "ID": 42042, "date": "2022-01-01T00:00:00", "smokePM_pred": 1.29503917694092 }, "geometry": { "type": "Polygon", "coordinates": [ [ [ -86.622035982450612, 30.986453492161342 ], [ -86.605744185046959, 30.900466205432373 ], [ -86.705430753541094, 30.886412052496166 ], [ -86.721802766361051, 30.972351688632514 ], [ -86.622035982450612, 30.986453492161342 ] ] ] } },
{ "type": "Feature", "properties": { "ID": 42467, "date": "2022-01-01T00:00:00", "smokePM_pred": 5.3557534217834499 }, "geometry": { "type": "Polygon", "coordinates": [ [ [ -95.309179589081225, 29.536563523552886 ], [ -95.286665199257371, 29.455687557574301 ], [ -95.379038842674021, 29.435997344108561 ], [ -95.401608645112589, 29.516808680799059 ], [ -95.309179589081225, 29.536563523552886 ] ] ] } },
{ "type": "Feature", "properties": { "ID": 42468, "date": "2022-01-01T00:00:00", "smokePM_pred": 6.1470417976379403 }, "geometry": { "type": "Polygon", "coordinates": [ [ [ -95.216658435876695, 29.556265820018197 ], [ -95.194199748376775, 29.475325372142962 ], [ -95.286665199257371, 29.455687557574301 ], [ -95.309179589081225, 29.536563523552886 ], [ -95.216658435876695, 29.556265820018197 ] ] ] } },
{ "type": "Feature", "properties": { "ID": 42469, "date": "2022-01-01T00:00:00", "smokePM_pred": 7.36849164962769 }, "geometry": { "type": "Polygon", "coordinates": [ [ [ -95.124045356070852, 29.575915343436876 ], [ -95.101642660619191, 29.494910561965607 ], [ -95.194199748376775, 29.475325372142962 ], [ -95.216658435876695, 29.556265820018197 ], [ -95.124045356070852, 29.575915343436876 ] ] ] } },
{ "type": "Feature", "properties": { "ID": 42470, "date": "2022-01-01T00:00:00", "smokePM_pred": 9.1661100387573207 }, "geometry": { "type": "Polygon", "coordinates": [ [ [ -95.031340521791421, 29.59551186719337 ], [ -95.008994108119538, 29.514442901336484 ], [ -95.101642660619191, 29.494910561965607 ], [ -95.124045356070852, 29.575915343436876 ], [ -95.031340521791421, 29.59551186719337 ] ] ] } },
{ "type": "Feature", "properties": { "ID": 42471, "date": "2022-01-01T00:00:00", "smokePM_pred": 9.4734344482421893 }, "geometry": { "type": "Polygon", "coordinates": [ [ [ -94.938544106724706, 29.615055164820493 ], [ -94.916254264563406, 29.533922164698669 ], [ -95.008994108119538, 29.514442901336484 ], [ -95.031340521791421, 29.59551186719337 ], [ -94.938544106724706, 29.615055164820493 ] ] ] } },
{ "type": "Feature", "properties": { "ID": 42472, "date": "2022-01-01T00:00:00", "smokePM_pred": 8.6350135803222692 }, "geometry": { "type": "Polygon", "coordinates": [ [ [ -94.845656286118228, 29.634545010005048 ], [ -94.823423305189607, 29.553348126649801 ], [ -94.916254264563406, 29.533922164698669 ], [ -94.938544106724706, 29.615055164820493 ], [ -94.845656286118228, 29.634545010005048 ] ] ] } },
{ "type": "Feature", "properties": { "ID": 42473, "date": "2022-01-01T00:00:00", "smokePM_pred": 7.0777106285095197 }, "geometry": { "type": "Polygon", "coordinates": [ [ [ -94.752677236783427, 29.653981176593618 ], [ -94.730501406792868, 29.572720561947765 ], [ -94.823423305189607, 29.553348126649801 ], [ -94.845656286118228, 29.634545010005048 ], [ -94.752677236783427, 29.653981176593618 ] ] ] } },
{ "type": "Feature", "properties": { "ID": 42474, "date": "2022-01-01T00:00:00", "smokePM_pred": 7.1668725013732901 }, "geometry": { "type": "Polygon", "coordinates": [ [ [ -94.659607137098249, 29.673363438598308 ], [ -94.637488747726323, 29.592039245516442 ], [ -94.730501406792868, 29.572720561947765 ], [ -94.752677236783427, 29.653981176593618 ], [ -94.659607137098249, 29.673363438598308 ] ] ] } },
{ "type": "Feature", "properties": { "ID": 42475, "date": "2022-01-01T00:00:00", "smokePM_pred": 7.8244957923889196 }, "geometry": { "type": "Polygon", "coordinates": [ [ [ -94.566446167009573, 29.69269157020253 ], [ -94.544385507904025, 29.611303952451472 ], [ -94.637488747726323, 29.592039245516442 ], [ -94.659607137098249, 29.673363438598308 ], [ -94.566446167009573, 29.69269157020253 ] ] ] } },
{ "type": "Feature", "properties": { "ID": 42476, "date": "2022-01-01T00:00:00", "smokePM_pred": 8.6851873397827095 }, "geometry": { "type": "Polygon", "coordinates": [ [ [ -94.473194508035832, 29.711965345766828 ], [ -94.451191868803335, 29.630514458025971 ], [ -94.544385507904025, 29.611303952451472 ], [ -94.566446167009573, 29.69269157020253 ], [ -94.473194508035832, 29.711965345766828 ] ] ] } },
{ "type": "Feature", "properties": { "ID": 42477, "date": "2022-01-01T00:00:00", "smokePM_pred": 9.8067789077758807 }, "geometry": { "type": "Polygon", "coordinates": [ [ [ -94.379852343269363, 29.731184539834633 ], [ -94.357908013467409, 29.649670537696412 ], [ -94.451191868803335, 29.630514458025971 ], [ -94.473194508035832, 29.711965345766828 ], [ -94.379852343269363, 29.731184539834633 ] ] ] } },
{ "type": "Feature", "properties": { "ID": 42478, "date": "2022-01-01T00:00:00", "smokePM_pred": 10.156378746032701 }, "geometry": { "type": "Polygon", "coordinates": [ [ [ -94.286419857378775, 29.750348927138131 ], [ -94.264534126507428, 29.668771967108334 ], [ -94.357908013467409, 29.649670537696412 ], [ -94.379852343269363, 29.731184539834633 ], [ -94.286419857378775, 29.750348927138131 ] ] ] } },
{ "type": "Feature", "properties": { "ID": 42479, "date": "2022-01-01T00:00:00", "smokePM_pred": 10.102263450622599 }, "geometry": { "type": "Polygon", "coordinates": [ [ [ -94.192897236611358, 29.769458282604127 ], [ -94.171070394105058, 29.687818522102205 ], [ -94.264534126507428, 29.668771967108334 ], [ -94.286419857378775, 29.750348927138131 ], [ -94.192897236611358, 29.769458282604127 ] ] ] } },
{ "type": "Feature", "properties": { "ID": 42480, "date": "2022-01-01T00:00:00", "smokePM_pred": 10.048707962036101 }, "geometry": { "type": "Polygon", "coordinates": [ [ [ -94.099284668795278, 29.78851238135989 ], [ -94.077517004014439, 29.706809978719313 ], [ -94.171070394105058, 29.687818522102205 ], [ -94.192897236611358, 29.769458282604127 ], [ -94.099284668795278, 29.78851238135989 ] ] ] } },
{ "type": "Feature", "properties": { "ID": 42481, "date": "2022-01-01T00:00:00", "smokePM_pred": 9.7272977828979492 }, "geometry": { "type": "Polygon", "coordinates": [ [ [ -94.005582343341857, 29.807510998739051 ], [ -93.983874145564627, 29.725746113207514 ], [ -94.077517004014439, 29.706809978719313 ], [ -94.099284668795278, 29.78851238135989 ], [ -94.005582343341857, 29.807510998739051 ] ] ] } },
{ "type": "Feature", "properties": { "ID": 42482, "date": "2022-01-01T00:00:00", "smokePM_pred": 9.8412647247314506 }, "geometry": { "type": "Polygon", "coordinates": [ [ [ -93.911790451247782, 29.826453910287494 ], [ -93.890142009661602, 29.744626702027212 ], [ -93.983874145564627, 29.725746113207514 ], [ -94.005582343341857, 29.807510998739051 ], [ -93.911790451247782, 29.826453910287494 ] ] ] } },
{ "type": "Feature", "properties": { "ID": 42483, "date": "2022-01-01T00:00:00", "smokePM_pred": 9.9809331893920898 }, "geometry": { "type": "Polygon", "coordinates": [ [ [ -93.817909185097065, 29.845340891769276 ], [ -93.796320788790297, 29.763451521857167 ], [ -93.890142009661602, 29.744626702027212 ], [ -93.911790451247782, 29.826453910287494 ], [ -93.817909185097065, 29.845340891769276 ] ] ] } },
{ "type": "Feature", "properties": { "ID": 42484, "date": "2022-01-01T00:00:00", "smokePM_pred": 9.4702663421630895 }, "geometry": { "type": "Polygon", "coordinates": [ [ [ -93.723938739063328, 29.864171719172589 ], [ -93.702410677016786, 29.782220349600482 ], [ -93.796320788790297, 29.763451521857167 ], [ -93.817909185097065, 29.845340891769276 ], [ -93.723938739063328, 29.864171719172589 ] ] ] } },
{ "type": "Feature", "properties": { "ID": 42485, "date": "2022-01-01T00:00:00", "smokePM_pred": 9.0848598480224592 }, "geometry": { "type": "Polygon", "coordinates": [ [ [ -93.629879308911612, 29.882946168715641 ], [ -93.608411869990107, 29.800932962390441 ], [ -93.702410677016786, 29.782220349600482 ], [ -93.723938739063328, 29.864171719172589 ], [ -93.629879308911612, 29.882946168715641 ] ] ] } },
{ "type": "Feature", "properties": { "ID": 42486, "date": "2022-01-01T00:00:00", "smokePM_pred": 8.9722566604614293 }, "geometry": { "type": "Polygon", "coordinates": [ [ [ -93.535731092000489, 29.901664016852717 ], [ -93.514324564944246, 29.81958913759652 ], [ -93.608411869990107, 29.800932962390441 ], [ -93.629879308911612, 29.882946168715641 ], [ -93.535731092000489, 29.901664016852717 ] ] ] } },
{ "type": "Feature", "properties": { "ID": 42487, "date": "2022-01-01T00:00:00", "smokePM_pred": 8.7381563186645508 }, "geometry": { "type": "Polygon", "coordinates": [ [ [ -93.441494287283916, 29.920325040280126 ], [ -93.420148960700075, 29.83818865283029 ], [ -93.514324564944246, 29.81958913759652 ], [ -93.535731092000489, 29.901664016852717 ], [ -93.441494287283916, 29.920325040280126 ] ] ] } },
{ "type": "Feature", "properties": { "ID": 42488, "date": "2022-01-01T00:00:00", "smokePM_pred": 8.0142784118652308 }, "geometry": { "type": "Polygon", "coordinates": [ [ [ -93.347169095313006, 29.938929015942151 ], [ -93.325885257666954, 29.856731285951458 ], [ -93.420148960700075, 29.83818865283029 ], [ -93.441494287283916, 29.920325040280126 ], [ -93.347169095313006, 29.938929015942151 ] ] ] } },
{ "type": "Feature", "properties": { "ID": 42489, "date": "2022-01-01T00:00:00", "smokePM_pred": 7.6128611564636204 }, "geometry": { "type": "Polygon", "coordinates": [ [ [ -93.252755718237907, 29.957475721037138 ], [ -93.23153365784475, 29.875216815073745 ], [ -93.325885257666954, 29.856731285951458 ], [ -93.347169095313006, 29.938929015942151 ], [ -93.252755718237907, 29.957475721037138 ] ] ] } },
{ "type": "Feature", "properties": { "ID": 42490, "date": "2022-01-01T00:00:00", "smokePM_pred": 7.4365887641906703 }, "geometry": { "type": "Polygon", "coordinates": [ [ [ -93.158254359809533, 29.975964933023477 ], [ -93.137094364825288, 29.893645018570975 ], [ -93.23153365784475, 29.875216815073745 ], [ -93.252755718237907, 29.957475721037138 ], [ -93.158254359809533, 29.975964933023477 ] ] ] } },
{ "type": "Feature", "properties": { "ID": 42491, "date": "2022-01-01T00:00:00", "smokePM_pred": 7.3971238136291504 }, "geometry": { "type": "Polygon", "coordinates": [ [ [ -93.0636652253812, 29.994396429625684 ], [ -93.042567583794181, 29.912015675083069 ], [ -93.137094364825288, 29.893645018570975 ], [ -93.158254359809533, 29.975964933023477 ], [ -93.0636652253812, 29.994396429625684 ] ] ] } },
{ "type": "Feature", "properties": { "ID": 42492, "date": "2022-01-01T00:00:00", "smokePM_pred": 7.1861648559570304 }, "geometry": { "type": "Polygon", "coordinates": [ [ [ -92.968988521910262, 30.012769988840404 ], [ -92.947953521532327, 29.930328563522036 ], [ -93.042567583794181, 29.912015675083069 ], [ -93.0636652253812, 29.994396429625684 ], [ -92.968988521910262, 30.012769988840404 ] ] ] } },
{ "type": "Feature", "properties": { "ID": 42493, "date": "2022-01-01T00:00:00", "smokePM_pred": 6.9268608093261701 }, "geometry": { "type": "Polygon", "coordinates": [ [ [ -92.874224457959642, 30.03108538894255 ], [ -92.85325238641741, 29.948583463078101 ], [ -92.947953521532327, 29.930328563522036 ], [ -92.968988521910262, 30.012769988840404 ], [ -92.874224457959642, 30.03108538894255 ] ] ] } },
{ "type": "Feature", "properties": { "ID": 42494, "date": "2022-01-01T00:00:00", "smokePM_pred": 6.1230044364929199 }, "geometry": { "type": "Polygon", "coordinates": [ [ [ -92.779373243699396, 30.049342408491366 ], [ -92.758464388425438, 29.966780153225656 ], [ -92.85325238641741, 29.948583463078101 ], [ -92.874224457959642, 30.03108538894255 ], [ -92.779373243699396, 30.049342408491366 ] ] ] } },
{ "type": "Feature", "properties": { "ID": 42495, "date": "2022-01-01T00:00:00", "smokePM_pred": 5.2025470733642596 }, "geometry": { "type": "Polygon", "coordinates": [ [ [ -92.684435090908138, 30.06754082633649 ], [ -92.663589739132078, 29.984918413729421 ], [ -92.758464388425438, 29.966780153225656 ], [ -92.779373243699396, 30.049342408491366 ], [ -92.684435090908138, 30.06754082633649 ] ] ] } },
{ "type": "Feature", "properties": { "ID": 42496, "date": "2022-01-01T00:00:00", "smokePM_pred": 4.3888230323791504 }, "geometry": { "type": "Polygon", "coordinates": [ [ [ -92.5894102129744, 30.08568042162414 ], [ -92.568628651714121, 30.00299802465047 ], [ -92.663589739132078, 29.984918413729421 ], [ -92.684435090908138, 30.06754082633649 ], [ -92.5894102129744, 30.08568042162414 ] ] ] } },
{ "type": "Feature", "properties": { "ID": 42497, "date": "2022-01-01T00:00:00", "smokePM_pred": 3.16390085220337 }, "geometry": { "type": "Polygon", "coordinates": [ [ [ -92.494298824897925, 30.103760973803173 ], [ -92.473581340950659, 30.02101876635237 ], [ -92.568628651714121, 30.00299802465047 ], [ -92.5894102129744, 30.08568042162414 ], [ -92.494298824897925, 30.103760973803173 ] ] ] } },
{ "type": "Feature", "properties": { "ID": 42498, "date": "2022-01-01T00:00:00", "smokePM_pred": 2.7453246116638201 }, "geometry": { "type": "Polygon", "coordinates": [ [ [ -92.399101143290991, 30.121782262631303 ], [ -92.378448023224308, 30.038980419507268 ], [ -92.473581340950659, 30.02101876635237 ], [ -92.494298824897925, 30.103760973803173 ], [ -92.399101143290991, 30.121782262631303 ] ] ] } },
{ "type": "Feature", "properties": { "ID": 42499, "date": "2022-01-01T00:00:00", "smokePM_pred": 1.94980156421661 }, "geometry": { "type": "Polygon", "coordinates": [ [ [ -92.303817386379677, 30.139744068181169 ], [ -92.283228916522518, 30.056882765102028 ], [ -92.378448023224308, 30.038980419507268 ], [ -92.399101143290991, 30.121782262631303 ], [ -92.303817386379677, 30.139744068181169 ] ] ] } },
{ "type": "Feature", "properties": { "ID": 42500, "date": "2022-01-01T00:00:00", "smokePM_pred": 1.9587876796722401 }, "geometry": { "type": "Polygon", "coordinates": [ [ [ -92.208447774004796, 30.157646170846579 ], [ -92.187924240438505, 30.074725584444352 ], [ -92.283228916522518, 30.056882765102028 ], [ -92.303817386379677, 30.139744068181169 ], [ -92.208447774004796, 30.157646170846579 ] ] ] } },
{ "type": "Feature", "properties": { "ID": 42501, "date": "2022-01-01T00:00:00", "smokePM_pred": 1.78821837902069 }, "geometry": { "type": "Polygon", "coordinates": [ [ [ -92.112992527623192, 30.175488351348633 ], [ -92.092534216172453, 30.092508659168956 ], [ -92.187924240438505, 30.074725584444352 ], [ -92.208447774004796, 30.157646170846579 ], [ -92.112992527623192, 30.175488351348633 ] ] ] } },
{ "type": "Feature", "properties": { "ID": 42502, "date": "2022-01-01T00:00:00", "smokePM_pred": 1.4162973165512101 }, "geometry": { "type": "Polygon", "coordinates": [ [ [ -92.017451870308662, 30.193270390741965 ], [ -91.997059066532415, 30.110231771243694 ], [ -92.092534216172453, 30.092508659168956 ], [ -92.112992527623192, 30.175488351348633 ], [ -92.017451870308662, 30.193270390741965 ] ] ] } },
{ "type": "Feature", "properties": { "ID": 42503, "date": "2022-01-01T00:00:00", "smokePM_pred": 1.2945363521575901 }, "geometry": { "type": "Polygon", "coordinates": [ [ [ -91.921826026752868, 30.210992070420886 ], [ -91.901499015935244, 30.127894702975745 ], [ -91.997059066532415, 30.110231771243694 ], [ -92.017451870308662, 30.193270390741965 ], [ -91.921826026752868, 30.210992070420886 ] ] ] } },
{ "type": "Feature", "properties": { "ID": 42504, "date": "2022-01-01T00:00:00", "smokePM_pred": 1.7006686925888099 }, "geometry": { "type": "Polygon", "coordinates": [ [ [ -91.826115223266342, 30.228653172125661 ], [ -91.805854290407467, 30.145497237017832 ], [ -91.901499015935244, 30.127894702975745 ], [ -91.921826026752868, 30.210992070420886 ], [ -91.826115223266342, 30.228653172125661 ] ] ] } },
{ "type": "Feature", "properties": { "ID": 42505, "date": "2022-01-01T00:00:00", "smokePM_pred": 1.8050405979156501 }, "geometry": { "type": "Polygon", "coordinates": [ [ [ -91.730319687779257, 30.246253477948695 ], [ -91.710125117586131, 30.163039156374346 ], [ -91.805854290407467, 30.145497237017832 ], [ -91.826115223266342, 30.228653172125661 ], [ -91.730319687779257, 30.246253477948695 ] ] ] } },
{ "type": "Feature", "properties": { "ID": 42506, "date": "2022-01-01T00:00:00", "smokePM_pred": 2.0779895782470699 }, "geometry": { "type": "Polygon", "coordinates": [ [ [ -91.634439649842136, 30.263792770340789 ], [ -91.61431172671945, 30.180520244407607 ], [ -91.710125117586131, 30.163039156374346 ], [ -91.730319687779257, 30.246253477948695 ], [ -91.634439649842136, 30.263792770340789 ] ] ] } },
{ "type": "Feature", "properties": { "ID": 42507, "date": "2022-01-01T00:00:00", "smokePM_pred": 3.4383304119110099 }, "geometry": { "type": "Polygon", "coordinates": [ [ [ -91.538475340626675, 30.281270832117379 ], [ -91.518414348667562, 30.197940284844059 ], [ -91.61431172671945, 30.180520244407607 ], [ -91.634439649842136, 30.263792770340789 ], [ -91.538475340626675, 30.281270832117379 ] ] ] } },
{ "type": "Feature", "properties": { "ID": 42508, "date": "2022-01-01T00:00:00", "smokePM_pred": 2.95245385169983 }, "geometry": { "type": "Polygon", "coordinates": [ [ [ -91.442426992926286, 30.29868744646479 ], [ -91.422433215903069, 30.21529906178052 ], [ -91.518414348667562, 30.197940284844059 ], [ -91.538475340626675, 30.281270832117379 ], [ -91.442426992926286, 30.29868744646479 ] ] ] } },
{ "type": "Feature", "properties": { "ID": 42509, "date": "2022-01-01T00:00:00", "smokePM_pred": 3.9161968231201199 }, "geometry": { "type": "Polygon", "coordinates": [ [ [ -91.346294841156691, 30.316042396946507 ], [ -91.326368562511618, 30.232596359690362 ], [ -91.422433215903069, 30.21529906178052 ], [ -91.442426992926286, 30.29868744646479 ], [ -91.346294841156691, 30.316042396946507 ] ] ] } },
{ "type": "Feature", "properties": { "ID": 42510, "date": "2022-01-01T00:00:00", "smokePM_pred": 1.73138391971588 }, "geometry": { "type": "Polygon", "coordinates": [ [ [ -91.250079121356478, 30.33333546750946 ], [ -91.230220624192413, 30.249831963429802 ], [ -91.326368562511618, 30.232596359690362 ], [ -91.346294841156691, 30.316042396946507 ], [ -91.250079121356478, 30.33333546750946 ] ] ] } },
{ "type": "Feature", "properties": { "ID": 42511, "date": "2022-01-01T00:00:00", "smokePM_pred": 1.71932590007782 }, "geometry": { "type": "Polygon", "coordinates": [ [ [ -91.153780071187441, 30.350566442490319 ], [ -91.133989638258527, 30.26700565824417 ], [ -91.230220624192413, 30.249831963429802 ], [ -91.250079121356478, 30.33333546750946 ], [ -91.153780071187441, 30.350566442490319 ] ] ] } },
{ "type": "Feature", "properties": { "ID": 42512, "date": "2022-01-01T00:00:00", "smokePM_pred": 1.8400310277938801 }, "geometry": { "type": "Polygon", "coordinates": [ [ [ -91.057397929935107, 30.367735106621762 ], [ -91.037675843637373, 30.284117229774111 ], [ -91.133989638258527, 30.26700565824417 ], [ -91.153780071187441, 30.350566442490319 ], [ -91.057397929935107, 30.367735106621762 ] ] ] } },
{ "type": "Feature", "properties": { "ID": 42550, "date": "2022-01-01T00:00:00", "smokePM_pred": 1.19838082790375 }, "geometry": { "type": "Polygon", "coordinates": [ [ [ -87.335834536346511, 30.971890668638036 ], [ -87.318914371643871, 30.886251132878062 ], [ -87.418181925159786, 30.87165454021628 ], [ -87.4351808074057, 30.957244773609762 ], [ -87.335834536346511, 30.971890668638036 ] ] ] } },
{ "type": "Feature", "properties": { "ID": 42551, "date": "2022-01-01T00:00:00", "smokePM_pred": 1.2398936748504601 }, "geometry": { "type": "Polygon", "coordinates": [ [ [ -87.236415768989431, 30.98646623413439 ], [ -87.219574582728626, 30.900777618098658 ], [ -87.318914371643871, 30.886251132878062 ], [ -87.335834536346511, 30.971890668638036 ], [ -87.236415768989431, 30.98646623413439 ] ] ] } },
{ "type": "Feature", "properties": { "ID": 42552, "date": "2022-01-01T00:00:00", "smokePM_pred": 1.2576000690460201 }, "geometry": { "type": "Polygon", "coordinates": [ [ [ -87.136924809065874, 31.000971275901705 ], [ -87.120162861396793, 30.915233802533926 ], [ -87.219574582728626, 30.900777618098658 ], [ -87.236415768989431, 30.98646623413439 ], [ -87.136924809065874, 31.000971275901705 ] ] ] } },
{ "type": "Feature", "properties": { "ID": 42553, "date": "2022-01-01T00:00:00", "smokePM_pred": 1.2083281278610201 }, "geometry": { "type": "Polygon", "coordinates": [ [ [ -87.037361961884656, 31.015405600400957 ], [ -87.020679512198569, 30.929619493495736 ], [ -87.120162861396793, 30.915233802533926 ], [ -87.136924809065874, 31.000971275901705 ], [ -87.037361961884656, 31.015405600400957 ] ] ] } },
{ "type": "Feature", "properties": { "ID": 42983, "date": "2022-01-01T00:00:00", "smokePM_pred": 5.6007099151611301 }, "geometry": { "type": "Polygon", "coordinates": [ [ [ -95.23920905023725, 29.637189685508257 ], [ -95.216658435876695, 29.556265820018197 ], [ -95.309179589081225, 29.536563523552886 ], [ -95.33178607633711, 29.61742281925396 ], [ -95.23920905023725, 29.637189685508257 ] ] ] } },
{ "type": "Feature", "properties": { "ID": 42984, "date": "2022-01-01T00:00:00", "smokePM_pred": 7.02886867523193 }, "geometry": { "type": "Polygon", "coordinates": [ [ [ -95.146539806255888, 29.656903630457098 ], [ -95.124045356070852, 29.575915343436876 ], [ -95.216658435876695, 29.556265820018197 ], [ -95.23920905023725, 29.637189685508257 ], [ -95.146539806255888, 29.656903630457098 ] ] ] } },
{ "type": "Feature", "properties": { "ID": 42985, "date": "2022-01-01T00:00:00", "smokePM_pred": 8.1744413375854492 }, "geometry": { "type": "Polygon", "coordinates": [ [ [ -95.053778516510832, 29.676564426572451 ], [ -95.031340521791421, 29.59551186719337 ], [ -95.124045356070852, 29.575915343436876 ], [ -95.146539806255888, 29.656903630457098 ], [ -95.053778516510832, 29.676564426572451 ] ] ] } },
{ "type": "Feature", "properties": { "ID": 42986, "date": "2022-01-01T00:00:00", "smokePM_pred": 8.4149694442749006 }, "geometry": { "type": "Polygon", "coordinates": [ [ [ -94.960925354686395, 29.696171846474066 ], [ -94.938544106724706, 29.615055164820493 ], [ -95.031340521791421, 29.59551186719337 ], [ -95.053778516510832, 29.676564426572451 ], [ -94.960925354686395, 29.696171846474066 ] ] ] } },
{ "type": "Feature", "properties": { "ID": 42987, "date": "2022-01-01T00:00:00", "smokePM_pred": 6.7127275466918999 }, "geometry": { "type": "Polygon", "coordinates": [ [ [ -94.867980496036225, 29.715725662935174 ], [ -94.845656286118228, 29.634545010005048 ], [ -94.938544106724706, 29.615055164820493 ], [ -94.960925354686395, 29.696171846474066 ], [ -94.867980496036225, 29.715725662935174 ] ] ] } },
{ "type": "Feature", "properties": { "ID": 42988, "date": "2022-01-01T00:00:00", "smokePM_pred": 6.6088232994079599 }, "geometry": { "type": "Polygon", "coordinates": [ [ [ -94.774944117385886, 29.735225648888267 ], [ -94.752677236783427, 29.653981176593618 ], [ -94.845656286118228, 29.634545010005048 ], [ -94.867980496036225, 29.715725662935174 ], [ -94.774944117385886, 29.735225648888267 ] ] ] } },
{ "type": "Feature", "properties": { "ID": 42989, "date": "2022-01-01T00:00:00", "smokePM_pred": 6.4780955314636204 }, "geometry": { "type": "Polygon", "coordinates": [ [ [ -94.681816397135549, 29.754671577430916 ], [ -94.659607137098249, 29.673363438598308 ], [ -94.752677236783427, 29.653981176593618 ], [ -94.774944117385886, 29.735225648888267 ], [ -94.681816397135549, 29.754671577430916 ] ] ] } },
{ "type": "Feature", "properties": { "ID": 42990, "date": "2022-01-01T00:00:00", "smokePM_pred": 7.3577919006347701 }, "geometry": { "type": "Polygon", "coordinates": [ [ [ -94.588597515262521, 29.774063221831504 ], [ -94.566446167009573, 29.69269157020253 ], [ -94.659607137098249, 29.673363438598308 ], [ -94.681816397135549, 29.754671577430916 ], [ -94.588597515262521, 29.774063221831504 ] ] ] } },
{ "type": "Feature", "properties": { "ID": 42991, "date": "2022-01-01T00:00:00", "smokePM_pred": 8.9497785568237305 }, "geometry": { "type": "Polygon", "coordinates": [ [ [ -94.495287653323814, 29.793400355535137 ], [ -94.473194508035832, 29.711965345766828 ], [ -94.566446167009573, 29.69269157020253 ], [ -94.588597515262521, 29.774063221831504 ], [ -94.495287653323814, 29.793400355535137 ] ] ] } },
{ "type": "Feature", "properties": { "ID": 42992, "date": "2022-01-01T00:00:00", "smokePM_pred": 9.8818016052246094 }, "geometry": { "type": "Polygon", "coordinates": [ [ [ -94.40188699445855, 29.812682752169437 ], [ -94.379852343269363, 29.731184539834633 ], [ -94.473194508035832, 29.711965345766828 ], [ -94.495287653323814, 29.793400355535137 ], [ -94.40188699445855, 29.812682752169437 ] ] ] } },
{ "type": "Feature", "properties": { "ID": 42993, "date": "2022-01-01T00:00:00", "smokePM_pred": 10.1332302093506 }, "geometry": { "type": "Polygon", "coordinates": [ [ [ -94.308395723390433, 29.831910185550395 ], [ -94.286419857378775, 29.750348927138131 ], [ -94.379852343269363, 29.731184539834633 ], [ -94.40188699445855, 29.812682752169437 ], [ -94.308395723390433, 29.831910185550395 ] ] ] } },
{ "type": "Feature", "properties": { "ID": 42994, "date": "2022-01-01T00:00:00", "smokePM_pred": 10.649482727050801 }, "geometry": { "type": "Polygon", "coordinates": [ [ [ -94.214814026430176, 29.851082429688272 ], [ -94.192897236611358, 29.769458282604127 ], [ -94.286419857378775, 29.750348927138131 ], [ -94.308395723390433, 29.831910185550395 ], [ -94.214814026430176, 29.851082429688272 ] ] ] } },
{ "type": "Feature", "properties": { "ID": 42995, "date": "2022-01-01T00:00:00", "smokePM_pred": 10.3408451080322 }, "geometry": { "type": "Polygon", "coordinates": [ [ [ -94.12114209147768, 29.870199258793512 ], [ -94.099284668795278, 29.78851238135989 ], [ -94.192897236611358, 29.769458282604127 ], [ -94.214814026430176, 29.851082429688272 ], [ -94.12114209147768, 29.870199258793512 ] ] ] } },
{ "type": "Feature", "properties": { "ID": 42996, "date": "2022-01-01T00:00:00", "smokePM_pred": 10.034411430358899 }, "geometry": { "type": "Polygon", "coordinates": [ [ [ -94.027380108024374, 29.889260447282592 ], [ -94.005582343341857, 29.807510998739051 ], [ -94.099284668795278, 29.78851238135989 ], [ -94.12114209147768, 29.870199258793512 ], [ -94.027380108024374, 29.889260447282592 ] ] ] } },
{ "type": "Feature", "properties": { "ID": 42997, "date": "2022-01-01T00:00:00", "smokePM_pred": 10.031699180603001 }, "geometry": { "type": "Polygon", "coordinates": [ [ [ -93.933528267155495, 29.908265769784013 ], [ -93.911790451247782, 29.826453910287494 ], [ -94.005582343341857, 29.807510998739051 ], [ -94.027380108024374, 29.889260447282592 ], [ -93.933528267155495, 29.908265769784013 ] ] ] } },
{ "type": "Feature", "properties": { "ID": 42998, "date": "2022-01-01T00:00:00", "smokePM_pred": 10.0240421295166 }, "geometry": { "type": "Polygon", "coordinates": [ [ [ -93.839586761552141, 29.927215001144219 ], [ -93.817909185097065, 29.845340891769276 ], [ -93.911790451247782, 29.826453910287494 ], [ -93.933528267155495, 29.908265769784013 ], [ -93.839586761552141, 29.927215001144219 ] ] ] } },
{ "type": "Feature", "properties": { "ID": 42999, "date": "2022-01-01T00:00:00", "smokePM_pred": 10.0035972595215 }, "geometry": { "type": "Polygon", "coordinates": [ [ [ -93.74555578549338, 29.946107916433579 ], [ -93.723938739063328, 29.864171719172589 ], [ -93.817909185097065, 29.845340891769276 ], [ -93.839586761552141, 29.927215001144219 ], [ -93.74555578549338, 29.946107916433579 ] ] ] } },
{ "type": "Feature", "properties": { "ID": 43000, "date": "2022-01-01T00:00:00", "smokePM_pred": 9.4599370956420898 }, "geometry": { "type": "Polygon", "coordinates": [ [ [ -93.651435534858393, 29.964944290952335 ], [ -93.629879308911612, 29.882946168715641 ], [ -93.723938739063328, 29.864171719172589 ], [ -93.74555578549338, 29.946107916433579 ], [ -93.651435534858393, 29.964944290952335 ] ] ] } },
{ "type": "Feature", "properties": { "ID": 43001, "date": "2022-01-01T00:00:00", "smokePM_pred": 8.8820896148681605 }, "geometry": { "type": "Polygon", "coordinates": [ [ [ -93.557226207128394, 29.983723900236626 ], [ -93.535731092000489, 29.901664016852717 ], [ -93.629879308911612, 29.882946168715641 ], [ -93.651435534858393, 29.964944290952335 ], [ -93.557226207128394, 29.983723900236626 ] ] ] } },
{ "type": "Feature", "properties": { "ID": 43002, "date": "2022-01-01T00:00:00", "smokePM_pred": 8.5251264572143608 }, "geometry": { "type": "Polygon", "coordinates": [ [ [ -93.462928001388576, 30.00244652006452 ], [ -93.441494287283916, 29.920325040280126 ], [ -93.535731092000489, 29.901664016852717 ], [ -93.557226207128394, 29.983723900236626 ], [ -93.462928001388576, 30.00244652006452 ] ] ] } },
{ "type": "Feature", "properties": { "ID": 43003, "date": "2022-01-01T00:00:00", "smokePM_pred": 7.9167728424072301 }, "geometry": { "type": "Polygon", "coordinates": [ [ [ -93.368541118329986, 30.02111192646198 ], [ -93.347169095313006, 29.938929015942151 ], [ -93.441494287283916, 29.920325040280126 ], [ -93.462928001388576, 30.00244652006452 ], [ -93.368541118329986, 30.02111192646198 ] ] ] } },
{ "type": "Feature", "properties": { "ID": 43004, "date": "2022-01-01T00:00:00", "smokePM_pred": 7.6502418518066397 }, "geometry": { "type": "Polygon", "coordinates": [ [ [ -93.274065760251432, 30.039719895708963 ], [ -93.252755718237907, 29.957475721037138 ], [ -93.347169095313006, 29.938929015942151 ], [ -93.368541118329986, 30.02111192646198 ], [ -93.274065760251432, 30.039719895708963 ] ] ] } },
{ "type": "Feature", "properties": { "ID": 43005, "date": "2022-01-01T00:00:00", "smokePM_pred": 7.5536165237426802 }, "geometry": { "type": "Polygon", "coordinates": [ [ [ -93.179502131061099, 30.058270204345476 ], [ -93.158254359809533, 29.975964933023477 ], [ -93.252755718237907, 29.957475721037138 ], [ -93.274065760251432, 30.039719895708963 ], [ -93.179502131061099, 30.058270204345476 ] ] ] } },
{ "type": "Feature", "properties": { "ID": 43006, "date": "2022-01-01T00:00:00", "smokePM_pred": 7.5017528533935502 }, "geometry": { "type": "Polygon", "coordinates": [ [ [ -93.084850436278444, 30.076762629177601 ], [ -93.0636652253812, 29.994396429625684 ], [ -93.158254359809533, 29.975964933023477 ], [ -93.179502131061099, 30.058270204345476 ], [ -93.084850436278444, 30.076762629177601 ] ] ] } },
{ "type": "Feature", "properties": { "ID": 43007, "date": "2022-01-01T00:00:00", "smokePM_pred": 7.2294940948486301 }, "geometry": { "type": "Polygon", "coordinates": [ [ [ -92.990110883035697, 30.095196947283636 ], [ -92.968988521910262, 30.012769988840404 ], [ -93.0636652253812, 29.994396429625684 ], [ -93.084850436278444, 30.076762629177601 ], [ -92.990110883035697, 30.095196947283636 ] ] ] } },
{ "type": "Feature", "properties": { "ID": 43008, "date": "2022-01-01T00:00:00", "smokePM_pred": 6.9498796463012704 }, "geometry": { "type": "Polygon", "coordinates": [ [ [ -92.895283680079586, 30.113572936020194 ], [ -92.874224457959642, 30.03108538894255 ], [ -92.968988521910262, 30.012769988840404 ], [ -92.990110883035697, 30.095196947283636 ], [ -92.895283680079586, 30.113572936020194 ] ] ] } },
{ "type": "Feature", "properties": { "ID": 43009, "date": "2022-01-01T00:00:00", "smokePM_pred": 6.4939770698547399 }, "geometry": { "type": "Polygon", "coordinates": [ [ [ -92.800369037772739, 30.131890373028291 ], [ -92.779373243699396, 30.049342408491366 ], [ -92.874224457959642, 30.03108538894255 ], [ -92.895283680079586, 30.113572936020194 ], [ -92.800369037772739, 30.131890373028291 ] ] ] } },
{ "type": "Feature", "properties": { "ID": 43010, "date": "2022-01-01T00:00:00", "smokePM_pred": 5.3917279243469203 }, "geometry": { "type": "Polygon", "coordinates": [ [ [ -92.70536716809525, 30.150149036239501 ], [ -92.684435090908138, 30.06754082633649 ], [ -92.779373243699396, 30.049342408491366 ], [ -92.800369037772739, 30.131890373028291 ], [ -92.70536716809525, 30.150149036239501 ] ] ] } },
{ "type": "Feature", "properties": { "ID": 43011, "date": "2022-01-01T00:00:00", "smokePM_pred": 4.4147291183471697 }, "geometry": { "type": "Polygon", "coordinates": [ [ [ -92.610278284646128, 30.168348703882106 ], [ -92.5894102129744, 30.08568042162414 ], [ -92.684435090908138, 30.06754082633649 ], [ -92.70536716809525, 30.150149036239501 ], [ -92.610278284646128, 30.168348703882106 ] ] ] } },
{ "type": "Feature", "properties": { "ID": 43012, "date": "2022-01-01T00:00:00", "smokePM_pred": 3.3646621704101598 }, "geometry": { "type": "Polygon", "coordinates": [ [ [ -92.515102602644561, 30.186489154487241 ], [ -92.494298824897925, 30.103760973803173 ], [ -92.5894102129744, 30.08568042162414 ], [ -92.610278284646128, 30.168348703882106 ], [ -92.515102602644561, 30.186489154487241 ] ] ] } },
{ "type": "Feature", "properties": { "ID": 43013, "date": "2022-01-01T00:00:00", "smokePM_pred": 2.7496061325073202 }, "geometry": { "type": "Polygon", "coordinates": [ [ [ -92.419840338931252, 30.20457016689506 ], [ -92.399101143290991, 30.121782262631303 ], [ -92.494298824897925, 30.103760973803173 ], [ -92.515102602644561, 30.186489154487241 ], [ -92.419840338931252, 30.20457016689506 ] ] ] } },
{ "type": "Feature", "properties": { "ID": 43014, "date": "2022-01-01T00:00:00", "smokePM_pred": 2.0059225559234601 }, "geometry": { "type": "Polygon", "coordinates": [ [ [ -92.324491711969685, 30.222591520260945 ], [ -92.303817386379677, 30.139744068181169 ], [ -92.399101143290991, 30.121782262631303 ], [ -92.419840338931252, 30.20457016689506 ], [ -92.324491711969685, 30.222591520260945 ] ] ] } },
{ "type": "Feature", "properties": { "ID": 43015, "date": "2022-01-01T00:00:00", "smokePM_pred": 1.8973815441131601 }, "geometry": { "type": "Polygon", "coordinates": [ [ [ -92.229056941847304, 30.240552994061694 ], [ -92.208447774004796, 30.157646170846579 ], [ -92.303817386379677, 30.139744068181169 ], [ -92.324491711969685, 30.222591520260945 ], [ -92.229056941847304, 30.240552994061694 ] ] ] } },
{ "type": "Feature", "properties": { "ID": 43016, "date": "2022-01-01T00:00:00", "smokePM_pred": 1.7630587816238401 }, "geometry": { "type": "Polygon", "coordinates": [ [ [ -92.133536250276535, 30.258454368101731 ], [ -92.112992527623192, 30.175488351348633 ], [ -92.208447774004796, 30.157646170846579 ], [ -92.229056941847304, 30.240552994061694 ], [ -92.133536250276535, 30.258454368101731 ] ] ] } },
{ "type": "Feature", "properties": { "ID": 43017, "date": "2022-01-01T00:00:00", "smokePM_pred": 1.2154055833816499 }, "geometry": { "type": "Polygon", "coordinates": [ [ [ -92.037929860595938, 30.276295422519329 ], [ -92.017451870308662, 30.193270390741965 ], [ -92.112992527623192, 30.175488351348633 ], [ -92.133536250276535, 30.258454368101731 ], [ -92.037929860595938, 30.276295422519329 ] ] ] } },
{ "type": "Feature", "properties": { "ID": 43018, "date": "2022-01-01T00:00:00", "smokePM_pred": 1.4156521558761599 }, "geometry": { "type": "Polygon", "coordinates": [ [ [ -91.942237997771173, 30.294075937792844 ], [ -91.921826026752868, 30.210992070420886 ], [ -92.017451870308662, 30.193270390741965 ], [ -92.037929860595938, 30.276295422519329 ], [ -91.942237997771173, 30.294075937792844 ] ] ] } },
{ "type": "Feature", "properties": { "ID": 43019, "date": "2022-01-01T00:00:00", "smokePM_pred": 1.3048387765884399 }, "geometry": { "type": "Polygon", "coordinates": [ [ [ -91.846460888395882, 30.311795694746952 ], [ -91.826115223266342, 30.228653172125661 ], [ -91.921826026752868, 30.210992070420886 ], [ -91.942237997771173, 30.294075937792844 ], [ -91.846460888395882, 30.311795694746952 ] ] ] } },
{ "type": "Feature", "properties": { "ID": 43020, "date": "2022-01-01T00:00:00", "smokePM_pred": 1.6058647632598899 }, "geometry": { "type": "Polygon", "coordinates": [ [ [ -91.750598760692583, 30.32945447455895 ], [ -91.730319687779257, 30.246253477948695 ], [ -91.826115223266342, 30.228653172125661 ], [ -91.846460888395882, 30.311795694746952 ], [ -91.750598760692583, 30.32945447455895 ] ] ] } },
{ "type": "Feature", "properties": { "ID": 43021, "date": "2022-01-01T00:00:00", "smokePM_pred": 1.9637643098831199 }, "geometry": { "type": "Polygon", "coordinates": [ [ [ -91.654651844513467, 30.34705205876493 ], [ -91.634439649842136, 30.263792770340789 ], [ -91.730319687779257, 30.246253477948695 ], [ -91.750598760692583, 30.32945447455895 ], [ -91.654651844513467, 30.34705205876493 ] ] ] } },
{ "type": "Feature", "properties": { "ID": 43022, "date": "2022-01-01T00:00:00", "smokePM_pred": 2.7378966808319101 }, "geometry": { "type": "Polygon", "coordinates": [ [ [ -91.558620371341107, 30.364588229266193 ], [ -91.538475340626675, 30.281270832117379 ], [ -91.634439649842136, 30.263792770340789 ], [ -91.654651844513467, 30.34705205876493 ], [ -91.558620371341107, 30.364588229266193 ] ] ] } },
{ "type": "Feature", "properties": { "ID": 43023, "date": "2022-01-01T00:00:00", "smokePM_pred": 2.1737539768218999 }, "geometry": { "type": "Polygon", "coordinates": [ [ [ -91.462504574289156, 30.38206276833542 ], [ -91.442426992926286, 30.29868744646479 ], [ -91.538475340626675, 30.281270832117379 ], [ -91.558620371341107, 30.364588229266193 ], [ -91.462504574289156, 30.38206276833542 ] ] ] } },
{ "type": "Feature", "properties": { "ID": 43500, "date": "2022-01-01T00:00:00", "smokePM_pred": 7.2285475730895996 }, "geometry": { "type": "Polygon", "coordinates": [ [ [ -95.076308383571131, 29.757600502612874 ], [ -95.053778516510832, 29.676564426572451 ], [ -95.146539806255888, 29.656903630457098 ], [ -95.169126302465713, 29.737875345787216 ], [ -95.076308383571131, 29.757600502612874 ] ] ] } },
{ "type": "Feature", "properties": { "ID": 43501, "date": "2022-01-01T00:00:00", "smokePM_pred": 3.4391505718231201 }, "geometry": { "type": "Polygon", "coordinates": [ [ [ -94.983398299735796, 29.777272133177693 ], [ -94.960925354686395, 29.696171846474066 ], [ -95.053778516510832, 29.676564426572451 ], [ -95.076308383571131, 29.757600502612874 ], [ -94.983398299735796, 29.777272133177693 ] ] ] } },
{ "type": "Feature", "properties": { "ID": 43502, "date": "2022-01-01T00:00:00", "smokePM_pred": 4.3119144439697301 }, "geometry": { "type": "Polygon", "coordinates": [ [ [ -94.890396226216794, 29.796890009338558 ], [ -94.867980496036225, 29.715725662935174 ], [ -94.960925354686395, 29.696171846474066 ], [ -94.983398299735796, 29.777272133177693 ], [ -94.890396226216794, 29.796890009338558 ] ] ] } },
{ "type": "Feature", "properties": { "ID": 43503, "date": "2022-01-01T00:00:00", "smokePM_pred": 4.8800568580627397 }, "geometry": { "type": "Polygon", "coordinates": [ [ [ -94.7973023398512, 29.816453903111096 ], [ -94.774944117385886, 29.735225648888267 ], [ -94.867980496036225, 29.715725662935174 ], [ -94.890396226216794, 29.796890009338558 ], [ -94.7973023398512, 29.816453903111096 ] ] ] } },
{ "type": "Feature", "properties": { "ID": 43504, "date": "2022-01-01T00:00:00", "smokePM_pred": 6.1665096282959002 }, "geometry": { "type": "Polygon", "coordinates": [ [ [ -94.704116819058825, 29.835963586675518 ], [ -94.681816397135549, 29.754671577430916 ], [ -94.774944117385886, 29.735225648888267 ], [ -94.7973023398512, 29.816453903111096 ], [ -94.704116819058825, 29.835963586675518 ] ] ] } },
{ "type": "Feature", "properties": { "ID": 43505, "date": "2022-01-01T00:00:00", "smokePM_pred": 6.8698654174804696 }, "geometry": { "type": "Polygon", "coordinates": [ [ [ -94.610839843844857, 29.855418832382387 ], [ -94.588597515262521, 29.774063221831504 ], [ -94.681816397135549, 29.754671577430916 ], [ -94.704116819058825, 29.835963586675518 ], [ -94.610839843844857, 29.855418832382387 ] ] ] } },
{ "type": "Feature", "properties": { "ID": 43506, "date": "2022-01-01T00:00:00", "smokePM_pred": 8.8732347488403303 }, "geometry": { "type": "Polygon", "coordinates": [ [ [ -94.517471595802419, 29.874819412758558 ], [ -94.495287653323814, 29.793400355535137 ], [ -94.588597515262521, 29.774063221831504 ], [ -94.610839843844857, 29.855418832382387 ], [ -94.517471595802419, 29.874819412758558 ] ] ] } },
{ "type": "Feature", "properties": { "ID": 43507, "date": "2022-01-01T00:00:00", "smokePM_pred": 9.9416627883911097 }, "geometry": { "type": "Polygon", "coordinates": [ [ [ -94.424012258115042, 29.894165100513 ], [ -94.40188699445855, 29.812682752169437 ], [ -94.495287653323814, 29.793400355535137 ], [ -94.517471595802419, 29.874819412758558 ], [ -94.424012258115042, 29.894165100513 ] ] ] } },
{ "type": "Feature", "properties": { "ID": 43508, "date": "2022-01-01T00:00:00", "smokePM_pred": 10.2352285385132 }, "geometry": { "type": "Polygon", "coordinates": [ [ [ -94.330462015559149, 29.913455668542632 ], [ -94.308395723390433, 29.831910185550395 ], [ -94.40188699445855, 29.812682752169437 ], [ -94.424012258115042, 29.894165100513 ], [ -94.330462015559149, 29.913455668542632 ] ] ] } },
{ "type": "Feature", "properties": { "ID": 43509, "date": "2022-01-01T00:00:00", "smokePM_pred": 10.3512163162231 }, "geometry": { "type": "Polygon", "coordinates": [ [ [ -94.236821054506493, 29.932690889938343 ], [ -94.214814026430176, 29.851082429688272 ], [ -94.308395723390433, 29.831910185550395 ], [ -94.330462015559149, 29.913455668542632 ], [ -94.236821054506493, 29.932690889938343 ] ] ] } },
{ "type": "Feature", "properties": { "ID": 43510, "date": "2022-01-01T00:00:00", "smokePM_pred": 10.0453758239746 }, "geometry": { "type": "Polygon", "coordinates": [ [ [ -94.143089562926477, 29.951870537990814 ], [ -94.12114209147768, 29.870199258793512 ], [ -94.214814026430176, 29.851082429688272 ], [ -94.236821054506493, 29.932690889938343 ], [ -94.143089562926477, 29.951870537990814 ] ] ] } },
{ "type": "Feature", "properties": { "ID": 43511, "date": "2022-01-01T00:00:00", "smokePM_pred": 9.8622617721557599 }, "geometry": { "type": "Polygon", "coordinates": [ [ [ -94.049267730388465, 29.970994386196562 ], [ -94.027380108024374, 29.889260447282592 ], [ -94.12114209147768, 29.870199258793512 ], [ -94.143089562926477, 29.951870537990814 ], [ -94.049267730388465, 29.970994386196562 ] ] ] } },
{ "type": "Feature", "properties": { "ID": 43512, "date": "2022-01-01T00:00:00", "smokePM_pred": 10.065133094787599 }, "geometry": { "type": "Polygon", "coordinates": [ [ [ -93.955355748064036, 29.990062208263748 ], [ -93.933528267155495, 29.908265769784013 ], [ -94.027380108024374, 29.889260447282592 ], [ -94.049267730388465, 29.970994386196562 ], [ -93.955355748064036, 29.990062208263748 ] ] ] } },
{ "type": "Feature", "properties": { "ID": 43513, "date": "2022-01-01T00:00:00", "smokePM_pred": 10.247366905212401 }, "geometry": { "type": "Polygon", "coordinates": [ [ [ -93.861353808729262, 30.009073778118303 ], [ -93.839586761552141, 29.927215001144219 ], [ -93.933528267155495, 29.908265769784013 ], [ -93.955355748064036, 29.990062208263748 ], [ -93.861353808729262, 30.009073778118303 ] ] ] } },
{ "type": "Feature", "properties": { "ID": 43514, "date": "2022-01-01T00:00:00", "smokePM_pred": 10.048733711242701 }, "geometry": { "type": "Polygon", "coordinates": [ [ [ -93.767262106766694, 30.028028869909857 ], [ -93.74555578549338, 29.946107916433579 ], [ -93.839586761552141, 29.927215001144219 ], [ -93.861353808729262, 30.009073778118303 ], [ -93.767262106766694, 30.028028869909857 ] ] ] } },
{ "type": "Feature", "properties": { "ID": 43515, "date": "2022-01-01T00:00:00", "smokePM_pred": 9.0842399597168004 }, "geometry": { "type": "Polygon", "coordinates": [ [ [ -93.673080838167564, 30.046927258017735 ], [ -93.651435534858393, 29.964944290952335 ], [ -93.74555578549338, 29.946107916433579 ], [ -93.767262106766694, 30.028028869909857 ], [ -93.673080838167564, 30.046927258017735 ] ] ] } },
{ "type": "Feature", "properties": { "ID": 43516, "date": "2022-01-01T00:00:00", "smokePM_pred": 8.7970466613769496 }, "geometry": { "type": "Polygon", "coordinates": [ [ [ -93.578810200533795, 30.06576871705699 ], [ -93.557226207128394, 29.983723900236626 ], [ -93.651435534858393, 29.964944290952335 ], [ -93.673080838167564, 30.046927258017735 ], [ -93.578810200533795, 30.06576871705699 ] ] ] } },
{ "type": "Feature", "properties": { "ID": 43517, "date": "2022-01-01T00:00:00", "smokePM_pred": 8.4410915374755895 }, "geometry": { "type": "Polygon", "coordinates": [ [ [ -93.484450393079953, 30.084553021884474 ], [ -93.462928001388576, 30.00244652006452 ], [ -93.557226207128394, 29.983723900236626 ], [ -93.578810200533795, 30.06576871705699 ], [ -93.484450393079953, 30.084553021884474 ] ] ] } },
{ "type": "Feature", "properties": { "ID": 43518, "date": "2022-01-01T00:00:00", "smokePM_pred": 7.8408703804016104 }, "geometry": { "type": "Polygon", "coordinates": [ [ [ -93.390001616635232, 30.103279947604868 ], [ -93.368541118329986, 30.02111192646198 ], [ -93.462928001388576, 30.00244652006452 ], [ -93.484450393079953, 30.084553021884474 ], [ -93.390001616635232, 30.103279947604868 ] ] ] } },
{ "type": "Feature", "properties": { "ID": 43519, "date": "2022-01-01T00:00:00", "smokePM_pred": 7.6948747634887704 }, "geometry": { "type": "Polygon", "coordinates": [ [ [ -93.295464073645221, 30.12194926957676 ], [ -93.274065760251432, 30.039719895708963 ], [ -93.368541118329986, 30.02111192646198 ], [ -93.390001616635232, 30.103279947604868 ], [ -93.295464073645221, 30.12194926957676 ] ] ] } },
{ "type": "Feature", "properties": { "ID": 43520, "date": "2022-01-01T00:00:00", "smokePM_pred": 7.4220986366271999 }, "geometry": { "type": "Polygon", "coordinates": [ [ [ -93.200837968173786, 30.140560763418733 ], [ -93.179502131061099, 30.058270204345476 ], [ -93.274065760251432, 30.039719895708963 ], [ -93.295464073645221, 30.12194926957676 ], [ -93.200837968173786, 30.140560763418733 ] ] ] } },
{ "type": "Feature", "properties": { "ID": 43521, "date": "2022-01-01T00:00:00", "smokePM_pred": 7.4094352722168004 }, "geometry": { "type": "Polygon", "coordinates": [ [ [ -93.106123505904833, 30.159114205015499 ], [ -93.084850436278444, 30.076762629177601 ], [ -93.179502131061099, 30.058270204345476 ], [ -93.200837968173786, 30.140560763418733 ], [ -93.106123505904833, 30.159114205015499 ] ] ] } },
{ "type": "Feature", "properties": { "ID": 43522, "date": "2022-01-01T00:00:00", "smokePM_pred": 7.1769642829895002 }, "geometry": { "type": "Polygon", "coordinates": [ [ [ -93.011320894143893, 30.177609370523939 ], [ -92.990110883035697, 30.095196947283636 ], [ -93.084850436278444, 30.076762629177601 ], [ -93.106123505904833, 30.159114205015499 ], [ -93.011320894143893, 30.177609370523939 ] ] ] } },
{ "type": "Feature", "properties": { "ID": 43523, "date": "2022-01-01T00:00:00", "smokePM_pred": 6.8004035949706996 }, "geometry": { "type": "Polygon", "coordinates": [ [ [ -92.916430341819833, 30.196046036379368 ], [ -92.895283680079586, 30.113572936020194 ], [ -92.990110883035697, 30.095196947283636 ], [ -93.011320894143893, 30.177609370523939 ], [ -92.916430341819833, 30.196046036379368 ] ] ] } },
{ "type": "Feature", "properties": { "ID": 43524, "date": "2022-01-01T00:00:00", "smokePM_pred": 6.2708387374877903 }, "geometry": { "type": "Polygon", "coordinates": [ [ [ -92.821452059486489, 30.214423979301515 ], [ -92.800369037772739, 30.131890373028291 ], [ -92.895283680079586, 30.113572936020194 ], [ -92.916430341819833, 30.196046036379368 ], [ -92.821452059486489, 30.214423979301515 ] ] ] } },
{ "type": "Feature", "properties": { "ID": 43525, "date": "2022-01-01T00:00:00", "smokePM_pred": 5.4212074279785201 }, "geometry": { "type": "Polygon", "coordinates": [ [ [ -92.726386259324045, 30.232742976300845 ], [ -92.70536716809525, 30.150149036239501 ], [ -92.800369037772739, 30.131890373028291 ], [ -92.821452059486489, 30.214423979301515 ], [ -92.726386259324045, 30.232742976300845 ] ] ] } },
{ "type": "Feature", "properties": { "ID": 43526, "date": "2022-01-01T00:00:00", "smokePM_pred": 4.6270780563354501 }, "geometry": { "type": "Polygon", "coordinates": [ [ [ -92.631233155140563, 30.251002804684621 ], [ -92.610278284646128, 30.168348703882106 ], [ -92.70536716809525, 30.150149036239501 ], [ -92.726386259324045, 30.232742976300845 ], [ -92.631233155140563, 30.251002804684621 ] ] ] } },
{ "type": "Feature", "properties": { "ID": 43527, "date": "2022-01-01T00:00:00", "smokePM_pred": 3.4736139774322501 }, "geometry": { "type": "Polygon", "coordinates": [ [ [ -92.535992962373385, 30.269203242063192 ], [ -92.515102602644561, 30.186489154487241 ], [ -92.610278284646128, 30.168348703882106 ], [ -92.631233155140563, 30.251002804684621 ], [ -92.535992962373385, 30.269203242063192 ] ] ] } },
{ "type": "Feature", "properties": { "ID": 43528, "date": "2022-01-01T00:00:00", "smokePM_pred": 2.8023312091827401 }, "geometry": { "type": "Polygon", "coordinates": [ [ [ -92.440665898090415, 30.287344066356102 ], [ -92.419840338931252, 30.20457016689506 ], [ -92.515102602644561, 30.186489154487241 ], [ -92.535992962373385, 30.269203242063192 ], [ -92.440665898090415, 30.287344066356102 ] ] ] } },
{ "type": "Feature", "properties": { "ID": 43529, "date": "2022-01-01T00:00:00", "smokePM_pred": 1.89378237724304 }, "geometry": { "type": "Polygon", "coordinates": [ [ [ -92.345252180991395, 30.305425055798352 ], [ -92.324491711969685, 30.222591520260945 ], [ -92.419840338931252, 30.20457016689506 ], [ -92.440665898090415, 30.287344066356102 ], [ -92.345252180991395, 30.305425055798352 ] ] ] } },
{ "type": "Feature", "properties": { "ID": 43530, "date": "2022-01-01T00:00:00", "smokePM_pred": 1.57871425151825 }, "geometry": { "type": "Polygon", "coordinates": [ [ [ -92.249752031409201, 30.323445988946634 ], [ -92.229056941847304, 30.240552994061694 ], [ -92.324491711969685, 30.222591520260945 ], [ -92.345252180991395, 30.305425055798352 ], [ -92.249752031409201, 30.323445988946634 ] ] ] } },
{ "type": "Feature", "properties": { "ID": 43531, "date": "2022-01-01T00:00:00", "smokePM_pred": 1.6765007972717301 }, "geometry": { "type": "Polygon", "coordinates": [ [ [ -92.154165671310864, 30.341406644685588 ], [ -92.133536250276535, 30.258454368101731 ], [ -92.229056941847304, 30.240552994061694 ], [ -92.249752031409201, 30.323445988946634 ], [ -92.154165671310864, 30.341406644685588 ] ] ] } },
{ "type": "Feature", "properties": { "ID": 43532, "date": "2022-01-01T00:00:00", "smokePM_pred": 1.41683173179626 }, "geometry": { "type": "Polygon", "coordinates": [ [ [ -92.058493324298738, 30.359306802233991 ], [ -92.037929860595938, 30.276295422519329 ], [ -92.133536250276535, 30.258454368101731 ], [ -92.154165671310864, 30.341406644685588 ], [ -92.058493324298738, 30.359306802233991 ] ] ] } },
{ "type": "Feature", "properties": { "ID": 43533, "date": "2022-01-01T00:00:00", "smokePM_pred": 1.15347111225128 }, "geometry": { "type": "Polygon", "coordinates": [ [ [ -91.962735215611488, 30.377146241151113 ], [ -91.942237997771173, 30.294075937792844 ], [ -92.037929860595938, 30.276295422519329 ], [ -92.058493324298738, 30.359306802233991 ], [ -91.962735215611488, 30.377146241151113 ] ] ] } },
{ "type": "Feature", "properties": { "ID": 43534, "date": "2022-01-01T00:00:00", "smokePM_pred": 1.3986676931381199 }, "geometry": { "type": "Polygon", "coordinates": [ [ [ -91.866891572125027, 30.394924741342905 ], [ -91.846460888395882, 30.311795694746952 ], [ -91.942237997771173, 30.294075937792844 ], [ -91.962735215611488, 30.377146241151113 ], [ -91.866891572125027, 30.394924741342905 ] ] ] } },
{ "type": "Feature", "properties": { "ID": 43535, "date": "2022-01-01T00:00:00", "smokePM_pred": 1.64170575141907 }, "geometry": { "type": "Polygon", "coordinates": [ [ [ -91.770962622353466, 30.412642083068377 ], [ -91.750598760692583, 30.32945447455895 ], [ -91.846460888395882, 30.311795694746952 ], [ -91.866891572125027, 30.394924741342905 ], [ -91.770962622353466, 30.412642083068377 ] ] ] } },
{ "type": "Feature", "properties": { "ID": 43536, "date": "2022-01-01T00:00:00", "smokePM_pred": 1.84961950778961 }, "geometry": { "type": "Polygon", "coordinates": [ [ [ -91.674948596449866, 30.430298046945818 ], [ -91.654651844513467, 30.34705205876493 ], [ -91.750598760692583, 30.32945447455895 ], [ -91.770962622353466, 30.412642083068377 ], [ -91.674948596449866, 30.430298046945818 ] ] ] } },
{ "type": "Feature", "properties": { "ID": 43537, "date": "2022-01-01T00:00:00", "smokePM_pred": 2.0952100753784202 }, "geometry": { "type": "Polygon", "coordinates": [ [ [ -91.578849726207082, 30.44789241395917 ], [ -91.558620371341107, 30.364588229266193 ], [ -91.654651844513467, 30.34705205876493 ], [ -91.674948596449866, 30.430298046945818 ], [ -91.578849726207082, 30.44789241395917 ] ] ] } },
{ "type": "Feature", "properties": { "ID": 44018, "date": "2022-01-01T00:00:00", "smokePM_pred": 4.0836524963378897 }, "geometry": { "type": "Polygon", "coordinates": [ [ [ -94.819752197007503, 29.897665863205283 ], [ -94.7973023398512, 29.816453903111096 ], [ -94.890396226216794, 29.796890009338558 ], [ -94.912903769507793, 29.878037972776152 ], [ -94.819752197007503, 29.897665863205283 ] ] ] } },
{ "type": "Feature", "properties": { "ID": 44019, "date": "2022-01-01T00:00:00", "smokePM_pred": 5.48225975036621 }, "geometry": { "type": "Polygon", "coordinates": [ [ [ -94.726508695668315, 29.917239390658445 ], [ -94.704116819058825, 29.835963586675518 ], [ -94.7973023398512, 29.816453903111096 ], [ -94.819752197007503, 29.897665863205283 ], [ -94.726508695668315, 29.917239390658445 ] ] ] } },
{ "type": "Feature", "properties": { "ID": 44020, "date": "2022-01-01T00:00:00", "smokePM_pred": 6.46164894104004 }, "geometry": { "type": "Polygon", "coordinates": [ [ [ -94.63317344552074, 29.936758326565563 ], [ -94.610839843844857, 29.855418832382387 ], [ -94.704116819058825, 29.835963586675518 ], [ -94.726508695668315, 29.917239390658445 ], [ -94.63317344552074, 29.936758326565563 ] ] ] } },
{ "type": "Feature", "properties": { "ID": 44021, "date": "2022-01-01T00:00:00", "smokePM_pred": 8.2731170654296893 }, "geometry": { "type": "Polygon", "coordinates": [ [ [ -94.539746628191452, 29.956222442532397 ], [ -94.517471595802419, 29.874819412758558 ], [ -94.610839843844857, 29.855418832382387 ], [ -94.63317344552074, 29.936758326565563 ], [ -94.539746628191452, 29.956222442532397 ] ] ] } },
{ "type": "Feature", "properties": { "ID": 44022, "date": "2022-01-01T00:00:00", "smokePM_pred": 9.6122980117797905 }, "geometry": { "type": "Polygon", "coordinates": [ [ [ -94.446228426905932, 29.975631510346371 ], [ -94.424012258115042, 29.894165100513 ], [ -94.517471595802419, 29.874819412758558 ], [ -94.539746628191452, 29.956222442532397 ], [ -94.446228426905932, 29.975631510346371 ] ] ] } },
{ "type": "Feature", "properties": { "ID": 44023, "date": "2022-01-01T00:00:00", "smokePM_pred": 10.2836141586304 }, "geometry": { "type": "Polygon", "coordinates": [ [ [ -94.352619026490899, 29.994985301982545 ], [ -94.330462015559149, 29.913455668542632 ], [ -94.424012258115042, 29.894165100513 ], [ -94.446228426905932, 29.975631510346371 ], [ -94.352619026490899, 29.994985301982545 ] ] ] } },
{ "type": "Feature", "properties": { "ID": 44024, "date": "2022-01-01T00:00:00", "smokePM_pred": 10.2333784103394 }, "geometry": { "type": "Polygon", "coordinates": [ [ [ -94.258918613376821, 30.014283589609484 ], [ -94.236821054506493, 29.932690889938343 ], [ -94.330462015559149, 29.913455668542632 ], [ -94.352619026490899, 29.994985301982545 ], [ -94.258918613376821, 30.014283589609484 ] ] ] } },
{ "type": "Feature", "properties": { "ID": 44025, "date": "2022-01-01T00:00:00", "smokePM_pred": 9.6704759597778303 }, "geometry": { "type": "Polygon", "coordinates": [ [ [ -94.165127375600292, 30.033526145595292 ], [ -94.143089562926477, 29.951870537990814 ], [ -94.236821054506493, 29.932690889938343 ], [ -94.258918613376821, 30.014283589609484 ], [ -94.165127375600292, 30.033526145595292 ] ] ] } },
{ "type": "Feature", "properties": { "ID": 44026, "date": "2022-01-01T00:00:00", "smokePM_pred": 9.6702604293823207 }, "geometry": { "type": "Polygon", "coordinates": [ [ [ -94.07124550280632, 30.052712742513517 ], [ -94.049267730388465, 29.970994386196562 ], [ -94.143089562926477, 29.951870537990814 ], [ -94.165127375600292, 30.033526145595292 ], [ -94.07124550280632, 30.052712742513517 ] ] ] } },
{ "type": "Feature", "properties": { "ID": 44027, "date": "2022-01-01T00:00:00", "smokePM_pred": 9.5981903076171893 }, "geometry": { "type": "Polygon", "coordinates": [ [ [ -93.977273186250727, 30.071843153149157 ], [ -93.955355748064036, 29.990062208263748 ], [ -94.049267730388465, 29.970994386196562 ], [ -94.07124550280632, 30.052712742513517 ], [ -93.977273186250727, 30.071843153149157 ] ] ] } },
{ "type": "Feature", "properties": { "ID": 44028, "date": "2022-01-01T00:00:00", "smokePM_pred": 9.5887804031372106 }, "geometry": { "type": "Polygon", "coordinates": [ [ [ -93.883210618802309, 30.090917150504673 ], [ -93.861353808729262, 30.009073778118303 ], [ -93.955355748064036, 29.990062208263748 ], [ -93.977273186250727, 30.071843153149157 ], [ -93.883210618802309, 30.090917150504673 ] ] ] } },
{ "type": "Feature", "properties": { "ID": 44029, "date": "2022-01-01T00:00:00", "smokePM_pred": 9.20355319976807 }, "geometry": { "type": "Polygon", "coordinates": [ [ [ -93.789057994945011, 30.109934507805988 ], [ -93.767262106766694, 30.028028869909857 ], [ -93.861353808729262, 30.009073778118303 ], [ -93.883210618802309, 30.090917150504673 ], [ -93.789057994945011, 30.109934507805988 ] ] ] } },
{ "type": "Feature", "properties": { "ID": 44030, "date": "2022-01-01T00:00:00", "smokePM_pred": 9.1238098144531197 }, "geometry": { "type": "Polygon", "coordinates": [ [ [ -93.694815510780145, 30.128894998508578 ], [ -93.673080838167564, 30.046927258017735 ], [ -93.767262106766694, 30.028028869909857 ], [ -93.789057994945011, 30.109934507805988 ], [ -93.694815510780145, 30.128894998508578 ] ] ] } },
{ "type": "Feature", "properties": { "ID": 44031, "date": "2022-01-01T00:00:00", "smokePM_pred": 8.9601354598999006 }, "geometry": { "type": "Polygon", "coordinates": [ [ [ -93.600483364028321, 30.147798396303447 ], [ -93.578810200533795, 30.06576871705699 ], [ -93.673080838167564, 30.046927258017735 ], [ -93.694815510780145, 30.128894998508578 ], [ -93.600483364028321, 30.147798396303447 ] ] ] } },
{ "type": "Feature", "properties": { "ID": 44032, "date": "2022-01-01T00:00:00", "smokePM_pred": 8.4358768463134801 }, "geometry": { "type": "Polygon", "coordinates": [ [ [ -93.506061754031634, 30.16664447512326 ], [ -93.484450393079953, 30.084553021884474 ], [ -93.578810200533795, 30.06576871705699 ], [ -93.600483364028321, 30.147798396303447 ], [ -93.506061754031634, 30.16664447512326 ] ] ] } },
{ "type": "Feature", "properties": { "ID": 44033, "date": "2022-01-01T00:00:00", "smokePM_pred": 8.1895694732665998 }, "geometry": { "type": "Polygon", "coordinates": [ [ [ -93.411550881755474, 30.185433009148415 ], [ -93.390001616635232, 30.103279947604868 ], [ -93.484450393079953, 30.084553021884474 ], [ -93.506061754031634, 30.16664447512326 ], [ -93.411550881755474, 30.185433009148415 ] ] ] } },
{ "type": "Feature", "properties": { "ID": 44034, "date": "2022-01-01T00:00:00", "smokePM_pred": 7.5506353378295898 }, "geometry": { "type": "Polygon", "coordinates": [ [ [ -93.316950949790439, 30.204163772813125 ], [ -93.295464073645221, 30.12194926957676 ], [ -93.390001616635232, 30.103279947604868 ], [ -93.411550881755474, 30.185433009148415 ], [ -93.316950949790439, 30.204163772813125 ] ] ] } },
{ "type": "Feature", "properties": { "ID": 44035, "date": "2022-01-01T00:00:00", "smokePM_pred": 7.4863572120666504 }, "geometry": { "type": "Polygon", "coordinates": [ [ [ -93.222262162354312, 30.222836540811585 ], [ -93.200837968173786, 30.140560763418733 ], [ -93.295464073645221, 30.12194926957676 ], [ -93.316950949790439, 30.204163772813125 ], [ -93.222262162354312, 30.222836540811585 ] ] ] } },
{ "type": "Feature", "properties": { "ID": 44036, "date": "2022-01-01T00:00:00", "smokePM_pred": 7.3491115570068404 }, "geometry": { "type": "Polygon", "coordinates": [ [ [ -93.127484725293755, 30.241451088104011 ], [ -93.106123505904833, 30.159114205015499 ], [ -93.200837968173786, 30.140560763418733 ], [ -93.222262162354312, 30.222836540811585 ], [ -93.127484725293755, 30.241451088104011 ] ] ] } },
{ "type": "Feature", "properties": { "ID": 44037, "date": "2022-01-01T00:00:00", "smokePM_pred": 7.20359230041504 }, "geometry": { "type": "Polygon", "coordinates": [ [ [ -93.032618846085953, 30.260007189922938 ], [ -93.011320894143893, 30.177609370523939 ], [ -93.106123505904833, 30.159114205015499 ], [ -93.127484725293755, 30.241451088104011 ], [ -93.032618846085953, 30.260007189922938 ] ] ] } },
{ "type": "Feature", "properties": { "ID": 44038, "date": "2022-01-01T00:00:00", "smokePM_pred": 6.9437713623046902 }, "geometry": { "type": "Polygon", "coordinates": [ [ [ -92.937664733840464, 30.278504621779241 ], [ -92.916430341819833, 30.196046036379368 ], [ -93.011320894143893, 30.177609370523939 ], [ -93.032618846085953, 30.260007189922938 ], [ -92.937664733840464, 30.278504621779241 ] ] ] } },
{ "type": "Feature", "properties": { "ID": 44039, "date": "2022-01-01T00:00:00", "smokePM_pred": 6.5913662910461399 }, "geometry": { "type": "Polygon", "coordinates": [ [ [ -92.842622599300668, 30.296943159468398 ], [ -92.821452059486489, 30.214423979301515 ], [ -92.916430341819833, 30.196046036379368 ], [ -92.937664733840464, 30.278504621779241 ], [ -92.842622599300668, 30.296943159468398 ] ] ] } },
{ "type": "Feature", "properties": { "ID": 44040, "date": "2022-01-01T00:00:00", "smokePM_pred": 5.6239085197448704 }, "geometry": { "type": "Polygon", "coordinates": [ [ [ -92.747492654845416, 30.315322579076629 ], [ -92.726386259324045, 30.232742976300845 ], [ -92.821452059486489, 30.214423979301515 ], [ -92.842622599300668, 30.296943159468398 ], [ -92.747492654845416, 30.315322579076629 ] ] ] } },
{ "type": "Feature", "properties": { "ID": 44041, "date": "2022-01-01T00:00:00", "smokePM_pred": 4.7377195358276403 }, "geometry": { "type": "Polygon", "coordinates": [ [ [ -92.652275114490493, 30.333642656987177 ], [ -92.631233155140563, 30.251002804684621 ], [ -92.726386259324045, 30.232742976300845 ], [ -92.747492654845416, 30.315322579076629 ], [ -92.652275114490493, 30.333642656987177 ] ] ] } },
{ "type": "Feature", "properties": { "ID": 44042, "date": "2022-01-01T00:00:00", "smokePM_pred": 3.71821165084839 }, "geometry": { "type": "Polygon", "coordinates": [ [ [ -92.556970193889995, 30.351903169886423 ], [ -92.535992962373385, 30.269203242063192 ], [ -92.631233155140563, 30.251002804684621 ], [ -92.652275114490493, 30.333642656987177 ], [ -92.556970193889995, 30.351903169886423 ] ] ] } },
{ "type": "Feature", "properties": { "ID": 44043, "date": "2022-01-01T00:00:00", "smokePM_pred": 2.7153763771057098 }, "geometry": { "type": "Polygon", "coordinates": [ [ [ -92.461578110337754, 30.370103894770228 ], [ -92.440665898090415, 30.287344066356102 ], [ -92.535992962373385, 30.269203242063192 ], [ -92.556970193889995, 30.351903169886423 ], [ -92.461578110337754, 30.370103894770228 ] ] ] } },
{ "type": "Feature", "properties": { "ID": 44044, "date": "2022-01-01T00:00:00", "smokePM_pred": 2.3336815834045401 }, "geometry": { "type": "Polygon", "coordinates": [ [ [ -92.366099082768656, 30.388244608950128 ], [ -92.345252180991395, 30.305425055798352 ], [ -92.440665898090415, 30.287344066356102 ], [ -92.461578110337754, 30.370103894770228 ], [ -92.366099082768656, 30.388244608950128 ] ] ] } },
{ "type": "Feature", "properties": { "ID": 44045, "date": "2022-01-01T00:00:00", "smokePM_pred": 1.6342587471008301 }, "geometry": { "type": "Polygon", "coordinates": [ [ [ -92.270533331759779, 30.406325090059589 ], [ -92.249752031409201, 30.323445988946634 ], [ -92.345252180991395, 30.305425055798352 ], [ -92.366099082768656, 30.388244608950128 ], [ -92.270533331759779, 30.406325090059589 ] ] ] } },
{ "type": "Feature", "properties": { "ID": 44046, "date": "2022-01-01T00:00:00", "smokePM_pred": 1.4887281656265301 }, "geometry": { "type": "Polygon", "coordinates": [ [ [ -92.174881079531701, 30.424345116060287 ], [ -92.154165671310864, 30.341406644685588 ], [ -92.249752031409201, 30.323445988946634 ], [ -92.270533331759779, 30.406325090059589 ], [ -92.174881079531701, 30.424345116060287 ] ] ] } },
{ "type": "Feature", "properties": { "ID": 44047, "date": "2022-01-01T00:00:00", "smokePM_pred": 1.46557676792145 }, "geometry": { "type": "Polygon", "coordinates": [ [ [ -92.079142549949552, 30.44230446524843 ], [ -92.058493324298738, 30.359306802233991 ], [ -92.154165671310864, 30.341406644685588 ], [ -92.174881079531701, 30.424345116060287 ], [ -92.079142549949552, 30.44230446524843 ] ] ] } },
{ "type": "Feature", "properties": { "ID": 44048, "date": "2022-01-01T00:00:00", "smokePM_pred": 1.31301689147949 }, "geometry": { "type": "Polygon", "coordinates": [ [ [ -91.983317968524034, 30.460202916260986 ], [ -91.962735215611488, 30.377146241151113 ], [ -92.058493324298738, 30.359306802233991 ], [ -92.079142549949552, 30.44230446524843 ], [ -91.983317968524034, 30.460202916260986 ] ] ] } },
{ "type": "Feature", "properties": { "ID": 44049, "date": "2022-01-01T00:00:00", "smokePM_pred": 1.4655902385711701 }, "geometry": { "type": "Polygon", "coordinates": [ [ [ -91.887407562412463, 30.478040248082085 ], [ -91.866891572125027, 30.394924741342905 ], [ -91.962735215611488, 30.377146241151113 ], [ -91.983317968524034, 30.460202916260986 ], [ -91.887407562412463, 30.478040248082085 ] ] ] } },
{ "type": "Feature", "properties": { "ID": 44153, "date": "2022-01-01T00:00:00", "smokePM_pred": 1.53871178627014 }, "geometry": { "type": "Polygon", "coordinates": [ [ [ -81.496410512836576, 31.959282454875641 ], [ -81.484315711109431, 31.871205842606848 ], [ -81.587503327182773, 31.860866720931817 ], [ -81.5996915993356, 31.948908050673829 ], [ -81.496410512836576, 31.959282454875641 ] ] ] } },
{ "type": "Feature", "properties": { "ID": 44154, "date": "2022-01-01T00:00:00", "smokePM_pred": 1.8163490295410201 }, "geometry": { "type": "Polygon", "coordinates": [ [ [ -81.393076424122839, 31.969575743507772 ], [ -81.381075297893844, 31.881464116883631 ], [ -81.484315711109431, 31.871205842606848 ], [ -81.496410512836576, 31.959282454875641 ], [ -81.393076424122839, 31.969575743507772 ] ] ] } },
{ "type": "Feature", "properties": { "ID": 44537, "date": "2022-01-01T00:00:00", "smokePM_pred": 9.0990886688232404 }, "geometry": { "type": "Polygon", "coordinates": [ [ [ -94.468535795093615, 30.057081906817352 ], [ -94.446228426905932, 29.975631510346371 ], [ -94.539746628191452, 29.956222442532397 ], [ -94.56211304480361, 30.037609369617343 ], [ -94.468535795093615, 30.057081906817352 ] ] ] } },
{ "type": "Feature", "properties": { "ID": 44538, "date": "2022-01-01T00:00:00", "smokePM_pred": 9.6496257781982404 }, "geometry": { "type": "Polygon", "coordinates": [ [ [ -94.374867050389398, 30.076499011405829 ], [ -94.352619026490899, 29.994985301982545 ], [ -94.446228426905932, 29.975631510346371 ], [ -94.468535795093615, 30.057081906817352 ], [ -94.374867050389398, 30.076499011405829 ] ] ] } },
{ "type": "Feature", "properties": { "ID": 44539, "date": "2022-01-01T00:00:00", "smokePM_pred": 9.6226234436035192 }, "geometry": { "type": "Polygon", "coordinates": [ [ [ -94.281106997177716, 30.095860454626198 ], [ -94.258918613376821, 30.014283589609484 ], [ -94.352619026490899, 29.994985301982545 ], [ -94.374867050389398, 30.076499011405829 ], [ -94.281106997177716, 30.095860454626198 ] ] ] } },
{ "type": "Feature", "properties": { "ID": 44540, "date": "2022-01-01T00:00:00", "smokePM_pred": 9.58563327789307 }, "geometry": { "type": "Polygon", "coordinates": [ [ [ -94.187255823560008, 30.115166007921022 ], [ -94.165127375600292, 30.033526145595292 ], [ -94.258918613376821, 30.014283589609484 ], [ -94.281106997177716, 30.095860454626198 ], [ -94.187255823560008, 30.115166007921022 ] ] ] } },
{ "type": "Feature", "properties": { "ID": 44541, "date": "2022-01-01T00:00:00", "smokePM_pred": 9.4184036254882795 }, "geometry": { "type": "Polygon", "coordinates": [ [ [ -94.093313719254652, 30.134415442938007 ], [ -94.07124550280632, 30.052712742513517 ], [ -94.165127375600292, 30.033526145595292 ], [ -94.187255823560008, 30.115166007921022 ], [ -94.093313719254652, 30.134415442938007 ] ] ] } },
{ "type": "Feature", "properties": { "ID": 44542, "date": "2022-01-01T00:00:00", "smokePM_pred": 9.2952947616577095 }, "geometry": { "type": "Polygon", "coordinates": [ [ [ -93.999280875599439, 30.153608531536015 ], [ -93.977273186250727, 30.071843153149157 ], [ -94.07124550280632, 30.052712742513517 ], [ -94.093313719254652, 30.134415442938007 ], [ -93.999280875599439, 30.153608531536015 ] ] ] } },
{ "type": "Feature", "properties": { "ID": 44543, "date": "2022-01-01T00:00:00", "smokePM_pred": 9.4348897933959996 }, "geometry": { "type": "Polygon", "coordinates": [ [ [ -93.905157485553758, 30.17274504579111 ], [ -93.883210618802309, 30.090917150504673 ], [ -93.977273186250727, 30.071843153149157 ], [ -93.999280875599439, 30.153608531536015 ], [ -93.905157485553758, 30.17274504579111 ] ] ] } },
{ "type": "Feature", "properties": { "ID": 44544, "date": "2022-01-01T00:00:00", "smokePM_pred": 9.0475206375122106 }, "geometry": { "type": "Polygon", "coordinates": [ [ [ -93.810943743700818, 30.191824758002582 ], [ -93.789057994945011, 30.109934507805988 ], [ -93.883210618802309, 30.090917150504673 ], [ -93.905157485553758, 30.17274504579111 ], [ -93.810943743700818, 30.191824758002582 ] ] ] } },
{ "type": "Feature", "properties": { "ID": 44545, "date": "2022-01-01T00:00:00", "smokePM_pred": 8.9435729980468803 }, "geometry": { "type": "Polygon", "coordinates": [ [ [ -93.716639846249862, 30.210847440699023 ], [ -93.694815510780145, 30.128894998508578 ], [ -93.789057994945011, 30.109934507805988 ], [ -93.810943743700818, 30.191824758002582 ], [ -93.716639846249862, 30.210847440699023 ] ] ] } },
{ "type": "Feature", "properties": { "ID": 44546, "date": "2022-01-01T00:00:00", "smokePM_pred": 8.8772010803222692 }, "geometry": { "type": "Polygon", "coordinates": [ [ [ -93.622245991038326, 30.229812866644458 ], [ -93.600483364028321, 30.147798396303447 ], [ -93.694815510780145, 30.128894998508578 ], [ -93.716639846249862, 30.210847440699023 ], [ -93.622245991038326, 30.229812866644458 ] ] ] } },
{ "type": "Feature", "properties": { "ID": 44547, "date": "2022-01-01T00:00:00", "smokePM_pred": 8.4351177215576207 }, "geometry": { "type": "Polygon", "coordinates": [ [ [ -93.527762377533691, 30.248720808844357 ], [ -93.506061754031634, 30.16664447512326 ], [ -93.600483364028321, 30.147798396303447 ], [ -93.622245991038326, 30.229812866644458 ], [ -93.527762377533691, 30.248720808844357 ] ] ] } },
{ "type": "Feature", "properties": { "ID": 44548, "date": "2022-01-01T00:00:00", "smokePM_pred": 7.9906492233276403 }, "geometry": { "type": "Polygon", "coordinates": [ [ [ -93.433189206835706, 30.267571040551825 ], [ -93.411550881755474, 30.185433009148415 ], [ -93.506061754031634, 30.16664447512326 ], [ -93.527762377533691, 30.248720808844357 ], [ -93.433189206835706, 30.267571040551825 ] ] ] } },
{ "type": "Feature", "properties": { "ID": 44549, "date": "2022-01-01T00:00:00", "smokePM_pred": 7.6402878761291504 }, "geometry": { "type": "Polygon", "coordinates": [ [ [ -93.338526681678232, 30.286363335273702 ], [ -93.316950949790439, 30.204163772813125 ], [ -93.411550881755474, 30.185433009148415 ], [ -93.433189206835706, 30.267571040551825 ], [ -93.338526681678232, 30.286363335273702 ] ] ] } },
{ "type": "Feature", "properties": { "ID": 44550, "date": "2022-01-01T00:00:00", "smokePM_pred": 7.72412157058716 }, "geometry": { "type": "Polygon", "coordinates": [ [ [ -93.243775006431079, 30.305097466776711 ], [ -93.222262162354312, 30.222836540811585 ], [ -93.316950949790439, 30.204163772813125 ], [ -93.338526681678232, 30.286363335273702 ], [ -93.243775006431079, 30.305097466776711 ] ] ] } },
{ "type": "Feature", "properties": { "ID": 44551, "date": "2022-01-01T00:00:00", "smokePM_pred": 7.6024627685546902 }, "geometry": { "type": "Polygon", "coordinates": [ [ [ -93.148934387101946, 30.323773209093634 ], [ -93.127484725293755, 30.241451088104011 ], [ -93.222262162354312, 30.222836540811585 ], [ -93.243775006431079, 30.305097466776711 ], [ -93.148934387101946, 30.323773209093634 ] ] ] } },
{ "type": "Feature", "properties": { "ID": 44552, "date": "2022-01-01T00:00:00", "smokePM_pred": 7.4382205009460396 }, "geometry": { "type": "Polygon", "coordinates": [ [ [ -93.05400503133805, 30.342390336529508 ], [ -93.032618846085953, 30.260007189922938 ], [ -93.127484725293755, 30.241451088104011 ], [ -93.148934387101946, 30.323773209093634 ], [ -93.05400503133805, 30.342390336529508 ] ] ] } },
{ "type": "Feature", "properties": { "ID": 44553, "date": "2022-01-01T00:00:00", "smokePM_pred": 7.0352663993835396 }, "geometry": { "type": "Polygon", "coordinates": [ [ [ -92.958987148427951, 30.360948623667774 ], [ -92.937664733840464, 30.278504621779241 ], [ -93.032618846085953, 30.260007189922938 ], [ -93.05400503133805, 30.342390336529508 ], [ -92.958987148427951, 30.360948623667774 ] ] ] } },
{ "type": "Feature", "properties": { "ID": 44554, "date": "2022-01-01T00:00:00", "smokePM_pred": 6.6259999275207502 }, "geometry": { "type": "Polygon", "coordinates": [ [ [ -92.863880949303109, 30.379447845376532 ], [ -92.842622599300668, 30.296943159468398 ], [ -92.937664733840464, 30.278504621779241 ], [ -92.958987148427951, 30.360948623667774 ], [ -92.863880949303109, 30.379447845376532 ] ] ] } },
{ "type": "Feature", "properties": { "ID": 44555, "date": "2022-01-01T00:00:00", "smokePM_pred": 5.83070945739746 }, "geometry": { "type": "Polygon", "coordinates": [ [ [ -92.76868664653955, 30.397887776814713 ], [ -92.747492654845416, 30.315322579076629 ], [ -92.842622599300668, 30.296943159468398 ], [ -92.863880949303109, 30.379447845376532 ], [ -92.76868664653955, 30.397887776814713 ] ] ] } },
{ "type": "Feature", "properties": { "ID": 44556, "date": "2022-01-01T00:00:00", "smokePM_pred": 4.8726553916931197 }, "geometry": { "type": "Polygon", "coordinates": [ [ [ -92.673404454359272, 30.416268193438377 ], [ -92.652275114490493, 30.333642656987177 ], [ -92.747492654845416, 30.315322579076629 ], [ -92.76868664653955, 30.397887776814713 ], [ -92.673404454359272, 30.416268193438377 ] ] ] } },
{ "type": "Feature", "properties": { "ID": 44557, "date": "2022-01-01T00:00:00", "smokePM_pred": 4.0066542625427202 }, "geometry": { "type": "Polygon", "coordinates": [ [ [ -92.578034588631851, 30.43458887100693 ], [ -92.556970193889995, 30.351903169886423 ], [ -92.652275114490493, 30.333642656987177 ], [ -92.673404454359272, 30.416268193438377 ], [ -92.578034588631851, 30.43458887100693 ] ] ] } },
{ "type": "Feature", "properties": { "ID": 44558, "date": "2022-01-01T00:00:00", "smokePM_pred": 2.9950428009033199 }, "geometry": { "type": "Polygon", "coordinates": [ [ [ -92.482577266875708, 30.452849585589391 ], [ -92.461578110337754, 30.370103894770228 ], [ -92.556970193889995, 30.351903169886423 ], [ -92.578034588631851, 30.43458887100693 ], [ -92.482577266875708, 30.452849585589391 ] ] ] } },
{ "type": "Feature", "properties": { "ID": 44559, "date": "2022-01-01T00:00:00", "smokePM_pred": 2.4122998714446999 }, "geometry": { "type": "Polygon", "coordinates": [ [ [ -92.387032708259582, 30.471050113570673 ], [ -92.366099082768656, 30.388244608950128 ], [ -92.461578110337754, 30.370103894770228 ], [ -92.482577266875708, 30.452849585589391 ], [ -92.387032708259582, 30.471050113570673 ] ] ] } },
{ "type": "Feature", "properties": { "ID": 44560, "date": "2022-01-01T00:00:00", "smokePM_pred": 2.0217418670654301 }, "geometry": { "type": "Polygon", "coordinates": [ [ [ -92.291401133603671, 30.489190231657904 ], [ -92.270533331759779, 30.406325090059589 ], [ -92.366099082768656, 30.388244608950128 ], [ -92.387032708259582, 30.471050113570673 ], [ -92.291401133603671, 30.489190231657904 ] ] ] } },
{ "type": "Feature", "properties": { "ID": 44561, "date": "2022-01-01T00:00:00", "smokePM_pred": 1.7795512676239 }, "geometry": { "type": "Polygon", "coordinates": [ [ [ -92.195682765380909, 30.507269716886658 ], [ -92.174881079531701, 30.424345116060287 ], [ -92.270533331759779, 30.406325090059589 ], [ -92.291401133603671, 30.489190231657904 ], [ -92.195682765380909, 30.507269716886658 ] ] ] } },
{ "type": "Feature", "properties": { "ID": 44562, "date": "2022-01-01T00:00:00", "smokePM_pred": 1.5958194732666 }, "geometry": { "type": "Polygon", "coordinates": [ [ [ -92.09987782771816, 30.525288346627388 ], [ -92.079142549949552, 30.44230446524843 ], [ -92.174881079531701, 30.424345116060287 ], [ -92.195682765380909, 30.507269716886658 ], [ -92.09987782771816, 30.525288346627388 ] ] ] } },
{ "type": "Feature", "properties": { "ID": 44668, "date": "2022-01-01T00:00:00", "smokePM_pred": 1.42448937892914 }, "geometry": { "type": "Polygon", "coordinates": [ [ [ -81.508558316998361, 32.047353728643898 ], [ -81.496410512836576, 31.959282454875641 ], [ -81.5996915993356, 31.948908050673829 ], [ -81.611933264787694, 32.036943977595485 ], [ -81.508558316998361, 32.047353728643898 ] ] ] } },
{ "type": "Feature", "properties": { "ID": 44669, "date": "2022-01-01T00:00:00", "smokePM_pred": 1.60520339012146 }, "geometry": { "type": "Polygon", "coordinates": [ [ [ -81.405130160602468, 32.057682095542276 ], [ -81.393076424122839, 31.969575743507772 ], [ -81.496410512836576, 31.959282454875641 ], [ -81.508558316998361, 32.047353728643898 ], [ -81.405130160602468, 32.057682095542276 ] ] ] } },
{ "type": "Feature", "properties": { "ID": 44670, "date": "2022-01-01T00:00:00", "smokePM_pred": 1.4918253421783401 }, "geometry": { "type": "Polygon", "coordinates": [ [ [ -81.301649189123282, 32.06792892976646 ], [ -81.289689725377102, 31.979787768728624 ], [ -81.393076424122839, 31.969575743507772 ], [ -81.405130160602468, 32.057682095542276 ], [ -81.301649189123282, 32.06792892976646 ] ] ] } },
{ "type": "Feature", "properties": { "ID": 44671, "date": "2022-01-01T00:00:00", "smokePM_pred": 1.26903700828552 }, "geometry": { "type": "Polygon", "coordinates": [ [ [ -81.198115797405094, 32.078094083816211 ], [ -81.18625081009391, 31.989918383716304 ], [ -81.289689725377102, 31.979787768728624 ], [ -81.301649189123282, 32.06792892976646 ], [ -81.198115797405094, 32.078094083816211 ] ] ] } },
{ "type": "Feature", "properties": { "ID": 45055, "date": "2022-01-01T00:00:00", "smokePM_pred": 9.4131269454956001 }, "geometry": { "type": "Polygon", "coordinates": [ [ [ -94.20947520247725, 30.196790050950426 ], [ -94.187255823560008, 30.115166007921022 ], [ -94.281106997177716, 30.095860454626198 ], [ -94.303386501654174, 30.177421410579971 ], [ -94.20947520247725, 30.196790050950426 ] ] ] } },
{ "type": "Feature", "properties": { "ID": 45056, "date": "2022-01-01T00:00:00", "smokePM_pred": 9.34747314453125 }, "geometry": { "type": "Polygon", "coordinates": [ [ [ -94.115472675323119, 30.216102413844212 ], [ -94.093313719254652, 30.134415442938007 ], [ -94.187255823560008, 30.115166007921022 ], [ -94.20947520247725, 30.196790050950426 ], [ -94.115472675323119, 30.216102413844212 ] ] ] } },
{ "type": "Feature", "properties": { "ID": 45057, "date": "2022-01-01T00:00:00", "smokePM_pred": 9.37615871429443 }, "geometry": { "type": "Polygon", "coordinates": [ [ [ -94.021379111609278, 30.235358270191096 ], [ -93.999280875599439, 30.153608531536015 ], [ -94.093313719254652, 30.134415442938007 ], [ -94.115472675323119, 30.216102413844212 ], [ -94.021379111609278, 30.235358270191096 ] ] ] } },
{ "type": "Feature", "properties": { "ID": 45058, "date": "2022-01-01T00:00:00", "smokePM_pred": 9.0364665985107404 }, "geometry": { "type": "Polygon", "coordinates": [ [ [ -93.927194704383453, 30.254557391137769 ], [ -93.905157485553758, 30.17274504579111 ], [ -93.999280875599439, 30.153608531536015 ], [ -94.021379111609278, 30.235358270191096 ], [ -93.927194704383453, 30.254557391137769 ] ] ] } },
{ "type": "Feature", "properties": { "ID": 45059, "date": "2022-01-01T00:00:00", "smokePM_pred": 9.0045852661132795 }, "geometry": { "type": "Polygon", "coordinates": [ [ [ -93.832919648325984, 30.273699548053923 ], [ -93.810943743700818, 30.191824758002582 ], [ -93.905157485553758, 30.17274504579111 ], [ -93.927194704383453, 30.254557391137769 ], [ -93.832919648325984, 30.273699548053923 ] ] ] } },
{ "type": "Feature", "properties": { "ID": 45060, "date": "2022-01-01T00:00:00", "smokePM_pred": 8.9677019119262695 }, "geometry": { "type": "Polygon", "coordinates": [ [ [ -93.738554139751955, 30.292784512538322 ], [ -93.716639846249862, 30.210847440699023 ], [ -93.810943743700818, 30.191824758002582 ], [ -93.832919648325984, 30.273699548053923 ], [ -93.738554139751955, 30.292784512538322 ] ] ] } },
{ "type": "Feature", "properties": { "ID": 45061, "date": "2022-01-01T00:00:00", "smokePM_pred": 8.8295536041259801 }, "geometry": { "type": "Polygon", "coordinates": [ [ [ -93.644098376613428, 30.311812056424948 ], [ -93.622245991038326, 30.229812866644458 ], [ -93.716639846249862, 30.210847440699023 ], [ -93.738554139751955, 30.292784512538322 ], [ -93.644098376613428, 30.311812056424948 ] ] ] } },
{ "type": "Feature", "properties": { "ID": 45062, "date": "2022-01-01T00:00:00", "smokePM_pred": 8.4699754714965803 }, "geometry": { "type": "Polygon", "coordinates": [ [ [ -93.549552558501432, 30.33078195178911 ], [ -93.527762377533691, 30.248720808844357 ], [ -93.622245991038326, 30.229812866644458 ], [ -93.644098376613428, 30.311812056424948 ], [ -93.549552558501432, 30.33078195178911 ] ] ] } },
{ "type": "Feature", "properties": { "ID": 45063, "date": "2022-01-01T00:00:00", "smokePM_pred": 7.8617362976074201 }, "geometry": { "type": "Polygon", "coordinates": [ [ [ -93.454916886648135, 30.349693970953577 ], [ -93.433189206835706, 30.267571040551825 ], [ -93.527762377533691, 30.248720808844357 ], [ -93.549552558501432, 30.33078195178911 ], [ -93.454916886648135, 30.349693970953577 ] ] ] } },
{ "type": "Feature", "properties": { "ID": 45064, "date": "2022-01-01T00:00:00", "smokePM_pred": 7.49399709701538 }, "geometry": { "type": "Polygon", "coordinates": [ [ [ -93.360191563928652, 30.368547886494799 ], [ -93.338526681678232, 30.286363335273702 ], [ -93.433189206835706, 30.267571040551825 ], [ -93.454916886648135, 30.349693970953577 ], [ -93.360191563928652, 30.368547886494799 ] ] ] } },
{ "type": "Feature", "properties": { "ID": 45065, "date": "2022-01-01T00:00:00", "smokePM_pred": 7.38848972320557 }, "geometry": { "type": "Polygon", "coordinates": [ [ [ -93.265376794863101, 30.387343471248997 ], [ -93.243775006431079, 30.305097466776711 ], [ -93.338526681678232, 30.286363335273702 ], [ -93.360191563928652, 30.368547886494799 ], [ -93.265376794863101, 30.387343471248997 ] ] ] } },
{ "type": "Feature", "properties": { "ID": 45066, "date": "2022-01-01T00:00:00", "smokePM_pred": 7.4881048202514604 }, "geometry": { "type": "Polygon", "coordinates": [ [ [ -93.170472785618429, 30.406080498318435 ], [ -93.148934387101946, 30.323773209093634 ], [ -93.243775006431079, 30.305097466776711 ], [ -93.265376794863101, 30.387343471248997 ], [ -93.170472785618429, 30.406080498318435 ] ] ] } },
{ "type": "Feature", "properties": { "ID": 45067, "date": "2022-01-01T00:00:00", "smokePM_pred": 7.4512448310851997 }, "geometry": { "type": "Polygon", "coordinates": [ [ [ -93.075479744010181, 30.424758741077586 ], [ -93.05400503133805, 30.342390336529508 ], [ -93.148934387101946, 30.323773209093634 ], [ -93.170472785618429, 30.406080498318435 ], [ -93.075479744010181, 30.424758741077586 ] ] ] } },
{ "type": "Feature", "properties": { "ID": 45068, "date": "2022-01-01T00:00:00", "smokePM_pred": 7.2556962966918999 }, "geometry": { "type": "Polygon", "coordinates": [ [ [ -92.980397879504267, 30.443377973179402 ], [ -92.958987148427951, 30.360948623667774 ], [ -93.05400503133805, 30.342390336529508 ], [ -93.075479744010181, 30.424758741077586 ], [ -92.980397879504267, 30.443377973179402 ] ] ] } },
{ "type": "Feature", "properties": { "ID": 45069, "date": "2022-01-01T00:00:00", "smokePM_pred": 7.05897760391235 }, "geometry": { "type": "Polygon", "coordinates": [ [ [ -92.885227403218636, 30.461937968561461 ], [ -92.863880949303109, 30.379447845376532 ], [ -92.958987148427951, 30.360948623667774 ], [ -92.980397879504267, 30.443377973179402 ], [ -92.885227403218636, 30.461937968561461 ] ] ] } },
{ "type": "Feature", "properties": { "ID": 45070, "date": "2022-01-01T00:00:00", "smokePM_pred": 6.16158199310303 }, "geometry": { "type": "Polygon", "coordinates": [ [ [ -92.789968527924927, 30.480438501452358 ], [ -92.76868664653955, 30.397887776814713 ], [ -92.863880949303109, 30.379447845376532 ], [ -92.885227403218636, 30.461937968561461 ], [ -92.789968527924927, 30.480438501452358 ] ] ] } },
{ "type": "Feature", "properties": { "ID": 45071, "date": "2022-01-01T00:00:00", "smokePM_pred": 4.9923367500305202 }, "geometry": { "type": "Polygon", "coordinates": [ [ [ -92.694621468050002, 30.498879346377855 ], [ -92.673404454359272, 30.416268193438377 ], [ -92.76868664653955, 30.397887776814713 ], [ -92.789968527924927, 30.480438501452358 ], [ -92.694621468050002, 30.498879346377855 ] ] ] } },
{ "type": "Feature", "properties": { "ID": 45072, "date": "2022-01-01T00:00:00", "smokePM_pred": 4.30670070648193 }, "geometry": { "type": "Polygon", "coordinates": [ [ [ -92.599186439677425, 30.517260278167218 ], [ -92.578034588631851, 30.43458887100693 ], [ -92.673404454359272, 30.416268193438377 ], [ -92.694621468050002, 30.498879346377855 ], [ -92.599186439677425, 30.517260278167218 ] ] ] } },
{ "type": "Feature", "properties": { "ID": 45183, "date": "2022-01-01T00:00:00", "smokePM_pred": 1.40398609638214 }, "geometry": { "type": "Polygon", "coordinates": [ [ [ -81.520759329988081, 32.135419640230573 ], [ -81.508558316998361, 32.047353728643898 ], [ -81.611933264787694, 32.036943977595485 ], [ -81.624228531263611, 32.124974477678009 ], [ -81.520759329988081, 32.135419640230573 ] ] ] } },
{ "type": "Feature", "properties": { "ID": 45184, "date": "2022-01-01T00:00:00", "smokePM_pred": 1.3983833789825399 }, "geometry": { "type": "Polygon", "coordinates": [ [ [ -81.417236712385616, 32.145783149642071 ], [ -81.405130160602468, 32.057682095542276 ], [ -81.508558316998361, 32.047353728643898 ], [ -81.520759329988081, 32.135419640230573 ], [ -81.417236712385616, 32.145783149642071 ] ] ] } },
{ "type": "Feature", "properties": { "ID": 45185, "date": "2022-01-01T00:00:00", "smokePM_pred": 1.4302724599838299 }, "geometry": { "type": "Polygon", "coordinates": [ [ [ -81.313661073327395, 32.156064856702663 ], [ -81.301649189123282, 32.06792892976646 ], [ -81.405130160602468, 32.057682095542276 ], [ -81.417236712385616, 32.145783149642071 ], [ -81.313661073327395, 32.156064856702663 ] ] ] } },
{ "type": "Feature", "properties": { "ID": 45186, "date": "2022-01-01T00:00:00", "smokePM_pred": 1.3778812885284399 }, "geometry": { "type": "Polygon", "coordinates": [ [ [ -81.210032809015146, 32.166264613230737 ], [ -81.198115797405094, 32.078094083816211 ], [ -81.301649189123282, 32.06792892976646 ], [ -81.313661073327395, 32.156064856702663 ], [ -81.210032809015146, 32.166264613230737 ] ] ] } },
{ "type": "Feature", "properties": { "ID": 45187, "date": "2022-01-01T00:00:00", "smokePM_pred": 1.1534227132797199 }, "geometry": { "type": "Polygon", "coordinates": [ [ [ -81.106352316973314, 32.176382272078534 ], [ -81.094530381605693, 32.088177411220848 ], [ -81.198115797405094, 32.078094083816211 ], [ -81.210032809015146, 32.166264613230737 ], [ -81.106352316973314, 32.176382272078534 ] ] ] } },
{ "type": "Feature", "properties": { "ID": 45573, "date": "2022-01-01T00:00:00", "smokePM_pred": 8.8378038406372106 }, "geometry": { "type": "Polygon", "coordinates": [ [ [ -93.949322572317257, 30.336354113374949 ], [ -93.927194704383453, 30.254557391137769 ], [ -94.021379111609278, 30.235358270191096 ], [ -94.043568191403182, 30.317092295549951 ], [ -93.949322572317257, 30.336354113374949 ] ] ] } },
{ "type": "Feature", "properties": { "ID": 45574, "date": "2022-01-01T00:00:00", "smokePM_pred": 8.8453722000122106 }, "geometry": { "type": "Polygon", "coordinates": [ [ [ -93.854986005740471, 30.355558805185851 ], [ -93.832919648325984, 30.273699548053923 ], [ -93.927194704383453, 30.254557391137769 ], [ -93.949322572317257, 30.336354113374949 ], [ -93.854986005740471, 30.355558805185851 ] ] ] } },
{ "type": "Feature", "properties": { "ID": 45575, "date": "2022-01-01T00:00:00", "smokePM_pred": 8.8077049255371094 }, "geometry": { "type": "Polygon", "coordinates": [ [ [ -93.760558688091677, 30.374706141648613 ], [ -93.738554139751955, 30.292784512538322 ], [ -93.832919648325984, 30.273699548053923 ], [ -93.854986005740471, 30.355558805185851 ], [ -93.760558688091677, 30.374706141648613 ] ] ] } },
{ "type": "Feature", "properties": { "ID": 45576, "date": "2022-01-01T00:00:00", "smokePM_pred": 8.7346611022949201 }, "geometry": { "type": "Polygon", "coordinates": [ [ [ -93.666040817435459, 30.393795893664148 ], [ -93.644098376613428, 30.311812056424948 ], [ -93.738554139751955, 30.292784512538322 ], [ -93.760558688091677, 30.374706141648613 ], [ -93.666040817435459, 30.393795893664148 ] ] ] } },
{ "type": "Feature", "properties": { "ID": 45577, "date": "2022-01-01T00:00:00", "smokePM_pred": 8.2735643386840803 }, "geometry": { "type": "Polygon", "coordinates": [ [ [ -93.57143259348436, 30.412827832374575 ], [ -93.549552558501432, 30.33078195178911 ], [ -93.644098376613428, 30.311812056424948 ], [ -93.666040817435459, 30.393795893664148 ], [ -93.57143259348436, 30.412827832374575 ] ] ] } },
{ "type": "Feature", "properties": { "ID": 45578, "date": "2022-01-01T00:00:00", "smokePM_pred": 7.9725413322448704 }, "geometry": { "type": "Polygon", "coordinates": [ [ [ -93.476734217600892, 30.431801729169315 ], [ -93.454916886648135, 30.349693970953577 ], [ -93.549552558501432, 30.33078195178911 ], [ -93.57143259348436, 30.412827832374575 ], [ -93.476734217600892, 30.431801729169315 ] ] ] } },
{ "type": "Feature", "properties": { "ID": 45579, "date": "2022-01-01T00:00:00", "smokePM_pred": 7.6376595497131303 }, "geometry": { "type": "Polygon", "coordinates": [ [ [ -93.381945892799607, 30.450717355691328 ], [ -93.360191563928652, 30.368547886494799 ], [ -93.454916886648135, 30.349693970953577 ], [ -93.476734217600892, 30.431801729169315 ], [ -93.381945892799607, 30.450717355691328 ] ] ] } },
{ "type": "Feature", "properties": { "ID": 45580, "date": "2022-01-01T00:00:00", "smokePM_pred": 7.4634289741516104 }, "geometry": { "type": "Polygon", "coordinates": [ [ [ -93.287067823749041, 30.469574483843306 ], [ -93.265376794863101, 30.387343471248997 ], [ -93.360191563928652, 30.368547886494799 ], [ -93.381945892799607, 30.450717355691328 ], [ -93.287067823749041, 30.469574483843306 ] ] ] } },
{ "type": "Feature", "properties": { "ID": 45699, "date": "2022-01-01T00:00:00", "smokePM_pred": 1.34130239486694 }, "geometry": { "type": "Polygon", "coordinates": [ [ [ -81.429396285846195, 32.233878882354595 ], [ -81.417236712385616, 32.145783149642071 ], [ -81.520759329988081, 32.135419640230573 ], [ -81.53301375952779, 32.223480165845395 ], [ -81.429396285846195, 32.233878882354595 ] ] ] } },
{ "type": "Feature", "properties": { "ID": 45700, "date": "2022-01-01T00:00:00", "smokePM_pred": 1.2900370359420801 }, "geometry": { "type": "Polygon", "coordinates": [ [ [ -81.325725583006019, 32.244195526420512 ], [ -81.313661073327395, 32.156064856702663 ], [ -81.417236712385616, 32.145783149642071 ], [ -81.429396285846195, 32.233878882354595 ], [ -81.325725583006019, 32.244195526420512 ] ] ] } },
{ "type": "Feature", "properties": { "ID": 45701, "date": "2022-01-01T00:00:00", "smokePM_pred": 1.2616219520568801 }, "geometry": { "type": "Polygon", "coordinates": [ [ [ -81.22200204857397, 32.254429949177123 ], [ -81.210032809015146, 32.166264613230737 ], [ -81.313661073327395, 32.156064856702663 ], [ -81.325725583006019, 32.244195526420512 ], [ -81.22200204857397, 32.254429949177123 ] ] ] } },
{ "type": "Feature", "properties": { "ID": 45702, "date": "2022-01-01T00:00:00", "smokePM_pred": 1.2076221704482999 }, "geometry": { "type": "Polygon", "coordinates": [ [ [ -81.118226081448896, 32.264582002796494 ], [ -81.106352316973314, 32.176382272078534 ], [ -81.210032809015146, 32.166264613230737 ], [ -81.22200204857397, 32.254429949177123 ], [ -81.118226081448896, 32.264582002796494 ] ] ] } },
{ "type": "Feature", "properties": { "ID": 45703, "date": "2022-01-01T00:00:00", "smokePM_pred": 1.43985366821289 }, "geometry": { "type": "Polygon", "coordinates": [ [ [ -81.014398081854083, 32.274651540494467 ], [ -81.002619996041375, 32.186417687137634 ], [ -81.106352316973314, 32.176382272078534 ], [ -81.118226081448896, 32.264582002796494 ], [ -81.014398081854083, 32.274651540494467 ] ] ] } },
{ "type": "Feature", "properties": { "ID": 45704, "date": "2022-01-01T00:00:00", "smokePM_pred": 1.19904172420502 }, "geometry": { "type": "Polygon", "coordinates": [ [ [ -80.910518451329295, 32.284638416536119 ], [ -80.898836246366059, 32.196370713344528 ], [ -81.002619996041375, 32.186417687137634 ], [ -81.014398081854083, 32.274651540494467 ], [ -80.910518451329295, 32.284638416536119 ] ] ] } },
{ "type": "Feature", "properties": { "ID": 45705, "date": "2022-01-01T00:00:00", "smokePM_pred": 1.28757500648499 }, "geometry": { "type": "Polygon", "coordinates": [ [ [ -80.806587592722863, 32.294542486241355 ], [ -80.79500146939337, 32.206241206686052 ], [ -80.898836246366059, 32.196370713344528 ], [ -80.910518451329295, 32.284638416536119 ], [ -80.806587592722863, 32.294542486241355 ] ] ] } },
{ "type": "Feature", "properties": { "ID": 45706, "date": "2022-01-01T00:00:00", "smokePM_pred": 1.4471625089645399 }, "geometry": { "type": "Polygon", "coordinates": [ [ [ -80.702605910183678, 32.304363605990353 ], [ -80.691116067860648, 32.216029024204879 ], [ -80.79500146939337, 32.206241206686052 ], [ -80.806587592722863, 32.294542486241355 ], [ -80.702605910183678, 32.304363605990353 ] ] ] } },
{ "type": "Feature", "properties": { "ID": 45707, "date": "2022-01-01T00:00:00", "smokePM_pred": 1.6679490804672199 }, "geometry": { "type": "Polygon", "coordinates": [ [ [ -80.598573809153038, 32.314101633229072 ], [ -80.587180445788491, 32.225734024004964 ], [ -80.691116067860648, 32.216029024204879 ], [ -80.702605910183678, 32.304363605990353 ], [ -80.598573809153038, 32.314101633229072 ] ] ] } },
{ "type": "Feature", "properties": { "ID": 46215, "date": "2022-01-01T00:00:00", "smokePM_pred": 1.35500240325928 }, "geometry": { "type": "Polygon", "coordinates": [ [ [ -81.33784292449856, 32.332320915696755 ], [ -81.325725583006019, 32.244195526420512 ], [ -81.429396285846195, 32.233878882354595 ], [ -81.441609088688693, 32.321969270118906 ], [ -81.33784292449856, 32.332320915696755 ] ] ] } },
{ "type": "Feature", "properties": { "ID": 46216, "date": "2022-01-01T00:00:00", "smokePM_pred": 1.3921661376953101 }, "geometry": { "type": "Polygon", "coordinates": [ [ [ -81.234023721046526, 32.342590068767826 ], [ -81.22200204857397, 32.254429949177123 ], [ -81.325725583006019, 32.244195526420512 ], [ -81.33784292449856, 32.332320915696755 ], [ -81.234023721046526, 32.342590068767826 ] ] ] } },
{ "type": "Feature", "properties": { "ID": 46217, "date": "2022-01-01T00:00:00", "smokePM_pred": 1.2909698486328101 }, "geometry": { "type": "Polygon", "coordinates": [ [ [ -81.130151878613646, 32.352776580821029 ], [ -81.118226081448896, 32.264582002796494 ], [ -81.22200204857397, 32.254429949177123 ], [ -81.234023721046526, 32.342590068767826 ], [ -81.130151878613646, 32.352776580821029 ] ] ] } },
{ "type": "Feature", "properties": { "ID": 46218, "date": "2022-01-01T00:00:00", "smokePM_pred": 1.52064192295074 }, "geometry": { "type": "Polygon", "coordinates": [ [ [ -81.026227798814844, 32.362880304393329 ], [ -81.014398081854083, 32.274651540494467 ], [ -81.118226081448896, 32.264582002796494 ], [ -81.130151878613646, 32.352776580821029 ], [ -81.026227798814844, 32.362880304393329 ] ] ] } },
{ "type": "Feature", "properties": { "ID": 46219, "date": "2022-01-01T00:00:00", "smokePM_pred": 1.35770583152771 }, "geometry": { "type": "Polygon", "coordinates": [ [ [ -80.922251884590906, 32.372901093075384 ], [ -80.910518451329295, 32.284638416536119 ], [ -81.014398081854083, 32.274651540494467 ], [ -81.026227798814844, 32.362880304393329 ], [ -80.922251884590906, 32.372901093075384 ] ] ] } },
{ "type": "Feature", "properties": { "ID": 46220, "date": "2022-01-01T00:00:00", "smokePM_pred": 1.39427590370178 }, "geometry": { "type": "Polygon", "coordinates": [ [ [ -80.818224540200532, 32.382838801517124 ], [ -80.806587592722863, 32.294542486241355 ], [ -80.910518451329295, 32.284638416536119 ], [ -80.922251884590906, 32.372901093075384 ], [ -80.818224540200532, 32.382838801517124 ] ] ] } },
{ "type": "Feature", "properties": { "ID": 46221, "date": "2022-01-01T00:00:00", "smokePM_pred": 1.5245347023010301 }, "geometry": { "type": "Polygon", "coordinates": [ [ [ -80.714146171212235, 32.392693285433197 ], [ -80.702605910183678, 32.304363605990353 ], [ -80.806587592722863, 32.294542486241355 ], [ -80.818224540200532, 32.382838801517124 ], [ -80.714146171212235, 32.392693285433197 ] ] ] } },
{ "type": "Feature", "properties": { "ID": 46222, "date": "2022-01-01T00:00:00", "smokePM_pred": 1.3885408639907799 }, "geometry": { "type": "Polygon", "coordinates": [ [ [ -80.610017184496201, 32.402464401608555 ], [ -80.598573809153038, 32.314101633229072 ], [ -80.702605910183678, 32.304363605990353 ], [ -80.714146171212235, 32.392693285433197 ], [ -80.610017184496201, 32.402464401608555 ] ] ] } },
{ "type": "Feature", "properties": { "ID": 46223, "date": "2022-01-01T00:00:00", "smokePM_pred": 1.4314222335815401 }, "geometry": { "type": "Polygon", "coordinates": [ [ [ -80.505837988216058, 32.412152007903906 ], [ -80.494491696356448, 32.323756426474624 ], [ -80.598573809153038, 32.314101633229072 ], [ -80.610017184496201, 32.402464401608555 ], [ -80.505837988216058, 32.412152007903906 ] ] ] } },
{ "type": "Feature", "properties": { "ID": 46224, "date": "2022-01-01T00:00:00", "smokePM_pred": 1.8354244232177701 }, "geometry": { "type": "Polygon", "coordinates": [ [ [ -80.40160899182051, 32.421755963261084 ], [ -80.390359979795335, 32.333327845320767 ], [ -80.494491696356448, 32.323756426474624 ], [ -80.505837988216058, 32.412152007903906 ], [ -80.40160899182051, 32.421755963261084 ] ] ] } },
{ "type": "Feature", "properties": { "ID": 46225, "date": "2022-01-01T00:00:00", "smokePM_pred": 1.8069751262664799 }, "geometry": { "type": "Polygon", "coordinates": [ [ [ -80.297330606034905, 32.431276127708536 ], [ -80.286179068738761, 32.342815750443158 ], [ -80.390359979795335, 32.333327845320767 ], [ -80.40160899182051, 32.421755963261084 ], [ -80.297330606034905, 32.431276127708536 ] ] ] } },
{ "type": "Feature", "properties": { "ID": 46226, "date": "2022-01-01T00:00:00", "smokePM_pred": 1.9310232400894201 }, "geometry": { "type": "Polygon", "coordinates": [ [ [ -80.193003242852839, 32.440712362366618 ], [ -80.181949373714872, 32.352220003604792 ], [ -80.286179068738761, 32.342815750443158 ], [ -80.297330606034905, 32.431276127708536 ], [ -80.193003242852839, 32.440712362366618 ] ] ] } },
{ "type": "Feature", "properties": { "ID": 46731, "date": "2022-01-01T00:00:00", "smokePM_pred": 1.41079545021057 }, "geometry": { "type": "Polygon", "coordinates": [ [ [ -81.246098032722202, 32.430744949009558 ], [ -81.234023721046526, 32.342590068767826 ], [ -81.33784292449856, 32.332320915696755 ], [ -81.350013305476608, 32.420441001200501 ], [ -81.246098032722202, 32.430744949009558 ] ] ] } },
{ "type": "Feature", "properties": { "ID": 46732, "date": "2022-01-01T00:00:00", "smokePM_pred": 1.34843730926514 }, "geometry": { "type": "Polygon", "coordinates": [ [ [ -81.142129913365324, 32.440965983494436 ], [ -81.130151878613646, 32.352776580821029 ], [ -81.234023721046526, 32.342590068767826 ], [ -81.246098032722202, 32.430744949009558 ], [ -81.142129913365324, 32.440965983494436 ] ] ] } },
{ "type": "Feature", "properties": { "ID": 46733, "date": "2022-01-01T00:00:00", "smokePM_pred": 1.4130734205246001 }, "geometry": { "type": "Polygon", "coordinates": [ [ [ -81.038109350420413, 32.451103956510202 ], [ -81.026227798814844, 32.362880304393329 ], [ -81.130151878613646, 32.352776580821029 ], [ -81.142129913365324, 32.440965983494436 ], [ -81.038109350420413, 32.451103956510202 ] ] ] } },
{ "type": "Feature", "properties": { "ID": 46734, "date": "2022-01-01T00:00:00", "smokePM_pred": 1.31845819950104 }, "geometry": { "type": "Polygon", "coordinates": [ [ [ -80.93403674823729, 32.461158720969991 ], [ -80.922251884590906, 32.372901093075384 ], [ -81.026227798814844, 32.362880304393329 ], [ -81.038109350420413, 32.451103956510202 ], [ -80.93403674823729, 32.461158720969991 ] ] ] } },
{ "type": "Feature", "properties": { "ID": 46735, "date": "2022-01-01T00:00:00", "smokePM_pred": 1.5651986598968499 }, "geometry": { "type": "Polygon", "coordinates": [ [ [ -80.829912512493067, 32.471130130850675 ], [ -80.818224540200532, 32.382838801517124 ], [ -80.922251884590906, 32.372901093075384 ], [ -80.93403674823729, 32.461158720969991 ], [ -80.829912512493067, 32.471130130850675 ] ] ] } },
{ "type": "Feature", "properties": { "ID": 46736, "date": "2022-01-01T00:00:00", "smokePM_pred": 1.36381328105927 }, "geometry": { "type": "Polygon", "coordinates": [ [ [ -80.72573705018408, 32.481018041198396 ], [ -80.714146171212235, 32.392693285433197 ], [ -80.818224540200532, 32.382838801517124 ], [ -80.829912512493067, 32.471130130850675 ], [ -80.72573705018408, 32.481018041198396 ] ] ] } },
{ "type": "Feature", "properties": { "ID": 46737, "date": "2022-01-01T00:00:00", "smokePM_pred": 1.3045177459716799 }, "geometry": { "type": "Polygon", "coordinates": [ [ [ -80.621510769617672, 32.490822308134064 ], [ -80.610017184496201, 32.402464401608555 ], [ -80.714146171212235, 32.392693285433197 ], [ -80.72573705018408, 32.481018041198396 ], [ -80.621510769617672, 32.490822308134064 ] ] ] } },
{ "type": "Feature", "properties": { "ID": 46738, "date": "2022-01-01T00:00:00", "smokePM_pred": 1.37430679798126 }, "geometry": { "type": "Polygon", "coordinates": [ [ [ -80.517234080403881, 32.500542788858901 ], [ -80.505837988216058, 32.412152007903906 ], [ -80.610017184496201, 32.402464401608555 ], [ -80.621510769617672, 32.490822308134064 ], [ -80.517234080403881, 32.500542788858901 ] ] ] } },
{ "type": "Feature", "properties": { "ID": 46739, "date": "2022-01-01T00:00:00", "smokePM_pred": 1.5902961492538501 }, "geometry": { "type": "Polygon", "coordinates": [ [ [ -80.412907393447057, 32.510179341659921 ], [ -80.40160899182051, 32.421755963261084 ], [ -80.505837988216058, 32.412152007903906 ], [ -80.517234080403881, 32.500542788858901 ], [ -80.412907393447057, 32.510179341659921 ] ] ] } },
{ "type": "Feature", "properties": { "ID": 46740, "date": "2022-01-01T00:00:00", "smokePM_pred": 1.6552425622940099 }, "geometry": { "type": "Polygon", "coordinates": [ [ [ -80.308531120937445, 32.519731825915308 ], [ -80.297330606034905, 32.431276127708536 ], [ -80.40160899182051, 32.421755963261084 ], [ -80.412907393447057, 32.510179341659921 ], [ -80.308531120937445, 32.519731825915308 ] ] ] } },
{ "type": "Feature", "properties": { "ID": 46741, "date": "2022-01-01T00:00:00", "smokePM_pred": 1.7069650888443 }, "geometry": { "type": "Polygon", "coordinates": [ [ [ -80.204105676342579, 32.529200102099871 ], [ -80.193003242852839, 32.440712362366618 ], [ -80.297330606034905, 32.431276127708536 ], [ -80.308531120937445, 32.519731825915308 ], [ -80.204105676342579, 32.529200102099871 ] ] ] } },
{ "type": "Feature", "properties": { "ID": 47248, "date": "2022-01-01T00:00:00", "smokePM_pred": 1.51926958560944 }, "geometry": { "type": "Polygon", "coordinates": [ [ [ -81.050042941485444, 32.539322474418036 ], [ -81.038109350420413, 32.451103956510202 ], [ -81.142129913365324, 32.440965983494436 ], [ -81.15416039192759, 32.529150188054238 ], [ -81.050042941485444, 32.539322474418036 ] ] ] } },
{ "type": "Feature", "properties": { "ID": 47249, "date": "2022-01-01T00:00:00", "smokePM_pred": 1.3212877511978101 }, "geometry": { "type": "Polygon", "coordinates": [ [ [ -80.945873245664629, 32.549411278126335 ], [ -80.93403674823729, 32.461158720969991 ], [ -81.038109350420413, 32.451103956510202 ], [ -81.050042941485444, 32.539322474418036 ], [ -80.945873245664629, 32.549411278126335 ] ] ] } },
{ "type": "Feature", "properties": { "ID": 47250, "date": "2022-01-01T00:00:00", "smokePM_pred": 1.5460839271545399 }, "geometry": { "type": "Polygon", "coordinates": [ [ [ -80.841651711568844, 32.559416452479923 ], [ -80.829912512493067, 32.471130130850675 ], [ -80.93403674823729, 32.461158720969991 ], [ -80.945873245664629, 32.549411278126335 ], [ -80.841651711568844, 32.559416452479923 ] ] ] } },
{ "type": "Feature", "properties": { "ID": 47251, "date": "2022-01-01T00:00:00", "smokePM_pred": 1.46359074115753 }, "geometry": { "type": "Polygon", "coordinates": [ [ [ -80.737378747630473, 32.569337851853277 ], [ -80.72573705018408, 32.481018041198396 ], [ -80.829912512493067, 32.471130130850675 ], [ -80.841651711568844, 32.559416452479923 ], [ -80.737378747630473, 32.569337851853277 ] ] ] } },
{ "type": "Feature", "properties": { "ID": 47252, "date": "2022-01-01T00:00:00", "smokePM_pred": 1.410884141922 }, "geometry": { "type": "Polygon", "coordinates": [ [ [ -80.633054763602246, 32.57917533170027 ], [ -80.621510769617672, 32.490822308134064 ], [ -80.72573705018408, 32.481018041198396 ], [ -80.737378747630473, 32.569337851853277 ], [ -80.633054763602246, 32.57917533170027 ] ] ] } },
{ "type": "Feature", "properties": { "ID": 47253, "date": "2022-01-01T00:00:00", "smokePM_pred": 1.55186295509338 }, "geometry": { "type": "Polygon", "coordinates": [ [ [ -80.528680170549038, 32.588928748559624 ], [ -80.517234080403881, 32.500542788858901 ], [ -80.621510769617672, 32.490822308134064 ], [ -80.633054763602246, 32.57917533170027 ], [ -80.528680170549038, 32.588928748559624 ] ] ] } },
{ "type": "Feature", "properties": { "ID": 47254, "date": "2022-01-01T00:00:00", "smokePM_pred": 1.59314072132111 }, "geometry": { "type": "Polygon", "coordinates": [ [ [ -80.424255380839313, 32.598597960060481 ], [ -80.412907393447057, 32.510179341659921 ], [ -80.517234080403881, 32.500542788858901 ], [ -80.528680170549038, 32.588928748559624 ], [ -80.424255380839313, 32.598597960060481 ] ] ] } },
{ "type": "Feature", "properties": { "ID": 47255, "date": "2022-01-01T00:00:00", "smokePM_pred": 1.4730737209320099 }, "geometry": { "type": "Polygon", "coordinates": [ [ [ -80.319780808136699, 32.608182824927809 ], [ -80.308531120937445, 32.519731825915308 ], [ -80.412907393447057, 32.510179341659921 ], [ -80.424255380839313, 32.598597960060481 ], [ -80.319780808136699, 32.608182824927809 ] ] ] } },
{ "type": "Feature", "properties": { "ID": 47256, "date": "2022-01-01T00:00:00", "smokePM_pred": 1.5257091522216799 }, "geometry": { "type": "Polygon", "coordinates": [ [ [ -80.215256867391318, 32.617683202987855 ], [ -80.204105676342579, 32.529200102099871 ], [ -80.308531120937445, 32.519731825915308 ], [ -80.319780808136699, 32.608182824927809 ], [ -80.215256867391318, 32.617683202987855 ] ] ] } },
{ "type": "Feature", "properties": { "ID": 47764, "date": "2022-01-01T00:00:00", "smokePM_pred": 1.48087441921234 }, "geometry": { "type": "Polygon", "coordinates": [ [ [ -80.957761581588372, 32.637658742348805 ], [ -80.945873245664629, 32.549411278126335 ], [ -81.050042941485444, 32.539322474418036 ], [ -81.062028778151927, 32.627535835585881 ], [ -80.957761581588372, 32.637658742348805 ] ] ] } },
{ "type": "Feature", "properties": { "ID": 47765, "date": "2022-01-01T00:00:00", "smokePM_pred": 1.3705203533172601 }, "geometry": { "type": "Polygon", "coordinates": [ [ [ -80.853442340707304, 32.647697744542448 ], [ -80.841651711568844, 32.559416452479923 ], [ -80.945873245664629, 32.549411278126335 ], [ -80.957761581588372, 32.637658742348805 ], [ -80.853442340707304, 32.647697744542448 ] ] ] } },
{ "type": "Feature", "properties": { "ID": 47766, "date": "2022-01-01T00:00:00", "smokePM_pred": 1.3746531009674099 }, "geometry": { "type": "Polygon", "coordinates": [ [ [ -80.749071465385384, 32.657652695866666 ], [ -80.737378747630473, 32.569337851853277 ], [ -80.841651711568844, 32.559416452479923 ], [ -80.853442340707304, 32.647697744542448 ], [ -80.749071465385384, 32.657652695866666 ] ] ] } },
{ "type": "Feature", "properties": { "ID": 47767, "date": "2022-01-01T00:00:00", "smokePM_pred": 1.4910411834716799 }, "geometry": { "type": "Polygon", "coordinates": [ [ [ -80.6446493668291, 32.667523451105168 ], [ -80.633054763602246, 32.57917533170027 ], [ -80.737378747630473, 32.569337851853277 ], [ -80.749071465385384, 32.657652695866666 ], [ -80.6446493668291, 32.667523451105168 ] ] ] } },
{ "type": "Feature", "properties": { "ID": 47768, "date": "2022-01-01T00:00:00", "smokePM_pred": 1.4653800725936901 }, "geometry": { "type": "Polygon", "coordinates": [ [ [ -80.540176457566574, 32.677309866131139 ], [ -80.528680170549038, 32.588928748559624 ], [ -80.633054763602246, 32.57917533170027 ], [ -80.6446493668291, 32.667523451105168 ], [ -80.540176457566574, 32.677309866131139 ] ] ] } },
{ "type": "Feature", "properties": { "ID": 47769, "date": "2022-01-01T00:00:00", "smokePM_pred": 1.41366910934448 }, "geometry": { "type": "Polygon", "coordinates": [ [ [ -80.435653151438899, 32.687011797912795 ], [ -80.424255380839313, 32.598597960060481 ], [ -80.528680170549038, 32.588928748559624 ], [ -80.540176457566574, 32.677309866131139 ], [ -80.435653151438899, 32.687011797912795 ] ] ] } },
{ "type": "Feature", "properties": { "ID": 47770, "date": "2022-01-01T00:00:00", "smokePM_pred": 1.4521061182022099 }, "geometry": { "type": "Polygon", "coordinates": [ [ [ -80.331079863591654, 32.696629104518877 ], [ -80.319780808136699, 32.608182824927809 ], [ -80.424255380839313, 32.598597960060481 ], [ -80.435653151438899, 32.687011797912795 ], [ -80.331079863591654, 32.696629104518877 ] ] ] } },
{ "type": "Feature", "properties": { "ID": 47771, "date": "2022-01-01T00:00:00", "smokePM_pred": 1.49714338779449 }, "geometry": { "type": "Polygon", "coordinates": [ [ [ -80.226457010466291, 32.706161645124126 ], [ -80.215256867391318, 32.617683202987855 ], [ -80.319780808136699, 32.608182824927809 ], [ -80.331079863591654, 32.696629104518877 ], [ -80.226457010466291, 32.706161645124126 ] ] ] } }
]
}
