{
"type": "FeatureCollection",
"name": "geo_2022-01-11",
"crs": { "type": "name", "properties": { "name": "urn:ogc:def:crs:OGC:1.3:CRS84" } },
"features": [
{ "type": "Feature", "properties": { "ID": 31256, "date": "2022-01-11T00:00:00", "smokePM_pred": 1.3041144609451301 }, "geometry": { "type": "Polygon", "coordinates": [ [ [ -83.420935896788819, 29.529614476754233 ], [ -83.408294721997308, 29.442213541634779 ], [ -83.50812250492919, 29.431137533029236 ], [ -83.520843664943499, 29.518499163085092 ], [ -83.420935896788819, 29.529614476754233 ] ] ] } },
{ "type": "Feature", "properties": { "ID": 31257, "date": "2022-01-11T00:00:00", "smokePM_pred": 1.46322333812714 }, "geometry": { "type": "Polygon", "coordinates": [ [ [ -83.320972230224186, 29.540658381138215 ], [ -83.308411239092436, 29.453218385131382 ], [ -83.408294721997308, 29.442213541634779 ], [ -83.420935896788819, 29.529614476754233 ], [ -83.320972230224186, 29.540658381138215 ] ] ] } },
{ "type": "Feature", "properties": { "ID": 31771, "date": "2022-01-11T00:00:00", "smokePM_pred": 1.3121211528778101 }, "geometry": { "type": "Polygon", "coordinates": [ [ [ -83.433632970196712, 29.617009311501764 ], [ -83.420935896788819, 29.529614476754233 ], [ -83.520843664943499, 29.518499163085092 ], [ -83.533621057495651, 29.60585462898651 ], [ -83.433632970196712, 29.617009311501764 ] ] ] } },
{ "type": "Feature", "properties": { "ID": 31772, "date": "2022-01-11T00:00:00", "smokePM_pred": 1.4969784021377599 }, "geometry": { "type": "Polygon", "coordinates": [ [ [ -83.33358878481215, 29.628092340249463 ], [ -83.320972230224186, 29.540658381138215 ], [ -83.420935896788819, 29.529614476754233 ], [ -83.433632970196712, 29.617009311501764 ], [ -83.33358878481215, 29.628092340249463 ] ] ] } },
{ "type": "Feature", "properties": { "ID": 32270, "date": "2022-01-11T00:00:00", "smokePM_pred": 1.26759946346283 }, "geometry": { "type": "Polygon", "coordinates": [ [ [ -85.040504742634127, 29.516770166091074 ], [ -85.026485870442443, 29.430041280275294 ], [ -85.125531703949164, 29.417761363013764 ], [ -85.139627886399552, 29.504446996182786 ], [ -85.040504742634127, 29.516770166091074 ] ] ] } },
{ "type": "Feature", "properties": { "ID": 32271, "date": "2022-01-11T00:00:00", "smokePM_pred": 1.3501832485198999 }, "geometry": { "type": "Polygon", "coordinates": [ [ [ -84.941320079419654, 29.529023976631965 ], [ -84.927378733256774, 29.442252071434666 ], [ -85.026485870442443, 29.430041280275294 ], [ -85.040504742634127, 29.516770166091074 ], [ -84.941320079419654, 29.529023976631965 ] ] ] } },
{ "type": "Feature", "properties": { "ID": 32272, "date": "2022-01-11T00:00:00", "smokePM_pred": 1.39807593822479 }, "geometry": { "type": "Polygon", "coordinates": [ [ [ -84.842074213256126, 29.541208263451942 ], [ -84.828210608026765, 29.454393572880356 ], [ -84.927378733256774, 29.442252071434666 ], [ -84.941320079419654, 29.529023976631965 ], [ -84.842074213256126, 29.541208263451942 ] ] ] } },
{ "type": "Feature", "properties": { "ID": 32285, "date": "2022-01-11T00:00:00", "smokePM_pred": 1.4475951194763199 }, "geometry": { "type": "Polygon", "coordinates": [ [ [ -83.546454883247662, 29.693203902287394 ], [ -83.533621057495651, 29.60585462898651 ], [ -83.633552711803361, 29.594628444862021 ], [ -83.646466989693479, 29.681938041112506 ], [ -83.546454883247662, 29.693203902287394 ] ] ] } },
{ "type": "Feature", "properties": { "ID": 32286, "date": "2022-01-11T00:00:00", "smokePM_pred": 1.3431029319763199 }, "geometry": { "type": "Polygon", "coordinates": [ [ [ -83.446386141898046, 29.7043980177606 ], [ -83.433632970196712, 29.617009311501764 ], [ -83.533621057495651, 29.60585462898651 ], [ -83.546454883247662, 29.693203902287394 ], [ -83.446386141898046, 29.7043980177606 ] ] ] } },
{ "type": "Feature", "properties": { "ID": 32287, "date": "2022-01-11T00:00:00", "smokePM_pred": 1.5375883579254199 }, "geometry": { "type": "Polygon", "coordinates": [ [ [ -83.34626110154025, 29.715520234676386 ], [ -83.33358878481215, 29.628092340249463 ], [ -83.433632970196712, 29.617009311501764 ], [ -83.446386141898046, 29.7043980177606 ], [ -83.34626110154025, 29.715520234676386 ] ] ] } },
{ "type": "Feature", "properties": { "ID": 32783, "date": "2022-01-11T00:00:00", "smokePM_pred": 1.4505257606506301 }, "geometry": { "type": "Polygon", "coordinates": [ [ [ -85.252924620309912, 29.578689418798366 ], [ -85.238689195543955, 29.492054631983496 ], [ -85.337688356227233, 29.479593239286974 ], [ -85.352000969654469, 29.566184239648237 ], [ -85.252924620309912, 29.578689418798366 ] ] ] } },
{ "type": "Feature", "properties": { "ID": 32784, "date": "2022-01-11T00:00:00", "smokePM_pred": 1.52649545669556 }, "geometry": { "type": "Polygon", "coordinates": [ [ [ -85.153785903692992, 29.591125337420962 ], [ -85.139627886399552, 29.504446996182786 ], [ -85.238689195543955, 29.492054631983496 ], [ -85.252924620309912, 29.578689418798366 ], [ -85.153785903692992, 29.591125337420962 ] ] ] } },
{ "type": "Feature", "properties": { "ID": 32785, "date": "2022-01-11T00:00:00", "smokePM_pred": 1.28126561641693 }, "geometry": { "type": "Polygon", "coordinates": [ [ [ -85.054585134496136, 29.603491828971972 ], [ -85.040504742634127, 29.516770166091074 ], [ -85.139627886399552, 29.504446996182786 ], [ -85.153785903692992, 29.591125337420962 ], [ -85.054585134496136, 29.603491828971972 ] ] ] } },
{ "type": "Feature", "properties": { "ID": 32786, "date": "2022-01-11T00:00:00", "smokePM_pred": 1.3738610744476301 }, "geometry": { "type": "Polygon", "coordinates": [ [ [ -84.955322628752242, 29.615788727627333 ], [ -84.941320079419654, 29.529023976631965 ], [ -85.040504742634127, 29.516770166091074 ], [ -85.054585134496136, 29.603491828971972 ], [ -84.955322628752242, 29.615788727627333 ] ] ] } },
{ "type": "Feature", "properties": { "ID": 32787, "date": "2022-01-11T00:00:00", "smokePM_pred": 1.3281733989715601 }, "geometry": { "type": "Polygon", "coordinates": [ [ [ -84.855998703830664, 29.628015868288639 ], [ -84.842074213256126, 29.541208263451942 ], [ -84.941320079419654, 29.529023976631965 ], [ -84.955322628752242, 29.615788727627333 ], [ -84.855998703830664, 29.628015868288639 ] ] ] } },
{ "type": "Feature", "properties": { "ID": 32788, "date": "2022-01-11T00:00:00", "smokePM_pred": 1.3989788293838501 }, "geometry": { "type": "Polygon", "coordinates": [ [ [ -84.756613678433069, 29.64017308658859 ], [ -84.742767461967389, 29.553322862925878 ], [ -84.842074213256126, 29.541208263451942 ], [ -84.855998703830664, 29.628015868288639 ], [ -84.756613678433069, 29.64017308658859 ] ] ] } },
{ "type": "Feature", "properties": { "ID": 33297, "date": "2022-01-11T00:00:00", "smokePM_pred": 1.19500732421875 }, "geometry": { "type": "Polygon", "coordinates": [ [ [ -85.366376263926881, 29.65276777443168 ], [ -85.352000969654469, 29.566184239648237 ], [ -85.45101463837851, 29.553609967229118 ], [ -85.465467213657689, 29.640149414161026 ], [ -85.366376263926881, 29.65276777443168 ] ] ] } },
{ "type": "Feature", "properties": { "ID": 33298, "date": "2022-01-11T00:00:00", "smokePM_pred": 1.39546382427216 }, "geometry": { "type": "Polygon", "coordinates": [ [ [ -85.267222412572295, 29.66531680990083 ], [ -85.252924620309912, 29.578689418798366 ], [ -85.352000969654469, 29.566184239648237 ], [ -85.366376263926881, 29.65276777443168 ], [ -85.267222412572295, 29.66531680990083 ] ] ] } },
{ "type": "Feature", "properties": { "ID": 33299, "date": "2022-01-11T00:00:00", "smokePM_pred": 1.5584748983383201 }, "geometry": { "type": "Polygon", "coordinates": [ [ [ -85.168005973789732, 29.677796352554065 ], [ -85.153785903692992, 29.591125337420962 ], [ -85.252924620309912, 29.578689418798366 ], [ -85.267222412572295, 29.66531680990083 ], [ -85.168005973789732, 29.677796352554065 ] ] ] } },
{ "type": "Feature", "properties": { "ID": 33300, "date": "2022-01-11T00:00:00", "smokePM_pred": 1.5503334999084499 }, "geometry": { "type": "Polygon", "coordinates": [ [ [ -85.068727263127926, 29.69020623509407 ], [ -85.054585134496136, 29.603491828971972 ], [ -85.153785903692992, 29.591125337420962 ], [ -85.168005973789732, 29.677796352554065 ], [ -85.068727263127926, 29.69020623509407 ] ] ] } },
{ "type": "Feature", "properties": { "ID": 33301, "date": "2022-01-11T00:00:00", "smokePM_pred": 1.48095107078552 }, "geometry": { "type": "Polygon", "coordinates": [ [ [ -84.969386597484629, 29.702546290946234 ], [ -84.955322628752242, 29.615788727627333 ], [ -85.054585134496136, 29.603491828971972 ], [ -85.068727263127926, 29.69020623509407 ], [ -84.969386597484629, 29.702546290946234 ] ] ] } },
{ "type": "Feature", "properties": { "ID": 33302, "date": "2022-01-11T00:00:00", "smokePM_pred": 1.37952280044556 }, "geometry": { "type": "Polygon", "coordinates": [ [ [ -84.869984295102554, 29.714816354264322 ], [ -84.855998703830664, 29.628015868288639 ], [ -84.955322628752242, 29.615788727627333 ], [ -84.969386597484629, 29.702546290946234 ], [ -84.869984295102554, 29.714816354264322 ] ] ] } },
{ "type": "Feature", "properties": { "ID": 33303, "date": "2022-01-11T00:00:00", "smokePM_pred": 1.3696308135986299 }, "geometry": { "type": "Polygon", "coordinates": [ [ [ -84.770520675565436, 29.727016259935944 ], [ -84.756613678433069, 29.64017308658859 ], [ -84.855998703830664, 29.628015868288639 ], [ -84.869984295102554, 29.714816354264322 ], [ -84.770520675565436, 29.727016259935944 ] ] ] } },
{ "type": "Feature", "properties": { "ID": 33304, "date": "2022-01-11T00:00:00", "smokePM_pred": 1.43016970157623 }, "geometry": { "type": "Polygon", "coordinates": [ [ [ -84.670996059793794, 29.739145843588236 ], [ -84.657167872589497, 29.652260218896618 ], [ -84.756613678433069, 29.64017308658859 ], [ -84.770520675565436, 29.727016259935944 ], [ -84.670996059793794, 29.739145843588236 ] ] ] } },
{ "type": "Feature", "properties": { "ID": 33305, "date": "2022-01-11T00:00:00", "smokePM_pred": 1.2604668140411399 }, "geometry": { "type": "Polygon", "coordinates": [ [ [ -84.571410770040742, 29.751204941593336 ], [ -84.557661607653998, 29.664277102324313 ], [ -84.657167872589497, 29.652260218896618 ], [ -84.670996059793794, 29.739145843588236 ], [ -84.571410770040742, 29.751204941593336 ] ] ] } },
{ "type": "Feature", "properties": { "ID": 33306, "date": "2022-01-11T00:00:00", "smokePM_pred": 1.2505178451538099 }, "geometry": { "type": "Polygon", "coordinates": [ [ [ -84.471765129887743, 29.763193391073987 ], [ -84.458095206300442, 29.67622357473104 ], [ -84.557661607653998, 29.664277102324313 ], [ -84.571410770040742, 29.751204941593336 ], [ -84.471765129887743, 29.763193391073987 ] ] ] } },
{ "type": "Feature", "properties": { "ID": 33811, "date": "2022-01-11T00:00:00", "smokePM_pred": 1.0173856019973799 }, "geometry": { "type": "Polygon", "coordinates": [ [ [ -85.479983003626401, 29.726681290006322 ], [ -85.465467213657689, 29.640149414161026 ], [ -85.564494948925699, 29.627461897814808 ], [ -85.579088109537864, 29.713949384306122 ], [ -85.479983003626401, 29.726681290006322 ] ] ] } },
{ "type": "Feature", "properties": { "ID": 33812, "date": "2022-01-11T00:00:00", "smokePM_pred": 1.0080764293670701 }, "geometry": { "type": "Polygon", "coordinates": [ [ [ -85.380814460049208, 29.739343808603873 ], [ -85.366376263926881, 29.65276777443168 ], [ -85.465467213657689, 29.640149414161026 ], [ -85.479983003626401, 29.726681290006322 ], [ -85.380814460049208, 29.739343808603873 ] ] ] } },
{ "type": "Feature", "properties": { "ID": 33813, "date": "2022-01-11T00:00:00", "smokePM_pred": 1.2871392965316799 }, "geometry": { "type": "Polygon", "coordinates": [ [ [ -85.281582792488152, 29.751936770611348 ], [ -85.267222412572295, 29.66531680990083 ], [ -85.366376263926881, 29.65276777443168 ], [ -85.380814460049208, 29.739343808603873 ], [ -85.281582792488152, 29.751936770611348 ] ] ] } },
{ "type": "Feature", "properties": { "ID": 33814, "date": "2022-01-11T00:00:00", "smokePM_pred": 1.71907770633698 }, "geometry": { "type": "Polygon", "coordinates": [ [ [ -85.182288315990562, 29.764460007255476 ], [ -85.168005973789732, 29.677796352554065 ], [ -85.267222412572295, 29.66531680990083 ], [ -85.281582792488152, 29.751936770611348 ], [ -85.182288315990562, 29.764460007255476 ] ] ] } },
{ "type": "Feature", "properties": { "ID": 33815, "date": "2022-01-11T00:00:00", "smokePM_pred": 1.4479193687439 }, "geometry": { "type": "Polygon", "coordinates": [ [ [ -85.082931346965395, 29.776913350482754 ], [ -85.068727263127926, 29.69020623509407 ], [ -85.168005973789732, 29.677796352554065 ], [ -85.182288315990562, 29.764460007255476 ], [ -85.082931346965395, 29.776913350482754 ] ] ] } },
{ "type": "Feature", "properties": { "ID": 33816, "date": "2022-01-11T00:00:00", "smokePM_pred": 1.39551961421967 }, "geometry": { "type": "Polygon", "coordinates": [ [ [ -84.983512203179231, 29.789296632965094 ], [ -84.969386597484629, 29.702546290946234 ], [ -85.068727263127926, 29.69020623509407 ], [ -85.082931346965395, 29.776913350482754 ], [ -84.983512203179231, 29.789296632965094 ] ] ] } },
{ "type": "Feature", "properties": { "ID": 33817, "date": "2022-01-11T00:00:00", "smokePM_pred": 1.1526737213134799 }, "geometry": { "type": "Polygon", "coordinates": [ [ [ -84.884031203752315, 29.801609688105433 ], [ -84.869984295102554, 29.714816354264322 ], [ -84.969386597484629, 29.702546290946234 ], [ -84.983512203179231, 29.789296632965094 ], [ -84.884031203752315, 29.801609688105433 ] ] ] } },
{ "type": "Feature", "properties": { "ID": 33818, "date": "2022-01-11T00:00:00", "smokePM_pred": 1.32050120830536 }, "geometry": { "type": "Polygon", "coordinates": [ [ [ -84.784488669154442, 29.813852350043405 ], [ -84.770520675565436, 29.727016259935944 ], [ -84.869984295102554, 29.714816354264322 ], [ -84.884031203752315, 29.801609688105433 ], [ -84.784488669154442, 29.813852350043405 ] ] ] } },
{ "type": "Feature", "properties": { "ID": 33819, "date": "2022-01-11T00:00:00", "smokePM_pred": 1.3320631980896001 }, "geometry": { "type": "Polygon", "coordinates": [ [ [ -84.68488492120089, 29.82602445366091 ], [ -84.670996059793794, 29.739145843588236 ], [ -84.770520675565436, 29.727016259935944 ], [ -84.784488669154442, 29.813852350043405 ], [ -84.68488492120089, 29.82602445366091 ] ] ] } },
{ "type": "Feature", "properties": { "ID": 33820, "date": "2022-01-11T00:00:00", "smokePM_pred": 1.1252199411392201 }, "geometry": { "type": "Polygon", "coordinates": [ [ [ -84.585220283048102, 29.838125834587686 ], [ -84.571410770040742, 29.751204941593336 ], [ -84.670996059793794, 29.739145843588236 ], [ -84.68488492120089, 29.82602445366091 ], [ -84.585220283048102, 29.838125834587686 ] ] ] } },
{ "type": "Feature", "properties": { "ID": 33821, "date": "2022-01-11T00:00:00", "smokePM_pred": 1.04671943187714 }, "geometry": { "type": "Polygon", "coordinates": [ [ [ -84.485495079189462, 29.850156329206925 ], [ -84.471765129887743, 29.763193391073987 ], [ -84.571410770040742, 29.751204941593336 ], [ -84.585220283048102, 29.838125834587686 ], [ -84.485495079189462, 29.850156329206925 ] ] ] } },
{ "type": "Feature", "properties": { "ID": 33822, "date": "2022-01-11T00:00:00", "smokePM_pred": 1.2207789421081501 }, "geometry": { "type": "Polygon", "coordinates": [ [ [ -84.385709635450908, 29.862115774660825 ], [ -84.372059464240238, 29.775111029909013 ], [ -84.471765129887743, 29.763193391073987 ], [ -84.485495079189462, 29.850156329206925 ], [ -84.385709635450908, 29.862115774660825 ] ] ] } },
{ "type": "Feature", "properties": { "ID": 33823, "date": "2022-01-11T00:00:00", "smokePM_pred": 1.1439049243927 }, "geometry": { "type": "Polygon", "coordinates": [ [ [ -84.285864278986523, 29.87400400885614 ], [ -84.272294099323261, 29.786957696738895 ], [ -84.372059464240238, 29.775111029909013 ], [ -84.385709635450908, 29.862115774660825 ], [ -84.285864278986523, 29.87400400885614 ] ] ] } },
{ "type": "Feature", "properties": { "ID": 34326, "date": "2022-01-11T00:00:00", "smokePM_pred": 0.96694678068161 }, "geometry": { "type": "Polygon", "coordinates": [ [ [ -85.49456223148907, 29.813205559218289 ], [ -85.479983003626401, 29.726681290006322 ], [ -85.579088109537864, 29.713949384306122 ], [ -85.593745020357233, 29.800429193078315 ], [ -85.49456223148907, 29.813205559218289 ] ] ] } },
{ "type": "Feature", "properties": { "ID": 34327, "date": "2022-01-11T00:00:00", "smokePM_pred": 1.0122823715210001 }, "geometry": { "type": "Polygon", "coordinates": [ [ [ -85.395315780382973, 29.825912306974512 ], [ -85.380814460049208, 29.739343808603873 ], [ -85.479983003626401, 29.726681290006322 ], [ -85.49456223148907, 29.813205559218289 ], [ -85.395315780382973, 29.825912306974512 ] ] ] } },
{ "type": "Feature", "properties": { "ID": 34328, "date": "2022-01-11T00:00:00", "smokePM_pred": 1.08284211158752 }, "geometry": { "type": "Polygon", "coordinates": [ [ [ -85.296005981567447, 29.838549266095125 ], [ -85.281582792488152, 29.751936770611348 ], [ -85.380814460049208, 29.739343808603873 ], [ -85.395315780382973, 29.825912306974512 ], [ -85.296005981567447, 29.838549266095125 ] ] ] } },
{ "type": "Feature", "properties": { "ID": 34329, "date": "2022-01-11T00:00:00", "smokePM_pred": 1.80332159996033 }, "geometry": { "type": "Polygon", "coordinates": [ [ [ -85.196633150945274, 29.851116267045018 ], [ -85.182288315990562, 29.764460007255476 ], [ -85.281582792488152, 29.751936770611348 ], [ -85.296005981567447, 29.838549266095125 ], [ -85.196633150945274, 29.851116267045018 ] ] ] } },
{ "type": "Feature", "properties": { "ID": 34330, "date": "2022-01-11T00:00:00", "smokePM_pred": 1.49393486976624 }, "geometry": { "type": "Polygon", "coordinates": [ [ [ -85.097197605789475, 29.863613141011498 ], [ -85.082931346965395, 29.776913350482754 ], [ -85.182288315990562, 29.764460007255476 ], [ -85.196633150945274, 29.851116267045018 ], [ -85.097197605789475, 29.863613141011498 ] ] ] } },
{ "type": "Feature", "properties": { "ID": 34331, "date": "2022-01-11T00:00:00", "smokePM_pred": 1.11256635189056 }, "geometry": { "type": "Polygon", "coordinates": [ [ [ -84.997699664739528, 29.876039719910015 ], [ -84.983512203179231, 29.789296632965094 ], [ -85.082931346965395, 29.776913350482754 ], [ -85.097197605789475, 29.863613141011498 ], [ -84.997699664739528, 29.876039719910015 ] ] ] } },
{ "type": "Feature", "properties": { "ID": 34332, "date": "2022-01-11T00:00:00", "smokePM_pred": 1.4275488853454601 }, "geometry": { "type": "Polygon", "coordinates": [ [ [ -84.898139647797237, 29.888395836389797 ], [ -84.884031203752315, 29.801609688105433 ], [ -84.983512203179231, 29.789296632965094 ], [ -84.997699664739528, 29.876039719910015 ], [ -84.898139647797237, 29.888395836389797 ] ] ] } },
{ "type": "Feature", "properties": { "ID": 34333, "date": "2022-01-11T00:00:00", "smokePM_pred": 1.4086375236511199 }, "geometry": { "type": "Polygon", "coordinates": [ [ [ -84.798517876322691, 29.900681323839478 ], [ -84.784488669154442, 29.813852350043405 ], [ -84.884031203752315, 29.801609688105433 ], [ -84.898139647797237, 29.888395836389797 ], [ -84.798517876322691, 29.900681323839478 ] ] ] } },
{ "type": "Feature", "properties": { "ID": 34334, "date": "2022-01-11T00:00:00", "smokePM_pred": 1.26366543769836 }, "geometry": { "type": "Polygon", "coordinates": [ [ [ -84.698834673030049, 29.912896016392786 ], [ -84.68488492120089, 29.82602445366091 ], [ -84.784488669154442, 29.813852350043405 ], [ -84.798517876322691, 29.900681323839478 ], [ -84.698834673030049, 29.912896016392786 ] ] ] } },
{ "type": "Feature", "properties": { "ID": 34335, "date": "2022-01-11T00:00:00", "smokePM_pred": 1.4772861003875699 }, "geometry": { "type": "Polygon", "coordinates": [ [ [ -84.599090361983414, 29.925039748934115 ], [ -84.585220283048102, 29.838125834587686 ], [ -84.68488492120089, 29.82602445366091 ], [ -84.698834673030049, 29.912896016392786 ], [ -84.599090361983414, 29.925039748934115 ] ] ] } },
{ "type": "Feature", "properties": { "ID": 34336, "date": "2022-01-11T00:00:00", "smokePM_pred": 0.99180871248245195 }, "geometry": { "type": "Polygon", "coordinates": [ [ [ -84.499285268592445, 29.93711235710418 ], [ -84.485495079189462, 29.850156329206925 ], [ -84.585220283048102, 29.838125834587686 ], [ -84.599090361983414, 29.925039748934115 ], [ -84.499285268592445, 29.93711235710418 ] ] ] } },
{ "type": "Feature", "properties": { "ID": 34337, "date": "2022-01-11T00:00:00", "smokePM_pred": 1.1615138053894001 }, "geometry": { "type": "Polygon", "coordinates": [ [ [ -84.399419719608019, 29.949113677305593 ], [ -84.385709635450908, 29.862115774660825 ], [ -84.485495079189462, 29.850156329206925 ], [ -84.499285268592445, 29.93711235710418 ], [ -84.399419719608019, 29.949113677305593 ] ] ] } },
{ "type": "Feature", "properties": { "ID": 34338, "date": "2022-01-11T00:00:00", "smokePM_pred": 1.1794135570526101 }, "geometry": { "type": "Polygon", "coordinates": [ [ [ -84.299494043117733, 29.961043546708442 ], [ -84.285864278986523, 29.87400400885614 ], [ -84.385709635450908, 29.862115774660825 ], [ -84.399419719608019, 29.949113677305593 ], [ -84.299494043117733, 29.961043546708442 ] ] ] } },
{ "type": "Feature", "properties": { "ID": 34339, "date": "2022-01-11T00:00:00", "smokePM_pred": 1.268394947052 }, "geometry": { "type": "Polygon", "coordinates": [ [ [ -84.199508568541503, 29.972901803255866 ], [ -84.185959338274003, 29.885820870469697 ], [ -84.285864278986523, 29.87400400885614 ], [ -84.299494043117733, 29.961043546708442 ], [ -84.199508568541503, 29.972901803255866 ] ] ] } },
{ "type": "Feature", "properties": { "ID": 34841, "date": "2022-01-11T00:00:00", "smokePM_pred": 1.1097341775894201 }, "geometry": { "type": "Polygon", "coordinates": [ [ [ -85.509205121819377, 29.899722186090404 ], [ -85.49456223148907, 29.813205559218289 ], [ -85.593745020357233, 29.800429193078315 ], [ -85.608465906795402, 29.886901288065875 ], [ -85.509205121819377, 29.899722186090404 ] ] ] } },
{ "type": "Feature", "properties": { "ID": 34842, "date": "2022-01-11T00:00:00", "smokePM_pred": 1.1282656192779501 }, "geometry": { "type": "Polygon", "coordinates": [ [ [ -85.409880448655173, 29.912473234195208 ], [ -85.395315780382973, 29.825912306974512 ], [ -85.49456223148907, 29.813205559218289 ], [ -85.509205121819377, 29.899722186090404 ], [ -85.409880448655173, 29.912473234195208 ] ] ] } },
{ "type": "Feature", "properties": { "ID": 34843, "date": "2022-01-11T00:00:00", "smokePM_pred": 1.1172891855239899 }, "geometry": { "type": "Polygon", "coordinates": [ [ [ -85.310492202681814, 29.925154261360955 ], [ -85.296005981567447, 29.838549266095125 ], [ -85.395315780382973, 29.825912306974512 ], [ -85.409880448655173, 29.912473234195208 ], [ -85.310492202681814, 29.925154261360955 ] ] ] } },
{ "type": "Feature", "properties": { "ID": 34844, "date": "2022-01-11T00:00:00", "smokePM_pred": 1.5514087677002 }, "geometry": { "type": "Polygon", "coordinates": [ [ [ -85.2110407006613, 29.937765097287709 ], [ -85.196633150945274, 29.851116267045018 ], [ -85.296005981567447, 29.838549266095125 ], [ -85.310492202681814, 29.925154261360955 ], [ -85.2110407006613, 29.937765097287709 ] ] ] } },
{ "type": "Feature", "properties": { "ID": 34845, "date": "2022-01-11T00:00:00", "smokePM_pred": 1.5969489812851001 }, "geometry": { "type": "Polygon", "coordinates": [ [ [ -85.111526260734777, 29.95030557240062 ], [ -85.097197605789475, 29.863613141011498 ], [ -85.196633150945274, 29.851116267045018 ], [ -85.2110407006613, 29.937765097287709 ], [ -85.111526260734777, 29.95030557240062 ] ] ] } },
{ "type": "Feature", "properties": { "ID": 34846, "date": "2022-01-11T00:00:00", "smokePM_pred": 1.4798878431320199 }, "geometry": { "type": "Polygon", "coordinates": [ [ [ -85.011949202418563, 29.962775517855707 ], [ -84.997699664739528, 29.876039719910015 ], [ -85.097197605789475, 29.863613141011498 ], [ -85.111526260734777, 29.95030557240062 ], [ -85.011949202418563, 29.962775517855707 ] ] ] } },
{ "type": "Feature", "properties": { "ID": 34847, "date": "2022-01-11T00:00:00", "smokePM_pred": 1.6104102134704601 }, "geometry": { "type": "Polygon", "coordinates": [ [ [ -84.912309846600138, 29.975174765545429 ], [ -84.898139647797237, 29.888395836389797 ], [ -84.997699664739528, 29.876039719910015 ], [ -85.011949202418563, 29.962775517855707 ], [ -84.912309846600138, 29.975174765545429 ] ] ] } },
{ "type": "Feature", "properties": { "ID": 34848, "date": "2022-01-11T00:00:00", "smokePM_pred": 1.66539359092712 }, "geometry": { "type": "Polygon", "coordinates": [ [ [ -84.812608515533967, 29.987503148104523 ], [ -84.798517876322691, 29.900681323839478 ], [ -84.898139647797237, 29.888395836389797 ], [ -84.912309846600138, 29.975174765545429 ], [ -84.812608515533967, 29.987503148104523 ] ] ] } },
{ "type": "Feature", "properties": { "ID": 34849, "date": "2022-01-11T00:00:00", "smokePM_pred": 1.56224501132965 }, "geometry": { "type": "Polygon", "coordinates": [ [ [ -84.712845532837463, 29.999760498915538 ], [ -84.698834673030049, 29.912896016392786 ], [ -84.798517876322691, 29.900681323839478 ], [ -84.812608515533967, 29.987503148104523 ], [ -84.712845532837463, 29.999760498915538 ] ] ] } },
{ "type": "Feature", "properties": { "ID": 34850, "date": "2022-01-11T00:00:00", "smokePM_pred": 1.6188981533050499 }, "geometry": { "type": "Polygon", "coordinates": [ [ [ -84.613021223486598, 30.011946652114574 ], [ -84.599090361983414, 29.925039748934115 ], [ -84.698834673030049, 29.912896016392786 ], [ -84.712845532837463, 29.999760498915538 ], [ -84.613021223486598, 30.011946652114574 ] ] ] } },
{ "type": "Feature", "properties": { "ID": 34851, "date": "2022-01-11T00:00:00", "smokePM_pred": 1.1086853742599501 }, "geometry": { "type": "Polygon", "coordinates": [ [ [ -84.513135913811695, 30.024061442596878 ], [ -84.499285268592445, 29.93711235710418 ], [ -84.599090361983414, 29.925039748934115 ], [ -84.613021223486598, 30.011946652114574 ], [ -84.513135913811695, 30.024061442596878 ] ] ] } },
{ "type": "Feature", "properties": { "ID": 34852, "date": "2022-01-11T00:00:00", "smokePM_pred": 1.32566750049591 }, "geometry": { "type": "Polygon", "coordinates": [ [ [ -84.41318993149298, 30.036104706022542 ], [ -84.399419719608019, 29.949113677305593 ], [ -84.499285268592445, 29.93711235710418 ], [ -84.513135913811695, 30.024061442596878 ], [ -84.41318993149298, 30.036104706022542 ] ] ] } },
{ "type": "Feature", "properties": { "ID": 34853, "date": "2022-01-11T00:00:00", "smokePM_pred": 1.2095652818679801 }, "geometry": { "type": "Polygon", "coordinates": [ [ [ -84.313183605556191, 30.048076278822041 ], [ -84.299494043117733, 29.961043546708442 ], [ -84.399419719608019, 29.949113677305593 ], [ -84.41318993149298, 30.036104706022542 ], [ -84.313183605556191, 30.048076278822041 ] ] ] } },
{ "type": "Feature", "properties": { "ID": 34854, "date": "2022-01-11T00:00:00", "smokePM_pred": 1.14516365528107 }, "geometry": { "type": "Polygon", "coordinates": [ [ [ -84.213117266367931, 30.059975998201882 ], [ -84.199508568541503, 29.972901803255866 ], [ -84.299494043117733, 29.961043546708442 ], [ -84.313183605556191, 30.048076278822041 ], [ -84.213117266367931, 30.059975998201882 ] ] ] } },
{ "type": "Feature", "properties": { "ID": 34855, "date": "2022-01-11T00:00:00", "smokePM_pred": 1.2008414268493699 }, "geometry": { "type": "Polygon", "coordinates": [ [ [ -84.112991245631179, 30.071803702150184 ], [ -84.099463626626871, 29.984688285669623 ], [ -84.199508568541503, 29.972901803255866 ], [ -84.213117266367931, 30.059975998201882 ], [ -84.112991245631179, 30.071803702150184 ] ] ] } },
{ "type": "Feature", "properties": { "ID": 34856, "date": "2022-01-11T00:00:00", "smokePM_pred": 1.17420983314514 }, "geometry": { "type": "Polygon", "coordinates": [ [ [ -84.012805876380583, 30.083559229442233 ], [ -83.999359549444378, 29.996402833455591 ], [ -84.099463626626871, 29.984688285669623 ], [ -84.112991245631179, 30.071803702150184 ], [ -84.012805876380583, 30.083559229442233 ] ] ] } },
{ "type": "Feature", "properties": { "ID": 35355, "date": "2022-01-11T00:00:00", "smokePM_pred": 1.07264196872711 }, "geometry": { "type": "Polygon", "coordinates": [ [ [ -85.623250995645705, 29.973365633040711 ], [ -85.608465906795402, 29.886901288065875 ], [ -85.70766248959103, 29.874010711854609 ], [ -85.72252566035958, 29.960430222120788 ], [ -85.623250995645705, 29.973365633040711 ] ] ] } },
{ "type": "Feature", "properties": { "ID": 35356, "date": "2022-01-11T00:00:00", "smokePM_pred": 1.1942383050918599 }, "geometry": { "type": "Polygon", "coordinates": [ [ [ -85.523911900569004, 29.986231134755236 ], [ -85.509205121819377, 29.899722186090404 ], [ -85.608465906795402, 29.886901288065875 ], [ -85.623250995645705, 29.973365633040711 ], [ -85.523911900569004, 29.986231134755236 ] ] ] } },
{ "type": "Feature", "properties": { "ID": 35357, "date": "2022-01-11T00:00:00", "smokePM_pred": 1.1495344638824501 }, "geometry": { "type": "Polygon", "coordinates": [ [ [ -85.424508689967055, 29.99902655475826 ], [ -85.409880448655173, 29.912473234195208 ], [ -85.509205121819377, 29.899722186090404 ], [ -85.523911900569004, 29.986231134755236 ], [ -85.424508689967055, 29.99902655475826 ] ] ] } },
{ "type": "Feature", "properties": { "ID": 35358, "date": "2022-01-11T00:00:00", "smokePM_pred": 1.40050756931305 }, "geometry": { "type": "Polygon", "coordinates": [ [ [ -85.32504168007317, 30.011751721259984 ], [ -85.310492202681814, 29.925154261360955 ], [ -85.409880448655173, 29.912473234195208 ], [ -85.424508689967055, 29.99902655475826 ], [ -85.32504168007317, 30.011751721259984 ] ] ] } },
{ "type": "Feature", "properties": { "ID": 35359, "date": "2022-01-11T00:00:00", "smokePM_pred": 1.52024662494659 }, "geometry": { "type": "Polygon", "coordinates": [ [ [ -85.225511188512527, 30.024406463192634 ], [ -85.2110407006613, 29.937765097287709 ], [ -85.310492202681814, 29.925154261360955 ], [ -85.32504168007317, 30.011751721259984 ], [ -85.225511188512527, 30.024406463192634 ] ] ] } },
{ "type": "Feature", "properties": { "ID": 35360, "date": "2022-01-11T00:00:00", "smokePM_pred": 1.87460708618164 }, "geometry": { "type": "Polygon", "coordinates": [ [ [ -85.125917534298281, 30.036990610216197 ], [ -85.111526260734777, 29.95030557240062 ], [ -85.2110407006613, 29.937765097287709 ], [ -85.225511188512527, 30.024406463192634 ], [ -85.125917534298281, 30.036990610216197 ] ] ] } },
{ "type": "Feature", "properties": { "ID": 35361, "date": "2022-01-11T00:00:00", "smokePM_pred": 1.49843525886536 }, "geometry": { "type": "Polygon", "coordinates": [ [ [ -85.026261037827666, 30.049503992724226 ], [ -85.011949202418563, 29.962775517855707 ], [ -85.111526260734777, 29.95030557240062 ], [ -85.125917534298281, 30.036990610216197 ], [ -85.026261037827666, 30.049503992724226 ] ] ] } },
{ "type": "Feature", "properties": { "ID": 35362, "date": "2022-01-11T00:00:00", "smokePM_pred": 1.7861695289611801 }, "geometry": { "type": "Polygon", "coordinates": [ [ [ -84.926542020877903, 30.061946441849454 ], [ -84.912309846600138, 29.975174765545429 ], [ -85.011949202418563, 29.962775517855707 ], [ -85.026261037827666, 30.049503992724226 ], [ -84.926542020877903, 30.061946441849454 ] ] ] } },
{ "type": "Feature", "properties": { "ID": 35363, "date": "2022-01-11T00:00:00", "smokePM_pred": 1.7791950702667201 }, "geometry": { "type": "Polygon", "coordinates": [ [ [ -84.826760806602067, 30.074317789469664 ], [ -84.812608515533967, 29.987503148104523 ], [ -84.912309846600138, 29.975174765545429 ], [ -84.926542020877903, 30.061946441849454 ], [ -84.826760806602067, 30.074317789469664 ] ] ] } },
{ "type": "Feature", "properties": { "ID": 35364, "date": "2022-01-11T00:00:00", "smokePM_pred": 1.68523013591766 }, "geometry": { "type": "Polygon", "coordinates": [ [ [ -84.726917719524963, 30.086617868213274 ], [ -84.712845532837463, 29.999760498915538 ], [ -84.812608515533967, 29.987503148104523 ], [ -84.826760806602067, 30.074317789469664 ], [ -84.726917719524963, 30.086617868213274 ] ] ] } },
{ "type": "Feature", "properties": { "ID": 35365, "date": "2022-01-11T00:00:00", "smokePM_pred": 1.57268083095551 }, "geometry": { "type": "Polygon", "coordinates": [ [ [ -84.62701308553882, 30.098846511465084 ], [ -84.613021223486598, 30.011946652114574 ], [ -84.712845532837463, 29.999760498915538 ], [ -84.726917719524963, 30.086617868213274 ], [ -84.62701308553882, 30.098846511465084 ] ] ] } },
{ "type": "Feature", "properties": { "ID": 35366, "date": "2022-01-11T00:00:00", "smokePM_pred": 1.20514965057373 }, "geometry": { "type": "Polygon", "coordinates": [ [ [ -84.527047231899004, 30.11100355337193 ], [ -84.513135913811695, 30.024061442596878 ], [ -84.613021223486598, 30.011946652114574 ], [ -84.62701308553882, 30.098846511465084 ], [ -84.527047231899004, 30.11100355337193 ] ] ] } },
{ "type": "Feature", "properties": { "ID": 35367, "date": "2022-01-11T00:00:00", "smokePM_pred": 1.42068779468536 }, "geometry": { "type": "Polygon", "coordinates": [ [ [ -84.427020487219551, 30.123088828848363 ], [ -84.41318993149298, 30.036104706022542 ], [ -84.513135913811695, 30.024061442596878 ], [ -84.527047231899004, 30.11100355337193 ], [ -84.427020487219551, 30.123088828848363 ] ] ] } },
{ "type": "Feature", "properties": { "ID": 35368, "date": "2022-01-11T00:00:00", "smokePM_pred": 1.2008475065231301 }, "geometry": { "type": "Polygon", "coordinates": [ [ [ -84.326933181468817, 30.135102173582293 ], [ -84.313183605556191, 30.048076278822041 ], [ -84.41318993149298, 30.036104706022542 ], [ -84.427020487219551, 30.123088828848363 ], [ -84.326933181468817, 30.135102173582293 ] ] ] } },
{ "type": "Feature", "properties": { "ID": 35369, "date": "2022-01-11T00:00:00", "smokePM_pred": 1.1119971275329601 }, "geometry": { "type": "Polygon", "coordinates": [ [ [ -84.226785645964782, 30.147043424040628 ], [ -84.213117266367931, 30.059975998201882 ], [ -84.313183605556191, 30.048076278822041 ], [ -84.326933181468817, 30.135102173582293 ], [ -84.226785645964782, 30.147043424040628 ] ] ] } },
{ "type": "Feature", "properties": { "ID": 35370, "date": "2022-01-11T00:00:00", "smokePM_pred": 1.23402547836304 }, "geometry": { "type": "Polygon", "coordinates": [ [ [ -84.126578213370507, 30.158912417474887 ], [ -84.112991245631179, 30.071803702150184 ], [ -84.213117266367931, 30.059975998201882 ], [ -84.226785645964782, 30.147043424040628 ], [ -84.126578213370507, 30.158912417474887 ] ] ] } },
{ "type": "Feature", "properties": { "ID": 35371, "date": "2022-01-11T00:00:00", "smokePM_pred": 1.2170878648757899 }, "geometry": { "type": "Polygon", "coordinates": [ [ [ -84.026311217689454, 30.170708991926823 ], [ -84.012805876380583, 30.083559229442233 ], [ -84.112991245631179, 30.071803702150184 ], [ -84.126578213370507, 30.158912417474887 ], [ -84.026311217689454, 30.170708991926823 ] ] ] } },
{ "type": "Feature", "properties": { "ID": 35372, "date": "2022-01-11T00:00:00", "smokePM_pred": 1.4549577236175499 }, "geometry": { "type": "Polygon", "coordinates": [ [ [ -83.925984994260702, 30.18243298623398 ], [ -83.912561492977645, 30.09524241964607 ], [ -84.012805876380583, 30.083559229442233 ], [ -84.026311217689454, 30.170708991926823 ], [ -83.925984994260702, 30.18243298623398 ] ] ] } },
{ "type": "Feature", "properties": { "ID": 35869, "date": "2022-01-11T00:00:00", "smokePM_pred": 1.1335580348968499 }, "geometry": { "type": "Polygon", "coordinates": [ [ [ -85.737453575162917, 30.046841873560734 ], [ -85.72252566035958, 29.960430222120788 ], [ -85.821735581272534, 29.947425075211999 ], [ -85.836741661010748, 30.033791589028276 ], [ -85.737453575162917, 30.046841873560734 ] ] ] } },
{ "type": "Feature", "properties": { "ID": 35870, "date": "2022-01-11T00:00:00", "smokePM_pred": 1.0913180112838701 }, "geometry": { "type": "Polygon", "coordinates": [ [ [ -85.638100515092077, 30.059822191610724 ], [ -85.623250995645705, 29.973365633040711 ], [ -85.72252566035958, 29.960430222120788 ], [ -85.737453575162917, 30.046841873560734 ], [ -85.638100515092077, 30.059822191610724 ] ] ] } },
{ "type": "Feature", "properties": { "ID": 35871, "date": "2022-01-11T00:00:00", "smokePM_pred": 1.0531880855560301 }, "geometry": { "type": "Polygon", "coordinates": [ [ [ -85.538682795076483, 30.072732369183008 ], [ -85.523911900569004, 29.986231134755236 ], [ -85.623250995645705, 29.973365633040711 ], [ -85.638100515092077, 30.059822191610724 ], [ -85.538682795076483, 30.072732369183008 ] ] ] } },
{ "type": "Feature", "properties": { "ID": 35872, "date": "2022-01-11T00:00:00", "smokePM_pred": 1.2256734371185301 }, "geometry": { "type": "Polygon", "coordinates": [ [ [ -85.439200730802881, 30.085572232995357 ], [ -85.424508689967055, 29.99902655475826 ], [ -85.523911900569004, 29.986231134755236 ], [ -85.538682795076483, 30.072732369183008 ], [ -85.439200730802881, 30.085572232995357 ] ] ] } },
{ "type": "Feature", "properties": { "ID": 35873, "date": "2022-01-11T00:00:00", "smokePM_pred": 1.43484854698181 }, "geometry": { "type": "Polygon", "coordinates": [ [ [ -85.339654639362635, 30.098341610484464 ], [ -85.32504168007317, 30.011751721259984 ], [ -85.424508689967055, 29.99902655475826 ], [ -85.439200730802881, 30.085572232995357 ], [ -85.339654639362635, 30.098341610484464 ] ] ] } },
{ "type": "Feature", "properties": { "ID": 35874, "date": "2022-01-11T00:00:00", "smokePM_pred": 1.78364813327789 }, "geometry": { "type": "Polygon", "coordinates": [ [ [ -85.240044839248, 30.111040329811669 ], [ -85.225511188512527, 30.024406463192634 ], [ -85.32504168007317, 30.011751721259984 ], [ -85.339654639362635, 30.098341610484464 ], [ -85.240044839248, 30.111040329811669 ] ] ] } },
{ "type": "Feature", "properties": { "ID": 35875, "date": "2022-01-11T00:00:00", "smokePM_pred": 1.3800699710845901 }, "geometry": { "type": "Polygon", "coordinates": [ [ [ -85.140371650348158, 30.123668219868765 ], [ -85.125917534298281, 30.036990610216197 ], [ -85.225511188512527, 30.024406463192634 ], [ -85.240044839248, 30.111040329811669 ], [ -85.140371650348158, 30.123668219868765 ] ] ] } },
{ "type": "Feature", "properties": { "ID": 35876, "date": "2022-01-11T00:00:00", "smokePM_pred": 1.5220901966095 }, "geometry": { "type": "Polygon", "coordinates": [ [ [ -85.040635393945252, 30.136225110283799 ], [ -85.026261037827666, 30.049503992724226 ], [ -85.125917534298281, 30.036990610216197 ], [ -85.140371650348158, 30.123668219868765 ], [ -85.040635393945252, 30.136225110283799 ] ] ] } },
{ "type": "Feature", "properties": { "ID": 35877, "date": "2022-01-11T00:00:00", "smokePM_pred": 1.7519502639770499 }, "geometry": { "type": "Polygon", "coordinates": [ [ [ -84.940836392710338, 30.14871083142679 ], [ -84.926542020877903, 30.061946441849454 ], [ -85.026261037827666, 30.049503992724226 ], [ -85.040635393945252, 30.136225110283799 ], [ -84.940836392710338, 30.14871083142679 ] ] ] } },
{ "type": "Feature", "properties": { "ID": 35878, "date": "2022-01-11T00:00:00", "smokePM_pred": 1.7402548789978001 }, "geometry": { "type": "Polygon", "coordinates": [ [ [ -84.840974970699335, 30.161125214415538 ], [ -84.826760806602067, 30.074317789469664 ], [ -84.926542020877903, 30.061946441849454 ], [ -84.940836392710338, 30.14871083142679 ], [ -84.840974970699335, 30.161125214415538 ] ] ] } },
{ "type": "Feature", "properties": { "ID": 35879, "date": "2022-01-11T00:00:00", "smokePM_pred": 1.7926937341690099 }, "geometry": { "type": "Polygon", "coordinates": [ [ [ -84.741051453348675, 30.173468091121311 ], [ -84.726917719524963, 30.086617868213274 ], [ -84.826760806602067, 30.074317789469664 ], [ -84.840974970699335, 30.161125214415538 ], [ -84.741051453348675, 30.173468091121311 ] ] ] } },
{ "type": "Feature", "properties": { "ID": 35880, "date": "2022-01-11T00:00:00", "smokePM_pred": 1.5652332305908201 }, "geometry": { "type": "Polygon", "coordinates": [ [ [ -84.641066167471166, 30.185739294174599 ], [ -84.62701308553882, 30.098846511465084 ], [ -84.726917719524963, 30.086617868213274 ], [ -84.741051453348675, 30.173468091121311 ], [ -84.641066167471166, 30.185739294174599 ] ] ] } },
{ "type": "Feature", "properties": { "ID": 35881, "date": "2022-01-11T00:00:00", "smokePM_pred": 1.7241452932357799 }, "geometry": { "type": "Polygon", "coordinates": [ [ [ -84.541019441251606, 30.197938656970813 ], [ -84.527047231899004, 30.11100355337193 ], [ -84.62701308553882, 30.098846511465084 ], [ -84.641066167471166, 30.185739294174599 ], [ -84.541019441251606, 30.197938656970813 ] ] ] } },
{ "type": "Feature", "properties": { "ID": 35882, "date": "2022-01-11T00:00:00", "smokePM_pred": 1.7444199323654199 }, "geometry": { "type": "Polygon", "coordinates": [ [ [ -84.440911604242373, 30.210066013675988 ], [ -84.427020487219551, 30.123088828848363 ], [ -84.527047231899004, 30.11100355337193 ], [ -84.541019441251606, 30.197938656970813 ], [ -84.440911604242373, 30.210066013675988 ] ] ] } },
{ "type": "Feature", "properties": { "ID": 35883, "date": "2022-01-11T00:00:00", "smokePM_pred": 1.77595031261444 }, "geometry": { "type": "Polygon", "coordinates": [ [ [ -84.340742987358936, 30.222121199232468 ], [ -84.326933181468817, 30.135102173582293 ], [ -84.427020487219551, 30.123088828848363 ], [ -84.440911604242373, 30.210066013675988 ], [ -84.340742987358936, 30.222121199232468 ] ] ] } },
{ "type": "Feature", "properties": { "ID": 35884, "date": "2022-01-11T00:00:00", "smokePM_pred": 2.1055839061737101 }, "geometry": { "type": "Polygon", "coordinates": [ [ [ -84.240513922875252, 30.234104049364596 ], [ -84.226785645964782, 30.147043424040628 ], [ -84.326933181468817, 30.135102173582293 ], [ -84.340742987358936, 30.222121199232468 ], [ -84.240513922875252, 30.234104049364596 ] ] ] } },
{ "type": "Feature", "properties": { "ID": 35885, "date": "2022-01-11T00:00:00", "smokePM_pred": 1.9044054746627801 }, "geometry": { "type": "Polygon", "coordinates": [ [ [ -84.1402247444192, 30.24601440058429 ], [ -84.126578213370507, 30.158912417474887 ], [ -84.226785645964782, 30.147043424040628 ], [ -84.240513922875252, 30.234104049364596 ], [ -84.1402247444192, 30.24601440058429 ] ] ] } },
{ "type": "Feature", "properties": { "ID": 35886, "date": "2022-01-11T00:00:00", "smokePM_pred": 1.6113684177398699 }, "geometry": { "type": "Polygon", "coordinates": [ [ [ -84.039875786967826, 30.257852090196796 ], [ -84.026311217689454, 30.170708991926823 ], [ -84.126578213370507, 30.158912417474887 ], [ -84.1402247444192, 30.24601440058429 ], [ -84.039875786967826, 30.257852090196796 ] ] ] } },
{ "type": "Feature", "properties": { "ID": 35887, "date": "2022-01-11T00:00:00", "smokePM_pred": 1.72598624229431 }, "geometry": { "type": "Polygon", "coordinates": [ [ [ -83.93946738684258, 30.269616956306209 ], [ -83.925984994260702, 30.18243298623398 ], [ -84.026311217689454, 30.170708991926823 ], [ -84.039875786967826, 30.257852090196796 ], [ -83.93946738684258, 30.269616956306209 ] ] ] } },
{ "type": "Feature", "properties": { "ID": 35888, "date": "2022-01-11T00:00:00", "smokePM_pred": 1.7717535495758101 }, "geometry": { "type": "Polygon", "coordinates": [ [ [ -83.838999881704453, 30.281308837821168 ], [ -83.825599879754094, 30.194084240035298 ], [ -83.925984994260702, 30.18243298623398 ], [ -83.93946738684258, 30.269616956306209 ], [ -83.838999881704453, 30.281308837821168 ] ] ] } },
{ "type": "Feature", "properties": { "ID": 36383, "date": "2022-01-11T00:00:00", "smokePM_pred": 1.08021771907806 }, "geometry": { "type": "Polygon", "coordinates": [ [ [ -85.851813028074119, 30.120150134058424 ], [ -85.836741661010748, 30.033791589028276 ], [ -85.935964459769409, 30.020671512715875 ], [ -85.951114071965449, 30.106984617123903 ], [ -85.851813028074119, 30.120150134058424 ] ] ] } },
{ "type": "Feature", "properties": { "ID": 36384, "date": "2022-01-11T00:00:00", "smokePM_pred": 1.17961406707764 }, "geometry": { "type": "Polygon", "coordinates": [ [ [ -85.752446464424636, 30.133245629252276 ], [ -85.737453575162917, 30.046841873560734 ], [ -85.836741661010748, 30.033791589028276 ], [ -85.851813028074119, 30.120150134058424 ], [ -85.752446464424636, 30.133245629252276 ] ] ] } },
{ "type": "Feature", "properties": { "ID": 36385, "date": "2022-01-11T00:00:00", "smokePM_pred": 0.91186296939849898 }, "geometry": { "type": "Polygon", "coordinates": [ [ [ -85.653014694717925, 30.146270927218637 ], [ -85.638100515092077, 30.059822191610724 ], [ -85.737453575162917, 30.046841873560734 ], [ -85.752446464424636, 30.133245629252276 ], [ -85.653014694717925, 30.146270927218637 ] ] ] } },
{ "type": "Feature", "properties": { "ID": 36387, "date": "2022-01-11T00:00:00", "smokePM_pred": 1.3046123981475799 }, "geometry": { "type": "Polygon", "coordinates": [ [ [ -85.453956799038806, 30.172110233076424 ], [ -85.439200730802881, 30.085572232995357 ], [ -85.538682795076483, 30.072732369183008 ], [ -85.553518034076092, 30.15922585318048 ], [ -85.453956799038806, 30.172110233076424 ] ] ] } },
{ "type": "Feature", "properties": { "ID": 36388, "date": "2022-01-11T00:00:00", "smokePM_pred": 1.52132856845856 }, "geometry": { "type": "Polygon", "coordinates": [ [ [ -85.35433130755932, 30.184923893566552 ], [ -85.339654639362635, 30.098341610484464 ], [ -85.439200730802881, 30.085572232995357 ], [ -85.453956799038806, 30.172110233076424 ], [ -85.35433130755932, 30.184923893566552 ] ] ] } },
{ "type": "Feature", "properties": { "ID": 36389, "date": "2022-01-11T00:00:00", "smokePM_pred": 1.80145156383514 }, "geometry": { "type": "Polygon", "coordinates": [ [ [ -85.254641879000857, 30.197666662038269 ], [ -85.240044839248, 30.111040329811669 ], [ -85.339654639362635, 30.098341610484464 ], [ -85.35433130755932, 30.184923893566552 ], [ -85.254641879000857, 30.197666662038269 ] ] ] } },
{ "type": "Feature", "properties": { "ID": 36390, "date": "2022-01-11T00:00:00", "smokePM_pred": 1.6016333103179901 }, "geometry": { "type": "Polygon", "coordinates": [ [ [ -85.154888834132592, 30.210338366612135 ], [ -85.140371650348158, 30.123668219868765 ], [ -85.240044839248, 30.111040329811669 ], [ -85.254641879000857, 30.197666662038269 ], [ -85.154888834132592, 30.210338366612135 ] ] ] } },
{ "type": "Feature", "properties": { "ID": 36391, "date": "2022-01-11T00:00:00", "smokePM_pred": 1.7640631198883101 }, "geometry": { "type": "Polygon", "coordinates": [ [ [ -85.055072495125614, 30.222938836147652 ], [ -85.040635393945252, 30.136225110283799 ], [ -85.140371650348158, 30.123668219868765 ], [ -85.154888834132592, 30.210338366612135 ], [ -85.055072495125614, 30.222938836147652 ] ] ] } },
{ "type": "Feature", "properties": { "ID": 36392, "date": "2022-01-11T00:00:00", "smokePM_pred": 1.97149550914764 }, "geometry": { "type": "Polygon", "coordinates": [ [ [ -84.955193185549021, 30.235467900249073 ], [ -84.940836392710338, 30.14871083142679 ], [ -85.040635393945252, 30.136225110283799 ], [ -85.055072495125614, 30.222938836147652 ], [ -84.955193185549021, 30.235467900249073 ] ] ] } },
{ "type": "Feature", "properties": { "ID": 36393, "date": "2022-01-11T00:00:00", "smokePM_pred": 1.7088769674301101 }, "geometry": { "type": "Polygon", "coordinates": [ [ [ -84.855251230365639, 30.247925389271156 ], [ -84.840974970699335, 30.161125214415538 ], [ -84.940836392710338, 30.14871083142679 ], [ -84.955193185549021, 30.235467900249073 ], [ -84.855251230365639, 30.247925389271156 ] ] ] } },
{ "type": "Feature", "properties": { "ID": 36394, "date": "2022-01-11T00:00:00", "smokePM_pred": 1.82903599739075 }, "geometry": { "type": "Polygon", "coordinates": [ [ [ -84.755246955927902, 30.260311134325011 ], [ -84.741051453348675, 30.173468091121311 ], [ -84.840974970699335, 30.161125214415538 ], [ -84.855251230365639, 30.247925389271156 ], [ -84.755246955927902, 30.260311134325011 ] ] ] } },
{ "type": "Feature", "properties": { "ID": 36395, "date": "2022-01-11T00:00:00", "smokePM_pred": 1.8888509273529099 }, "geometry": { "type": "Polygon", "coordinates": [ [ [ -84.655180689973506, 30.272624967283789 ], [ -84.641066167471166, 30.185739294174599 ], [ -84.741051453348675, 30.173468091121311 ], [ -84.755246955927902, 30.260311134325011 ], [ -84.655180689973506, 30.272624967283789 ] ] ] } },
{ "type": "Feature", "properties": { "ID": 36396, "date": "2022-01-11T00:00:00", "smokePM_pred": 1.69474112987518 }, "geometry": { "type": "Polygon", "coordinates": [ [ [ -84.555052761621099, 30.284866720788443 ], [ -84.541019441251606, 30.197938656970813 ], [ -84.641066167471166, 30.185739294174599 ], [ -84.655180689973506, 30.272624967283789 ], [ -84.555052761621099, 30.284866720788443 ] ] ] } },
{ "type": "Feature", "properties": { "ID": 36397, "date": "2022-01-11T00:00:00", "smokePM_pred": 1.5980793237686199 }, "geometry": { "type": "Polygon", "coordinates": [ [ [ -84.45486350136585, 30.297036228253496 ], [ -84.440911604242373, 30.210066013675988 ], [ -84.541019441251606, 30.197938656970813 ], [ -84.555052761621099, 30.284866720788443 ], [ -84.45486350136585, 30.297036228253496 ] ] ] } },
{ "type": "Feature", "properties": { "ID": 36398, "date": "2022-01-11T00:00:00", "smokePM_pred": 1.5578461885452299 }, "geometry": { "type": "Polygon", "coordinates": [ [ [ -84.354613241074944, 30.309133323872693 ], [ -84.340742987358936, 30.222121199232468 ], [ -84.440911604242373, 30.210066013675988 ], [ -84.45486350136585, 30.297036228253496 ], [ -84.354613241074944, 30.309133323872693 ] ] ] } },
{ "type": "Feature", "properties": { "ID": 36399, "date": "2022-01-11T00:00:00", "smokePM_pred": 1.9378237724304199 }, "geometry": { "type": "Polygon", "coordinates": [ [ [ -84.254302313982947, 30.321157842624775 ], [ -84.240513922875252, 30.234104049364596 ], [ -84.340742987358936, 30.222121199232468 ], [ -84.354613241074944, 30.309133323872693 ], [ -84.254302313982947, 30.321157842624775 ] ] ] } },
{ "type": "Feature", "properties": { "ID": 36897, "date": "2022-01-11T00:00:00", "smokePM_pred": 1.1976784467697099 }, "geometry": { "type": "Polygon", "coordinates": [ [ [ -85.966329516433845, 30.193289641633609 ], [ -85.951114071965449, 30.106984617123903 ], [ -86.050349283822399, 30.093749254639445 ], [ -86.065643050777169, 30.180008535452682 ], [ -85.966329516433845, 30.193289641633609 ] ] ] } },
{ "type": "Feature", "properties": { "ID": 36898, "date": "2022-01-11T00:00:00", "smokePM_pred": 1.2313982248306301 }, "geometry": { "type": "Polygon", "coordinates": [ [ [ -85.866949915133105, 30.206500672844619 ], [ -85.851813028074119, 30.120150134058424 ], [ -85.951114071965449, 30.106984617123903 ], [ -85.966329516433845, 30.193289641633609 ], [ -85.866949915133105, 30.206500672844619 ] ] ] } },
{ "type": "Feature", "properties": { "ID": 36899, "date": "2022-01-11T00:00:00", "smokePM_pred": 1.0707243680953999 }, "geometry": { "type": "Polygon", "coordinates": [ [ [ -85.767504559980409, 30.219641452105048 ], [ -85.752446464424636, 30.133245629252276 ], [ -85.851813028074119, 30.120150134058424 ], [ -85.866949915133105, 30.206500672844619 ], [ -85.767504559980409, 30.219641452105048 ] ] ] } },
{ "type": "Feature", "properties": { "ID": 36900, "date": "2022-01-11T00:00:00", "smokePM_pred": 1.03196549415588 }, "geometry": { "type": "Polygon", "coordinates": [ [ [ -85.667993765515106, 30.232711803140703 ], [ -85.653014694717925, 30.146270927218637 ], [ -85.752446464424636, 30.133245629252276 ], [ -85.767504559980409, 30.219641452105048 ], [ -85.667993765515106, 30.232711803140703 ] ] ] } },
{ "type": "Feature", "properties": { "ID": 36906, "date": "2022-01-11T00:00:00", "smokePM_pred": 1.4893786907196001 }, "geometry": { "type": "Polygon", "coordinates": [ [ [ -85.069572567107912, 30.309645135772772 ], [ -85.055072495125614, 30.222938836147652 ], [ -85.154888834132592, 30.210338366612135 ], [ -85.169469312288683, 30.29700101554219 ], [ -85.069572567107912, 30.309645135772772 ] ] ] } },
{ "type": "Feature", "properties": { "ID": 36907, "date": "2022-01-11T00:00:00", "smokePM_pred": 1.5509513616561901 }, "geometry": { "type": "Polygon", "coordinates": [ [ [ -84.969612624226087, 30.322217614133375 ], [ -84.955193185549021, 30.235467900249073 ], [ -85.055072495125614, 30.222938836147652 ], [ -85.069572567107912, 30.309645135772772 ], [ -84.969612624226087, 30.322217614133375 ] ] ] } },
{ "type": "Feature", "properties": { "ID": 36908, "date": "2022-01-11T00:00:00", "smokePM_pred": 1.62405145168304 }, "geometry": { "type": "Polygon", "coordinates": [ [ [ -84.869589809517208, 30.334718280212719 ], [ -84.855251230365639, 30.247925389271156 ], [ -84.955193185549021, 30.235467900249073 ], [ -84.969612624226087, 30.322217614133375 ], [ -84.869589809517208, 30.334718280212719 ] ] ] } },
{ "type": "Feature", "properties": { "ID": 36909, "date": "2022-01-11T00:00:00", "smokePM_pred": 1.68385577201843 }, "geometry": { "type": "Polygon", "coordinates": [ [ [ -84.769504450253947, 30.347146964358657 ], [ -84.755246955927902, 30.260311134325011 ], [ -84.855251230365639, 30.247925389271156 ], [ -84.869589809517208, 30.334718280212719 ], [ -84.769504450253947, 30.347146964358657 ] ] ] } },
{ "type": "Feature", "properties": { "ID": 36910, "date": "2022-01-11T00:00:00", "smokePM_pred": 1.4748339653015099 }, "geometry": { "type": "Polygon", "coordinates": [ [ [ -84.669356875103261, 30.359503497683935 ], [ -84.655180689973506, 30.272624967283789 ], [ -84.755246955927902, 30.260311134325011 ], [ -84.769504450253947, 30.347146964358657 ], [ -84.669356875103261, 30.359503497683935 ] ] ] } },
{ "type": "Feature", "properties": { "ID": 36911, "date": "2022-01-11T00:00:00", "smokePM_pred": 1.32123851776123 }, "geometry": { "type": "Polygon", "coordinates": [ [ [ -84.569147414122085, 30.371787712072059 ], [ -84.555052761621099, 30.284866720788443 ], [ -84.655180689973506, 30.272624967283789 ], [ -84.669356875103261, 30.359503497683935 ], [ -84.569147414122085, 30.371787712072059 ] ] ] } },
{ "type": "Feature", "properties": { "ID": 36912, "date": "2022-01-11T00:00:00", "smokePM_pred": 1.41809093952179 }, "geometry": { "type": "Polygon", "coordinates": [ [ [ -84.468876398752897, 30.383999440182951 ], [ -84.45486350136585, 30.297036228253496 ], [ -84.555052761621099, 30.284866720788443 ], [ -84.569147414122085, 30.371787712072059 ], [ -84.468876398752897, 30.383999440182951 ] ] ] } },
{ "type": "Feature", "properties": { "ID": 36913, "date": "2022-01-11T00:00:00", "smokePM_pred": 2.11783051490784 }, "geometry": { "type": "Polygon", "coordinates": [ [ [ -84.368544161819159, 30.396138515458752 ], [ -84.354613241074944, 30.309133323872693 ], [ -84.45486350136585, 30.297036228253496 ], [ -84.468876398752897, 30.383999440182951 ], [ -84.368544161819159, 30.396138515458752 ] ] ] } },
{ "type": "Feature", "properties": { "ID": 36914, "date": "2022-01-11T00:00:00", "smokePM_pred": 1.4883388280868499 }, "geometry": { "type": "Polygon", "coordinates": [ [ [ -84.268151037520695, 30.40820477212959 ], [ -84.254302313982947, 30.321157842624775 ], [ -84.354613241074944, 30.309133323872693 ], [ -84.368544161819159, 30.396138515458752 ], [ -84.268151037520695, 30.40820477212959 ] ] ] } },
{ "type": "Feature", "properties": { "ID": 37410, "date": "2022-01-11T00:00:00", "smokePM_pred": 1.02863037586212 }, "geometry": { "type": "Polygon", "coordinates": [ [ [ -86.18032874928609, 30.252862573788502 ], [ -86.164890206495102, 30.166657531983031 ], [ -86.264070673360649, 30.153236809600429 ], [ -86.279587375123796, 30.239395576493393 ], [ -86.18032874928609, 30.252862573788502 ] ] ] } },
{ "type": "Feature", "properties": { "ID": 37411, "date": "2022-01-11T00:00:00", "smokePM_pred": 1.2153971195220901 }, "geometry": { "type": "Polygon", "coordinates": [ [ [ -86.08100319659745, 30.266259624097259 ], [ -86.065643050777169, 30.180008535452682 ], [ -86.164890206495102, 30.166657531983031 ], [ -86.18032874928609, 30.252862573788502 ], [ -86.08100319659745, 30.266259624097259 ] ] ] } },
{ "type": "Feature", "properties": { "ID": 37412, "date": "2022-01-11T00:00:00", "smokePM_pred": 0.95571446418762196 }, "geometry": { "type": "Polygon", "coordinates": [ [ [ -85.981611028099252, 30.279586548245902 ], [ -85.966329516433845, 30.193289641633609 ], [ -86.065643050777169, 30.180008535452682 ], [ -86.08100319659745, 30.266259624097259 ], [ -85.981611028099252, 30.279586548245902 ] ] ] } },
{ "type": "Feature", "properties": { "ID": 37413, "date": "2022-01-11T00:00:00", "smokePM_pred": 0.99348372220992998 }, "geometry": { "type": "Polygon", "coordinates": [ [ [ -85.882152556283089, 30.292843167757766 ], [ -85.866949915133105, 30.206500672844619 ], [ -85.966329516433845, 30.193289641633609 ], [ -85.981611028099252, 30.279586548245902 ], [ -85.882152556283089, 30.292843167757766 ] ] ] } },
{ "type": "Feature", "properties": { "ID": 37414, "date": "2022-01-11T00:00:00", "smokePM_pred": 1.1559212207794201 }, "geometry": { "type": "Polygon", "coordinates": [ [ [ -85.782628095087205, 30.306029304859138 ], [ -85.767504559980409, 30.219641452105048 ], [ -85.866949915133105, 30.206500672844619 ], [ -85.882152556283089, 30.292843167757766 ], [ -85.782628095087205, 30.306029304859138 ] ] ] } },
{ "type": "Feature", "properties": { "ID": 37415, "date": "2022-01-11T00:00:00", "smokePM_pred": 1.29806339740753 }, "geometry": { "type": "Polygon", "coordinates": [ [ [ -85.683037959893014, 30.319144782485314 ], [ -85.667993765515106, 30.232711803140703 ], [ -85.767504559980409, 30.219641452105048 ], [ -85.782628095087205, 30.306029304859138 ], [ -85.683037959893014, 30.319144782485314 ] ] ] } },
{ "type": "Feature", "properties": { "ID": 37423, "date": "2022-01-11T00:00:00", "smokePM_pred": 1.4943251609802199 }, "geometry": { "type": "Polygon", "coordinates": [ [ [ -84.883990933455564, 30.421503853262372 ], [ -84.869589809517208, 30.334718280212719 ], [ -84.969612624226087, 30.322217614133375 ], [ -84.984094934963281, 30.408959938741049 ], [ -84.883990933455564, 30.421503853262372 ] ] ] } },
{ "type": "Feature", "properties": { "ID": 37424, "date": "2022-01-11T00:00:00", "smokePM_pred": 1.4875640869140601 }, "geometry": { "type": "Polygon", "coordinates": [ [ [ -84.783824160699069, 30.433975547604156 ], [ -84.769504450253947, 30.347146964358657 ], [ -84.869589809517208, 30.334718280212719 ], [ -84.883990933455564, 30.421503853262372 ], [ -84.783824160699069, 30.433975547604156 ] ] ] } },
{ "type": "Feature", "properties": { "ID": 37425, "date": "2022-01-11T00:00:00", "smokePM_pred": 1.35475778579712 }, "geometry": { "type": "Polygon", "coordinates": [ [ [ -84.683594946294406, 30.446374852115721 ], [ -84.669356875103261, 30.359503497683935 ], [ -84.769504450253947, 30.347146964358657 ], [ -84.783824160699069, 30.433975547604156 ], [ -84.683594946294406, 30.446374852115721 ] ] ] } },
{ "type": "Feature", "properties": { "ID": 37426, "date": "2022-01-11T00:00:00", "smokePM_pred": 1.17615401744843 }, "geometry": { "type": "Polygon", "coordinates": [ [ [ -84.583303621241257, 30.45870159791998 ], [ -84.569147414122085, 30.371787712072059 ], [ -84.669356875103261, 30.359503497683935 ], [ -84.683594946294406, 30.446374852115721 ], [ -84.583303621241257, 30.45870159791998 ] ] ] } },
{ "type": "Feature", "properties": { "ID": 37427, "date": "2022-01-11T00:00:00", "smokePM_pred": 1.1597313880920399 }, "geometry": { "type": "Polygon", "coordinates": [ [ [ -84.482950517933901, 30.47095561691923 ], [ -84.468876398752897, 30.383999440182951 ], [ -84.569147414122085, 30.371787712072059 ], [ -84.583303621241257, 30.45870159791998 ], [ -84.482950517933901, 30.47095561691923 ] ] ] } },
{ "type": "Feature", "properties": { "ID": 37428, "date": "2022-01-11T00:00:00", "smokePM_pred": 1.2154237031936601 }, "geometry": { "type": "Polygon", "coordinates": [ [ [ -84.382535970156667, 30.483136741800994 ], [ -84.368544161819159, 30.396138515458752 ], [ -84.468876398752897, 30.383999440182951 ], [ -84.482950517933901, 30.47095561691923 ], [ -84.382535970156667, 30.483136741800994 ] ] ] } },
{ "type": "Feature", "properties": { "ID": 37429, "date": "2022-01-11T00:00:00", "smokePM_pred": 1.2188621759414699 }, "geometry": { "type": "Polygon", "coordinates": [ [ [ -84.282060313079384, 30.495244806043694 ], [ -84.268151037520695, 30.40820477212959 ], [ -84.368544161819159, 30.396138515458752 ], [ -84.382535970156667, 30.483136741800994 ], [ -84.282060313079384, 30.495244806043694 ] ] ] } },
{ "type": "Feature", "properties": { "ID": 37940, "date": "2022-01-11T00:00:00", "smokePM_pred": 1.2427991628646899 }, "geometry": { "type": "Polygon", "coordinates": [ [ [ -84.697895128366483, 30.533238997168045 ], [ -84.683594946294406, 30.446374852115721 ], [ -84.783824160699069, 30.433975547604156 ], [ -84.798206313025517, 30.520796850289987 ], [ -84.697895128366483, 30.533238997168045 ] ] ] } },
{ "type": "Feature", "properties": { "ID": 38421, "date": "2022-01-11T00:00:00", "smokePM_pred": 1.0125135183334399 }, "geometry": { "type": "Polygon", "coordinates": [ [ [ -88.088434234696138, 30.155783086833129 ], [ -88.071406874579253, 30.070514933380192 ], [ -88.169410520049667, 30.055703336800729 ], [ -88.186511938185745, 30.140920877937269 ], [ -88.088434234696138, 30.155783086833129 ] ] ] } },
{ "type": "Feature", "properties": { "ID": 38422, "date": "2022-01-11T00:00:00", "smokePM_pred": 0.935466408729553 }, "geometry": { "type": "Polygon", "coordinates": [ [ [ -87.990283466232782, 30.170578451976446 ], [ -87.973330418870717, 30.085259899063796 ], [ -88.071406874579253, 30.070514933380192 ], [ -88.088434234696138, 30.155783086833129 ], [ -87.990283466232782, 30.170578451976446 ] ] ] } },
{ "type": "Feature", "properties": { "ID": 38423, "date": "2022-01-11T00:00:00", "smokePM_pred": 1.3523088693618801 }, "geometry": { "type": "Polygon", "coordinates": [ [ [ -87.892059917004673, 30.185306780405433 ], [ -87.875181436490024, 30.099938041733949 ], [ -87.973330418870717, 30.085259899063796 ], [ -87.990283466232782, 30.170578451976446 ], [ -87.892059917004673, 30.185306780405433 ] ] ] } },
{ "type": "Feature", "properties": { "ID": 38424, "date": "2022-01-11T00:00:00", "smokePM_pred": 1.31156659126282 }, "geometry": { "type": "Polygon", "coordinates": [ [ [ -87.793763872741764, 30.199967879744474 ], [ -87.776960212514723, 30.114549169857479 ], [ -87.875181436490024, 30.099938041733949 ], [ -87.892059917004673, 30.185306780405433 ], [ -87.793763872741764, 30.199967879744474 ] ] ] } },
{ "type": "Feature", "properties": { "ID": 38425, "date": "2022-01-11T00:00:00", "smokePM_pred": 1.2408092021942101 }, "geometry": { "type": "Polygon", "coordinates": [ [ [ -87.695395620692921, 30.214561558210313 ], [ -87.678667033531909, 30.129093092491729 ], [ -87.776960212514723, 30.114549169857479 ], [ -87.793763872741764, 30.199967879744474 ], [ -87.695395620692921, 30.214561558210313 ] ] ] } },
{ "type": "Feature", "properties": { "ID": 38426, "date": "2022-01-11T00:00:00", "smokePM_pred": 1.2411235570907599 }, "geometry": { "type": "Polygon", "coordinates": [ [ [ -87.596955449623664, 30.229087624618103 ], [ -87.580302187636036, 30.143569619290592 ], [ -87.678667033531909, 30.129093092491729 ], [ -87.695395620692921, 30.214561558210313 ], [ -87.596955449623664, 30.229087624618103 ] ] ] } },
{ "type": "Feature", "properties": { "ID": 38427, "date": "2022-01-11T00:00:00", "smokePM_pred": 1.1280808448791499 }, "geometry": { "type": "Polygon", "coordinates": [ [ [ -87.498443649814064, 30.243545888387608 ], [ -87.481865964426618, 30.157978560510681 ], [ -87.580302187636036, 30.143569619290592 ], [ -87.596955449623664, 30.229087624618103 ], [ -87.498443649814064, 30.243545888387608 ] ] ] } },
{ "type": "Feature", "properties": { "ID": 38828, "date": "2022-01-11T00:00:00", "smokePM_pred": 2.16366410255432 }, "geometry": { "type": "Polygon", "coordinates": [ [ [ -98.231440875261171, 28.286291056074472 ], [ -98.207875497902648, 28.207554452439442 ], [ -98.296720996238477, 28.186699104285584 ], [ -98.320331164225664, 28.265367187005715 ], [ -98.231440875261171, 28.286291056074472 ] ] ] } },
{ "type": "Feature", "properties": { "ID": 38829, "date": "2022-01-11T00:00:00", "smokePM_pred": 1.81846034526825 }, "geometry": { "type": "Polygon", "coordinates": [ [ [ -98.14245555689493, 28.307170955670561 ], [ -98.118935245112439, 28.228365948974211 ], [ -98.207875497902648, 28.207554452439442 ], [ -98.231440875261171, 28.286291056074472 ], [ -98.14245555689493, 28.307170955670561 ] ] ] } },
{ "type": "Feature", "properties": { "ID": 38935, "date": "2022-01-11T00:00:00", "smokePM_pred": 1.3390091657638501 }, "geometry": { "type": "Polygon", "coordinates": [ [ [ -88.203686704235807, 30.226128475514848 ], [ -88.186511938185745, 30.140920877937269 ], [ -88.284516294015518, 30.12599201883069 ], [ -88.301765143876864, 30.211148712009322 ], [ -88.203686704235807, 30.226128475514848 ] ] ] } },
{ "type": "Feature", "properties": { "ID": 38936, "date": "2022-01-11T00:00:00", "smokePM_pred": 1.1967459917068499 }, "geometry": { "type": "Polygon", "coordinates": [ [ [ -88.105534660040632, 30.241041376619833 ], [ -88.088434234696138, 30.155783086833129 ], [ -88.186511938185745, 30.140920877937269 ], [ -88.203686704235807, 30.226128475514848 ], [ -88.105534660040632, 30.241041376619833 ] ] ] } },
{ "type": "Feature", "properties": { "ID": 38937, "date": "2022-01-11T00:00:00", "smokePM_pred": 1.21989226341248 }, "geometry": { "type": "Polygon", "coordinates": [ [ [ -88.007309294613094, 30.25588722093331 ], [ -87.990283466232782, 30.170578451976446 ], [ -88.088434234696138, 30.155783086833129 ], [ -88.105534660040632, 30.241041376619833 ], [ -88.007309294613094, 30.25588722093331 ] ] ] } },
{ "type": "Feature", "properties": { "ID": 38938, "date": "2022-01-11T00:00:00", "smokePM_pred": 1.2117294073104901 }, "geometry": { "type": "Polygon", "coordinates": [ [ [ -87.909010892807245, 30.270665814646069 ], [ -87.892059917004673, 30.185306780405433 ], [ -87.990283466232782, 30.170578451976446 ], [ -88.007309294613094, 30.25588722093331 ], [ -87.909010892807245, 30.270665814646069 ] ] ] } },
{ "type": "Feature", "properties": { "ID": 38939, "date": "2022-01-11T00:00:00", "smokePM_pred": 1.17280781269073 }, "geometry": { "type": "Polygon", "coordinates": [ [ [ -87.810639741007549, 30.285376964536912 ], [ -87.793763872741764, 30.199967879744474 ], [ -87.892059917004673, 30.185306780405433 ], [ -87.909010892807245, 30.270665814646069 ], [ -87.810639741007549, 30.285376964536912 ] ] ] } },
{ "type": "Feature", "properties": { "ID": 38940, "date": "2022-01-11T00:00:00", "smokePM_pred": 1.0665874481201201 }, "geometry": { "type": "Polygon", "coordinates": [ [ [ -87.712196127126731, 30.300020477978737 ], [ -87.695395620692921, 30.214561558210313 ], [ -87.793763872741764, 30.199967879744474 ], [ -87.810639741007549, 30.285376964536912 ], [ -87.712196127126731, 30.300020477978737 ] ] ] } },
{ "type": "Feature", "properties": { "ID": 38941, "date": "2022-01-11T00:00:00", "smokePM_pred": 1.0820784568786601 }, "geometry": { "type": "Polygon", "coordinates": [ [ [ -87.613680340603679, 30.314596162944813 ], [ -87.596955449623664, 30.229087624618103 ], [ -87.695395620692921, 30.214561558210313 ], [ -87.712196127126731, 30.300020477978737 ], [ -87.613680340603679, 30.314596162944813 ] ] ] } },
{ "type": "Feature", "properties": { "ID": 38942, "date": "2022-01-11T00:00:00", "smokePM_pred": 0.90551865100860596 }, "geometry": { "type": "Polygon", "coordinates": [ [ [ -87.515092672401224, 30.329103828014837 ], [ -87.498443649814064, 30.243545888387608 ], [ -87.596955449623664, 30.229087624618103 ], [ -87.613680340603679, 30.314596162944813 ], [ -87.515092672401224, 30.329103828014837 ] ] ] } },
{ "type": "Feature", "properties": { "ID": 38943, "date": "2022-01-11T00:00:00", "smokePM_pred": 0.94968742132186901 }, "geometry": { "type": "Polygon", "coordinates": [ [ [ -87.41643341500388, 30.343543282381155 ], [ -87.399860513056382, 30.257936159549288 ], [ -87.498443649814064, 30.243545888387608 ], [ -87.515092672401224, 30.329103828014837 ], [ -87.41643341500388, 30.343543282381155 ] ] ] } },
{ "type": "Feature", "properties": { "ID": 39450, "date": "2022-01-11T00:00:00", "smokePM_pred": 1.1821546554565401 }, "geometry": { "type": "Polygon", "coordinates": [ [ [ -88.220935075095653, 30.311326082370119 ], [ -88.203686704235807, 30.226128475514848 ], [ -88.301765143876864, 30.211148712009322 ], [ -88.319087880335744, 30.296295334003709 ], [ -88.220935075095653, 30.311326082370119 ] ] ] } },
{ "type": "Feature", "properties": { "ID": 39451, "date": "2022-01-11T00:00:00", "smokePM_pred": 1.1688423156738299 }, "geometry": { "type": "Polygon", "coordinates": [ [ [ -88.122708406872903, 30.326289755966734 ], [ -88.105534660040632, 30.241041376619833 ], [ -88.203686704235807, 30.226128475514848 ], [ -88.220935075095653, 30.311326082370119 ], [ -88.122708406872903, 30.326289755966734 ] ] ] } },
{ "type": "Feature", "properties": { "ID": 39452, "date": "2022-01-11T00:00:00", "smokePM_pred": 1.0959117412567101 }, "geometry": { "type": "Polygon", "coordinates": [ [ [ -88.024408159626788, 30.341186159550219 ], [ -88.007309294613094, 30.25588722093331 ], [ -88.105534660040632, 30.241041376619833 ], [ -88.122708406872903, 30.326289755966734 ], [ -88.024408159626788, 30.341186159550219 ] ] ] } },
{ "type": "Feature", "properties": { "ID": 39453, "date": "2022-01-11T00:00:00", "smokePM_pred": 1.2171994447708101 }, "geometry": { "type": "Polygon", "coordinates": [ [ [ -87.926034618858424, 30.356015098460738 ], [ -87.909010892807245, 30.270665814646069 ], [ -88.007309294613094, 30.25588722093331 ], [ -88.024408159626788, 30.341186159550219 ], [ -87.926034618858424, 30.356015098460738 ] ] ] } },
{ "type": "Feature", "properties": { "ID": 39454, "date": "2022-01-11T00:00:00", "smokePM_pred": 1.01369905471802 }, "geometry": { "type": "Polygon", "coordinates": [ [ [ -87.82758807160883, 30.370776378628239 ], [ -87.810639741007549, 30.285376964536912 ], [ -87.909010892807245, 30.270665814646069 ], [ -87.926034618858424, 30.356015098460738 ], [ -87.82758807160883, 30.370776378628239 ] ] ] } },
{ "type": "Feature", "properties": { "ID": 39455, "date": "2022-01-11T00:00:00", "smokePM_pred": 0.78458011150360096 }, "geometry": { "type": "Polygon", "coordinates": [ [ [ -87.729068806456752, 30.385469806578662 ], [ -87.712196127126731, 30.300020477978737 ], [ -87.810639741007549, 30.285376964536912 ], [ -87.82758807160883, 30.370776378628239 ], [ -87.729068806456752, 30.385469806578662 ] ] ] } },
{ "type": "Feature", "properties": { "ID": 39456, "date": "2022-01-11T00:00:00", "smokePM_pred": 0.93647259473800704 }, "geometry": { "type": "Polygon", "coordinates": [ [ [ -87.630477113516704, 30.400095189440087 ], [ -87.613680340603679, 30.314596162944813 ], [ -87.712196127126731, 30.300020477978737 ], [ -87.729068806456752, 30.385469806578662 ], [ -87.630477113516704, 30.400095189440087 ] ] ] } },
{ "type": "Feature", "properties": { "ID": 39457, "date": "2022-01-11T00:00:00", "smokePM_pred": 0.94087129831314098 }, "geometry": { "type": "Polygon", "coordinates": [ [ [ -87.531813284436538, 30.414652334949 ], [ -87.515092672401224, 30.329103828014837 ], [ -87.613680340603679, 30.314596162944813 ], [ -87.630477113516704, 30.400095189440087 ], [ -87.531813284436538, 30.414652334949 ] ] ] } },
{ "type": "Feature", "properties": { "ID": 39458, "date": "2022-01-11T00:00:00", "smokePM_pred": 1.5365946292877199 }, "geometry": { "type": "Polygon", "coordinates": [ [ [ -87.433077612395351, 30.429141051456391 ], [ -87.41643341500388, 30.343543282381155 ], [ -87.515092672401224, 30.329103828014837 ], [ -87.531813284436538, 30.414652334949 ], [ -87.433077612395351, 30.429141051456391 ] ] ] } },
{ "type": "Feature", "properties": { "ID": 39966, "date": "2022-01-11T00:00:00", "smokePM_pred": 1.22821509838104 }, "geometry": { "type": "Polygon", "coordinates": [ [ [ -88.139955732985513, 30.411528177883689 ], [ -88.122708406872903, 30.326289755966734 ], [ -88.220935075095653, 30.311326082370119 ], [ -88.238257309195447, 30.396513651121438 ], [ -88.139955732985513, 30.411528177883689 ] ] ] } },
{ "type": "Feature", "properties": { "ID": 39967, "date": "2022-01-11T00:00:00", "smokePM_pred": 0.99646699428558305 }, "geometry": { "type": "Polygon", "coordinates": [ [ [ -88.041580318419363, 30.426475221228127 ], [ -88.024408159626788, 30.341186159550219 ], [ -88.122708406872903, 30.326289755966734 ], [ -88.139955732985513, 30.411528177883689 ], [ -88.041580318419363, 30.426475221228127 ] ] ] } },
{ "type": "Feature", "properties": { "ID": 39968, "date": "2022-01-11T00:00:00", "smokePM_pred": 1.27212905883789 }, "geometry": { "type": "Polygon", "coordinates": [ [ [ -87.943131351647139, 30.441354585641086 ], [ -87.926034618858424, 30.356015098460738 ], [ -88.024408159626788, 30.341186159550219 ], [ -88.041580318419363, 30.426475221228127 ], [ -87.943131351647139, 30.441354585641086 ] ] ] } },
{ "type": "Feature", "properties": { "ID": 39969, "date": "2022-01-11T00:00:00", "smokePM_pred": 0.953247010707855 }, "geometry": { "type": "Polygon", "coordinates": [ [ [ -87.844609120368489, 30.456166076200503 ], [ -87.82758807160883, 30.370776378628239 ], [ -87.926034618858424, 30.356015098460738 ], [ -87.943131351647139, 30.441354585641086 ], [ -87.844609120368489, 30.456166076200503 ] ] ] } },
{ "type": "Feature", "properties": { "ID": 39970, "date": "2022-01-11T00:00:00", "smokePM_pred": 1.2871239185333301 }, "geometry": { "type": "Polygon", "coordinates": [ [ [ -87.746013913830367, 30.470909498582028 ], [ -87.729068806456752, 30.385469806578662 ], [ -87.82758807160883, 30.370776378628239 ], [ -87.844609120368489, 30.456166076200503 ], [ -87.746013913830367, 30.470909498582028 ] ] ] } },
{ "type": "Feature", "properties": { "ID": 39971, "date": "2022-01-11T00:00:00", "smokePM_pred": 1.2558329105377199 }, "geometry": { "type": "Polygon", "coordinates": [ [ [ -87.647346022825005, 30.485584659065388 ], [ -87.630477113516704, 30.400095189440087 ], [ -87.729068806456752, 30.385469806578662 ], [ -87.746013913830367, 30.470909498582028 ], [ -87.647346022825005, 30.485584659065388 ] ] ] } },
{ "type": "Feature", "properties": { "ID": 39972, "date": "2022-01-11T00:00:00", "smokePM_pred": 1.31278192996979 }, "geometry": { "type": "Polygon", "coordinates": [ [ [ -87.548605739687659, 30.500191364540552 ], [ -87.531813284436538, 30.414652334949 ], [ -87.630477113516704, 30.400095189440087 ], [ -87.647346022825005, 30.485584659065388 ], [ -87.548605739687659, 30.500191364540552 ] ] ] } },
{ "type": "Feature", "properties": { "ID": 39973, "date": "2022-01-11T00:00:00", "smokePM_pred": 1.7254431247711199 }, "geometry": { "type": "Polygon", "coordinates": [ [ [ -87.449793358294372, 30.514729422513987 ], [ -87.433077612395351, 30.429141051456391 ], [ -87.531813284436538, 30.414652334949 ], [ -87.548605739687659, 30.500191364540552 ], [ -87.449793358294372, 30.514729422513987 ] ] ] } },
{ "type": "Feature", "properties": { "ID": 39974, "date": "2022-01-11T00:00:00", "smokePM_pred": 1.80095756053925 }, "geometry": { "type": "Polygon", "coordinates": [ [ [ -87.350909174059538, 30.529198641114878 ], [ -87.334270392101004, 30.443561147934073 ], [ -87.433077612395351, 30.429141051456391 ], [ -87.449793358294372, 30.514729422513987 ], [ -87.350909174059538, 30.529198641114878 ] ] ] } },
{ "type": "Feature", "properties": { "ID": 40482, "date": "2022-01-11T00:00:00", "smokePM_pred": 1.3495062589645399 }, "geometry": { "type": "Polygon", "coordinates": [ [ [ -88.058826029676212, 30.511754359151606 ], [ -88.041580318419363, 30.426475221228127 ], [ -88.139955732985513, 30.411528177883689 ], [ -88.157276897712919, 30.496756595162392 ], [ -88.058826029676212, 30.511754359151606 ] ] ] } },
{ "type": "Feature", "properties": { "ID": 40483, "date": "2022-01-11T00:00:00", "smokePM_pred": 1.2638312578201301 }, "geometry": { "type": "Polygon", "coordinates": [ [ [ -87.960301349200208, 30.526684229764225 ], [ -87.943131351647139, 30.441354585641086 ], [ -88.041580318419363, 30.426475221228127 ], [ -88.058826029676212, 30.511754359151606 ], [ -87.960301349200208, 30.526684229764225 ] ] ] } },
{ "type": "Feature", "properties": { "ID": 40484, "date": "2022-01-11T00:00:00", "smokePM_pred": 0.90182334184646595 }, "geometry": { "type": "Polygon", "coordinates": [ [ [ -87.861703144645162, 30.541546011222831 ], [ -87.844609120368489, 30.456166076200503 ], [ -87.943131351647139, 30.441354585641086 ], [ -87.960301349200208, 30.526684229764225 ], [ -87.861703144645162, 30.541546011222831 ] ] ] } },
{ "type": "Feature", "properties": { "ID": 40485, "date": "2022-01-11T00:00:00", "smokePM_pred": 1.3406887054443399 }, "geometry": { "type": "Polygon", "coordinates": [ [ [ -87.763031705928384, 30.556339508349637 ], [ -87.746013913830367, 30.470909498582028 ], [ -87.844609120368489, 30.456166076200503 ], [ -87.861703144645162, 30.541546011222831 ], [ -87.763031705928384, 30.556339508349637 ] ] ] } },
{ "type": "Feature", "properties": { "ID": 40486, "date": "2022-01-11T00:00:00", "smokePM_pred": 1.1194828748703001 }, "geometry": { "type": "Polygon", "coordinates": [ [ [ -87.664287324522093, 30.571064526572712 ], [ -87.647346022825005, 30.485584659065388 ], [ -87.746013913830367, 30.470909498582028 ], [ -87.763031705928384, 30.556339508349637 ], [ -87.664287324522093, 30.571064526572712 ] ] ] } },
{ "type": "Feature", "properties": { "ID": 40487, "date": "2022-01-11T00:00:00", "smokePM_pred": 1.5384538173675499 }, "geometry": { "type": "Polygon", "coordinates": [ [ [ -87.565470293451156, 30.585720871932295 ], [ -87.548605739687659, 30.500191364540552 ], [ -87.647346022825005, 30.485584659065388 ], [ -87.664287324522093, 30.571064526572712 ], [ -87.565470293451156, 30.585720871932295 ] ] ] } },
{ "type": "Feature", "properties": { "ID": 40488, "date": "2022-01-11T00:00:00", "smokePM_pred": 1.66622722148895 }, "geometry": { "type": "Polygon", "coordinates": [ [ [ -87.466580907290933, 30.600308351087019 ], [ -87.449793358294372, 30.514729422513987 ], [ -87.548605739687659, 30.500191364540552 ], [ -87.565470293451156, 30.585720871932295 ], [ -87.466580907290933, 30.600308351087019 ] ] ] } },
{ "type": "Feature", "properties": { "ID": 40489, "date": "2022-01-11T00:00:00", "smokePM_pred": 1.7313277721405 }, "geometry": { "type": "Polygon", "coordinates": [ [ [ -87.367619462164811, 30.614826771320217 ], [ -87.350909174059538, 30.529198641114878 ], [ -87.449793358294372, 30.514729422513987 ], [ -87.466580907290933, 30.600308351087019 ], [ -87.367619462164811, 30.614826771320217 ] ] ] } },
{ "type": "Feature", "properties": { "ID": 40997, "date": "2022-01-11T00:00:00", "smokePM_pred": 1.41279768943787 }, "geometry": { "type": "Polygon", "coordinates": [ [ [ -88.07614555363223, 30.597023526287117 ], [ -88.058826029676212, 30.511754359151606 ], [ -88.157276897712919, 30.496756595162392 ], [ -88.174672161941032, 30.581974960374719 ], [ -88.07614555363223, 30.597023526287117 ] ] ] } },
{ "type": "Feature", "properties": { "ID": 40998, "date": "2022-01-11T00:00:00", "smokePM_pred": 1.1618229150772099 }, "geometry": { "type": "Polygon", "coordinates": [ [ [ -87.977544871091794, 30.612003984190796 ], [ -87.960301349200208, 30.526684229764225 ], [ -88.058826029676212, 30.511754359151606 ], [ -88.07614555363223, 30.597023526287117 ], [ -87.977544871091794, 30.612003984190796 ] ] ] } },
{ "type": "Feature", "properties": { "ID": 40999, "date": "2022-01-11T00:00:00", "smokePM_pred": 1.0329614877700799 }, "geometry": { "type": "Polygon", "coordinates": [ [ [ -87.878870403342702, 30.626916137449761 ], [ -87.861703144645162, 30.541546011222831 ], [ -87.960301349200208, 30.526684229764225 ], [ -87.977544871091794, 30.612003984190796 ], [ -87.878870403342702, 30.626916137449761 ] ] ] } },
{ "type": "Feature", "properties": { "ID": 41000, "date": "2022-01-11T00:00:00", "smokePM_pred": 1.42548632621765 }, "geometry": { "type": "Polygon", "coordinates": [ [ [ -87.780122440974722, 30.641759790029457 ], [ -87.763031705928384, 30.556339508349637 ], [ -87.861703144645162, 30.541546011222831 ], [ -87.878870403342702, 30.626916137449761 ], [ -87.780122440974722, 30.641759790029457 ] ] ] } },
{ "type": "Feature", "properties": { "ID": 41001, "date": "2022-01-11T00:00:00", "smokePM_pred": 1.3997508287429801 }, "geometry": { "type": "Polygon", "coordinates": [ [ [ -87.681301276142207, 30.656534746503013 ], [ -87.664287324522093, 30.571064526572712 ], [ -87.763031705928384, 30.556339508349637 ], [ -87.780122440974722, 30.641759790029457 ], [ -87.681301276142207, 30.656534746503013 ] ] ] } },
{ "type": "Feature", "properties": { "ID": 41002, "date": "2022-01-11T00:00:00", "smokePM_pred": 1.51956403255463 }, "geometry": { "type": "Polygon", "coordinates": [ [ [ -87.582407202561967, 30.671240812057693 ], [ -87.565470293451156, 30.585720871932295 ], [ -87.664287324522093, 30.571064526572712 ], [ -87.681301276142207, 30.656534746503013 ], [ -87.582407202561967, 30.671240812057693 ] ] ] } },
{ "type": "Feature", "properties": { "ID": 41003, "date": "2022-01-11T00:00:00", "smokePM_pred": 1.81362080574036 }, "geometry": { "type": "Polygon", "coordinates": [ [ [ -87.483440515511006, 30.685877792501017 ], [ -87.466580907290933, 30.600308351087019 ], [ -87.565470293451156, 30.585720871932295 ], [ -87.582407202561967, 30.671240812057693 ], [ -87.483440515511006, 30.685877792501017 ] ] ] } },
{ "type": "Feature", "properties": { "ID": 41004, "date": "2022-01-11T00:00:00", "smokePM_pred": 1.81703448295593 }, "geometry": { "type": "Polygon", "coordinates": [ [ [ -87.384401511824123, 30.700445494267182 ], [ -87.367619462164811, 30.614826771320217 ], [ -87.466580907290933, 30.600308351087019 ], [ -87.483440515511006, 30.685877792501017 ], [ -87.384401511824123, 30.700445494267182 ] ] ] } },
{ "type": "Feature", "properties": { "ID": 41005, "date": "2022-01-11T00:00:00", "smokePM_pred": 1.8541042804718 }, "geometry": { "type": "Polygon", "coordinates": [ [ [ -87.285290489891537, 30.714943724423325 ], [ -87.268586255741837, 30.629275940546162 ], [ -87.367619462164811, 30.614826771320217 ], [ -87.384401511824123, 30.700445494267182 ], [ -87.285290489891537, 30.714943724423325 ] ] ] } },
{ "type": "Feature", "properties": { "ID": 41479, "date": "2022-01-11T00:00:00", "smokePM_pred": 3.36013579368591 }, "geometry": { "type": "Polygon", "coordinates": [ [ [ -91.306525569063325, 30.149137408096532 ], [ -91.28676557932134, 30.065665603126238 ], [ -91.382695942713994, 30.048483350264291 ], [ -91.402522959775737, 30.131897675926485 ], [ -91.306525569063325, 30.149137408096532 ] ] ] } },
{ "type": "Feature", "properties": { "ID": 41480, "date": "2022-01-11T00:00:00", "smokePM_pred": 3.7403593063354501 }, "geometry": { "type": "Polygon", "coordinates": [ [ [ -91.210445174912081, 30.166315631764228 ], [ -91.19075249237406, 30.082786533073278 ], [ -91.28676557932134, 30.065665603126238 ], [ -91.306525569063325, 30.149137408096532 ], [ -91.210445174912081, 30.166315631764228 ] ] ] } },
{ "type": "Feature", "properties": { "ID": 41481, "date": "2022-01-11T00:00:00", "smokePM_pred": 3.70992231369019 }, "geometry": { "type": "Polygon", "coordinates": [ [ [ -91.11428201428599, 30.183432133080363 ], [ -91.094656918486805, 30.09984592715853 ], [ -91.19075249237406, 30.082786533073278 ], [ -91.210445174912081, 30.166315631764228 ], [ -91.11428201428599, 30.183432133080363 ] ] ] } },
{ "type": "Feature", "properties": { "ID": 41513, "date": "2022-01-11T00:00:00", "smokePM_pred": 1.2825847864151001 }, "geometry": { "type": "Polygon", "coordinates": [ [ [ -87.994862178453161, 30.697313802063594 ], [ -87.977544871091794, 30.612003984190796 ], [ -88.07614555363223, 30.597023526287117 ], [ -88.093539152081362, 30.682282675381458 ], [ -87.994862178453161, 30.697313802063594 ] ] ] } },
{ "type": "Feature", "properties": { "ID": 41514, "date": "2022-01-11T00:00:00", "smokePM_pred": 1.29837369918823 }, "geometry": { "type": "Polygon", "coordinates": [ [ [ -87.896111156919943, 30.712276408419665 ], [ -87.878870403342702, 30.626916137449761 ], [ -87.977544871091794, 30.612003984190796 ], [ -87.994862178453161, 30.697313802063594 ], [ -87.896111156919943, 30.712276408419665 ] ] ] } },
{ "type": "Feature", "properties": { "ID": 41515, "date": "2022-01-11T00:00:00", "smokePM_pred": 1.7173049449920701 }, "geometry": { "type": "Polygon", "coordinates": [ [ [ -87.797286378745994, 30.727170297555016 ], [ -87.780122440974722, 30.641759790029457 ], [ -87.878870403342702, 30.626916137449761 ], [ -87.896111156919943, 30.712276408419665 ], [ -87.797286378745994, 30.727170297555016 ] ] ] } },
{ "type": "Feature", "properties": { "ID": 41516, "date": "2022-01-11T00:00:00", "smokePM_pred": 1.7135698795318599 }, "geometry": { "type": "Polygon", "coordinates": [ [ [ -87.698388136770063, 30.741995273184624 ], [ -87.681301276142207, 30.656534746503013 ], [ -87.780122440974722, 30.641759790029457 ], [ -87.797286378745994, 30.727170297555016 ], [ -87.698388136770063, 30.741995273184624 ] ] ] } },
{ "type": "Feature", "properties": { "ID": 41517, "date": "2022-01-11T00:00:00", "smokePM_pred": 1.76006627082825 }, "geometry": { "type": "Polygon", "coordinates": [ [ [ -87.599416725403145, 30.756751139639377 ], [ -87.582407202561967, 30.671240812057693 ], [ -87.681301276142207, 30.656534746503013 ], [ -87.698388136770063, 30.741995273184624 ], [ -87.599416725403145, 30.756751139639377 ] ] ] } },
{ "type": "Feature", "properties": { "ID": 41518, "date": "2022-01-11T00:00:00", "smokePM_pred": 1.66723537445068 }, "geometry": { "type": "Polygon", "coordinates": [ [ [ -87.500372440626251, 30.771437701872436 ], [ -87.483440515511006, 30.685877792501017 ], [ -87.582407202561967, 30.671240812057693 ], [ -87.599416725403145, 30.756751139639377 ], [ -87.500372440626251, 30.771437701872436 ] ] ] } },
{ "type": "Feature", "properties": { "ID": 41519, "date": "2022-01-11T00:00:00", "smokePM_pred": 1.59811758995056 }, "geometry": { "type": "Polygon", "coordinates": [ [ [ -87.401255579987989, 30.786054765465554 ], [ -87.384401511824123, 30.700445494267182 ], [ -87.483440515511006, 30.685877792501017 ], [ -87.500372440626251, 30.771437701872436 ], [ -87.401255579987989, 30.786054765465554 ] ] ] } },
{ "type": "Feature", "properties": { "ID": 41520, "date": "2022-01-11T00:00:00", "smokePM_pred": 1.70967864990234 }, "geometry": { "type": "Polygon", "coordinates": [ [ [ -87.302066442602253, 30.800602136635447 ], [ -87.285290489891537, 30.714943724423325 ], [ -87.384401511824123, 30.700445494267182 ], [ -87.401255579987989, 30.786054765465554 ], [ -87.302066442602253, 30.800602136635447 ] ] ] } },
{ "type": "Feature", "properties": { "ID": 41533, "date": "2022-01-11T00:00:00", "smokePM_pred": 1.66115570068359 }, "geometry": { "type": "Polygon", "coordinates": [ [ [ -86.006169401687572, 30.983288974585125 ], [ -85.990432126351962, 30.897012206290931 ], [ -86.090451529151352, 30.883434364544527 ], [ -86.106270210131896, 30.96966493881294 ], [ -86.006169401687572, 30.983288974585125 ] ] ] } },
{ "type": "Feature", "properties": { "ID": 41534, "date": "2022-01-11T00:00:00", "smokePM_pred": 1.5613665580749501 }, "geometry": { "type": "Polygon", "coordinates": [ [ [ -85.906000666899175, 30.996840675168553 ], [ -85.890345044545555, 30.910517945338139 ], [ -85.990432126351962, 30.897012206290931 ], [ -86.006169401687572, 30.983288974585125 ], [ -85.906000666899175, 30.996840675168553 ] ] ] } },
{ "type": "Feature", "properties": { "ID": 41535, "date": "2022-01-11T00:00:00", "smokePM_pred": 1.7582695484161399 }, "geometry": { "type": "Polygon", "coordinates": [ [ [ -85.805764328015641, 31.010319857059841 ], [ -85.790190605109828, 30.923951398998959 ], [ -85.890345044545555, 30.910517945338139 ], [ -85.906000666899175, 30.996840675168553 ], [ -85.805764328015641, 31.010319857059841 ] ] ] } },
{ "type": "Feature", "properties": { "ID": 41994, "date": "2022-01-11T00:00:00", "smokePM_pred": 3.7789349555969198 }, "geometry": { "type": "Polygon", "coordinates": [ [ [ -91.326368562511618, 30.232596359690362 ], [ -91.306525569063325, 30.149137408096532 ], [ -91.402522959775737, 30.131897675926485 ], [ -91.422433215903069, 30.21529906178052 ], [ -91.326368562511618, 30.232596359690362 ] ] ] } },
{ "type": "Feature", "properties": { "ID": 41995, "date": "2022-01-11T00:00:00", "smokePM_pred": 3.1727151870727499 }, "geometry": { "type": "Polygon", "coordinates": [ [ [ -91.230220624192413, 30.249831963429802 ], [ -91.210445174912081, 30.166315631764228 ], [ -91.306525569063325, 30.149137408096532 ], [ -91.326368562511618, 30.232596359690362 ], [ -91.230220624192413, 30.249831963429802 ] ] ] } },
{ "type": "Feature", "properties": { "ID": 41996, "date": "2022-01-11T00:00:00", "smokePM_pred": 2.99684858322144 }, "geometry": { "type": "Polygon", "coordinates": [ [ [ -91.133989638258527, 30.26700565824417 ], [ -91.11428201428599, 30.183432133080363 ], [ -91.210445174912081, 30.166315631764228 ], [ -91.230220624192413, 30.249831963429802 ], [ -91.133989638258527, 30.26700565824417 ] ] ] } },
{ "type": "Feature", "properties": { "ID": 42008, "date": "2022-01-11T00:00:00", "smokePM_pred": 2.1280786991119398 }, "geometry": { "type": "Polygon", "coordinates": [ [ [ -89.972828679081786, 30.468183487685707 ], [ -89.953956747883083, 30.383938521848631 ], [ -90.0510940386757, 30.367579219066393 ], [ -90.070037138223768, 30.451769300635085 ], [ -89.972828679081786, 30.468183487685707 ] ] ] } },
{ "type": "Feature", "properties": { "ID": 42009, "date": "2022-01-11T00:00:00", "smokePM_pred": 2.1916880607604998 }, "geometry": { "type": "Polygon", "coordinates": [ [ [ -89.875540404330138, 30.484533012268351 ], [ -89.856739917227756, 30.400233360433884 ], [ -89.953956747883083, 30.383938521848631 ], [ -89.972828679081786, 30.468183487685707 ], [ -89.875540404330138, 30.484533012268351 ] ] ] } },
{ "type": "Feature", "properties": { "ID": 42029, "date": "2022-01-11T00:00:00", "smokePM_pred": 1.28168308734894 }, "geometry": { "type": "Polygon", "coordinates": [ [ [ -87.913425667400304, 30.797626777453129 ], [ -87.896111156919943, 30.712276408419665 ], [ -87.994862178453161, 30.697313802063594 ], [ -88.012253533982332, 30.78261363630585 ], [ -87.913425667400304, 30.797626777453129 ] ] ] } },
{ "type": "Feature", "properties": { "ID": 42030, "date": "2022-01-11T00:00:00", "smokePM_pred": 2.46830058097839 }, "geometry": { "type": "Polygon", "coordinates": [ [ [ -87.814523780581283, 30.812570984643894 ], [ -87.797286378745994, 30.727170297555016 ], [ -87.896111156919943, 30.712276408419665 ], [ -87.913425667400304, 30.797626777453129 ], [ -87.814523780581283, 30.812570984643894 ] ] ] } },
{ "type": "Feature", "properties": { "ID": 42031, "date": "2022-01-11T00:00:00", "smokePM_pred": 1.9498587846755999 }, "geometry": { "type": "Polygon", "coordinates": [ [ [ -87.715548167050557, 30.827446060731617 ], [ -87.698388136770063, 30.741995273184624 ], [ -87.797286378745994, 30.727170297555016 ], [ -87.814523780581283, 30.812570984643894 ], [ -87.715548167050557, 30.827446060731617 ] ] ] } },
{ "type": "Feature", "properties": { "ID": 42032, "date": "2022-01-11T00:00:00", "smokePM_pred": 2.2553749084472701 }, "geometry": { "type": "Polygon", "coordinates": [ [ [ -87.616499121915581, 30.842251809187534 ], [ -87.599416725403145, 30.756751139639377 ], [ -87.698388136770063, 30.741995273184624 ], [ -87.715548167050557, 30.827446060731617 ], [ -87.616499121915581, 30.842251809187534 ] ] ] } },
{ "type": "Feature", "properties": { "ID": 42033, "date": "2022-01-11T00:00:00", "smokePM_pred": 1.7339441776275599 }, "geometry": { "type": "Polygon", "coordinates": [ [ [ -87.517376941863702, 30.856988034107079 ], [ -87.500372440626251, 30.771437701872436 ], [ -87.599416725403145, 30.756751139639377 ], [ -87.616499121915581, 30.842251809187534 ], [ -87.517376941863702, 30.856988034107079 ] ] ] } },
{ "type": "Feature", "properties": { "ID": 42034, "date": "2022-01-11T00:00:00", "smokePM_pred": 1.51399970054626 }, "geometry": { "type": "Polygon", "coordinates": [ [ [ -87.418181925159786, 30.87165454021628 ], [ -87.401255579987989, 30.786054765465554 ], [ -87.500372440626251, 30.771437701872436 ], [ -87.517376941863702, 30.856988034107079 ], [ -87.418181925159786, 30.87165454021628 ] ] ] } },
{ "type": "Feature", "properties": { "ID": 42035, "date": "2022-01-11T00:00:00", "smokePM_pred": 1.7140101194381701 }, "geometry": { "type": "Polygon", "coordinates": [ [ [ -87.318914371643871, 30.886251132878062 ], [ -87.302066442602253, 30.800602136635447 ], [ -87.401255579987989, 30.786054765465554 ], [ -87.418181925159786, 30.87165454021628 ], [ -87.318914371643871, 30.886251132878062 ] ] ] } },
{ "type": "Feature", "properties": { "ID": 42047, "date": "2022-01-11T00:00:00", "smokePM_pred": 1.9994605779647801 }, "geometry": { "type": "Polygon", "coordinates": [ [ [ -86.122157138439761, 31.0558870451861 ], [ -86.106270210131896, 30.96966493881294 ], [ -86.206302771502749, 30.955968752084544 ], [ -86.222271176463877, 31.042144355073386 ], [ -86.122157138439761, 31.0558870451861 ] ] ] } },
{ "type": "Feature", "properties": { "ID": 42048, "date": "2022-01-11T00:00:00", "smokePM_pred": 2.1423714160919198 }, "geometry": { "type": "Polygon", "coordinates": [ [ [ -86.021974603620507, 31.069557352417657 ], [ -86.006169401687572, 30.983288974585125 ], [ -86.106270210131896, 30.96966493881294 ], [ -86.122157138439761, 31.0558870451861 ], [ -86.021974603620507, 31.069557352417657 ] ] ] } },
{ "type": "Feature", "properties": { "ID": 42049, "date": "2022-01-11T00:00:00", "smokePM_pred": 1.5286269187927199 }, "geometry": { "type": "Polygon", "coordinates": [ [ [ -85.921723893600571, 31.083155091713465 ], [ -85.906000666899175, 30.996840675168553 ], [ -86.006169401687572, 30.983288974585125 ], [ -86.021974603620507, 31.069557352417657 ], [ -85.921723893600571, 31.083155091713465 ] ] ] } },
{ "type": "Feature", "properties": { "ID": 42050, "date": "2022-01-11T00:00:00", "smokePM_pred": 1.8966953754425 }, "geometry": { "type": "Polygon", "coordinates": [ [ [ -85.821405331503826, 31.096680078750676 ], [ -85.805764328015641, 31.010319857059841 ], [ -85.906000666899175, 30.996840675168553 ], [ -85.921723893600571, 31.083155091713465 ], [ -85.821405331503826, 31.096680078750676 ] ] ] } },
{ "type": "Feature", "properties": { "ID": 42524, "date": "2022-01-11T00:00:00", "smokePM_pred": 1.7532657384872401 }, "geometry": { "type": "Polygon", "coordinates": [ [ [ -89.894420447396826, 30.568821040820506 ], [ -89.875540404330138, 30.484533012268351 ], [ -89.972828679081786, 30.468183487685707 ], [ -89.991780426158925, 30.552416744949142 ], [ -89.894420447396826, 30.568821040820506 ] ] ] } },
{ "type": "Feature", "properties": { "ID": 42525, "date": "2022-01-11T00:00:00", "smokePM_pred": 1.7033610343933101 }, "geometry": { "type": "Polygon", "coordinates": [ [ [ -89.796980636061534, 30.585160266285175 ], [ -89.778172573882898, 30.500817665736832 ], [ -89.875540404330138, 30.484533012268351 ], [ -89.894420447396826, 30.568821040820506 ], [ -89.796980636061534, 30.585160266285175 ] ] ] } },
{ "type": "Feature", "properties": { "ID": 42545, "date": "2022-01-11T00:00:00", "smokePM_pred": 1.7330391407012899 }, "geometry": { "type": "Polygon", "coordinates": [ [ [ -87.831834909391944, 30.897961804795958 ], [ -87.814523780581283, 30.812570984643894 ], [ -87.913425667400304, 30.797626777453129 ], [ -87.930814198381711, 30.882967197651247 ], [ -87.831834909391944, 30.897961804795958 ] ] ] } },
{ "type": "Feature", "properties": { "ID": 42546, "date": "2022-01-11T00:00:00", "smokePM_pred": 1.59195744991302 }, "geometry": { "type": "Polygon", "coordinates": [ [ [ -87.732781629198612, 30.912887063042184 ], [ -87.715548167050557, 30.827446060731617 ], [ -87.814523780581283, 30.812570984643894 ], [ -87.831834909391944, 30.897961804795958 ], [ -87.732781629198612, 30.912887063042184 ] ] ] } },
{ "type": "Feature", "properties": { "ID": 42547, "date": "2022-01-11T00:00:00", "smokePM_pred": 2.2141592502593999 }, "geometry": { "type": "Polygon", "coordinates": [ [ [ -87.633654653607863, 30.927742774998222 ], [ -87.616499121915581, 30.842251809187534 ], [ -87.715548167050557, 30.827446060731617 ], [ -87.732781629198612, 30.912887063042184 ], [ -87.633654653607863, 30.927742774998222 ] ] ] } },
{ "type": "Feature", "properties": { "ID": 42548, "date": "2022-01-11T00:00:00", "smokePM_pred": 2.25656342506409 }, "geometry": { "type": "Polygon", "coordinates": [ [ [ -87.534454280015723, 30.942528743898446 ], [ -87.517376941863702, 30.856988034107079 ], [ -87.616499121915581, 30.842251809187534 ], [ -87.633654653607863, 30.927742774998222 ], [ -87.534454280015723, 30.942528743898446 ] ] ] } },
{ "type": "Feature", "properties": { "ID": 42549, "date": "2022-01-11T00:00:00", "smokePM_pred": 1.6668459177017201 }, "geometry": { "type": "Polygon", "coordinates": [ [ [ -87.4351808074057, 30.957244773609762 ], [ -87.418181925159786, 30.87165454021628 ], [ -87.517376941863702, 30.856988034107079 ], [ -87.534454280015723, 30.942528743898446 ], [ -87.4351808074057, 30.957244773609762 ] ] ] } },
{ "type": "Feature", "properties": { "ID": 42550, "date": "2022-01-11T00:00:00", "smokePM_pred": 1.78363001346588 }, "geometry": { "type": "Polygon", "coordinates": [ [ [ -87.335834536346511, 30.971890668638036 ], [ -87.318914371643871, 30.886251132878062 ], [ -87.418181925159786, 30.87165454021628 ], [ -87.4351808074057, 30.957244773609762 ], [ -87.335834536346511, 30.971890668638036 ] ] ] } },
{ "type": "Feature", "properties": { "ID": 42562, "date": "2022-01-11T00:00:00", "smokePM_pred": 2.4229423999786399 }, "geometry": { "type": "Polygon", "coordinates": [ [ [ -86.138112563798259, 31.142100643860243 ], [ -86.122157138439761, 31.0558870451861 ], [ -86.222271176463877, 31.042144355073386 ], [ -86.238308398537626, 31.128311372286934 ], [ -86.138112563798259, 31.142100643860243 ] ] ] } },
{ "type": "Feature", "properties": { "ID": 42563, "date": "2022-01-11T00:00:00", "smokePM_pred": 1.83399593830109 }, "geometry": { "type": "Polygon", "coordinates": [ [ [ -86.037847981009051, 31.155817300372533 ], [ -86.021974603620507, 31.069557352417657 ], [ -86.122157138439761, 31.0558870451861 ], [ -86.138112563798259, 31.142100643860243 ], [ -86.037847981009051, 31.155817300372533 ] ] ] } },
{ "type": "Feature", "properties": { "ID": 42564, "date": "2022-01-11T00:00:00", "smokePM_pred": 1.9931291341781601 }, "geometry": { "type": "Polygon", "coordinates": [ [ [ -85.937514972633082, 31.169461155943882 ], [ -85.921723893600571, 31.083155091713465 ], [ -86.021974603620507, 31.069557352417657 ], [ -86.037847981009051, 31.155817300372533 ], [ -85.937514972633082, 31.169461155943882 ] ] ] } },
{ "type": "Feature", "properties": { "ID": 42565, "date": "2022-01-11T00:00:00", "smokePM_pred": 1.8464496135711701 }, "geometry": { "type": "Polygon", "coordinates": [ [ [ -85.837113862672837, 31.183032025428655 ], [ -85.821405331503826, 31.096680078750676 ], [ -85.921723893600571, 31.083155091713465 ], [ -85.937514972633082, 31.169461155943882 ], [ -85.837113862672837, 31.183032025428655 ] ] ] } },
{ "type": "Feature", "properties": { "ID": 42566, "date": "2022-01-11T00:00:00", "smokePM_pred": 1.7564488649368299 }, "geometry": { "type": "Polygon", "coordinates": [ [ [ -85.736644976666597, 31.196529724421755 ], [ -85.721019241979903, 31.110132129944443 ], [ -85.821405331503826, 31.096680078750676 ], [ -85.837113862672837, 31.183032025428655 ], [ -85.736644976666597, 31.196529724421755 ] ] ] } },
{ "type": "Feature", "properties": { "ID": 43061, "date": "2022-01-11T00:00:00", "smokePM_pred": 2.4197344779968302 }, "geometry": { "type": "Polygon", "coordinates": [ [ [ -87.750088787009076, 30.998318233797022 ], [ -87.732781629198612, 30.912887063042184 ], [ -87.831834909391944, 30.897961804795958 ], [ -87.849220029671557, 30.983342711291758 ], [ -87.750088787009076, 30.998318233797022 ] ] ] } },
{ "type": "Feature", "properties": { "ID": 43062, "date": "2022-01-11T00:00:00", "smokePM_pred": 1.8915885686874401 }, "geometry": { "type": "Polygon", "coordinates": [ [ [ -87.650883583566156, 31.013223991151836 ], [ -87.633654653607863, 30.927742774998222 ], [ -87.732781629198612, 30.912887063042184 ], [ -87.750088787009076, 30.998318233797022 ], [ -87.650883583566156, 31.013223991151836 ] ] ] } },
{ "type": "Feature", "properties": { "ID": 43063, "date": "2022-01-11T00:00:00", "smokePM_pred": 1.83943891525269 }, "geometry": { "type": "Polygon", "coordinates": [ [ [ -87.551604717449777, 31.028059785726143 ], [ -87.534454280015723, 30.942528743898446 ], [ -87.633654653607863, 30.927742774998222 ], [ -87.650883583566156, 31.013223991151836 ], [ -87.551604717449777, 31.028059785726143 ] ] ] } },
{ "type": "Feature", "properties": { "ID": 43064, "date": "2022-01-11T00:00:00", "smokePM_pred": 1.7693957090377801 }, "geometry": { "type": "Polygon", "coordinates": [ [ [ -87.452252488364564, 31.042825420524402 ], [ -87.4351808074057, 30.957244773609762 ], [ -87.534454280015723, 30.942528743898446 ], [ -87.551604717449777, 31.028059785726143 ], [ -87.452252488364564, 31.042825420524402 ] ] ] } },
{ "type": "Feature", "properties": { "ID": 43065, "date": "2022-01-11T00:00:00", "smokePM_pred": 1.6117516756057699 }, "geometry": { "type": "Polygon", "coordinates": [ [ [ -87.352827197610353, 31.057520699191965 ], [ -87.335834536346511, 30.971890668638036 ], [ -87.4351808074057, 30.957244773609762 ], [ -87.452252488364564, 31.042825420524402 ], [ -87.352827197610353, 31.057520699191965 ] ] ] } },
{ "type": "Feature", "properties": { "ID": 43078, "date": "2022-01-11T00:00:00", "smokePM_pred": 2.4922471046447798 }, "geometry": { "type": "Polygon", "coordinates": [ [ [ -86.053789784240948, 31.242068778847379 ], [ -86.037847981009051, 31.155817300372533 ], [ -86.138112563798259, 31.142100643860243 ], [ -86.154136737463801, 31.228305694843339 ], [ -86.053789784240948, 31.242068778847379 ] ] ] } },
{ "type": "Feature", "properties": { "ID": 43079, "date": "2022-01-11T00:00:00", "smokePM_pred": 2.10197854042053 }, "geometry": { "type": "Polygon", "coordinates": [ [ [ -85.953374153505791, 31.25575882864629 ], [ -85.937514972633082, 31.169461155943882 ], [ -86.037847981009051, 31.155817300372533 ], [ -86.053789784240948, 31.242068778847379 ], [ -85.953374153505791, 31.25575882864629 ] ] ] } },
{ "type": "Feature", "properties": { "ID": 43080, "date": "2022-01-11T00:00:00", "smokePM_pred": 2.1084744930267298 }, "geometry": { "type": "Polygon", "coordinates": [ [ [ -85.852890170143183, 31.269375658268238 ], [ -85.837113862672837, 31.183032025428655 ], [ -85.937514972633082, 31.169461155943882 ], [ -85.953374153505791, 31.25575882864629 ], [ -85.852890170143183, 31.269375658268238 ] ] ] } },
{ "type": "Feature", "properties": { "ID": 43081, "date": "2022-01-11T00:00:00", "smokePM_pred": 1.68585252761841 }, "geometry": { "type": "Polygon", "coordinates": [ [ [ -85.752338160583776, 31.282919082484593 ], [ -85.736644976666597, 31.196529724421755 ], [ -85.837113862672837, 31.183032025428655 ], [ -85.852890170143183, 31.269375658268238 ], [ -85.752338160583776, 31.282919082484593 ] ] ] } },
{ "type": "Feature", "properties": { "ID": 43578, "date": "2022-01-11T00:00:00", "smokePM_pred": 1.6981066465377801 }, "geometry": { "type": "Polygon", "coordinates": [ [ [ -87.568828518118536, 31.113581113854302 ], [ -87.551604717449777, 31.028059785726143 ], [ -87.650883583566156, 31.013223991151836 ], [ -87.668186176464147, 31.098695411511461 ], [ -87.568828518118536, 31.113581113854302 ] ] ] } },
{ "type": "Feature", "properties": { "ID": 43579, "date": "2022-01-11T00:00:00", "smokePM_pred": 1.7202122211456301 }, "geometry": { "type": "Polygon", "coordinates": [ [ [ -87.469397231257915, 31.128396435624847 ], [ -87.452252488364564, 31.042825420524402 ], [ -87.551604717449777, 31.028059785726143 ], [ -87.568828518118536, 31.113581113854302 ], [ -87.469397231257915, 31.128396435624847 ] ] ] } },
{ "type": "Feature", "properties": { "ID": 43580, "date": "2022-01-11T00:00:00", "smokePM_pred": 1.7204737663269001 }, "geometry": { "type": "Polygon", "coordinates": [ [ [ -87.369892617915724, 31.143141179604598 ], [ -87.352827197610353, 31.057520699191965 ], [ -87.452252488364564, 31.042825420524402 ], [ -87.469397231257915, 31.128396435624847 ], [ -87.369892617915724, 31.143141179604598 ] ] ] } },
{ "type": "Feature", "properties": { "ID": 43593, "date": "2022-01-11T00:00:00", "smokePM_pred": 2.9102146625518799 }, "geometry": { "type": "Polygon", "coordinates": [ [ [ -86.069800265243359, 31.328311748052002 ], [ -86.053789784240948, 31.242068778847379 ], [ -86.154136737463801, 31.228305694843339 ], [ -86.17022991223584, 31.314502157953623 ], [ -86.069800265243359, 31.328311748052002 ] ] ] } },
{ "type": "Feature", "properties": { "ID": 43594, "date": "2022-01-11T00:00:00", "smokePM_pred": 1.9759992361068699 }, "geometry": { "type": "Polygon", "coordinates": [ [ [ -85.969301687263567, 31.342048070421143 ], [ -85.953374153505791, 31.25575882864629 ], [ -86.053789784240948, 31.242068778847379 ], [ -86.069800265243359, 31.328311748052002 ], [ -85.969301687263567, 31.342048070421143 ] ] ] } },
{ "type": "Feature", "properties": { "ID": 43595, "date": "2022-01-11T00:00:00", "smokePM_pred": 2.1747975349426301 }, "geometry": { "type": "Polygon", "coordinates": [ [ [ -85.868734504067348, 31.355710938259747 ], [ -85.852890170143183, 31.269375658268238 ], [ -85.953374153505791, 31.25575882864629 ], [ -85.969301687263567, 31.342048070421143 ], [ -85.868734504067348, 31.355710938259747 ] ] ] } },
{ "type": "Feature", "properties": { "ID": 43596, "date": "2022-01-11T00:00:00", "smokePM_pred": 1.73228240013123 }, "geometry": { "type": "Polygon", "coordinates": [ [ [ -85.768099042981447, 31.369300165512243 ], [ -85.752338160583776, 31.282919082484593 ], [ -85.852890170143183, 31.269375658268238 ], [ -85.868734504067348, 31.355710938259747 ], [ -85.768099042981447, 31.369300165512243 ] ] ] } },
{ "type": "Feature", "properties": { "ID": 44064, "date": "2022-01-11T00:00:00", "smokePM_pred": 1.64482998847961 }, "geometry": { "type": "Polygon", "coordinates": [ [ [ -90.438612022912793, 30.738116767578937 ], [ -90.41913203819233, 30.65414106765358 ], [ -90.516230363045722, 30.637302804513332 ], [ -90.535781418494196, 30.721222490064445 ], [ -90.438612022912793, 30.738116767578937 ] ] ] } },
{ "type": "Feature", "properties": { "ID": 44108, "date": "2022-01-11T00:00:00", "smokePM_pred": 2.68001008033752 }, "geometry": { "type": "Polygon", "coordinates": [ [ [ -86.085879677493054, 31.414546168006769 ], [ -86.069800265243359, 31.328311748052002 ], [ -86.17022991223584, 31.314502157953623 ], [ -86.186392342466959, 31.400689992818155 ], [ -86.085879677493054, 31.414546168006769 ] ] ] } },
{ "type": "Feature", "properties": { "ID": 44109, "date": "2022-01-11T00:00:00", "smokePM_pred": 2.84388279914856 }, "geometry": { "type": "Polygon", "coordinates": [ [ [ -85.98529782649716, 31.428328841681427 ], [ -85.969301687263567, 31.342048070421143 ], [ -86.069800265243359, 31.328311748052002 ], [ -86.085879677493054, 31.414546168006769 ], [ -85.98529782649716, 31.428328841681427 ] ] ] } },
{ "type": "Feature", "properties": { "ID": 44110, "date": "2022-01-11T00:00:00", "smokePM_pred": 2.4554700851440399 }, "geometry": { "type": "Polygon", "coordinates": [ [ [ -85.884647116139817, 31.442037826207898 ], [ -85.868734504067348, 31.355710938259747 ], [ -85.969301687263567, 31.342048070421143 ], [ -85.98529782649716, 31.428328841681427 ], [ -85.884647116139817, 31.442037826207898 ] ] ] } },
{ "type": "Feature", "properties": { "ID": 44111, "date": "2022-01-11T00:00:00", "smokePM_pred": 2.5325977802276598 }, "geometry": { "type": "Polygon", "coordinates": [ [ [ -85.783927874647844, 31.455672934700303 ], [ -85.768099042981447, 31.369300165512243 ], [ -85.868734504067348, 31.355710938259747 ], [ -85.884647116139817, 31.442037826207898 ], [ -85.783927874647844, 31.455672934700303 ] ] ] } },
{ "type": "Feature", "properties": { "ID": 44579, "date": "2022-01-11T00:00:00", "smokePM_pred": 1.81732678413391 }, "geometry": { "type": "Polygon", "coordinates": [ [ [ -90.458173973590661, 30.822080186103666 ], [ -90.438612022912793, 30.738116767578937 ], [ -90.535781418494196, 30.721222490064445 ], [ -90.555414693483158, 30.805129806702887 ], [ -90.458173973590661, 30.822080186103666 ] ] ] } },
{ "type": "Feature", "properties": { "ID": 44580, "date": "2022-01-11T00:00:00", "smokePM_pred": 1.4800561666488601 }, "geometry": { "type": "Polygon", "coordinates": [ [ [ -90.36085100227092, 30.838965767207995 ], [ -90.341360661649517, 30.754946442045796 ], [ -90.438612022912793, 30.738116767578937 ], [ -90.458173973590661, 30.822080186103666 ], [ -90.36085100227092, 30.838965767207995 ] ] ] } },
{ "type": "Feature", "properties": { "ID": 44625, "date": "2022-01-11T00:00:00", "smokePM_pred": 2.92852878570557 }, "geometry": { "type": "Polygon", "coordinates": [ [ [ -85.900628259607345, 31.528356282730407 ], [ -85.884647116139817, 31.442037826207898 ], [ -85.98529782649716, 31.428328841681427 ], [ -86.001362825353155, 31.514601102651238 ], [ -85.900628259607345, 31.528356282730407 ] ] ] } },
{ "type": "Feature", "properties": { "ID": 44626, "date": "2022-01-11T00:00:00", "smokePM_pred": 2.49830865859985 }, "geometry": { "type": "Polygon", "coordinates": [ [ [ -85.799824907919501, 31.54203735105926 ], [ -85.783927874647844, 31.455672934700303 ], [ -85.884647116139817, 31.442037826207898 ], [ -85.900628259607345, 31.528356282730407 ], [ -85.799824907919501, 31.54203735105926 ] ] ] } },
{ "type": "Feature", "properties": { "ID": 47136, "date": "2022-01-11T00:00:00", "smokePM_pred": 4.4312014579773003 }, "geometry": { "type": "Polygon", "coordinates": [ [ [ -92.300995640236778, 30.921682354702245 ], [ -92.279758151692207, 30.838828097330197 ], [ -92.375743227760836, 30.820509877403111 ], [ -92.397047955528251, 30.903304224609695 ], [ -92.300995640236778, 30.921682354702245 ] ] ] } },
{ "type": "Feature", "properties": { "ID": 47138, "date": "2022-01-11T00:00:00", "smokePM_pred": 4.1568703651428196 }, "geometry": { "type": "Polygon", "coordinates": [ [ [ -92.108627072124094, 30.958253138973863 ], [ -92.087524963126612, 30.875279599018281 ], [ -92.183685321195611, 30.85708474654265 ], [ -92.204855270061657, 30.939998735144879 ], [ -92.108627072124094, 30.958253138973863 ] ] ] } },
{ "type": "Feature", "properties": { "ID": 47651, "date": "2022-01-11T00:00:00", "smokePM_pred": 4.78293657302856 }, "geometry": { "type": "Polygon", "coordinates": [ [ [ -92.322321183948773, 31.004522343085803 ], [ -92.300995640236778, 30.921682354702245 ], [ -92.397047955528251, 30.903304224609695 ], [ -92.418440963881395, 30.986084211408194 ], [ -92.322321183948773, 31.004522343085803 ] ] ] } },
{ "type": "Feature", "properties": { "ID": 47652, "date": "2022-01-11T00:00:00", "smokePM_pred": 4.2114377021789604 }, "geometry": { "type": "Polygon", "coordinates": [ [ [ -92.226113046974106, 31.022898546127784 ], [ -92.204855270061657, 30.939998735144879 ], [ -92.300995640236778, 30.921682354702245 ], [ -92.322321183948773, 31.004522343085803 ], [ -92.226113046974106, 31.022898546127784 ] ] ] } },
{ "type": "Feature", "properties": { "ID": 47653, "date": "2022-01-11T00:00:00", "smokePM_pred": 3.7443883419036901 }, "geometry": { "type": "Polygon", "coordinates": [ [ [ -92.129816780343049, 31.041212592625616 ], [ -92.108627072124094, 30.958253138973863 ], [ -92.204855270061657, 30.939998735144879 ], [ -92.226113046974106, 31.022898546127784 ], [ -92.129816780343049, 31.041212592625616 ] ] ] } },
{ "type": "Feature", "properties": { "ID": 48157, "date": "2022-01-11T00:00:00", "smokePM_pred": 2.74608254432678 }, "geometry": { "type": "Polygon", "coordinates": [ [ [ -93.206203774189902, 30.918655666002937 ], [ -93.184191628040637, 30.836377186306731 ], [ -93.27950624434294, 30.817392007238741 ], [ -93.301583335730712, 30.899608824894568 ], [ -93.206203774189902, 30.918655666002937 ] ] ] } },
{ "type": "Feature", "properties": { "ID": 48158, "date": "2022-01-11T00:00:00", "smokePM_pred": 2.2878985404968302 }, "geometry": { "type": "Polygon", "coordinates": [ [ [ -93.110733580226452, 30.937642473812534 ], [ -93.088786685118265, 30.855302502570289 ], [ -93.184191628040637, 30.836377186306731 ], [ -93.206203774189902, 30.918655666002937 ], [ -93.110733580226452, 30.937642473812534 ] ] ] } },
{ "type": "Feature", "properties": { "ID": 48177, "date": "2022-01-11T00:00:00", "smokePM_pred": 2.4738712310790998 }, "geometry": { "type": "Polygon", "coordinates": [ [ [ -91.279872228818718, 31.286679194686052 ], [ -91.259222913897602, 31.203204539930393 ], [ -91.356301831970029, 31.185460098373309 ], [ -91.37702216367002, 31.268876681185823 ], [ -91.279872228818718, 31.286679194686052 ] ] ] } },
{ "type": "Feature", "properties": { "ID": 48178, "date": "2022-01-11T00:00:00", "smokePM_pred": 2.3450801372528098 }, "geometry": { "type": "Polygon", "coordinates": [ [ [ -91.182636232161755, 31.304417103423621 ], [ -91.162058234447215, 31.220884566167289 ], [ -91.259222913897602, 31.203204539930393 ], [ -91.279872228818718, 31.286679194686052 ], [ -91.182636232161755, 31.304417103423621 ] ] ] } },
{ "type": "Feature", "properties": { "ID": 48179, "date": "2022-01-11T00:00:00", "smokePM_pred": 2.6888594627380402 }, "geometry": { "type": "Polygon", "coordinates": [ [ [ -91.085314420361144, 31.32209018275427 ], [ -91.06480803990739, 31.238499953382604 ], [ -91.162058234447215, 31.220884566167289 ], [ -91.182636232161755, 31.304417103423621 ], [ -91.085314420361144, 31.32209018275427 ] ] ] } },
{ "type": "Feature", "properties": { "ID": 48180, "date": "2022-01-11T00:00:00", "smokePM_pred": 2.6306273937225302 }, "geometry": { "type": "Polygon", "coordinates": [ [ [ -90.987907041811738, 31.339698208456625 ], [ -90.967472578289289, 31.256050478297187 ], [ -91.06480803990739, 31.238499953382604 ], [ -91.085314420361144, 31.32209018275427 ], [ -90.987907041811738, 31.339698208456625 ] ] ] } },
{ "type": "Feature", "properties": { "ID": 48181, "date": "2022-01-11T00:00:00", "smokePM_pred": 2.26122379302979 }, "geometry": { "type": "Polygon", "coordinates": [ [ [ -90.890414346641592, 31.357240956738956 ], [ -90.870052099327012, 31.273535918060784 ], [ -90.967472578289289, 31.256050478297187 ], [ -90.987907041811738, 31.339698208456625 ], [ -90.890414346641592, 31.357240956738956 ] ] ] } },
{ "type": "Feature", "properties": { "ID": 48265, "date": "2022-01-11T00:00:00", "smokePM_pred": 1.8319389820098899 }, "geometry": { "type": "Polygon", "coordinates": [ [ [ -82.425873873037361, 32.576110476173127 ], [ -82.412582277464338, 32.488371236088447 ], [ -82.516078580513252, 32.477089620331093 ], [ -82.529465034992569, 32.564790907688042 ], [ -82.425873873037361, 32.576110476173127 ] ] ] } },
{ "type": "Feature", "properties": { "ID": 48266, "date": "2022-01-11T00:00:00", "smokePM_pred": 1.8379752635955799 }, "geometry": { "type": "Polygon", "coordinates": [ [ [ -82.322224845939544, 32.587348033200819 ], [ -82.30902833595816, 32.499571106094457 ], [ -82.412582277464338, 32.488371236088447 ], [ -82.425873873037361, 32.576110476173127 ], [ -82.322224845939544, 32.587348033200819 ] ] ] } },
{ "type": "Feature", "properties": { "ID": 48267, "date": "2022-01-11T00:00:00", "smokePM_pred": 1.67420589923859 }, "geometry": { "type": "Polygon", "coordinates": [ [ [ -82.218518345438326, 32.59850341716065 ], [ -82.205417146420146, 32.510689069476655 ], [ -82.30902833595816, 32.499571106094457 ], [ -82.322224845939544, 32.587348033200819 ], [ -82.218518345438326, 32.59850341716065 ] ] ] } },
{ "type": "Feature", "properties": { "ID": 48268, "date": "2022-01-11T00:00:00", "smokePM_pred": 1.66284132003784 }, "geometry": { "type": "Polygon", "coordinates": [ [ [ -82.11475476472134, 32.609576467448839 ], [ -82.101749100714002, 32.521724966365255 ], [ -82.205417146420146, 32.510689069476655 ], [ -82.218518345438326, 32.59850341716065 ], [ -82.11475476472134, 32.609576467448839 ] ] ] } },
{ "type": "Feature", "properties": { "ID": 48692, "date": "2022-01-11T00:00:00", "smokePM_pred": 2.5679903030395499 }, "geometry": { "type": "Polygon", "coordinates": [ [ [ -91.300607605834244, 31.370140455907695 ], [ -91.279872228818718, 31.286679194686052 ], [ -91.37702216367002, 31.268876681185823 ], [ -91.397828802394073, 31.35227977894089 ], [ -91.300607605834244, 31.370140455907695 ] ] ] } },
{ "type": "Feature", "properties": { "ID": 48693, "date": "2022-01-11T00:00:00", "smokePM_pred": 2.2646389007568399 }, "geometry": { "type": "Polygon", "coordinates": [ [ [ -91.203300045308723, 31.387936338583081 ], [ -91.182636232161755, 31.304417103423621 ], [ -91.279872228818718, 31.286679194686052 ], [ -91.300607605834244, 31.370140455907695 ], [ -91.203300045308723, 31.387936338583081 ] ] ] } },
{ "type": "Feature", "properties": { "ID": 48694, "date": "2022-01-11T00:00:00", "smokePM_pred": 2.05886602401733 }, "geometry": { "type": "Polygon", "coordinates": [ [ [ -91.105906367852555, 31.405667201376449 ], [ -91.085314420361144, 31.32209018275427 ], [ -91.182636232161755, 31.304417103423621 ], [ -91.203300045308723, 31.387936338583081 ], [ -91.105906367852555, 31.405667201376449 ] ] ] } },
{ "type": "Feature", "properties": { "ID": 48695, "date": "2022-01-11T00:00:00", "smokePM_pred": 2.5244348049163801 }, "geometry": { "type": "Polygon", "coordinates": [ [ [ -91.008426822243848, 31.423332819120777 ], [ -90.987907041811738, 31.339698208456625 ], [ -91.085314420361144, 31.32209018275427 ], [ -91.105906367852555, 31.405667201376449 ], [ -91.008426822243848, 31.423332819120777 ] ] ] } },
{ "type": "Feature", "properties": { "ID": 48696, "date": "2022-01-11T00:00:00", "smokePM_pred": 2.8105549812316899 }, "geometry": { "type": "Polygon", "coordinates": [ [ [ -90.910861659004297, 31.440932967079387 ], [ -90.890414346641592, 31.357240956738956 ], [ -90.987907041811738, 31.339698208456625 ], [ -91.008426822243848, 31.423332819120777 ], [ -90.910861659004297, 31.440932967079387 ] ] ] } },
{ "type": "Feature", "properties": { "ID": 48697, "date": "2022-01-11T00:00:00", "smokePM_pred": 2.4889373779296902 }, "geometry": { "type": "Polygon", "coordinates": [ [ [ -90.813211130399438, 31.458467420952676 ], [ -90.792836586712269, 31.37471820424582 ], [ -90.890414346641592, 31.357240956738956 ], [ -90.910861659004297, 31.440932967079387 ], [ -90.813211130399438, 31.458467420952676 ] ] ] } },
{ "type": "Feature", "properties": { "ID": 48779, "date": "2022-01-11T00:00:00", "smokePM_pred": 1.7110614776611299 }, "geometry": { "type": "Polygon", "coordinates": [ [ [ -82.542909745141912, 32.652486045460357 ], [ -82.529465034992569, 32.564790907688042 ], [ -82.632997941521509, 32.5533894903568 ], [ -82.646537671410471, 32.641046339697311 ], [ -82.542909745141912, 32.652486045460357 ] ] ] } },
{ "type": "Feature", "properties": { "ID": 48780, "date": "2022-01-11T00:00:00", "smokePM_pred": 1.746697306633 }, "geometry": { "type": "Polygon", "coordinates": [ [ [ -82.439223333995599, 32.663843637019056 ], [ -82.425873873037361, 32.576110476173127 ], [ -82.529465034992569, 32.564790907688042 ], [ -82.542909745141912, 32.652486045460357 ], [ -82.439223333995599, 32.663843637019056 ] ] ] } },
{ "type": "Feature", "properties": { "ID": 48781, "date": "2022-01-11T00:00:00", "smokePM_pred": 1.7508907318115201 }, "geometry": { "type": "Polygon", "coordinates": [ [ [ -82.335478829565773, 32.675118951016813 ], [ -82.322224845939544, 32.587348033200819 ], [ -82.425873873037361, 32.576110476173127 ], [ -82.439223333995599, 32.663843637019056 ], [ -82.335478829565773, 32.675118951016813 ] ] ] } },
{ "type": "Feature", "properties": { "ID": 48782, "date": "2022-01-11T00:00:00", "smokePM_pred": 1.7875050306320199 }, "geometry": { "type": "Polygon", "coordinates": [ [ [ -82.23167662491251, 32.686311825101775 ], [ -82.218518345438326, 32.59850341716065 ], [ -82.322224845939544, 32.587348033200819 ], [ -82.335478829565773, 32.675118951016813 ], [ -82.23167662491251, 32.686311825101775 ] ] ] } },
{ "type": "Feature", "properties": { "ID": 48783, "date": "2022-01-11T00:00:00", "smokePM_pred": 1.6819363832473799 }, "geometry": { "type": "Polygon", "coordinates": [ [ [ -82.127817114554588, 32.697422097932893 ], [ -82.11475476472134, 32.609576467448839 ], [ -82.218518345438326, 32.59850341716065 ], [ -82.23167662491251, 32.686311825101775 ], [ -82.127817114554588, 32.697422097932893 ] ] ] } },
{ "type": "Feature", "properties": { "ID": 48784, "date": "2022-01-11T00:00:00", "smokePM_pred": 1.79277563095093 }, "geometry": { "type": "Polygon", "coordinates": [ [ [ -82.023900694462242, 32.708449609186054 ], [ -82.010934498417413, 32.620567024474468 ], [ -82.11475476472134, 32.609576467448839 ], [ -82.127817114554588, 32.697422097932893 ], [ -82.023900694462242, 32.708449609186054 ] ] ] } },
{ "type": "Feature", "properties": { "ID": 48785, "date": "2022-01-11T00:00:00", "smokePM_pred": 2.0118665695190399 }, "geometry": { "type": "Polygon", "coordinates": [ [ [ -81.919927762049838, 32.719394199560021 ], [ -81.907057942589347, 32.631474929665345 ], [ -82.010934498417413, 32.620567024474468 ], [ -82.023900694462242, 32.708449609186054 ], [ -81.919927762049838, 32.719394199560021 ] ] ] } },
{ "type": "Feature", "properties": { "ID": 49207, "date": "2022-01-11T00:00:00", "smokePM_pred": 2.6597409248352002 }, "geometry": { "type": "Polygon", "coordinates": [ [ [ -91.321429347105905, 31.453588260091358 ], [ -91.300607605834244, 31.370140455907695 ], [ -91.397828802394073, 31.35227977894089 ], [ -91.418722050666616, 31.4356693277118 ], [ -91.321429347105905, 31.453588260091358 ] ] ] } },
{ "type": "Feature", "properties": { "ID": 49208, "date": "2022-01-11T00:00:00", "smokePM_pred": 2.6317367553710902 }, "geometry": { "type": "Polygon", "coordinates": [ [ [ -91.224049975676863, 31.471442208564742 ], [ -91.203300045308723, 31.387936338583081 ], [ -91.300607605834244, 31.370140455907695 ], [ -91.321429347105905, 31.453588260091358 ], [ -91.224049975676863, 31.471442208564742 ] ] ] } },
{ "type": "Feature", "properties": { "ID": 49209, "date": "2022-01-11T00:00:00", "smokePM_pred": 2.43279981613159 }, "geometry": { "type": "Polygon", "coordinates": [ [ [ -91.12658418378706, 31.489230946591579 ], [ -91.105906367852555, 31.405667201376449 ], [ -91.203300045308723, 31.387936338583081 ], [ -91.224049975676863, 31.471442208564742 ], [ -91.12658418378706, 31.489230946591579 ] ] ] } },
{ "type": "Feature", "properties": { "ID": 49210, "date": "2022-01-11T00:00:00", "smokePM_pred": 3.0015578269958501 }, "geometry": { "type": "Polygon", "coordinates": [ [ [ -91.029032220597486, 31.506954248055749 ], [ -91.008426822243848, 31.423332819120777 ], [ -91.105906367852555, 31.405667201376449 ], [ -91.12658418378706, 31.489230946591579 ], [ -91.029032220597486, 31.506954248055749 ] ] ] } },
{ "type": "Feature", "properties": { "ID": 49211, "date": "2022-01-11T00:00:00", "smokePM_pred": 2.7981448173522998 }, "geometry": { "type": "Polygon", "coordinates": [ [ [ -90.931394337023036, 31.52461188727219 ], [ -90.910861659004297, 31.440932967079387 ], [ -91.008426822243848, 31.423332819120777 ], [ -91.029032220597486, 31.506954248055749 ], [ -90.931394337023036, 31.52461188727219 ] ] ] } },
{ "type": "Feature", "properties": { "ID": 49212, "date": "2022-01-11T00:00:00", "smokePM_pred": 2.6609594821929901 }, "geometry": { "type": "Polygon", "coordinates": [ [ [ -90.83367078573292, 31.542203638993627 ], [ -90.813211130399438, 31.458467420952676 ], [ -90.910861659004297, 31.440932967079387 ], [ -90.931394337023036, 31.52461188727219 ], [ -90.83367078573292, 31.542203638993627 ] ] ] } },
{ "type": "Feature", "properties": { "ID": 49213, "date": "2022-01-11T00:00:00", "smokePM_pred": 2.4944992065429701 }, "geometry": { "type": "Polygon", "coordinates": [ [ [ -90.735861821150991, 31.559729278417379 ], [ -90.715475490438962, 31.475935956884872 ], [ -90.813211130399438, 31.458467420952676 ], [ -90.83367078573292, 31.542203638993627 ], [ -90.735861821150991, 31.559729278417379 ] ] ] } },
{ "type": "Feature", "properties": { "ID": 49294, "date": "2022-01-11T00:00:00", "smokePM_pred": 1.6022585630416899 }, "geometry": { "type": "Polygon", "coordinates": [ [ [ -82.556412940414504, 32.740175005828256 ], [ -82.542909745141912, 32.652486045460357 ], [ -82.646537671410471, 32.641046339697311 ], [ -82.66013627654516, 32.728696940524785 ], [ -82.556412940414504, 32.740175005828256 ] ] ] } },
{ "type": "Feature", "properties": { "ID": 49295, "date": "2022-01-11T00:00:00", "smokePM_pred": 1.8219423294067401 }, "geometry": { "type": "Polygon", "coordinates": [ [ [ -82.452630888481664, 32.751570691173342 ], [ -82.439223333995599, 32.663843637019056 ], [ -82.542909745141912, 32.652486045460357 ], [ -82.556412940414504, 32.740175005828256 ], [ -82.452630888481664, 32.751570691173342 ] ] ] } },
{ "type": "Feature", "properties": { "ID": 49296, "date": "2022-01-11T00:00:00", "smokePM_pred": 1.9140975475311299 }, "geometry": { "type": "Polygon", "coordinates": [ [ [ -82.348790513658543, 32.762883832454655 ], [ -82.335478829565773, 32.675118951016813 ], [ -82.439223333995599, 32.663843637019056 ], [ -82.452630888481664, 32.751570691173342 ], [ -82.348790513658543, 32.762883832454655 ] ] ] } },
{ "type": "Feature", "properties": { "ID": 49297, "date": "2022-01-11T00:00:00", "smokePM_pred": 1.5324277877807599 }, "geometry": { "type": "Polygon", "coordinates": [ [ [ -82.244892210333234, 32.774114266575644 ], [ -82.23167662491251, 32.686311825101775 ], [ -82.335478829565773, 32.675118951016813 ], [ -82.348790513658543, 32.762883832454655 ], [ -82.244892210333234, 32.774114266575644 ] ] ] } },
{ "type": "Feature", "properties": { "ID": 49298, "date": "2022-01-11T00:00:00", "smokePM_pred": 1.7948591709137001 }, "geometry": { "type": "Polygon", "coordinates": [ [ [ -82.140936374362937, 32.785261831454669 ], [ -82.127817114554588, 32.697422097932893 ], [ -82.23167662491251, 32.686311825101775 ], [ -82.244892210333234, 32.774114266575644 ], [ -82.140936374362937, 32.785261831454669 ] ] ] } },
{ "type": "Feature", "properties": { "ID": 49299, "date": "2022-01-11T00:00:00", "smokePM_pred": 1.8652825355529801 }, "geometry": { "type": "Polygon", "coordinates": [ [ [ -82.036923403066581, 32.796326366031046 ], [ -82.023900694462242, 32.708449609186054 ], [ -82.127817114554588, 32.697422097932893 ], [ -82.140936374362937, 32.785261831454669 ], [ -82.036923403066581, 32.796326366031046 ] ] ] } },
{ "type": "Feature", "properties": { "ID": 49300, "date": "2022-01-11T00:00:00", "smokePM_pred": 1.78683078289032 }, "geometry": { "type": "Polygon", "coordinates": [ [ [ -81.932853695217545, 32.807307710271225 ], [ -81.919927762049838, 32.719394199560021 ], [ -82.023900694462242, 32.708449609186054 ], [ -82.036923403066581, 32.796326366031046 ], [ -81.932853695217545, 32.807307710271225 ] ] ] } },
{ "type": "Feature", "properties": { "ID": 49722, "date": "2022-01-11T00:00:00", "smokePM_pred": 2.9750199317932098 }, "geometry": { "type": "Polygon", "coordinates": [ [ [ -91.342337756538001, 31.537022543430268 ], [ -91.321429347105905, 31.453588260091358 ], [ -91.418722050666616, 31.4356693277118 ], [ -91.43970221275417, 31.519045263267401 ], [ -91.342337756538001, 31.537022543430268 ] ] ] } },
{ "type": "Feature", "properties": { "ID": 49723, "date": "2022-01-11T00:00:00", "smokePM_pred": 2.4895169734954798 }, "geometry": { "type": "Polygon", "coordinates": [ [ [ -91.24488632679801, 31.55493464998656 ], [ -91.224049975676863, 31.471442208564742 ], [ -91.321429347105905, 31.453588260091358 ], [ -91.342337756538001, 31.537022543430268 ], [ -91.24488632679801, 31.55493464998656 ] ] ] } },
{ "type": "Feature", "properties": { "ID": 49724, "date": "2022-01-11T00:00:00", "smokePM_pred": 2.53293061256409 }, "geometry": { "type": "Polygon", "coordinates": [ [ [ -91.147348171313681, 31.572781355442689 ], [ -91.12658418378706, 31.489230946591579 ], [ -91.224049975676863, 31.471442208564742 ], [ -91.24488632679801, 31.55493464998656 ], [ -91.147348171313681, 31.572781355442689 ] ] ] } },
{ "type": "Feature", "properties": { "ID": 49725, "date": "2022-01-11T00:00:00", "smokePM_pred": 2.6097149848938002 }, "geometry": { "type": "Polygon", "coordinates": [ [ [ -91.049723539628374, 31.59056243273 ], [ -91.029032220597486, 31.506954248055749 ], [ -91.12658418378706, 31.489230946591579 ], [ -91.147348171313681, 31.572781355442689 ], [ -91.049723539628374, 31.59056243273 ] ] ] } },
{ "type": "Feature", "properties": { "ID": 49726, "date": "2022-01-11T00:00:00", "smokePM_pred": 2.51011419296265 }, "geometry": { "type": "Polygon", "coordinates": [ [ [ -90.952012683049858, 31.60827765521152 ], [ -90.931394337023036, 31.52461188727219 ], [ -91.029032220597486, 31.506954248055749 ], [ -91.049723539628374, 31.59056243273 ], [ -90.952012683049858, 31.60827765521152 ] ] ] } },
{ "type": "Feature", "properties": { "ID": 49727, "date": "2022-01-11T00:00:00", "smokePM_pred": 2.4432783126831099 }, "geometry": { "type": "Polygon", "coordinates": [ [ [ -90.854215854650718, 31.625926796688816 ], [ -90.83367078573292, 31.542203638993627 ], [ -90.931394337023036, 31.52461188727219 ], [ -90.952012683049858, 31.60827765521152 ], [ -90.854215854650718, 31.625926796688816 ] ] ] } },
{ "type": "Feature", "properties": { "ID": 49728, "date": "2022-01-11T00:00:00", "smokePM_pred": 2.5474231243133501 }, "geometry": { "type": "Polygon", "coordinates": [ [ [ -90.756333309268626, 31.643509631408847 ], [ -90.735861821150991, 31.559729278417379 ], [ -90.83367078573292, 31.542203638993627 ], [ -90.854215854650718, 31.625926796688816 ], [ -90.756333309268626, 31.643509631408847 ] ] ] } },
{ "type": "Feature", "properties": { "ID": 49809, "date": "2022-01-11T00:00:00", "smokePM_pred": 1.5111886262893699 }, "geometry": { "type": "Polygon", "coordinates": [ [ [ -82.56997485173649, 32.827857760837745 ], [ -82.556412940414504, 32.740175005828256 ], [ -82.66013627654516, 32.728696940524785 ], [ -82.67379398915898, 32.816341264514769 ], [ -82.56997485173649, 32.827857760837745 ] ] ] } },
{ "type": "Feature", "properties": { "ID": 49810, "date": "2022-01-11T00:00:00", "smokePM_pred": 1.61601758003235 }, "geometry": { "type": "Polygon", "coordinates": [ [ [ -82.466096766104073, 32.839291611050726 ], [ -82.452630888481664, 32.751570691173342 ], [ -82.556412940414504, 32.740175005828256 ], [ -82.56997485173649, 32.827857760837745 ], [ -82.466096766104073, 32.839291611050726 ] ] ] } },
{ "type": "Feature", "properties": { "ID": 49811, "date": "2022-01-11T00:00:00", "smokePM_pred": 1.4795857667923 }, "geometry": { "type": "Polygon", "coordinates": [ [ [ -82.362160126498324, 32.850642650296187 ], [ -82.348790513658543, 32.762883832454655 ], [ -82.452630888481664, 32.751570691173342 ], [ -82.466096766104073, 32.839291611050726 ], [ -82.362160126498324, 32.850642650296187 ] ] ] } },
{ "type": "Feature", "properties": { "ID": 49812, "date": "2022-01-11T00:00:00", "smokePM_pred": 1.63602578639984 }, "geometry": { "type": "Polygon", "coordinates": [ [ [ -82.258165328642619, 32.861910714729476 ], [ -82.244892210333234, 32.774114266575644 ], [ -82.348790513658543, 32.762883832454655 ], [ -82.362160126498324, 32.850642650296187 ], [ -82.258165328642619, 32.861910714729476 ] ] ] } },
{ "type": "Feature", "properties": { "ID": 49813, "date": "2022-01-11T00:00:00", "smokePM_pred": 1.6029791831970199 }, "geometry": { "type": "Polygon", "coordinates": [ [ [ -82.154112769739754, 32.873095641524912 ], [ -82.140936374362937, 32.785261831454669 ], [ -82.244892210333234, 32.774114266575644 ], [ -82.258165328642619, 32.861910714729476 ], [ -82.154112769739754, 32.873095641524912 ] ] ] } },
{ "type": "Feature", "properties": { "ID": 49814, "date": "2022-01-11T00:00:00", "smokePM_pred": 1.5052865743637101 }, "geometry": { "type": "Polygon", "coordinates": [ [ [ -82.0500028484648, 32.884197268882005 ], [ -82.036923403066581, 32.796326366031046 ], [ -82.140936374362937, 32.785261831454669 ], [ -82.154112769739754, 32.873095641524912 ], [ -82.0500028484648, 32.884197268882005 ] ] ] } },
{ "type": "Feature", "properties": { "ID": 49815, "date": "2022-01-11T00:00:00", "smokePM_pred": 1.63644230365753 }, "geometry": { "type": "Polygon", "coordinates": [ [ [ -81.945835964957539, 32.895215436031478 ], [ -81.932853695217545, 32.807307710271225 ], [ -82.036923403066581, 32.796326366031046 ], [ -82.0500028484648, 32.884197268882005 ], [ -81.945835964957539, 32.895215436031478 ] ] ] } },
{ "type": "Feature", "properties": { "ID": 50241, "date": "2022-01-11T00:00:00", "smokePM_pred": 2.70238208770752 }, "geometry": { "type": "Polygon", "coordinates": [ [ [ -90.972717001191526, 31.691930208493506 ], [ -90.952012683049858, 31.60827765521152 ], [ -91.049723539628374, 31.59056243273 ], [ -91.070501083846608, 31.674157310312193 ], [ -90.972717001191526, 31.691930208493506 ] ] ] } },
{ "type": "Feature", "properties": { "ID": 50242, "date": "2022-01-11T00:00:00", "smokePM_pred": 2.6393563747406001 }, "geometry": { "type": "Polygon", "coordinates": [ [ [ -90.874846640845675, 31.709636832062152 ], [ -90.854215854650718, 31.625926796688816 ], [ -90.952012683049858, 31.60827765521152 ], [ -90.972717001191526, 31.691930208493506 ], [ -90.874846640845675, 31.709636832062152 ] ] ] } },
{ "type": "Feature", "properties": { "ID": 50324, "date": "2022-01-11T00:00:00", "smokePM_pred": 1.9684426784515401 }, "geometry": { "type": "Polygon", "coordinates": [ [ [ -82.583595711517404, 32.915534282399427 ], [ -82.56997485173649, 32.827857760837745 ], [ -82.67379398915898, 32.816341264514769 ], [ -82.687511042975629, 32.903979283205409 ], [ -82.583595711517404, 32.915534282399427 ] ] ] } },
{ "type": "Feature", "properties": { "ID": 50325, "date": "2022-01-11T00:00:00", "smokePM_pred": 1.5709091424942001 }, "geometry": { "type": "Polygon", "coordinates": [ [ [ -82.47962119794758, 32.927006368932588 ], [ -82.466096766104073, 32.839291611050726 ], [ -82.56997485173649, 32.827857760837745 ], [ -82.583595711517404, 32.915534282399427 ], [ -82.47962119794758, 32.927006368932588 ] ] ] } },
{ "type": "Feature", "properties": { "ID": 50326, "date": "2022-01-11T00:00:00", "smokePM_pred": 1.62729740142822 }, "geometry": { "type": "Polygon", "coordinates": [ [ [ -82.375587897834677, 32.938395377191803 ], [ -82.362160126498324, 32.850642650296187 ], [ -82.466096766104073, 32.839291611050726 ], [ -82.47962119794758, 32.927006368932588 ], [ -82.375587897834677, 32.938395377191803 ] ] ] } },
{ "type": "Feature", "properties": { "ID": 50327, "date": "2022-01-11T00:00:00", "smokePM_pred": 1.6291656494140601 }, "geometry": { "type": "Polygon", "coordinates": [ [ [ -82.271496208244471, 32.949701142580899 ], [ -82.258165328642619, 32.861910714729476 ], [ -82.362160126498324, 32.850642650296187 ], [ -82.375587897834677, 32.938395377191803 ], [ -82.271496208244471, 32.949701142580899 ] ] ] } },
{ "type": "Feature", "properties": { "ID": 50328, "date": "2022-01-11T00:00:00", "smokePM_pred": 1.60842168331146 }, "geometry": { "type": "Polygon", "coordinates": [ [ [ -82.167346527732818, 32.960923501526828 ], [ -82.154112769739754, 32.873095641524912 ], [ -82.258165328642619, 32.861910714729476 ], [ -82.271496208244471, 32.949701142580899 ], [ -82.167346527732818, 32.960923501526828 ] ] ] } },
{ "type": "Feature", "properties": { "ID": 50329, "date": "2022-01-11T00:00:00", "smokePM_pred": 1.5692552328109699 }, "geometry": { "type": "Polygon", "coordinates": [ [ [ -82.063139256338189, 32.972062291485855 ], [ -82.0500028484648, 32.884197268882005 ], [ -82.154112769739754, 32.873095641524912 ], [ -82.167346527732818, 32.960923501526828 ], [ -82.063139256338189, 32.972062291485855 ] ] ] } },
{ "type": "Feature", "properties": { "ID": 50330, "date": "2022-01-11T00:00:00", "smokePM_pred": 1.8808286190032999 }, "geometry": { "type": "Polygon", "coordinates": [ [ [ -81.958874795574374, 32.983117350949634 ], [ -81.945835964957539, 32.895215436031478 ], [ -82.0500028484648, 32.884197268882005 ], [ -82.063139256338189, 32.972062291485855 ], [ -81.958874795574374, 32.983117350949634 ] ] ] } },
{ "type": "Feature", "properties": { "ID": 50335, "date": "2022-01-11T00:00:00", "smokePM_pred": 2.26371550559998 }, "geometry": { "type": "Polygon", "coordinates": [ [ [ -81.436708806508094, 33.037131111299757 ], [ -81.424161220411619, 32.949048814693434 ], [ -81.528606862246221, 32.938450323602368 ], [ -81.541253140310985, 33.026497090269082 ], [ -81.436708806508094, 33.037131111299757 ] ] ] } },
{ "type": "Feature", "properties": { "ID": 50336, "date": "2022-01-11T00:00:00", "smokePM_pred": 2.2108335494995099 }, "geometry": { "type": "Polygon", "coordinates": [ [ [ -81.332109722969975, 33.047680454870566 ], [ -81.319661047517442, 32.959562902956542 ], [ -81.424161220411619, 32.949048814693434 ], [ -81.436708806508094, 33.037131111299757 ], [ -81.332109722969975, 33.047680454870566 ] ] ] } },
{ "type": "Feature", "properties": { "ID": 50337, "date": "2022-01-11T00:00:00", "smokePM_pred": 2.5339324474334699 }, "geometry": { "type": "Polygon", "coordinates": [ [ [ -81.227456301320814, 33.058144966891199 ], [ -81.215106753741864, 32.969992435009992 ], [ -81.319661047517442, 32.959562902956542 ], [ -81.332109722969975, 33.047680454870566 ], [ -81.227456301320814, 33.058144966891199 ] ] ] } },
{ "type": "Feature", "properties": { "ID": 50840, "date": "2022-01-11T00:00:00", "smokePM_pred": 1.5900028944015501 }, "geometry": { "type": "Polygon", "coordinates": [ [ [ -82.493204416583708, 33.014714936965703 ], [ -82.47962119794758, 32.927006368932588 ], [ -82.583595711517404, 32.915534282399427 ], [ -82.597275753660611, 33.003204542287371 ], [ -82.493204416583708, 33.014714936965703 ] ] ] } },
{ "type": "Feature", "properties": { "ID": 50841, "date": "2022-01-11T00:00:00", "smokePM_pred": 1.52347648143768 }, "geometry": { "type": "Polygon", "coordinates": [ [ [ -82.389074058896668, 33.026141985659279 ], [ -82.375587897834677, 32.938395377191803 ], [ -82.47962119794758, 32.927006368932588 ], [ -82.493204416583708, 33.014714936965703 ], [ -82.389074058896668, 33.026141985659279 ] ] ] } },
{ "type": "Feature", "properties": { "ID": 50842, "date": "2022-01-11T00:00:00", "smokePM_pred": 1.5121223926544201 }, "geometry": { "type": "Polygon", "coordinates": [ [ [ -82.284885079014927, 33.03748552301699 ], [ -82.271496208244471, 32.949701142580899 ], [ -82.375587897834677, 32.938395377191803 ], [ -82.389074058896668, 33.026141985659279 ], [ -82.284885079014927, 33.03748552301699 ] ] ] } },
{ "type": "Feature", "properties": { "ID": 50843, "date": "2022-01-11T00:00:00", "smokePM_pred": 1.57376420497894 }, "geometry": { "type": "Polygon", "coordinates": [ [ [ -82.180637876854689, 33.048745384714955 ], [ -82.167346527732818, 32.960923501526828 ], [ -82.271496208244471, 32.949701142580899 ], [ -82.284885079014927, 33.03748552301699 ], [ -82.180637876854689, 33.048745384714955 ] ] ] } },
{ "type": "Feature", "properties": { "ID": 50850, "date": "2022-01-11T00:00:00", "smokePM_pred": 2.2365310192108199 }, "geometry": { "type": "Polygon", "coordinates": [ [ [ -81.449311142576548, 33.12520791350417 ], [ -81.436708806508094, 33.037131111299757 ], [ -81.541253140310985, 33.026497090269082 ], [ -81.55395457855272, 33.114538294905564 ], [ -81.449311142576548, 33.12520791350417 ] ] ] } },
{ "type": "Feature", "properties": { "ID": 50851, "date": "2022-01-11T00:00:00", "smokePM_pred": 2.1945726871490501 }, "geometry": { "type": "Polygon", "coordinates": [ [ [ -81.344612736768937, 33.135792579572971 ], [ -81.332109722969975, 33.047680454870566 ], [ -81.436708806508094, 33.037131111299757 ], [ -81.449311142576548, 33.12520791350417 ], [ -81.344612736768937, 33.135792579572971 ] ] ] } },
{ "type": "Feature", "properties": { "ID": 50852, "date": "2022-01-11T00:00:00", "smokePM_pred": 2.2535555362701398 }, "geometry": { "type": "Polygon", "coordinates": [ [ [ -81.239859774208298, 33.146292138309661 ], [ -81.227456301320814, 33.058144966891199 ], [ -81.332109722969975, 33.047680454870566 ], [ -81.344612736768937, 33.135792579572971 ], [ -81.239859774208298, 33.146292138309661 ] ] ] } },
{ "type": "Feature", "properties": { "ID": 50853, "date": "2022-01-11T00:00:00", "smokePM_pred": 2.4662125110626198 }, "geometry": { "type": "Polygon", "coordinates": [ [ [ -81.135052669395606, 33.156706436000036 ], [ -81.122748954597128, 33.068524494354868 ], [ -81.227456301320814, 33.058144966891199 ], [ -81.239859774208298, 33.146292138309661 ], [ -81.135052669395606, 33.156706436000036 ] ] ] } },
{ "type": "Feature", "properties": { "ID": 50854, "date": "2022-01-11T00:00:00", "smokePM_pred": 2.4069576263427699 }, "geometry": { "type": "Polygon", "coordinates": [ [ [ -81.030191838246111, 33.167035320023899 ], [ -81.017988097239538, 33.078818885344283 ], [ -81.122748954597128, 33.068524494354868 ], [ -81.135052669395606, 33.156706436000036 ], [ -81.030191838246111, 33.167035320023899 ] ] ] } },
{ "type": "Feature", "properties": { "ID": 51352, "date": "2022-01-11T00:00:00", "smokePM_pred": 2.2813792228698699 }, "geometry": { "type": "Polygon", "coordinates": [ [ [ -82.819172968514707, 33.067520789343561 ], [ -82.805239779868998, 32.979934381479552 ], [ -82.909131679738053, 32.968174951132184 ], [ -82.923161374040205, 33.055722178891557 ], [ -82.819172968514707, 33.067520789343561 ] ] ] } },
{ "type": "Feature", "properties": { "ID": 51353, "date": "2022-01-11T00:00:00", "smokePM_pred": 1.9330804347991899 }, "geometry": { "type": "Polygon", "coordinates": [ [ [ -82.715124116627777, 33.079236290147655 ], [ -82.701287673219838, 32.991610967996365 ], [ -82.805239779868998, 32.979934381479552 ], [ -82.819172968514707, 33.067520789343561 ], [ -82.715124116627777, 33.079236290147655 ] ] ] } },
{ "type": "Feature", "properties": { "ID": 51354, "date": "2022-01-11T00:00:00", "smokePM_pred": 2.14784955978394 }, "geometry": { "type": "Polygon", "coordinates": [ [ [ -82.611015213574063, 33.090868512138009 ], [ -82.597275753660611, 33.003204542287371 ], [ -82.701287673219838, 32.991610967996365 ], [ -82.715124116627777, 33.079236290147655 ], [ -82.611015213574063, 33.090868512138009 ] ] ] } },
{ "type": "Feature", "properties": { "ID": 51355, "date": "2022-01-11T00:00:00", "smokePM_pred": 1.7124111652374301 }, "geometry": { "type": "Polygon", "coordinates": [ [ [ -82.506846656081365, 33.102417287161245 ], [ -82.493204416583708, 33.014714936965703 ], [ -82.597275753660611, 33.003204542287371 ], [ -82.611015213574063, 33.090868512138009 ], [ -82.506846656081365, 33.102417287161245 ] ] ] } },
{ "type": "Feature", "properties": { "ID": 51356, "date": "2022-01-11T00:00:00", "smokePM_pred": 1.49123811721802 }, "geometry": { "type": "Polygon", "coordinates": [ [ [ -82.402618842403442, 33.113882448082762 ], [ -82.389074058896668, 33.026141985659279 ], [ -82.493204416583708, 33.014714936965703 ], [ -82.506846656081365, 33.102417287161245 ], [ -82.402618842403442, 33.113882448082762 ] ] ] } },
{ "type": "Feature", "properties": { "ID": 51365, "date": "2022-01-11T00:00:00", "smokePM_pred": 2.5122499465942401 }, "geometry": { "type": "Polygon", "coordinates": [ [ [ -81.461968448714941, 33.213279196965871 ], [ -81.449311142576548, 33.12520791350417 ], [ -81.55395457855272, 33.114538294905564 ], [ -81.566711398513362, 33.202573912814707 ], [ -81.461968448714941, 33.213279196965871 ] ] ] } },
{ "type": "Feature", "properties": { "ID": 51366, "date": "2022-01-11T00:00:00", "smokePM_pred": 1.9433058500289899 }, "geometry": { "type": "Polygon", "coordinates": [ [ [ -81.357170307558022, 33.223899253077249 ], [ -81.344612736768937, 33.135792579572971 ], [ -81.449311142576548, 33.12520791350417 ], [ -81.461968448714941, 33.213279196965871 ], [ -81.357170307558022, 33.223899253077249 ] ] ] } },
{ "type": "Feature", "properties": { "ID": 51367, "date": "2022-01-11T00:00:00", "smokePM_pred": 2.01229596138 }, "geometry": { "type": "Polygon", "coordinates": [ [ [ -81.252317389583524, 33.23443392563123 ], [ -81.239859774208298, 33.146292138309661 ], [ -81.344612736768937, 33.135792579572971 ], [ -81.357170307558022, 33.223899253077249 ], [ -81.252317389583524, 33.23443392563123 ] ] ] } },
{ "type": "Feature", "properties": { "ID": 51368, "date": "2022-01-11T00:00:00", "smokePM_pred": 2.1019444465637198 }, "geometry": { "type": "Polygon", "coordinates": [ [ [ -81.147410110765193, 33.244883060202859 ], [ -81.135052669395606, 33.156706436000036 ], [ -81.239859774208298, 33.146292138309661 ], [ -81.252317389583524, 33.23443392563123 ], [ -81.147410110765193, 33.244883060202859 ] ] ] } },
{ "type": "Feature", "properties": { "ID": 51369, "date": "2022-01-11T00:00:00", "smokePM_pred": 2.18942475318909 }, "geometry": { "type": "Polygon", "coordinates": [ [ [ -81.042448888501312, 33.255246503465791 ], [ -81.030191838246111, 33.167035320023899 ], [ -81.135052669395606, 33.156706436000036 ], [ -81.147410110765193, 33.244883060202859 ], [ -81.042448888501312, 33.255246503465791 ] ] ] } },
{ "type": "Feature", "properties": { "ID": 51370, "date": "2022-01-11T00:00:00", "smokePM_pred": 2.2891895771026598 }, "geometry": { "type": "Polygon", "coordinates": [ [ [ -80.937434141606204, 33.265524103198203 ], [ -80.925277698080848, 33.177278638861026 ], [ -81.030191838246111, 33.167035320023899 ], [ -81.042448888501312, 33.255246503465791 ], [ -80.937434141606204, 33.265524103198203 ] ] ] } },
{ "type": "Feature", "properties": { "ID": 51866, "date": "2022-01-11T00:00:00", "smokePM_pred": 2.1739671230316202 }, "geometry": { "type": "Polygon", "coordinates": [ [ [ -82.937251908616176, 33.143262867969774 ], [ -82.923161374040205, 33.055722178891557 ], [ -83.027088939549714, 33.043840628963551 ], [ -83.041276130995627, 33.131341798721479 ], [ -82.937251908616176, 33.143262867969774 ] ] ] } },
{ "type": "Feature", "properties": { "ID": 51867, "date": "2022-01-11T00:00:00", "smokePM_pred": 2.0892457962036102 }, "geometry": { "type": "Polygon", "coordinates": [ [ [ -82.833166603778579, 33.155100732305421 ], [ -82.819172968514707, 33.067520789343561 ], [ -82.923161374040205, 33.055722178891557 ], [ -82.937251908616176, 33.143262867969774 ], [ -82.833166603778579, 33.155100732305421 ] ] ] } },
{ "type": "Feature", "properties": { "ID": 51868, "date": "2022-01-11T00:00:00", "smokePM_pred": 2.0951690673828098 }, "geometry": { "type": "Polygon", "coordinates": [ [ [ -82.729020611458012, 33.166855220778423 ], [ -82.715124116627777, 33.079236290147655 ], [ -82.819172968514707, 33.067520789343561 ], [ -82.833166603778579, 33.155100732305421 ], [ -82.729020611458012, 33.166855220778423 ] ] ] } },
{ "type": "Feature", "properties": { "ID": 51869, "date": "2022-01-11T00:00:00", "smokePM_pred": 1.9897962808609 }, "geometry": { "type": "Polygon", "coordinates": [ [ [ -82.624814328180818, 33.178526163448922 ], [ -82.611015213574063, 33.090868512138009 ], [ -82.715124116627777, 33.079236290147655 ], [ -82.729020611458012, 33.166855220778423 ], [ -82.624814328180818, 33.178526163448922 ] ] ] } },
{ "type": "Feature", "properties": { "ID": 51870, "date": "2022-01-11T00:00:00", "smokePM_pred": 1.7104510068893399 }, "geometry": { "type": "Polygon", "coordinates": [ [ [ -82.520548152017355, 33.190113391393481 ], [ -82.506846656081365, 33.102417287161245 ], [ -82.611015213574063, 33.090868512138009 ], [ -82.624814328180818, 33.178526163448922 ], [ -82.520548152017355, 33.190113391393481 ] ] ] } },
{ "type": "Feature", "properties": { "ID": 51871, "date": "2022-01-11T00:00:00", "smokePM_pred": 1.38778293132782 }, "geometry": { "type": "Polygon", "coordinates": [ [ [ -82.416222482574852, 33.201616736711522 ], [ -82.402618842403442, 33.113882448082762 ], [ -82.506846656081365, 33.102417287161245 ], [ -82.520548152017355, 33.190113391393481 ], [ -82.416222482574852, 33.201616736711522 ] ] ] } },
{ "type": "Feature", "properties": { "ID": 51872, "date": "2022-01-11T00:00:00", "smokePM_pred": 1.40779900550842 }, "geometry": { "type": "Polygon", "coordinates": [ [ [ -82.311837720990127, 33.213036032531726 ], [ -82.298332172312769, 33.125263828793081 ], [ -82.402618842403442, 33.113882448082762 ], [ -82.416222482574852, 33.201616736711522 ], [ -82.311837720990127, 33.213036032531726 ] ] ] } },
{ "type": "Feature", "properties": { "ID": 51873, "date": "2022-01-11T00:00:00", "smokePM_pred": 1.3549897670745801 }, "geometry": { "type": "Polygon", "coordinates": [ [ [ -82.207394269922247, 33.224371113018222 ], [ -82.193987047093273, 33.136561264214109 ], [ -82.298332172312769, 33.125263828793081 ], [ -82.311837720990127, 33.213036032531726 ], [ -82.207394269922247, 33.224371113018222 ] ] ] } },
{ "type": "Feature", "properties": { "ID": 51880, "date": "2022-01-11T00:00:00", "smokePM_pred": 2.4635379314422599 }, "geometry": { "type": "Polygon", "coordinates": [ [ [ -81.474680946451997, 33.301344937226887 ], [ -81.461968448714941, 33.213279196965871 ], [ -81.566711398513362, 33.202573912814707 ], [ -81.579523823173801, 33.290603919180242 ], [ -81.474680946451997, 33.301344937226887 ] ] ] } },
{ "type": "Feature", "properties": { "ID": 51881, "date": "2022-01-11T00:00:00", "smokePM_pred": 2.0494949817657502 }, "geometry": { "type": "Polygon", "coordinates": [ [ [ -81.369782655403512, 33.312000451281719 ], [ -81.357170307558022, 33.223899253077249 ], [ -81.461968448714941, 33.213279196965871 ], [ -81.474680946451997, 33.301344937226887 ], [ -81.369782655403512, 33.312000451281719 ] ] ] } },
{ "type": "Feature", "properties": { "ID": 51882, "date": "2022-01-11T00:00:00", "smokePM_pred": 1.8519933223724401 }, "geometry": { "type": "Polygon", "coordinates": [ [ [ -81.264829366039976, 33.322570305108499 ], [ -81.252317389583524, 33.23443392563123 ], [ -81.357170307558022, 33.223899253077249 ], [ -81.369782655403512, 33.312000451281719 ], [ -81.264829366039976, 33.322570305108499 ] ] ] } },
{ "type": "Feature", "properties": { "ID": 51883, "date": "2022-01-11T00:00:00", "smokePM_pred": 2.0462694168090798 }, "geometry": { "type": "Polygon", "coordinates": [ [ [ -81.159821495816345, 33.333054343568215 ], [ -81.147410110765193, 33.244883060202859 ], [ -81.252317389583524, 33.23443392563123 ], [ -81.264829366039976, 33.322570305108499 ], [ -81.159821495816345, 33.333054343568215 ] ] ] } },
{ "type": "Feature", "properties": { "ID": 51884, "date": "2022-01-11T00:00:00", "smokePM_pred": 2.2612867355346702 }, "geometry": { "type": "Polygon", "coordinates": [ [ [ -81.054759463622361, 33.343452412625012 ], [ -81.042448888501312, 33.255246503465791 ], [ -81.147410110765193, 33.244883060202859 ], [ -81.159821495816345, 33.333054343568215 ], [ -81.054759463622361, 33.343452412625012 ] ] ] } },
{ "type": "Feature", "properties": { "ID": 51885, "date": "2022-01-11T00:00:00", "smokePM_pred": 2.36440086364746 }, "geometry": { "type": "Polygon", "coordinates": [ [ [ -80.949643689774135, 33.353764359352198 ], [ -80.937434141606204, 33.265524103198203 ], [ -81.042448888501312, 33.255246503465791 ], [ -81.054759463622361, 33.343452412625012 ], [ -80.949643689774135, 33.353764359352198 ] ] ] } },
{ "type": "Feature", "properties": { "ID": 51886, "date": "2022-01-11T00:00:00", "smokePM_pred": 2.38235712051392 }, "geometry": { "type": "Polygon", "coordinates": [ [ [ -80.844474596005583, 33.363990031938172 ], [ -80.832366290301664, 33.275715708288679 ], [ -80.937434141606204, 33.265524103198203 ], [ -80.949643689774135, 33.353764359352198 ], [ -80.844474596005583, 33.363990031938172 ] ] ] } },
{ "type": "Feature", "properties": { "ID": 51887, "date": "2022-01-11T00:00:00", "smokePM_pred": 2.4589393138885498 }, "geometry": { "type": "Polygon", "coordinates": [ [ [ -80.739252605459598, 33.374129279692305 ], [ -80.727245756208319, 33.285821168742139 ], [ -80.832366290301664, 33.275715708288679 ], [ -80.844474596005583, 33.363990031938172 ], [ -80.739252605459598, 33.374129279692305 ] ] ] } },
{ "type": "Feature", "properties": { "ID": 52381, "date": "2022-01-11T00:00:00", "smokePM_pred": 1.8690775632858301 }, "geometry": { "type": "Polygon", "coordinates": [ [ [ -82.95140352591001, 33.230796988578078 ], [ -82.937251908616176, 33.143262867969774 ], [ -83.041276130995627, 33.131341798721479 ], [ -83.055524798577636, 33.218836325451264 ], [ -82.95140352591001, 33.230796988578078 ] ] ] } },
{ "type": "Feature", "properties": { "ID": 52382, "date": "2022-01-11T00:00:00", "smokePM_pred": 1.8434040546417201 }, "geometry": { "type": "Polygon", "coordinates": [ [ [ -82.847220926783933, 33.242674180960137 ], [ -82.833166603778579, 33.155100732305421 ], [ -82.937251908616176, 33.143262867969774 ], [ -82.95140352591001, 33.230796988578078 ], [ -82.847220926783933, 33.242674180960137 ] ] ] } },
{ "type": "Feature", "properties": { "ID": 52383, "date": "2022-01-11T00:00:00", "smokePM_pred": 2.1600427627563499 }, "geometry": { "type": "Polygon", "coordinates": [ [ [ -82.74297739750223, 33.254467730865862 ], [ -82.729020611458012, 33.166855220778423 ], [ -82.833166603778579, 33.155100732305421 ], [ -82.847220926783933, 33.242674180960137 ], [ -82.74297739750223, 33.254467730865862 ] ] ] } },
{ "type": "Feature", "properties": { "ID": 52384, "date": "2022-01-11T00:00:00", "smokePM_pred": 2.1194281578064 }, "geometry": { "type": "Polygon", "coordinates": [ [ [ -82.638673335929994, 33.266177467577734 ], [ -82.624814328180818, 33.178526163448922 ], [ -82.729020611458012, 33.166855220778423 ], [ -82.74297739750223, 33.254467730865862 ], [ -82.638673335929994, 33.266177467577734 ] ] ] } },
{ "type": "Feature", "properties": { "ID": 52385, "date": "2022-01-11T00:00:00", "smokePM_pred": 1.76108181476593 }, "geometry": { "type": "Polygon", "coordinates": [ [ [ -82.534309141487313, 33.277803221398777 ], [ -82.520548152017355, 33.190113391393481 ], [ -82.624814328180818, 33.178526163448922 ], [ -82.638673335929994, 33.266177467577734 ], [ -82.534309141487313, 33.277803221398777 ] ] ] } },
{ "type": "Feature", "properties": { "ID": 52386, "date": "2022-01-11T00:00:00", "smokePM_pred": 1.5916062593460101 }, "geometry": { "type": "Polygon", "coordinates": [ [ [ -82.429885215142178, 33.289344823658929 ], [ -82.416222482574852, 33.201616736711522 ], [ -82.520548152017355, 33.190113391393481 ], [ -82.534309141487313, 33.277803221398777 ], [ -82.429885215142178, 33.289344823658929 ] ] ] } },
{ "type": "Feature", "properties": { "ID": 52387, "date": "2022-01-11T00:00:00", "smokePM_pred": 1.4170897006988501 }, "geometry": { "type": "Polygon", "coordinates": [ [ [ -82.325401959403109, 33.300802106721491 ], [ -82.311837720990127, 33.213036032531726 ], [ -82.416222482574852, 33.201616736711522 ], [ -82.429885215142178, 33.289344823658929 ], [ -82.325401959403109, 33.300802106721491 ] ] ] } },
{ "type": "Feature", "properties": { "ID": 52388, "date": "2022-01-11T00:00:00", "smokePM_pred": 1.41506576538086 }, "geometry": { "type": "Polygon", "coordinates": [ [ [ -82.220859778311748, 33.312174903989352 ], [ -82.207394269922247, 33.224371113018222 ], [ -82.311837720990127, 33.213036032531726 ], [ -82.325401959403109, 33.300802106721491 ], [ -82.220859778311748, 33.312174903989352 ] ] ] } },
{ "type": "Feature", "properties": { "ID": 52389, "date": "2022-01-11T00:00:00", "smokePM_pred": 1.3653594255447401 }, "geometry": { "type": "Polygon", "coordinates": [ [ [ -82.116259077435444, 33.323463049911567 ], [ -82.102892533544988, 33.23562181337703 ], [ -82.207394269922247, 33.224371113018222 ], [ -82.220859778311748, 33.312174903989352 ], [ -82.116259077435444, 33.323463049911567 ] ] ] } },
{ "type": "Feature", "properties": { "ID": 52397, "date": "2022-01-11T00:00:00", "smokePM_pred": 1.79831290245056 }, "geometry": { "type": "Polygon", "coordinates": [ [ [ -81.277395923595734, 33.410701252879903 ], [ -81.264829366039976, 33.322570305108499 ], [ -81.369782655403512, 33.312000451281719 ], [ -81.382450001804585, 33.400096149968597 ], [ -81.277395923595734, 33.410701252879903 ] ] ] } },
{ "type": "Feature", "properties": { "ID": 52398, "date": "2022-01-11T00:00:00", "smokePM_pred": 2.0296051502227801 }, "geometry": { "type": "Polygon", "coordinates": [ [ [ -81.172287043075556, 33.421220262588676 ], [ -81.159821495816345, 33.333054343568215 ], [ -81.264829366039976, 33.322570305108499 ], [ -81.277395923595734, 33.410701252879903 ], [ -81.172287043075556, 33.421220262588676 ] ] ] } },
{ "type": "Feature", "properties": { "ID": 52399, "date": "2022-01-11T00:00:00", "smokePM_pred": 1.8799912929534901 }, "geometry": { "type": "Polygon", "coordinates": [ [ [ -81.067123780633892, 33.431653024346275 ], [ -81.054759463622361, 33.343452412625012 ], [ -81.159821495816345, 33.333054343568215 ], [ -81.172287043075556, 33.421220262588676 ], [ -81.067123780633892, 33.431653024346275 ] ] ] } },
{ "type": "Feature", "properties": { "ID": 52400, "date": "2022-01-11T00:00:00", "smokePM_pred": 2.0211319923400901 }, "geometry": { "type": "Polygon", "coordinates": [ [ [ -80.961906558097269, 33.441999384517793 ], [ -80.949643689774135, 33.353764359352198 ], [ -81.054759463622361, 33.343452412625012 ], [ -81.067123780633892, 33.431653024346275 ], [ -80.961906558097269, 33.441999384517793 ] ] ] } },
{ "type": "Feature", "properties": { "ID": 52401, "date": "2022-01-11T00:00:00", "smokePM_pred": 1.9618059396743801 }, "geometry": { "type": "Polygon", "coordinates": [ [ [ -80.856635798720319, 33.45225919058813 ], [ -80.844474596005583, 33.363990031938172 ], [ -80.949643689774135, 33.353764359352198 ], [ -80.961906558097269, 33.441999384517793 ], [ -80.856635798720319, 33.45225919058813 ] ] ] } },
{ "type": "Feature", "properties": { "ID": 52402, "date": "2022-01-11T00:00:00", "smokePM_pred": 1.8630465269088701 }, "geometry": { "type": "Polygon", "coordinates": [ [ [ -80.751311927177014, 33.462432291167822 ], [ -80.739252605459598, 33.374129279692305 ], [ -80.844474596005583, 33.363990031938172 ], [ -80.856635798720319, 33.45225919058813 ], [ -80.751311927177014, 33.462432291167822 ] ] ] } },
{ "type": "Feature", "properties": { "ID": 52403, "date": "2022-01-11T00:00:00", "smokePM_pred": 1.6317050457000699 }, "geometry": { "type": "Polygon", "coordinates": [ [ [ -80.645935369551864, 33.472518535999065 ], [ -80.633978142679368, 33.384181953050799 ], [ -80.739252605459598, 33.374129279692305 ], [ -80.751311927177014, 33.462432291167822 ], [ -80.645935369551864, 33.472518535999065 ] ] ] } },
{ "type": "Feature", "properties": { "ID": 52897, "date": "2022-01-11T00:00:00", "smokePM_pred": 1.6756341457366899 }, "geometry": { "type": "Polygon", "coordinates": [ [ [ -82.861336180205242, 33.330241105757516 ], [ -82.847220926783933, 33.242674180960137 ], [ -82.95140352591001, 33.230796988578078 ], [ -82.965616469923845, 33.3183245107804 ], [ -82.861336180205242, 33.330241105757516 ] ] ] } },
{ "type": "Feature", "properties": { "ID": 52898, "date": "2022-01-11T00:00:00", "smokePM_pred": 1.9681700468063399 }, "geometry": { "type": "Polygon", "coordinates": [ [ [ -82.756994716096187, 33.342073791243912 ], [ -82.74297739750223, 33.254467730865862 ], [ -82.847220926783933, 33.242674180960137 ], [ -82.861336180205242, 33.330241105757516 ], [ -82.756994716096187, 33.342073791243912 ] ] ] } },
{ "type": "Feature", "properties": { "ID": 52899, "date": "2022-01-11T00:00:00", "smokePM_pred": 1.8764407634735101 }, "geometry": { "type": "Polygon", "coordinates": [ [ [ -82.652592476807584, 33.353822395740913 ], [ -82.638673335929994, 33.266177467577734 ], [ -82.74297739750223, 33.254467730865862 ], [ -82.756994716096187, 33.342073791243912 ], [ -82.652592476807584, 33.353822395740913 ] ] ] } },
{ "type": "Feature", "properties": { "ID": 52900, "date": "2022-01-11T00:00:00", "smokePM_pred": 1.8354625701904299 }, "geometry": { "type": "Polygon", "coordinates": [ [ [ -82.5481298631165, 33.365486748774394 ], [ -82.534309141487313, 33.277803221398777 ], [ -82.638673335929994, 33.266177467577734 ], [ -82.652592476807584, 33.353822395740913 ], [ -82.5481298631165, 33.365486748774394 ] ] ] } },
{ "type": "Feature", "properties": { "ID": 52901, "date": "2022-01-11T00:00:00", "smokePM_pred": 1.66657733917236 }, "geometry": { "type": "Polygon", "coordinates": [ [ [ -82.443607277358979, 33.377066680901265 ], [ -82.429885215142178, 33.289344823658929 ], [ -82.534309141487313, 33.277803221398777 ], [ -82.5481298631165, 33.365486748774394 ], [ -82.443607277358979, 33.377066680901265 ] ] ] } },
{ "type": "Feature", "properties": { "ID": 52902, "date": "2022-01-11T00:00:00", "smokePM_pred": 1.44889140129089 }, "geometry": { "type": "Polygon", "coordinates": [ [ [ -82.339025123422644, 33.388562023715892 ], [ -82.325401959403109, 33.300802106721491 ], [ -82.429885215142178, 33.289344823658929 ], [ -82.443607277358979, 33.377066680901265 ], [ -82.339025123422644, 33.388562023715892 ] ] ] } },
{ "type": "Feature", "properties": { "ID": 52903, "date": "2022-01-11T00:00:00", "smokePM_pred": 1.9527884721755999 }, "geometry": { "type": "Polygon", "coordinates": [ [ [ -82.23438380673926, 33.399972609856512 ], [ -82.220859778311748, 33.312174903989352 ], [ -82.325401959403109, 33.300802106721491 ], [ -82.339025123422644, 33.388562023715892 ], [ -82.23438380673926, 33.399972609856512 ] ] ] } },
{ "type": "Feature", "properties": { "ID": 52904, "date": "2022-01-11T00:00:00", "smokePM_pred": 1.3917107582092301 }, "geometry": { "type": "Polygon", "coordinates": [ [ [ -82.129683734277279, 33.41129827301161 ], [ -82.116259077435444, 33.323463049911567 ], [ -82.220859778311748, 33.312174903989352 ], [ -82.23438380673926, 33.399972609856512 ], [ -82.129683734277279, 33.41129827301161 ] ] ] } },
{ "type": "Feature", "properties": { "ID": 52913, "date": "2022-01-11T00:00:00", "smokePM_pred": 1.9912741184234599 }, "geometry": { "type": "Polygon", "coordinates": [ [ [ -81.18480697249575, 33.509380793643651 ], [ -81.172287043075556, 33.421220262588676 ], [ -81.277395923595734, 33.410701252879903 ], [ -81.290017283703648, 33.498826744968682 ], [ -81.18480697249575, 33.509380793643651 ] ] ] } },
{ "type": "Feature", "properties": { "ID": 52914, "date": "2022-01-11T00:00:00", "smokePM_pred": 1.8595153093337999 }, "geometry": { "type": "Polygon", "coordinates": [ [ [ -81.079542057978429, 33.519848315363014 ], [ -81.067123780633892, 33.431653024346275 ], [ -81.172287043075556, 33.421220262588676 ], [ -81.18480697249575, 33.509380793643651 ], [ -81.079542057978429, 33.519848315363014 ] ] ] } },
{ "type": "Feature", "properties": { "ID": 52915, "date": "2022-01-11T00:00:00", "smokePM_pred": 1.87212026119232 }, "geometry": { "type": "Polygon", "coordinates": [ [ [ -80.974222963497297, 33.530229155780383 ], [ -80.961906558097269, 33.441999384517793 ], [ -81.067123780633892, 33.431653024346275 ], [ -81.079542057978429, 33.519848315363014 ], [ -80.974222963497297, 33.530229155780383 ] ] ] } },
{ "type": "Feature", "properties": { "ID": 52916, "date": "2022-01-11T00:00:00", "smokePM_pred": 1.9561014175414999 }, "geometry": { "type": "Polygon", "coordinates": [ [ [ -80.868850113836473, 33.540523161673768 ], [ -80.856635798720319, 33.45225919058813 ], [ -80.961906558097269, 33.441999384517793 ], [ -80.974222963497297, 33.530229155780383 ], [ -80.868850113836473, 33.540523161673768 ] ] ] } },
{ "type": "Feature", "properties": { "ID": 52917, "date": "2022-01-11T00:00:00", "smokePM_pred": 1.6267108917236299 }, "geometry": { "type": "Polygon", "coordinates": [ [ [ -80.763423935209872, 33.55073018095166 ], [ -80.751311927177014, 33.462432291167822 ], [ -80.856635798720319, 33.45225919058813 ], [ -80.868850113836473, 33.540523161673768 ], [ -80.763423935209872, 33.55073018095166 ] ] ] } },
{ "type": "Feature", "properties": { "ID": 52918, "date": "2022-01-11T00:00:00", "smokePM_pred": 1.70154988765717 }, "geometry": { "type": "Polygon", "coordinates": [ [ [ -80.657944855252211, 33.560850062658865 ], [ -80.645935369551864, 33.472518535999065 ], [ -80.751311927177014, 33.462432291167822 ], [ -80.763423935209872, 33.55073018095166 ], [ -80.657944855252211, 33.560850062658865 ] ] ] } },
{ "type": "Feature", "properties": { "ID": 52919, "date": "2022-01-11T00:00:00", "smokePM_pred": 1.4927903413772601 }, "geometry": { "type": "Polygon", "coordinates": [ [ [ -80.552413303010127, 33.570882656982469 ], [ -80.540506553330928, 33.482517775961476 ], [ -80.645935369551864, 33.472518535999065 ], [ -80.657944855252211, 33.560850062658865 ], [ -80.552413303010127, 33.570882656982469 ] ] ] } },
{ "type": "Feature", "properties": { "ID": 52944, "date": "2022-01-11T00:00:00", "smokePM_pred": 1.53542244434357 }, "geometry": { "type": "Polygon", "coordinates": [ [ [ -77.898353751776511, 33.79291498092843 ], [ -77.889080083015628, 33.703809981045254 ], [ -77.995672525295774, 33.696030883933716 ], [ -78.005053736214393, 33.785109802585858 ], [ -77.898353751776511, 33.79291498092843 ] ] ] } },
{ "type": "Feature", "properties": { "ID": 52945, "date": "2022-01-11T00:00:00", "smokePM_pred": 1.8354564905166599 }, "geometry": { "type": "Polygon", "coordinates": [ [ [ -77.791612914212294, 33.800629396169825 ], [ -77.782446957307187, 33.711498613769294 ], [ -77.889080083015628, 33.703809981045254 ], [ -77.898353751776511, 33.79291498092843 ], [ -77.791612914212294, 33.800629396169825 ] ] ] } },
{ "type": "Feature", "properties": { "ID": 53414, "date": "2022-01-11T00:00:00", "smokePM_pred": 1.66967749595642 }, "geometry": { "type": "Polygon", "coordinates": [ [ [ -82.666571992347471, 33.441460919012556 ], [ -82.652592476807584, 33.353822395740913 ], [ -82.756994716096187, 33.342073791243912 ], [ -82.771072810130732, 33.42967337260216 ], [ -82.666571992347471, 33.441460919012556 ] ] ] } },
{ "type": "Feature", "properties": { "ID": 53415, "date": "2022-01-11T00:00:00", "smokePM_pred": 1.5445795059204099 }, "geometry": { "type": "Polygon", "coordinates": [ [ [ -82.562010557070749, 33.453163944977227 ], [ -82.5481298631165, 33.365486748774394 ], [ -82.652592476807584, 33.353822395740913 ], [ -82.666571992347471, 33.441460919012556 ], [ -82.562010557070749, 33.453163944977227 ] ] ] } },
{ "type": "Feature", "properties": { "ID": 53416, "date": "2022-01-11T00:00:00", "smokePM_pred": 1.53617799282074 }, "geometry": { "type": "Polygon", "coordinates": [ [ [ -82.45738890801195, 33.464782280276495 ], [ -82.443607277358979, 33.377066680901265 ], [ -82.5481298631165, 33.365486748774394 ], [ -82.562010557070749, 33.453163944977227 ], [ -82.45738890801195, 33.464782280276495 ] ] ] } },
{ "type": "Feature", "properties": { "ID": 53430, "date": "2022-01-11T00:00:00", "smokePM_pred": 2.1639063358306898 }, "geometry": { "type": "Polygon", "coordinates": [ [ [ -80.986593124315291, 33.618453650115008 ], [ -80.974222963497297, 33.530229155780383 ], [ -81.079542057978429, 33.519848315363014 ], [ -81.092014515526557, 33.60803826229639 ], [ -80.986593124315291, 33.618453650115008 ] ] ] } },
{ "type": "Feature", "properties": { "ID": 53431, "date": "2022-01-11T00:00:00", "smokePM_pred": 1.8934508562087999 }, "geometry": { "type": "Polygon", "coordinates": [ [ [ -80.881117758155241, 33.628781922521959 ], [ -80.868850113836473, 33.540523161673768 ], [ -80.974222963497297, 33.530229155780383 ], [ -80.986593124315291, 33.618453650115008 ], [ -80.881117758155241, 33.628781922521959 ] ] ] } },
{ "type": "Feature", "properties": { "ID": 53432, "date": "2022-01-11T00:00:00", "smokePM_pred": 1.9645478725433301 }, "geometry": { "type": "Polygon", "coordinates": [ [ [ -80.775588844809079, 33.63902292672028 ], [ -80.763423935209872, 33.55073018095166 ], [ -80.868850113836473, 33.540523161673768 ], [ -80.881117758155241, 33.628781922521959 ], [ -80.775588844809079, 33.63902292672028 ] ] ] } },
{ "type": "Feature", "properties": { "ID": 53433, "date": "2022-01-11T00:00:00", "smokePM_pred": 1.65841472148895 }, "geometry": { "type": "Polygon", "coordinates": [ [ [ -80.670006813470806, 33.649176511054122 ], [ -80.657944855252211, 33.560850062658865 ], [ -80.763423935209872, 33.55073018095166 ], [ -80.775588844809079, 33.63902292672028 ], [ -80.670006813470806, 33.649176511054122 ] ] ] } },
{ "type": "Feature", "properties": { "ID": 53434, "date": "2022-01-11T00:00:00", "smokePM_pred": 1.64378750324249 }, "geometry": { "type": "Polygon", "coordinates": [ [ [ -80.564372094756635, 33.659242525014733 ], [ -80.552413303010127, 33.570882656982469 ], [ -80.657944855252211, 33.560850062658865 ], [ -80.670006813470806, 33.649176511054122 ], [ -80.564372094756635, 33.659242525014733 ] ] ] } },
{ "type": "Feature", "properties": { "ID": 53435, "date": "2022-01-11T00:00:00", "smokePM_pred": 1.8028347492218 }, "geometry": { "type": "Polygon", "coordinates": [ [ [ -80.458685120695904, 33.669220819246419 ], [ -80.446829708933009, 33.580827815257734 ], [ -80.552413303010127, 33.570882656982469 ], [ -80.564372094756635, 33.659242525014733 ], [ -80.458685120695904, 33.669220819246419 ] ] ] } },
{ "type": "Feature", "properties": { "ID": 53459, "date": "2022-01-11T00:00:00", "smokePM_pred": 1.3377385139465301 }, "geometry": { "type": "Polygon", "coordinates": [ [ [ -77.907668273852977, 33.882016436151517 ], [ -77.898353751776511, 33.79291498092843 ], [ -78.005053736214393, 33.785109802585858 ], [ -78.014476262752524, 33.874185124186269 ], [ -77.907668273852977, 33.882016436151517 ] ] ] } },
{ "type": "Feature", "properties": { "ID": 53460, "date": "2022-01-11T00:00:00", "smokePM_pred": 1.8207762241363501 }, "geometry": { "type": "Polygon", "coordinates": [ [ [ -77.800819260993805, 33.889756685748544 ], [ -77.791612914212294, 33.800629396169825 ], [ -77.898353751776511, 33.79291498092843 ], [ -77.907668273852977, 33.882016436151517 ], [ -77.800819260993805, 33.889756685748544 ] ] ] } },
{ "type": "Feature", "properties": { "ID": 53947, "date": "2022-01-11T00:00:00", "smokePM_pred": 1.7454019784927399 }, "geometry": { "type": "Polygon", "coordinates": [ [ [ -80.787806872637475, 33.727310506042812 ], [ -80.775588844809079, 33.63902292672028 ], [ -80.881117758155241, 33.628781922521959 ], [ -80.893438949898666, 33.717035450350267 ], [ -80.787806872637475, 33.727310506042812 ] ] ] } },
{ "type": "Feature", "properties": { "ID": 53948, "date": "2022-01-11T00:00:00", "smokePM_pred": 1.7841155529022199 }, "geometry": { "type": "Polygon", "coordinates": [ [ [ -80.682121459300831, 33.73749785910335 ], [ -80.670006813470806, 33.649176511054122 ], [ -80.775588844809079, 33.63902292672028 ], [ -80.787806872637475, 33.727310506042812 ], [ -80.682121459300831, 33.73749785910335 ] ] ] } },
{ "type": "Feature", "properties": { "ID": 53949, "date": "2022-01-11T00:00:00", "smokePM_pred": 1.77960312366486 }, "geometry": { "type": "Polygon", "coordinates": [ [ [ -80.576383142083685, 33.747597358323972 ], [ -80.564372094756635, 33.659242525014733 ], [ -80.670006813470806, 33.649176511054122 ], [ -80.682121459300831, 33.73749785910335 ], [ -80.576383142083685, 33.747597358323972 ] ] ] } },
{ "type": "Feature", "properties": { "ID": 53950, "date": "2022-01-11T00:00:00", "smokePM_pred": 1.9097305536270099 }, "geometry": { "type": "Polygon", "coordinates": [ [ [ -80.470592354604548, 33.757608853654695 ], [ -80.458685120695904, 33.669220819246419 ], [ -80.564372094756635, 33.659242525014733 ], [ -80.576383142083685, 33.747597358323972 ], [ -80.470592354604548, 33.757608853654695 ] ] ] } },
{ "type": "Feature", "properties": { "ID": 53974, "date": "2022-01-11T00:00:00", "smokePM_pred": 0.95216691493988004 }, "geometry": { "type": "Polygon", "coordinates": [ [ [ -77.917023820079692, 33.971114332870975 ], [ -77.907668273852977, 33.882016436151517 ], [ -78.014476262752524, 33.874185124186269 ], [ -78.023940277562744, 33.963256834607236 ], [ -77.917023820079692, 33.971114332870975 ] ] ] } },
{ "type": "Feature", "properties": { "ID": 53975, "date": "2022-01-11T00:00:00", "smokePM_pred": 1.33574378490448 }, "geometry": { "type": "Polygon", "coordinates": [ [ [ -77.810066166659951, 33.978880468943359 ], [ -77.800819260993805, 33.889756685748544 ], [ -77.907668273852977, 33.882016436151517 ], [ -77.917023820079692, 33.971114332870975 ], [ -77.810066166659951, 33.978880468943359 ] ] ] } },
{ "type": "Feature", "properties": { "ID": 54463, "date": "2022-01-11T00:00:00", "smokePM_pred": 2.0395774841308598 }, "geometry": { "type": "Polygon", "coordinates": [ [ [ -80.694289009248607, 33.825814084618713 ], [ -80.682121459300831, 33.73749785910335 ], [ -80.787806872637475, 33.727310506042812 ], [ -80.800078236780138, 33.815592896380089 ], [ -80.694289009248607, 33.825814084618713 ] ] ] } },
{ "type": "Feature", "properties": { "ID": 54464, "date": "2022-01-11T00:00:00", "smokePM_pred": 1.99542212486267 }, "geometry": { "type": "Polygon", "coordinates": [ [ [ -80.588446659908428, 33.835947135071443 ], [ -80.576383142083685, 33.747597358323972 ], [ -80.682121459300831, 33.73749785910335 ], [ -80.694289009248607, 33.825814084618713 ], [ -80.588446659908428, 33.835947135071443 ] ] ] } },
{ "type": "Feature", "properties": { "ID": 54465, "date": "2022-01-11T00:00:00", "smokePM_pred": 2.03688263893127 }, "geometry": { "type": "Polygon", "coordinates": [ [ [ -80.482551623976576, 33.845991896990697 ], [ -80.470592354604548, 33.757608853654695 ], [ -80.576383142083685, 33.747597358323972 ], [ -80.588446659908428, 33.835947135071443 ], [ -80.482551623976576, 33.845991896990697 ] ] ] } },
{ "type": "Feature", "properties": { "ID": 54490, "date": "2022-01-11T00:00:00", "smokePM_pred": 1.1941659450530999 }, "geometry": { "type": "Polygon", "coordinates": [ [ [ -77.819353801351241, 34.068000732134387 ], [ -77.810066166659951, 33.978880468943359 ], [ -77.917023820079692, 33.971114332870975 ], [ -77.926420562435126, 34.060208657183907 ], [ -77.819353801351241, 34.068000732134387 ] ] ] } },
{ "type": "Feature", "properties": { "ID": 54491, "date": "2022-01-11T00:00:00", "smokePM_pred": 1.4782861471176101 }, "geometry": { "type": "Polygon", "coordinates": [ [ [ -77.712246140152416, 34.075701025972329 ], [ -77.703067784405235, 33.986555124842589 ], [ -77.810066166659951, 33.978880468943359 ], [ -77.819353801351241, 34.068000732134387 ], [ -77.712246140152416, 34.075701025972329 ] ] ] } },
{ "type": "Feature", "properties": { "ID": 55005, "date": "2022-01-11T00:00:00", "smokePM_pred": 0.98268312215804998 }, "geometry": { "type": "Polygon", "coordinates": [ [ [ -77.828682336349019, 34.157117461643388 ], [ -77.819353801351241, 34.068000732134387 ], [ -77.926420562435126, 34.060208657183907 ], [ -77.93585867405028, 34.149299395127393 ], [ -77.828682336349019, 34.157117461643388 ] ] ] } },
{ "type": "Feature", "properties": { "ID": 55006, "date": "2022-01-11T00:00:00", "smokePM_pred": 1.47030830383301 }, "geometry": { "type": "Polygon", "coordinates": [ [ [ -77.72146492610338, 34.1648434455429 ], [ -77.712246140152416, 34.075701025972329 ], [ -77.819353801351241, 34.068000732134387 ], [ -77.828682336349019, 34.157117461643388 ], [ -77.72146492610338, 34.1648434455429 ] ] ] } },
{ "type": "Feature", "properties": { "ID": 55007, "date": "2022-01-11T00:00:00", "smokePM_pred": 1.4393905401229901 }, "geometry": { "type": "Polygon", "coordinates": [ [ [ -77.614206915284143, 34.172477229042194 ], [ -77.605098048939468, 34.083309421468158 ], [ -77.712246140152416, 34.075701025972329 ], [ -77.72146492610338, 34.1648434455429 ], [ -77.614206915284143, 34.172477229042194 ] ] ] } },
{ "type": "Feature", "properties": { "ID": 55521, "date": "2022-01-11T00:00:00", "smokePM_pred": 0.82381439208984397 }, "geometry": { "type": "Polygon", "coordinates": [ [ [ -77.730724312819021, 34.253982370100637 ], [ -77.72146492610338, 34.1648434455429 ], [ -77.828682336349019, 34.157117461643388 ], [ -77.838051944084256, 34.246230643733234 ], [ -77.730724312819021, 34.253982370100637 ] ] ] } },
{ "type": "Feature", "properties": { "ID": 55522, "date": "2022-01-11T00:00:00", "smokePM_pred": 1.25584840774536 }, "geometry": { "type": "Polygon", "coordinates": [ [ [ -77.623355909274267, 34.261641593439521 ], [ -77.614206915284143, 34.172477229042194 ], [ -77.72146492610338, 34.1648434455429 ], [ -77.730724312819021, 34.253982370100637 ], [ -77.623355909274267, 34.261641593439521 ] ] ] } },
{ "type": "Feature", "properties": { "ID": 56037, "date": "2022-01-11T00:00:00", "smokePM_pred": 0.71505242586135898 }, "geometry": { "type": "Polygon", "coordinates": [ [ [ -77.632545200726554, 34.350802501430834 ], [ -77.623355909274267, 34.261641593439521 ], [ -77.730724312819021, 34.253982370100637 ], [ -77.740024472006667, 34.343117786134037 ], [ -77.632545200726554, 34.350802501430834 ] ] ] } },
{ "type": "Feature", "properties": { "ID": 56038, "date": "2022-01-11T00:00:00", "smokePM_pred": 1.23291623592377 }, "geometry": { "type": "Polygon", "coordinates": [ [ [ -77.525025461216288, 34.35839429292956 ], [ -77.515947208457888, 34.269208196735498 ], [ -77.623355909274267, 34.261641593439521 ], [ -77.632545200726554, 34.350802501430834 ], [ -77.525025461216288, 34.35839429292956 ] ] ] } },
{ "type": "Feature", "properties": { "ID": 56039, "date": "2022-01-11T00:00:00", "smokePM_pred": 1.2308363914489699 }, "geometry": { "type": "Polygon", "coordinates": [ [ [ -77.417465731538357, 34.365893044399137 ], [ -77.408498686520915, 34.27668206430517 ], [ -77.515947208457888, 34.269208196735498 ], [ -77.525025461216288, 34.35839429292956 ], [ -77.417465731538357, 34.365893044399137 ] ] ] } },
{ "type": "Feature", "properties": { "ID": 56552, "date": "2022-01-11T00:00:00", "smokePM_pred": 0.94077748060226396 }, "geometry": { "type": "Polygon", "coordinates": [ [ [ -77.641774960600955, 34.439959939730151 ], [ -77.632545200726554, 34.350802501430834 ], [ -77.740024472006667, 34.343117786134037 ], [ -77.749365576528973, 34.432249680073262 ], [ -77.641774960600955, 34.439959939730151 ] ] ] } },
{ "type": "Feature", "properties": { "ID": 56553, "date": "2022-01-11T00:00:00", "smokePM_pred": 0.78088891506195102 }, "geometry": { "type": "Polygon", "coordinates": [ [ [ -77.534143704332337, 34.44757697125501 ], [ -77.525025461216288, 34.35839429292956 ], [ -77.632545200726554, 34.350802501430834 ], [ -77.641774960600955, 34.439959939730151 ], [ -77.534143704332337, 34.44757697125501 ] ] ] } },
{ "type": "Feature", "properties": { "ID": 56554, "date": "2022-01-11T00:00:00", "smokePM_pred": 1.0104948282241799 }, "geometry": { "type": "Polygon", "coordinates": [ [ [ -77.42647228770916, 34.455100657866282 ], [ -77.417465731538357, 34.365893044399137 ], [ -77.525025461216288, 34.35839429292956 ], [ -77.534143704332337, 34.44757697125501 ], [ -77.42647228770916, 34.455100657866282 ] ] ] } },
{ "type": "Feature", "properties": { "ID": 56555, "date": "2022-01-11T00:00:00", "smokePM_pred": 1.29294657707214 }, "geometry": { "type": "Polygon", "coordinates": [ [ [ -77.318761191865974, 34.462530884130373 ], [ -77.30986649089499, 34.373298640950374 ], [ -77.417465731538357, 34.365893044399137 ], [ -77.42647228770916, 34.455100657866282 ], [ -77.318761191865974, 34.462530884130373 ] ] ] } },
{ "type": "Feature", "properties": { "ID": 57068, "date": "2022-01-11T00:00:00", "smokePM_pred": 1.092041015625 }, "geometry": { "type": "Polygon", "coordinates": [ [ [ -77.543302107994379, 34.536756218651121 ], [ -77.534143704332337, 34.44757697125501 ], [ -77.641774960600955, 34.439959939730151 ], [ -77.651045361009437, 34.529113894994204 ], [ -77.543302107994379, 34.536756218651121 ] ] ] } },
{ "type": "Feature", "properties": { "ID": 57069, "date": "2022-01-11T00:00:00", "smokePM_pred": 1.0035978555679299 }, "geometry": { "type": "Polygon", "coordinates": [ [ [ -77.435518523289318, 34.544304891925478 ], [ -77.42647228770916, 34.455100657866282 ], [ -77.534143704332337, 34.44757697125501 ], [ -77.543302107994379, 34.536756218651121 ], [ -77.435518523289318, 34.544304891925478 ] ] ] } },
{ "type": "Feature", "properties": { "ID": 57070, "date": "2022-01-11T00:00:00", "smokePM_pred": 0.94130194187164296 }, "geometry": { "type": "Polygon", "coordinates": [ [ [ -77.327695089973489, 34.5517597988365 ], [ -77.318761191865974, 34.462530884130373 ], [ -77.42647228770916, 34.455100657866282 ], [ -77.435518523289318, 34.544304891925478 ], [ -77.327695089973489, 34.5517597988365 ] ] ] } },
{ "type": "Feature", "properties": { "ID": 57584, "date": "2022-01-11T00:00:00", "smokePM_pred": 1.2354606389999401 }, "geometry": { "type": "Polygon", "coordinates": [ [ [ -77.444604607671067, 34.633505733741103 ], [ -77.435518523289318, 34.544304891925478 ], [ -77.543302107994379, 34.536756218651121 ], [ -77.552500843539335, 34.625932022001066 ], [ -77.444604607671067, 34.633505733741103 ] ] ] } },
{ "type": "Feature", "properties": { "ID": 57585, "date": "2022-01-11T00:00:00", "smokePM_pred": 1.06055903434753 }, "geometry": { "type": "Polygon", "coordinates": [ [ [ -77.336668352656304, 34.640985372511338 ], [ -77.327695089973489, 34.5517597988365 ], [ -77.435518523289318, 34.544304891925478 ], [ -77.444604607671067, 34.633505733741103 ], [ -77.336668352656304, 34.640985372511338 ] ] ] } },
{ "type": "Feature", "properties": { "ID": 58099, "date": "2022-01-11T00:00:00", "smokePM_pred": 1.57474625110626 }, "geometry": { "type": "Polygon", "coordinates": [ [ [ -77.453730711391614, 34.722703170422498 ], [ -77.444604607671067, 34.633505733741103 ], [ -77.552500843539335, 34.625932022001066 ], [ -77.56174008346153, 34.715104368131243 ], [ -77.453730711391614, 34.722703170422498 ] ] ] } },
{ "type": "Feature", "properties": { "ID": 58100, "date": "2022-01-11T00:00:00", "smokePM_pred": 1.42357742786407 }, "geometry": { "type": "Polygon", "coordinates": [ [ [ -77.345681148485696, 34.730207592544112 ], [ -77.336668352656304, 34.640985372511338 ], [ -77.444604607671067, 34.633505733741103 ], [ -77.453730711391614, 34.722703170422498 ], [ -77.345681148485696, 34.730207592544112 ] ] ] } },
{ "type": "Feature", "properties": { "ID": 59110, "date": "2022-01-11T00:00:00", "smokePM_pred": 1.85923194885254 }, "geometry": { "type": "Polygon", "coordinates": [ [ [ -79.521123013714345, 34.739651068677411 ], [ -79.509780209761971, 34.650991266734259 ], [ -79.617044797152772, 34.641592141296051 ], [ -79.628498038700229, 34.730221001140428 ], [ -79.521123013714345, 34.739651068677411 ] ] ] } },
{ "type": "Feature", "properties": { "ID": 59111, "date": "2022-01-11T00:00:00", "smokePM_pred": 1.95827925205231 }, "geometry": { "type": "Polygon", "coordinates": [ [ [ -79.413698338397069, 34.748988616304906 ], [ -79.402466182314043, 34.660298169022091 ], [ -79.509780209761971, 34.650991266734259 ], [ -79.521123013714345, 34.739651068677411 ], [ -79.413698338397069, 34.748988616304906 ] ] ] } },
{ "type": "Feature", "properties": { "ID": 59112, "date": "2022-01-11T00:00:00", "smokePM_pred": 1.87336909770966 }, "geometry": { "type": "Polygon", "coordinates": [ [ [ -79.306224480378091, 34.758233501817074 ], [ -79.295103180621993, 34.669512706618384 ], [ -79.402466182314043, 34.660298169022091 ], [ -79.413698338397069, 34.748988616304906 ], [ -79.306224480378091, 34.758233501817074 ] ] ] } },
{ "type": "Feature", "properties": { "ID": 59113, "date": "2022-01-11T00:00:00", "smokePM_pred": 1.92682981491089 }, "geometry": { "type": "Polygon", "coordinates": [ [ [ -79.198701908684129, 34.767385584294793 ], [ -79.187691671885219, 34.678634739263089 ], [ -79.295103180621993, 34.669512706618384 ], [ -79.306224480378091, 34.758233501817074 ], [ -79.198701908684129, 34.767385584294793 ] ] ] } },
{ "type": "Feature", "properties": { "ID": 59114, "date": "2022-01-11T00:00:00", "smokePM_pred": 1.9082236289978001 }, "geometry": { "type": "Polygon", "coordinates": [ [ [ -79.091131093727611, 34.77644472411145 ], [ -79.080232124678375, 34.687664127983112 ], [ -79.187691671885219, 34.678634739263089 ], [ -79.198701908684129, 34.767385584294793 ], [ -79.091131093727611, 34.77644472411145 ] ] ] } },
{ "type": "Feature", "properties": { "ID": 59115, "date": "2022-01-11T00:00:00", "smokePM_pred": 2.16411304473877 }, "geometry": { "type": "Polygon", "coordinates": [ [ [ -78.98351250729543, 34.78541078293869 ], [ -78.972725008940131, 34.696600735097874 ], [ -79.080232124678375, 34.687664127983112 ], [ -79.091131093727611, 34.77644472411145 ], [ -78.98351250729543, 34.78541078293869 ] ] ] } },
{ "type": "Feature", "properties": { "ID": 59116, "date": "2022-01-11T00:00:00", "smokePM_pred": 1.97932088375092 }, "geometry": { "type": "Polygon", "coordinates": [ [ [ -78.875846622537566, 34.794283623752094 ], [ -78.865170795961888, 34.705444424225057 ], [ -78.972725008940131, 34.696600735097874 ], [ -78.98351250729543, 34.78541078293869 ], [ -78.875846622537566, 34.794283623752094 ] ] ] } },
{ "type": "Feature", "properties": { "ID": 59625, "date": "2022-01-11T00:00:00", "smokePM_pred": 2.2820806503295898 }, "geometry": { "type": "Polygon", "coordinates": [ [ [ -79.53251546823283, 34.828306320886242 ], [ -79.521123013714345, 34.739651068677411 ], [ -79.628498038700229, 34.730221001140428 ], [ -79.64000139703731, 34.818845247431369 ], [ -79.53251546823283, 34.828306320886242 ] ] ] } },
{ "type": "Feature", "properties": { "ID": 59626, "date": "2022-01-11T00:00:00", "smokePM_pred": 2.1848587989807098 }, "geometry": { "type": "Polygon", "coordinates": [ [ [ -79.424979677414598, 34.837674577128929 ], [ -79.413698338397069, 34.748988616304906 ], [ -79.521123013714345, 34.739651068677411 ], [ -79.53251546823283, 34.828306320886242 ], [ -79.424979677414598, 34.837674577128929 ] ] ] } },
{ "type": "Feature", "properties": { "ID": 59627, "date": "2022-01-11T00:00:00", "smokePM_pred": 2.0621361732482901 }, "geometry": { "type": "Polygon", "coordinates": [ [ [ -79.317394494040158, 34.846949873285482 ], [ -79.306224480378091, 34.758233501817074 ], [ -79.413698338397069, 34.748988616304906 ], [ -79.424979677414598, 34.837674577128929 ], [ -79.317394494040158, 34.846949873285482 ] ] ] } },
{ "type": "Feature", "properties": { "ID": 59628, "date": "2022-01-11T00:00:00", "smokePM_pred": 2.0240430831909202 }, "geometry": { "type": "Polygon", "coordinates": [ [ [ -79.209760388974672, 34.856132067774404 ], [ -79.198701908684129, 34.767385584294793 ], [ -79.306224480378091, 34.758233501817074 ], [ -79.317394494040158, 34.846949873285482 ], [ -79.209760388974672, 34.856132067774404 ] ] ] } },
{ "type": "Feature", "properties": { "ID": 59629, "date": "2022-01-11T00:00:00", "smokePM_pred": 1.9388961791992201 }, "geometry": { "type": "Polygon", "coordinates": [ [ [ -79.102077834479701, 34.865221020312333 ], [ -79.091131093727611, 34.77644472411145 ], [ -79.198701908684129, 34.767385584294793 ], [ -79.209760388974672, 34.856132067774404 ], [ -79.102077834479701, 34.865221020312333 ] ] ] } },
{ "type": "Feature", "properties": { "ID": 59630, "date": "2022-01-11T00:00:00", "smokePM_pred": 2.0901119709014901 }, "geometry": { "type": "Polygon", "coordinates": [ [ [ -78.994347304201725, 34.874216591919833 ], [ -78.98351250729543, 34.78541078293869 ], [ -79.091131093727611, 34.77644472411145 ], [ -79.102077834479701, 34.865221020312333 ], [ -78.994347304201725, 34.874216591919833 ] ] ] } },
{ "type": "Feature", "properties": { "ID": 59631, "date": "2022-01-11T00:00:00", "smokePM_pred": 2.0547869205474898 }, "geometry": { "type": "Polygon", "coordinates": [ [ [ -78.886569273160745, 34.883118644927151 ], [ -78.875846622537566, 34.794283623752094 ], [ -78.98351250729543, 34.78541078293869 ], [ -78.994347304201725, 34.874216591919833 ], [ -78.886569273160745, 34.883118644927151 ] ] ] } },
{ "type": "Feature", "properties": { "ID": 59632, "date": "2022-01-11T00:00:00", "smokePM_pred": 2.2483596801757799 }, "geometry": { "type": "Polygon", "coordinates": [ [ [ -78.778744217738719, 34.891927042979923 ], [ -78.768133913955552, 34.803063110836845 ], [ -78.875846622537566, 34.794283623752094 ], [ -78.886569273160745, 34.883118644927151 ], [ -78.778744217738719, 34.891927042979923 ] ] ] } },
{ "type": "Feature", "properties": { "ID": 60140, "date": "2022-01-11T00:00:00", "smokePM_pred": 1.90105044841766 }, "geometry": { "type": "Polygon", "coordinates": [ [ [ -79.543957785001538, 34.916957004236188 ], [ -79.53251546823283, 34.828306320886242 ], [ -79.64000139703731, 34.818845247431369 ], [ -79.651555085665251, 34.907464860700074 ], [ -79.543957785001538, 34.916957004236188 ] ] ] } },
{ "type": "Feature", "properties": { "ID": 60141, "date": "2022-01-11T00:00:00", "smokePM_pred": 2.1233069896697998 }, "geometry": { "type": "Polygon", "coordinates": [ [ [ -79.436310409222941, 34.926356032711013 ], [ -79.424979677414598, 34.837674577128929 ], [ -79.53251546823283, 34.828306320886242 ], [ -79.543957785001538, 34.916957004236188 ], [ -79.436310409222941, 34.926356032711013 ] ] ] } },
{ "type": "Feature", "properties": { "ID": 60142, "date": "2022-01-11T00:00:00", "smokePM_pred": 2.1008937358856201 }, "geometry": { "type": "Polygon", "coordinates": [ [ [ -79.32861342962596, 34.935661802579311 ], [ -79.317394494040158, 34.846949873285482 ], [ -79.424979677414598, 34.837674577128929 ], [ -79.436310409222941, 34.926356032711013 ], [ -79.32861342962596, 34.935661802579311 ] ] ] } },
{ "type": "Feature", "properties": { "ID": 60143, "date": "2022-01-11T00:00:00", "smokePM_pred": 1.9893729686737101 }, "geometry": { "type": "Polygon", "coordinates": [ [ [ -79.220867318925571, 34.944874171593803 ], [ -79.209760388974672, 34.856132067774404 ], [ -79.317394494040158, 34.846949873285482 ], [ -79.32861342962596, 34.935661802579311 ], [ -79.220867318925571, 34.944874171593803 ] ] ] } },
{ "type": "Feature", "properties": { "ID": 60144, "date": "2022-01-11T00:00:00", "smokePM_pred": 2.17875099182129 }, "geometry": { "type": "Polygon", "coordinates": [ [ [ -79.113072551243704, 34.953992998811046 ], [ -79.102077834479701, 34.865221020312333 ], [ -79.209760388974672, 34.856132067774404 ], [ -79.220867318925571, 34.944874171593803 ], [ -79.113072551243704, 34.953992998811046 ] ] ] } },
{ "type": "Feature", "properties": { "ID": 60145, "date": "2022-01-11T00:00:00", "smokePM_pred": 2.2078819274902299 }, "geometry": { "type": "Polygon", "coordinates": [ [ [ -79.00522960209797, 34.963018144597278 ], [ -78.994347304201725, 34.874216591919833 ], [ -79.102077834479701, 34.865221020312333 ], [ -79.113072551243704, 34.953992998811046 ], [ -79.00522960209797, 34.963018144597278 ] ] ] } },
{ "type": "Feature", "properties": { "ID": 60146, "date": "2022-01-11T00:00:00", "smokePM_pred": 2.4258019924163801 }, "geometry": { "type": "Polygon", "coordinates": [ [ [ -78.897338948389987, 34.971949470634151 ], [ -78.886569273160745, 34.883118644927151 ], [ -78.994347304201725, 34.874216591919833 ], [ -79.00522960209797, 34.963018144597278 ], [ -78.897338948389987, 34.971949470634151 ] ] ] } },
{ "type": "Feature", "properties": { "ID": 60147, "date": "2022-01-11T00:00:00", "smokePM_pred": 2.2914242744445801 }, "geometry": { "type": "Polygon", "coordinates": [ [ [ -78.789401068393786, 34.980786839924512 ], [ -78.778744217738719, 34.891927042979923 ], [ -78.886569273160745, 34.883118644927151 ], [ -78.897338948389987, 34.971949470634151 ], [ -78.789401068393786, 34.980786839924512 ] ] ] } },
{ "type": "Feature", "properties": { "ID": 60655, "date": "2022-01-11T00:00:00", "smokePM_pred": 2.0824224948883101 }, "geometry": { "type": "Polygon", "coordinates": [ [ [ -79.555450177123447, 35.005603099509187 ], [ -79.543957785001538, 34.916957004236188 ], [ -79.651555085665251, 34.907464860700074 ], [ -79.663159319515174, 34.996079821382388 ], [ -79.555450177123447, 35.005603099509187 ] ] ] } },
{ "type": "Feature", "properties": { "ID": 60656, "date": "2022-01-11T00:00:00", "smokePM_pred": 2.3120529651641801 }, "geometry": { "type": "Polygon", "coordinates": [ [ [ -79.447690745086049, 35.01503296417669 ], [ -79.436310409222941, 34.926356032711013 ], [ -79.543957785001538, 34.916957004236188 ], [ -79.555450177123447, 35.005603099509187 ], [ -79.447690745086049, 35.01503296417669 ] ] ] } },
{ "type": "Feature", "properties": { "ID": 60657, "date": "2022-01-11T00:00:00", "smokePM_pred": 2.0751078128814702 }, "geometry": { "type": "Polygon", "coordinates": [ [ [ -79.339881496549708, 35.024369271164886 ], [ -79.32861342962596, 34.935661802579311 ], [ -79.436310409222941, 34.926356032711013 ], [ -79.447690745086049, 35.01503296417669 ], [ -79.339881496549708, 35.024369271164886 ] ] ] } },
{ "type": "Feature", "properties": { "ID": 60658, "date": "2022-01-11T00:00:00", "smokePM_pred": 2.06501245498657 }, "geometry": { "type": "Polygon", "coordinates": [ [ [ -79.232022906090506, 35.033611877557405 ], [ -79.220867318925571, 34.944874171593803 ], [ -79.32861342962596, 34.935661802579311 ], [ -79.339881496549708, 35.024369271164886 ], [ -79.232022906090506, 35.033611877557405 ] ] ] } },
{ "type": "Feature", "properties": { "ID": 60659, "date": "2022-01-11T00:00:00", "smokePM_pred": 2.2231237888336199 }, "geometry": { "type": "Polygon", "coordinates": [ [ [ -79.124115449702273, 35.042760641747392 ], [ -79.113072551243704, 34.953992998811046 ], [ -79.220867318925571, 34.944874171593803 ], [ -79.232022906090506, 35.033611877557405 ], [ -79.124115449702273, 35.042760641747392 ] ] ] } },
{ "type": "Feature", "properties": { "ID": 60660, "date": "2022-01-11T00:00:00", "smokePM_pred": 2.2993042469024698 }, "geometry": { "type": "Polygon", "coordinates": [ [ [ -79.016159604785216, 35.05181542344345 ], [ -79.00522960209797, 34.963018144597278 ], [ -79.113072551243704, 34.953992998811046 ], [ -79.124115449702273, 35.042760641747392 ], [ -79.016159604785216, 35.05181542344345 ] ] ] } },
{ "type": "Feature", "properties": { "ID": 60661, "date": "2022-01-11T00:00:00", "smokePM_pred": 2.1374211311340301 }, "geometry": { "type": "Polygon", "coordinates": [ [ [ -78.908155850134222, 35.060776083675364 ], [ -78.897338948389987, 34.971949470634151 ], [ -79.00522960209797, 34.963018144597278 ], [ -79.016159604785216, 35.05181542344345 ], [ -78.908155850134222, 35.060776083675364 ] ] ] } },
{ "type": "Feature", "properties": { "ID": 60662, "date": "2022-01-11T00:00:00", "smokePM_pred": 2.2738049030303999 }, "geometry": { "type": "Polygon", "coordinates": [ [ [ -78.800104665927165, 35.0696424847999 ], [ -78.789401068393786, 34.980786839924512 ], [ -78.897338948389987, 34.971949470634151 ], [ -78.908155850134222, 35.060776083675364 ], [ -78.800104665927165, 35.0696424847999 ] ] ] } },
{ "type": "Feature", "properties": { "ID": 61171, "date": "2022-01-11T00:00:00", "smokePM_pred": 2.2334573268890399 }, "geometry": { "type": "Polygon", "coordinates": [ [ [ -79.459120897686262, 35.103705352559302 ], [ -79.447690745086049, 35.01503296417669 ], [ -79.555450177123447, 35.005603099509187 ], [ -79.566992859131133, 35.094244587393121 ], [ -79.459120897686262, 35.103705352559302 ] ] ] } },
{ "type": "Feature", "properties": { "ID": 61172, "date": "2022-01-11T00:00:00", "smokePM_pred": 2.1742703914642298 }, "geometry": { "type": "Polygon", "coordinates": [ [ [ -79.351198905632671, 35.11307226041837 ], [ -79.339881496549708, 35.024369271164886 ], [ -79.447690745086049, 35.01503296417669 ], [ -79.459120897686262, 35.103705352559302 ], [ -79.351198905632671, 35.11307226041837 ] ] ] } },
{ "type": "Feature", "properties": { "ID": 61173, "date": "2022-01-11T00:00:00", "smokePM_pred": 2.6648392677307098 }, "geometry": { "type": "Polygon", "coordinates": [ [ [ -79.243227359418853, 35.122345167381454 ], [ -79.232022906090506, 35.033611877557405 ], [ -79.339881496549708, 35.024369271164886 ], [ -79.351198905632671, 35.11307226041837 ], [ -79.243227359418853, 35.122345167381454 ] ] ] } },
{ "type": "Feature", "properties": { "ID": 61174, "date": "2022-01-11T00:00:00", "smokePM_pred": 2.3290944099426301 }, "geometry": { "type": "Polygon", "coordinates": [ [ [ -79.135206736922129, 35.131523931174982 ], [ -79.124115449702273, 35.042760641747392 ], [ -79.232022906090506, 35.033611877557405 ], [ -79.243227359418853, 35.122345167381454 ], [ -79.135206736922129, 35.131523931174982 ] ] ] } },
{ "type": "Feature", "properties": { "ID": 61175, "date": "2022-01-11T00:00:00", "smokePM_pred": 2.2923800945282 }, "geometry": { "type": "Polygon", "coordinates": [ [ [ -79.027137517436913, 35.140608410846554 ], [ -79.016159604785216, 35.05181542344345 ], [ -79.124115449702273, 35.042760641747392 ], [ -79.135206736922129, 35.131523931174982 ], [ -79.027137517436913, 35.140608410846554 ] ] ] } },
{ "type": "Feature", "properties": { "ID": 61176, "date": "2022-01-11T00:00:00", "smokePM_pred": 2.2087149620056201 }, "geometry": { "type": "Polygon", "coordinates": [ [ [ -78.919020181663058, 35.149598466770748 ], [ -78.908155850134222, 35.060776083675364 ], [ -79.016159604785216, 35.05181542344345 ], [ -79.027137517436913, 35.140608410846554 ], [ -78.919020181663058, 35.149598466770748 ] ] ] } },
{ "type": "Feature", "properties": { "ID": 61177, "date": "2022-01-11T00:00:00", "smokePM_pred": 2.3426666259765598 }, "geometry": { "type": "Polygon", "coordinates": [ [ [ -78.810855211694118, 35.158493960655015 ], [ -78.800104665927165, 35.0696424847999 ], [ -78.908155850134222, 35.060776083675364 ], [ -78.919020181663058, 35.149598466770748 ], [ -78.810855211694118, 35.158493960655015 ] ] ] } },
{ "type": "Feature", "properties": { "ID": 61688, "date": "2022-01-11T00:00:00", "smokePM_pred": 2.4453547000885001 }, "geometry": { "type": "Polygon", "coordinates": [ [ [ -79.254480889266318, 35.211074022693197 ], [ -79.243227359418853, 35.122345167381454 ], [ -79.351198905632671, 35.11307226041837 ], [ -79.362565869113936, 35.201770751624871 ], [ -79.254480889266318, 35.211074022693197 ] ] ] } },
{ "type": "Feature", "properties": { "ID": 61689, "date": "2022-01-11T00:00:00", "smokePM_pred": 2.4637992382049601 }, "geometry": { "type": "Polygon", "coordinates": [ [ [ -79.1463466213647, 35.220282849060403 ], [ -79.135206736922129, 35.131523931174982 ], [ -79.243227359418853, 35.122345167381454 ], [ -79.254480889266318, 35.211074022693197 ], [ -79.1463466213647, 35.220282849060403 ] ] ] } },
{ "type": "Feature", "properties": { "ID": 61691, "date": "2022-01-11T00:00:00", "smokePM_pred": 2.2215306758880602 }, "geometry": { "type": "Polygon", "coordinates": [ [ [ -78.929932147617293, 35.238416602557173 ], [ -78.919020181663058, 35.149598466770748 ], [ -79.027137517436913, 35.140608410846554 ], [ -79.038163546609482, 35.229397089109682 ], [ -78.929932147617293, 35.238416602557173 ] ] ] } },
{ "type": "Feature", "properties": { "ID": 61692, "date": "2022-01-11T00:00:00", "smokePM_pred": 2.73515677452087 }, "geometry": { "type": "Polygon", "coordinates": [ [ [ -78.821652908409206, 35.247341250457637 ], [ -78.810855211694118, 35.158493960655015 ], [ -78.919020181663058, 35.149598466770748 ], [ -78.929932147617293, 35.238416602557173 ], [ -78.821652908409206, 35.247341250457637 ] ] ] } },
{ "type": "Feature", "properties": { "ID": 62204, "date": "2022-01-11T00:00:00", "smokePM_pred": 1.66219711303711 }, "geometry": { "type": "Polygon", "coordinates": [ [ [ -79.157535312896982, 35.309037377282323 ], [ -79.1463466213647, 35.220282849060403 ], [ -79.254480889266318, 35.211074022693197 ], [ -79.265783707405774, 35.299798425030019 ], [ -79.157535312896982, 35.309037377282323 ] ] ] } }
]
}
