{
  "type": "FeatureCollection",
  "name": "Houma",
  "crs": {
    "type": "name",
    "properties": {
      "name": "urn:ogc:def:crs:OGC:1.3:CRS84"
    }
  },
  "features": [
    {
      "type": "Feature",
      "properties": {
        "largest_city": "Houma",
        "all_cities": "Bayou Blue, Bayou Cane, Bayou Country Club, Bourg, Boutte, Chauvin, Dulac, Garyville, Grand Point, Gray, Houma, Laplace, Lewisburg, Livingston, Lutcher, Monroe, Montz, Natalbany, New Sarpy, Paincourtville, Presquille, Reserve, Roseland, Schriever, South Vacherie, Thibodaux, Wallace",
        "total_area_ft2": 19969343.6419677
      },
      "geometry": {
        "type": "MultiPolygon",
        "coordinates": [
          [
            [
              [
                -90.801867,
                29.7819869
              ],
              [
                -90.8017611,
                29.7821793
              ],
              [
                -90.8016589,
                29.782137
              ],
              [
                -90.8017648,
                29.781944500000016
              ],
              [
                -90.801867,
                29.7819869
              ]
            ]
          ],
          [
            [
              [
                -90.8020765,
                29.782073099999963
              ],
              [
                -90.8019706,
                29.7822655
              ],
              [
                -90.8018684,
                29.7822232
              ],
              [
                -90.8019743,
                29.78203069999999
              ],
              [
                -90.8020765,
                29.782073099999963
              ]
            ]
          ],
          [
            [
              [
                -90.80214809999998,
                29.7821072
              ],
              [
                -90.80225029999997,
                29.782149599999986
              ],
              [
                -90.8021444,
                29.782342
              ],
              [
                -90.8020422,
                29.7822997
              ],
              [
                -90.80214809999998,
                29.7821072
              ]
            ]
          ],
          [
            [
              [
                -90.8022035,
                29.782364399999988
              ],
              [
                -90.80230939999998,
                29.7821719
              ],
              [
                -90.80241159999999,
                29.7822143
              ],
              [
                -90.8023057,
                29.7824067
              ],
              [
                -90.8022035,
                29.782364399999988
              ]
            ]
          ],
          [
            [
              [
                -90.8384076,
                29.7828004
              ],
              [
                -90.83834119999999,
                29.7828393
              ],
              [
                -90.83768469999997,
                29.782660899999982
              ],
              [
                -90.8377449,
                29.7825376
              ],
              [
                -90.8378067,
                29.782437
              ],
              [
                -90.8378948,
                29.7823526
              ],
              [
                -90.8379998,
                29.782280199999988
              ],
              [
                -90.8381172,
                29.7822332
              ],
              [
                -90.8382686,
                29.78219969999998
              ],
              [
                -90.83840149999999,
                29.782198399999977
              ],
              [
                -90.8386038,
                29.7822319
              ],
              [
                -90.8384076,
                29.7828004
              ]
            ]
          ],
          [
            [
              [
                -90.8044301,
                29.786121499999986
              ],
              [
                -90.80492229999999,
                29.78624
              ],
              [
                -90.8046178,
                29.7871921
              ],
              [
                -90.80412560000002,
                29.7870735
              ],
              [
                -90.8044301,
                29.786121499999986
              ]
            ]
          ],
          [
            [
              [
                -90.8063626,
                29.787535199999986
              ],
              [
                -90.80665629999999,
                29.786617
              ],
              [
                -90.8072988,
                29.786771799999986
              ],
              [
                -90.8070052,
                29.78769
              ],
              [
                -90.8063626,
                29.787535199999986
              ]
            ]
          ],
          [
            [
              [
                -90.81104470000001,
                29.7882766
              ],
              [
                -90.81108779999998,
                29.788153799999986
              ],
              [
                -90.81115389999998,
                29.7880377
              ],
              [
                -90.8112493,
                29.787937499999984
              ],
              [
                -90.8113662,
                29.7878654
              ],
              [
                -90.81151239999998,
                29.7878187
              ],
              [
                -90.8116754,
                29.7878
              ],
              [
                -90.8118523,
                29.7878307
              ],
              [
                -90.81172159999998,
                29.7883594
              ],
              [
                -90.8116462,
                29.788398099999984
              ],
              [
                -90.81104470000001,
                29.7882766
              ]
            ]
          ],
          [
            [
              [
                -90.8017798,
                29.7853044
              ],
              [
                -90.8018253,
                29.7852718
              ],
              [
                -90.80188169999998,
                29.7852416
              ],
              [
                -90.8019648,
                29.7852183
              ],
              [
                -90.8020319,
                29.785209
              ],
              [
                -90.8020936,
                29.785209
              ],
              [
                -90.8021633,
                29.785223
              ],
              [
                -90.80226249999998,
                29.785248599999985
              ],
              [
                -90.802799,
                29.7854581
              ],
              [
                -90.8028848,
                29.7856047
              ],
              [
                -90.8024664,
                29.7863566
              ],
              [
                -90.8023081,
                29.78640089999997
              ],
              [
                -90.8013452,
                29.786002799999967
              ],
              [
                -90.8016349,
                29.785486
              ],
              [
                -90.8016751,
                29.7854115
              ],
              [
                -90.80172610000001,
                29.785348699999986
              ],
              [
                -90.8017798,
                29.7853044
              ]
            ]
          ],
          [
            [
              [
                -90.7959912,
                29.787748399999984
              ],
              [
                -90.7961061,
                29.7876925
              ],
              [
                -90.7962125,
                29.7876599
              ],
              [
                -90.79661029999998,
                29.7884516
              ],
              [
                -90.7965898,
                29.7884887
              ],
              [
                -90.7956743,
                29.788826299999986
              ],
              [
                -90.795612,
                29.78869949999999
              ],
              [
                -90.7955744,
                29.788554
              ],
              [
                -90.7955658,
                29.7883974
              ],
              [
                -90.795598,
                29.7882296
              ],
              [
                -90.7956603,
                29.788074799999986
              ],
              [
                -90.79573869999999,
                29.787957299999974
              ],
              [
                -90.7958698,
                29.787831399999988
              ],
              [
                -90.7959912,
                29.787748399999984
              ]
            ]
          ],
          [
            [
              [
                -90.7964005,
                29.7895106
              ],
              [
                -90.7962544,
                29.789463099999967
              ],
              [
                -90.79613939999997,
                29.7894109
              ],
              [
                -90.7960084,
                29.789326
              ],
              [
                -90.79591059999998,
                29.789233699999986
              ],
              [
                -90.79584939999998,
                29.789161
              ],
              [
                -90.7957967,
                29.789078
              ],
              [
                -90.79574519999998,
                29.788966099999985
              ],
              [
                -90.79665079999998,
                29.7886295
              ],
              [
                -90.7967024,
                29.788644499999975
              ],
              [
                -90.7970838,
                29.789446299999984
              ],
              [
                -90.7969409,
                29.7894948
              ],
              [
                -90.7968367,
                29.789519
              ],
              [
                -90.796697,
                29.7895349
              ],
              [
                -90.79654019999998,
                29.7895321
              ],
              [
                -90.7964005,
                29.7895106
              ]
            ]
          ],
          [
            [
              [
                -90.80024819999998,
                29.7914296
              ],
              [
                -90.80035959999998,
                29.7914583
              ],
              [
                -90.8002882,
                29.79166659999998
              ],
              [
                -90.80017679999999,
                29.7916378
              ],
              [
                -90.80024819999998,
                29.7914296
              ]
            ]
          ],
          [
            [
              [
                -90.724762,
                29.601092
              ],
              [
                -90.7248572,
                29.6005469
              ],
              [
                -90.72495544971777,
                29.60056134113173
              ],
              [
                -90.72495670731413,
                29.600554110805874
              ],
              [
                -90.72570574954752,
                29.600662253885073
              ],
              [
                -90.72570370809734,
                29.600671323104947
              ],
              [
                -90.7257607,
                29.6006797
              ],
              [
                -90.725642,
                29.601209
              ],
              [
                -90.724762,
                29.601092
              ]
            ]
          ],
          [
            [
              [
                -90.72943462035927,
                29.60013206940714
              ],
              [
                -90.72731080180499,
                29.604261717308248
              ],
              [
                -90.72698811797177,
                29.60415435210777
              ],
              [
                -90.72874632310373,
                29.600516984680716
              ],
              [
                -90.7290056038442,
                29.599918347066627
              ],
              [
                -90.72943462035927,
                29.60013206940714
              ]
            ]
          ],
          [
            [
              [
                -90.70581313429909,
                29.603135170946157
              ],
              [
                -90.70640601160682,
                29.60321687799407
              ],
              [
                -90.70641674111128,
                29.603747958262435
              ],
              [
                -90.70582341697077,
                29.603748796618877
              ],
              [
                -90.70581313429909,
                29.603135170946157
              ]
            ]
          ],
          [
            [
              [
                -90.722716,
                29.603305
              ],
              [
                -90.722722,
                29.603078
              ],
              [
                -90.7227571,
                29.6028025
              ],
              [
                -90.723616,
                29.6029067
              ],
              [
                -90.723636,
                29.604341
              ],
              [
                -90.723638,
                29.60442
              ],
              [
                -90.722746,
                29.604437
              ],
              [
                -90.722716,
                29.603305
              ]
            ]
          ],
          [
            [
              [
                -90.6858436556017,
                29.59463103302265
              ],
              [
                -90.68474255642198,
                29.594490961318503
              ],
              [
                -90.68482088232822,
                29.59400169187096
              ],
              [
                -90.6859241644141,
                29.594141114357612
              ],
              [
                -90.6858436556017,
                29.59463103302265
              ]
            ]
          ],
          [
            [
              [
                -90.6920996,
                29.59354059999997
              ],
              [
                -90.69211825157655,
                29.593542995328985
              ],
              [
                -90.6921187768318,
                29.593538992555246
              ],
              [
                -90.69256991885231,
                29.59359765857192
              ],
              [
                -90.69264839298059,
                29.5931352753246
              ],
              [
                -90.69305559646592,
                29.59318832484369
              ],
              [
                -90.6932122366156,
                29.593201716930505
              ],
              [
                -90.69323128641227,
                29.593133224067387
              ],
              [
                -90.69342227452987,
                29.593157960227046
              ],
              [
                -90.69339938096485,
                29.593293971893008
              ],
              [
                -90.69338713243596,
                29.593364294104063
              ],
              [
                -90.69318907278043,
                29.593338147270302
              ],
              [
                -90.6929724701008,
                29.594489492806847
              ],
              [
                -90.6931917569465,
                29.594517977243438
              ],
              [
                -90.69316807555897,
                29.594653983951332
              ],
              [
                -90.69294643063567,
                29.594625230065997
              ],
              [
                -90.69277902778583,
                29.59558603704745
              ],
              [
                -90.69277543532424,
                29.5955855286117
              ],
              [
                -90.6927711,
                29.5956145
              ],
              [
                -90.6922651,
                29.59556439999998
              ],
              [
                -90.69227314154296,
                29.595514439719064
              ],
              [
                -90.69224381513281,
                29.5955102891958
              ],
              [
                -90.69255503440384,
                29.593685122672607
              ],
              [
                -90.69214735137258,
                29.593626047987964
              ],
              [
                -90.69210802579447,
                29.593620922187732
              ],
              [
                -90.69210809953218,
                29.593620360260218
              ],
              [
                -90.69208559999998,
                29.5936171
              ],
              [
                -90.6920996,
                29.59354059999997
              ]
            ]
          ],
          [
            [
              [
                -90.6776539,
                29.6445808
              ],
              [
                -90.6774183,
                29.6449064
              ],
              [
                -90.67502179999998,
                29.6428815
              ],
              [
                -90.67514629999998,
                29.6427421
              ],
              [
                -90.675486,
                29.64251
              ],
              [
                -90.67776759999998,
                29.64242560000001
              ],
              [
                -90.67828119999999,
                29.6429004
              ],
              [
                -90.6785634,
                29.6431613
              ],
              [
                -90.6776539,
                29.6445808
              ]
            ]
          ],
          [
            [
              [
                -90.679298,
                29.6441062
              ],
              [
                -90.6783536,
                29.6441132
              ],
              [
                -90.6783515,
                29.6438969
              ],
              [
                -90.6784438,
                29.643654900000016
              ],
              [
                -90.67862380000001,
                29.643477699999988
              ],
              [
                -90.67883609999998,
                29.6433572
              ],
              [
                -90.67907359999998,
                29.64328449999997
              ],
              [
                -90.6792899,
                29.643282900000013
              ],
              [
                -90.679298,
                29.6441062
              ]
            ]
          ],
          [
            [
              [
                -90.68050759999998,
                29.6438933
              ],
              [
                -90.6805097,
                29.64410950000001
              ],
              [
                -90.6795654,
                29.644116500000013
              ],
              [
                -90.6795573,
                29.643293199999977
              ],
              [
                -90.67977369999998,
                29.6432916
              ],
              [
                -90.6800125,
                29.6433608
              ],
              [
                -90.6802272,
                29.6434781
              ],
              [
                -90.68041059999999,
                29.6436526
              ],
              [
                -90.68050759999998,
                29.6438933
              ]
            ]
          ],
          [
            [
              [
                -90.6805105,
                29.6445822
              ],
              [
                -90.6804183,
                29.6448243
              ],
              [
                -90.6802382,
                29.645001500000014
              ],
              [
                -90.68002590000002,
                29.6451219
              ],
              [
                -90.67978849999999,
                29.645194599999986
              ],
              [
                -90.67957209999999,
                29.645196199999983
              ],
              [
                -90.6795641,
                29.64437290000002
              ],
              [
                -90.68050839999998,
                29.644366
              ],
              [
                -90.6805105,
                29.6445822
              ]
            ]
          ],
          [
            [
              [
                -90.6793107,
                29.644375
              ],
              [
                -90.6793187,
                29.645198299999976
              ],
              [
                -90.6791024,
                29.645199900000012
              ],
              [
                -90.6788635,
                29.6451307
              ],
              [
                -90.6786489,
                29.645013399999968
              ],
              [
                -90.6784654,
                29.6448389
              ],
              [
                -90.6783685,
                29.64459820000001
              ],
              [
                -90.6783664,
                29.644382
              ],
              [
                -90.6793107,
                29.644375
              ]
            ]
          ],
          [
            [
              [
                -90.668375,
                29.9366416
              ],
              [
                -90.6682377,
                29.9370188
              ],
              [
                -90.6679933,
                29.93694920000002
              ],
              [
                -90.667923,
                29.9371407
              ],
              [
                -90.6677221,
                29.9370449
              ],
              [
                -90.66793639999999,
                29.93650530000001
              ],
              [
                -90.668375,
                29.9366416
              ]
            ]
          ],
          [
            [
              [
                -90.6401495,
                29.565080799999986
              ],
              [
                -90.64081930000002,
                29.5654294
              ],
              [
                -90.6406649,
                29.565653899999987
              ],
              [
                -90.639995,
                29.5653054
              ],
              [
                -90.6401495,
                29.565080799999986
              ]
            ]
          ],
          [
            [
              [
                -90.63854744228979,
                29.56523950666558
              ],
              [
                -90.63859689999998,
                29.5651755
              ],
              [
                -90.6394606,
                29.5656491
              ],
              [
                -90.63943792016751,
                29.56567880553087
              ],
              [
                -90.63854744228979,
                29.56523950666558
              ]
            ]
          ],
          [
            [
              [
                -90.65340080777457,
                29.572476486851524
              ],
              [
                -90.65354697714604,
                29.57282359236379
              ],
              [
                -90.65308087368444,
                29.57311458923116
              ],
              [
                -90.65292207400009,
                29.57292918846943
              ],
              [
                -90.65276150643128,
                29.57271229037376
              ],
              [
                -90.65340080777457,
                29.572476486851524
              ]
            ]
          ],
          [
            [
              [
                -90.61280905184935,
                30.043841795014234
              ],
              [
                -90.61296277605234,
                30.044230625217306
              ],
              [
                -90.61329735088498,
                30.044149242910787
              ],
              [
                -90.613930328987,
                30.04603009211517
              ],
              [
                -90.61273671231615,
                30.0463556225353
              ],
              [
                -90.61199522401603,
                30.04428488031042
              ],
              [
                -90.61280905184935,
                30.043841795014234
              ]
            ]
          ],
          [
            [
              [
                -90.7773286,
                29.6769732
              ],
              [
                -90.77710059999998,
                29.67706289999997
              ],
              [
                -90.77704929999999,
                29.67696450000001
              ],
              [
                -90.7772773,
                29.6768748
              ],
              [
                -90.7773286,
                29.6769732
              ]
            ]
          ],
          [
            [
              [
                -90.77738439999999,
                29.6770832
              ],
              [
                -90.77715639999998,
                29.6771729
              ],
              [
                -90.77710509999999,
                29.6770745
              ],
              [
                -90.7773331,
                29.6769848
              ],
              [
                -90.77738439999999,
                29.6770832
              ]
            ]
          ],
          [
            [
              [
                -90.7774461,
                29.6771944
              ],
              [
                -90.7772181,
                29.6772841
              ],
              [
                -90.7771668,
                29.677185699999978
              ],
              [
                -90.77739479999998,
                29.677096
              ],
              [
                -90.7774461,
                29.6771944
              ]
            ]
          ],
          [
            [
              [
                -90.776316,
                29.676635399999984
              ],
              [
                -90.77670460000002,
                29.67712379999998
              ],
              [
                -90.7767852,
                29.6772728
              ],
              [
                -90.7768472,
                29.6774327
              ],
              [
                -90.776779,
                29.677561899999986
              ],
              [
                -90.7764669,
                29.6776948
              ],
              [
                -90.7758469,
                29.6778098
              ],
              [
                -90.77565879999999,
                29.6774596
              ],
              [
                -90.7756175,
                29.677217199999987
              ],
              [
                -90.77571058970531,
                29.67709405049262
              ],
              [
                -90.77571058970531,
                29.677094050855285
              ],
              [
                -90.775851,
                29.6769083
              ],
              [
                -90.776316,
                29.676635399999984
              ]
            ]
          ],
          [
            [
              [
                -90.7772772,
                29.677400899999977
              ],
              [
                -90.7772259,
                29.67730249999999
              ],
              [
                -90.77745389999998,
                29.67721279999999
              ],
              [
                -90.77750519999998,
                29.6773112
              ],
              [
                -90.7772772,
                29.677400899999977
              ]
            ]
          ],
          [
            [
              [
                -90.77508009999998,
                29.67758349999998
              ],
              [
                -90.7752434,
                29.6775799
              ],
              [
                -90.7753798,
                29.67761219999998
              ],
              [
                -90.7755265,
                29.6776787
              ],
              [
                -90.7756547,
                29.67779540000002
              ],
              [
                -90.77571058970531,
                29.67788746026055
              ],
              [
                -90.77571058970531,
                29.677887460358562
              ],
              [
                -90.77575389999998,
                29.6779588
              ],
              [
                -90.7751379,
                29.678194
              ],
              [
                -90.7747969,
                29.6776697
              ],
              [
                -90.77481227442118,
                29.677663215638006
              ],
              [
                -90.77481227442118,
                29.677663215624612
              ],
              [
                -90.7749375,
                29.677610400000013
              ],
              [
                -90.77508009999998,
                29.67758349999998
              ]
            ]
          ],
          [
            [
              [
                -90.78556683454273,
                29.694926444261007
              ],
              [
                -90.78465898184523,
                29.69528445703833
              ],
              [
                -90.78502977405516,
                29.69600120759958
              ],
              [
                -90.78277934694474,
                29.69688862834123
              ],
              [
                -90.78235671475638,
                29.696071622756968
              ],
              [
                -90.7855470976576,
                29.694813533048627
              ],
              [
                -90.78556683454273,
                29.694926444261007
              ]
            ]
          ],
          [
            [
              [
                -90.7916659,
                29.7778275
              ],
              [
                -90.7915817,
                29.777756700000015
              ],
              [
                -90.79175349999998,
                29.7776028
              ],
              [
                -90.7918377,
                29.77767359999999
              ],
              [
                -90.7916659,
                29.7778275
              ]
            ]
          ],
          [
            [
              [
                -90.76836530000001,
                29.6633772
              ],
              [
                -90.768267,
                29.6633414
              ],
              [
                -90.7680435,
                29.662825
              ],
              [
                -90.7681232,
                29.6627973
              ],
              [
                -90.7682203,
                29.662777299999956
              ],
              [
                -90.76831929999999,
                29.66277010000001
              ],
              [
                -90.7684344,
                29.6627791
              ],
              [
                -90.7685597,
                29.662812
              ],
              [
                -90.76867819999998,
                29.66286459999999
              ],
              [
                -90.7687613,
                29.662918699999985
              ],
              [
                -90.76881980000002,
                29.662973099999984
              ],
              [
                -90.7688756,
                29.6630373
              ],
              [
                -90.7689104,
                29.663097899999986
              ],
              [
                -90.7689446,
                29.6631739
              ],
              [
                -90.76894689999999,
                29.6631999
              ],
              [
                -90.76836530000001,
                29.6633772
              ]
            ]
          ],
          [
            [
              [
                -90.73754075801745,
                30.02982707486845
              ],
              [
                -90.73753842166587,
                30.029821491496637
              ],
              [
                -90.73912501332885,
                30.02954842220059
              ],
              [
                -90.74063657961288,
                30.0292626728973
              ],
              [
                -90.7406554109962,
                30.02925911476252
              ],
              [
                -90.74078577271361,
                30.029755217063652
              ],
              [
                -90.74094819889675,
                30.030373340554693
              ],
              [
                -90.74094997037447,
                30.030380077991715
              ],
              [
                -90.73804528317466,
                30.030887375429586
              ],
              [
                -90.73804386563312,
                30.030883370940874
              ],
              [
                -90.73804189326684,
                30.030877796866783
              ],
              [
                -90.7378998056867,
                30.03090293814272
              ],
              [
                -90.73789175921715,
                30.03088007669336
              ],
              [
                -90.73754075801745,
                30.02982707486845
              ]
            ]
          ],
          [
            [
              [
                -90.7477696,
                30.4902764
              ],
              [
                -90.74756209999997,
                30.4902804
              ],
              [
                -90.7475551,
                30.490009399999977
              ],
              [
                -90.74776260000002,
                30.4900054
              ],
              [
                -90.7477696,
                30.4902764
              ]
            ]
          ],
          [
            [
              [
                -90.8166452,
                29.7206828
              ],
              [
                -90.81655259999998,
                29.72047549999998
              ],
              [
                -90.81666319999998,
                29.7204382
              ],
              [
                -90.8167557,
                29.7206455
              ],
              [
                -90.8166452,
                29.7206828
              ]
            ]
          ],
          [
            [
              [
                -90.8164124,
                29.720523
              ],
              [
                -90.816523,
                29.720485799999974
              ],
              [
                -90.8166155,
                29.720693099999988
              ],
              [
                -90.816505,
                29.720730300000014
              ],
              [
                -90.8164124,
                29.720523
              ]
            ]
          ],
          [
            [
              [
                -90.8154702,
                29.7209808
              ],
              [
                -90.81521360000002,
                29.720802
              ],
              [
                -90.81505209999999,
                29.7205778
              ],
              [
                -90.81573309999999,
                29.720349399999968
              ],
              [
                -90.81585349999999,
                29.720400299999987
              ],
              [
                -90.81603879999999,
                29.7209863
              ],
              [
                -90.815749,
                29.72103860000001
              ],
              [
                -90.8154702,
                29.7209808
              ]
            ]
          ],
          [
            [
              [
                -90.81736779999999,
                29.7368437
              ],
              [
                -90.81734169999999,
                29.7367611
              ],
              [
                -90.817352,
                29.7367279
              ],
              [
                -90.81762889999999,
                29.7366259
              ],
              [
                -90.81767459999999,
                29.73664289999998
              ],
              [
                -90.8177781,
                29.7368907
              ],
              [
                -90.8177175,
                29.7369296
              ],
              [
                -90.81764760000002,
                29.73695949999997
              ],
              [
                -90.8175767,
                29.7369717
              ],
              [
                -90.8174974,
                29.7369539
              ],
              [
                -90.8174163,
                29.736915
              ],
              [
                -90.81736779999999,
                29.7368437
              ]
            ]
          ],
          [
            [
              [
                -90.8175857,
                29.73731439999997
              ],
              [
                -90.81755929999999,
                29.737273800000022
              ],
              [
                -90.817541,
                29.73723849999998
              ],
              [
                -90.8175227,
                29.737189099999974
              ],
              [
                -90.8175207,
                29.7371503
              ],
              [
                -90.8175278,
                29.7371158
              ],
              [
                -90.817544,
                29.737080500000015
              ],
              [
                -90.8175898,
                29.737032900000013
              ],
              [
                -90.81763449999998,
                29.736999400000016
              ],
              [
                -90.8177178,
                29.736971100000012
              ],
              [
                -90.8178205,
                29.736950799999985
              ],
              [
                -90.8179353,
                29.7372041
              ],
              [
                -90.817914,
                29.737249099999968
              ],
              [
                -90.81761719999999,
                29.737360299999988
              ],
              [
                -90.81760709999999,
                29.73734439999998
              ],
              [
                -90.8175857,
                29.73731439999997
              ]
            ]
          ],
          [
            [
              [
                -90.8060572,
                29.770952899999983
              ],
              [
                -90.8061677,
                29.770974699999986
              ],
              [
                -90.8061144,
                29.77117839999998
              ],
              [
                -90.80600389999996,
                29.7711566
              ],
              [
                -90.8060572,
                29.770952899999983
              ]
            ]
          ],
          [
            [
              [
                -90.81408857927379,
                29.776847341584023
              ],
              [
                -90.81408844366477,
                29.776847758057123
              ],
              [
                -90.81407717858029,
                29.77684534414134
              ],
              [
                -90.81408857927379,
                29.776847341584023
              ]
            ]
          ],
          [
            [
              [
                -90.83817960000002,
                29.7809132
              ],
              [
                -90.8376688,
                29.7808146
              ],
              [
                -90.83791945534662,
                29.779836607279602
              ],
              [
                -90.83791945532353,
                29.77983660727964
              ],
              [
                -90.8379212,
                29.7798298
              ],
              [
                -90.83795648036806,
                29.779836607279627
              ],
              [
                -90.83795647992712,
                29.77983660727964
              ],
              [
                -90.83843169999999,
                29.779928299999987
              ],
              [
                -90.83817960000002,
                29.7809132
              ]
            ]
          ],
          [
            [
              [
                -90.84381368992365,
                29.777907443658567
              ],
              [
                -90.84376166168671,
                29.778002378930026
              ],
              [
                -90.84247891305523,
                29.777539163352245
              ],
              [
                -90.84254059185415,
                29.77735413344444
              ],
              [
                -90.84305656310065,
                29.777496336451634
              ],
              [
                -90.8431715627799,
                29.777159335154078
              ],
              [
                -90.84392177016174,
                29.774968760911086
              ],
              [
                -90.84474239628,
                29.77517936144595
              ],
              [
                -90.84381368992365,
                29.777907443658567
              ]
            ]
          ],
          [
            [
              [
                -90.8392522,
                29.7790148
              ],
              [
                -90.839142,
                29.778992499999983
              ],
              [
                -90.83919859999999,
                29.778781099999986
              ],
              [
                -90.8393089,
                29.77880329999998
              ],
              [
                -90.8392522,
                29.7790148
              ]
            ]
          ],
          [
            [
              [
                -90.8394046,
                29.779042
              ],
              [
                -90.8392943,
                29.7790198
              ],
              [
                -90.8393509,
                29.778808299999987
              ],
              [
                -90.8394612,
                29.7788305
              ],
              [
                -90.8394046,
                29.779042
              ]
            ]
          ],
          [
            [
              [
                -90.8395519,
                29.77907379999998
              ],
              [
                -90.8394417,
                29.7790516
              ],
              [
                -90.83949830000002,
                29.77884009999999
              ],
              [
                -90.83960860000002,
                29.7788624
              ],
              [
                -90.8395519,
                29.77907379999998
              ]
            ]
          ],
          [
            [
              [
                -90.79168559999998,
                29.7778459
              ],
              [
                -90.7918574,
                29.777692
              ],
              [
                -90.79194159999999,
                29.7777628
              ],
              [
                -90.79176979999998,
                29.7779167
              ],
              [
                -90.79168559999998,
                29.7778459
              ]
            ]
          ],
          [
            [
              [
                -90.80241009999999,
                29.78054339999999
              ],
              [
                -90.80232419999999,
                29.7806924
              ],
              [
                -90.8022387,
                29.7806553
              ],
              [
                -90.80232469999999,
                29.780506300000013
              ],
              [
                -90.80241009999999,
                29.78054339999999
              ]
            ]
          ],
          [
            [
              [
                -90.8009342,
                29.7812677
              ],
              [
                -90.8005178,
                29.781011900000014
              ],
              [
                -90.801178,
                29.78020249999998
              ],
              [
                -90.8015942,
                29.780458199999988
              ],
              [
                -90.8009342,
                29.7812677
              ]
            ]
          ],
          [
            [
              [
                -90.8021946,
                29.7809143
              ],
              [
                -90.8021091,
                29.7808772
              ],
              [
                -90.80219510000002,
                29.7807282
              ],
              [
                -90.8022805,
                29.780765299999988
              ],
              [
                -90.8021946,
                29.7809143
              ]
            ]
          ],
          [
            [
              [
                -90.8024731,
                29.7807507
              ],
              [
                -90.80238759999999,
                29.7807136
              ],
              [
                -90.8024736,
                29.7805646
              ],
              [
                -90.802559,
                29.78060169999998
              ],
              [
                -90.8024731,
                29.7807507
              ]
            ]
          ],
          [
            [
              [
                -90.8026952,
                29.7806595
              ],
              [
                -90.8026093,
                29.78080849999999
              ],
              [
                -90.80252380000002,
                29.7807714
              ],
              [
                -90.80260979999998,
                29.780622399999988
              ],
              [
                -90.8026952,
                29.7806595
              ]
            ]
          ],
          [
            [
              [
                -90.8028536,
                29.78072829999999
              ],
              [
                -90.8027677,
                29.7808773
              ],
              [
                -90.8026822,
                29.780840199999982
              ],
              [
                -90.80276819999999,
                29.780691199999985
              ],
              [
                -90.8028536,
                29.78072829999999
              ]
            ]
          ],
          [
            [
              [
                -90.80301449999999,
                29.780786599999978
              ],
              [
                -90.80292859999999,
                29.7809356
              ],
              [
                -90.80284310000002,
                29.7808985
              ],
              [
                -90.8029291,
                29.7807495
              ],
              [
                -90.80301449999999,
                29.780786599999978
              ]
            ]
          ],
          [
            [
              [
                -90.8031573,
                29.780842899999968
              ],
              [
                -90.8030714,
                29.7809919
              ],
              [
                -90.80298590000001,
                29.780954799999982
              ],
              [
                -90.8030719,
                29.78080579999999
              ],
              [
                -90.8031573,
                29.780842899999968
              ]
            ]
          ],
          [
            [
              [
                -90.8025836,
                29.7808913
              ],
              [
                -90.8024977,
                29.7810403
              ],
              [
                -90.8024122,
                29.7810032
              ],
              [
                -90.80249819999999,
                29.780854199999986
              ],
              [
                -90.8025836,
                29.7808913
              ]
            ]
          ],
          [
            [
              [
                -90.8027324,
                29.780952299999978
              ],
              [
                -90.80264649999998,
                29.7811013
              ],
              [
                -90.802561,
                29.78106419999999
              ],
              [
                -90.802647,
                29.7809152
              ],
              [
                -90.8027324,
                29.780952299999978
              ]
            ]
          ],
          [
            [
              [
                -90.802877,
                29.7810122
              ],
              [
                -90.8027911,
                29.781161199999975
              ],
              [
                -90.80270559999998,
                29.78112409999999
              ],
              [
                -90.8027916,
                29.7809751
              ],
              [
                -90.802877,
                29.7810122
              ]
            ]
          ],
          [
            [
              [
                -90.80234459999998,
                29.7809757
              ],
              [
                -90.8022591,
                29.7809386
              ],
              [
                -90.80234509999998,
                29.7807896
              ],
              [
                -90.8024305,
                29.7808267
              ],
              [
                -90.80234459999998,
                29.7809757
              ]
            ]
          ],
          [
            [
              [
                -90.8016618,
                29.781591700000014
              ],
              [
                -90.8015596,
                29.7815494
              ],
              [
                -90.80166549999998,
                29.7813569
              ],
              [
                -90.8017677,
                29.7813993
              ],
              [
                -90.8016618,
                29.781591700000014
              ]
            ]
          ],
          [
            [
              [
                -90.80182859999998,
                29.781655099999988
              ],
              [
                -90.8017264,
                29.7816128
              ],
              [
                -90.80183229999999,
                29.781420299999976
              ],
              [
                -90.8019345,
                29.7814627
              ],
              [
                -90.80182859999998,
                29.781655099999988
              ]
            ]
          ],
          [
            [
              [
                -90.8020037,
                29.781729299999977
              ],
              [
                -90.80190149999999,
                29.781687
              ],
              [
                -90.8020074,
                29.78149449999998
              ],
              [
                -90.80210959999998,
                29.781536899999985
              ],
              [
                -90.8020037,
                29.781729299999977
              ]
            ]
          ],
          [
            [
              [
                -90.8029419,
                29.7812235
              ],
              [
                -90.8028564,
                29.781186399999985
              ],
              [
                -90.8029424,
                29.78103739999998
              ],
              [
                -90.8030278,
                29.7810745
              ],
              [
                -90.8029419,
                29.7812235
              ]
            ]
          ],
          [
            [
              [
                -90.8373664,
                29.7822024
              ],
              [
                -90.8372089,
                29.7821863
              ],
              [
                -90.83703279999999,
                29.7821367
              ],
              [
                -90.83690450000002,
                29.7820589
              ],
              [
                -90.8371517,
                29.781208899999978
              ],
              [
                -90.837212,
                29.7811874
              ],
              [
                -90.8381805,
                29.781431499999965
              ],
              [
                -90.83817439999999,
                29.781593699999984
              ],
              [
                -90.83814959999998,
                29.781701
              ],
              [
                -90.8380848,
                29.7818391
              ],
              [
                -90.8380029,
                29.781945
              ],
              [
                -90.8378932,
                29.7820375
              ],
              [
                -90.83776339999999,
                29.7821153
              ],
              [
                -90.837646,
                29.7821662
              ],
              [
                -90.83749,
                29.782201100000016
              ],
              [
                -90.8373664,
                29.7822024
              ]
            ]
          ],
          [
            [
              [
                -90.8022779,
                29.7818426
              ],
              [
                -90.80238379999999,
                29.7816501
              ],
              [
                -90.802486,
                29.78169249999998
              ],
              [
                -90.8023801,
                29.78188489999998
              ],
              [
                -90.8022779,
                29.7818426
              ]
            ]
          ],
          [
            [
              [
                -90.8025525,
                29.7819591
              ],
              [
                -90.8024503,
                29.7819168
              ],
              [
                -90.8025562,
                29.7817243
              ],
              [
                -90.80265840000001,
                29.78176669999998
              ],
              [
                -90.8025525,
                29.7819591
              ]
            ]
          ],
          [
            [
              [
                -90.8062674,
                29.788105099999985
              ],
              [
                -90.8069052,
                29.7882698
              ],
              [
                -90.8065949,
                29.78917519999999
              ],
              [
                -90.805957,
                29.7890105
              ],
              [
                -90.8062674,
                29.788105099999985
              ]
            ]
          ],
          [
            [
              [
                -90.80253879999998,
                29.789361799999988
              ],
              [
                -90.8024423,
                29.789389800000013
              ],
              [
                -90.8023698,
                29.789401400000013
              ],
              [
                -90.8022947,
                29.78940839999999
              ],
              [
                -90.80220889999998,
                29.789408399999978
              ],
              [
                -90.80208819999999,
                29.7893921
              ],
              [
                -90.801946,
                29.789357200000026
              ],
              [
                -90.8021526,
                29.788803199999986
              ],
              [
                -90.8022518,
                29.788763599999953
              ],
              [
                -90.8028858,
                29.7889383
              ],
              [
                -90.8028634,
                29.789017299999983
              ],
              [
                -90.8028388,
                29.789080900000013
              ],
              [
                -90.80279559999998,
                29.7891535
              ],
              [
                -90.8027319,
                29.789231500000017
              ],
              [
                -90.8026818,
                29.789283
              ],
              [
                -90.8026166,
                29.789326899999974
              ],
              [
                -90.80253879999998,
                29.789361799999988
              ]
            ]
          ],
          [
            [
              [
                -90.81207659999998,
                29.78961059999999
              ],
              [
                -90.8116521,
                29.7899091
              ],
              [
                -90.81129289999998,
                29.79008389999999
              ],
              [
                -90.8111332,
                29.790050699999984
              ],
              [
                -90.81094229999998,
                29.789763
              ],
              [
                -90.8107344,
                29.7892985
              ],
              [
                -90.8111423,
                29.789109199999988
              ],
              [
                -90.81154159999998,
                29.7890751
              ],
              [
                -90.81187319999998,
                29.78927009999997
              ],
              [
                -90.81207659999998,
                29.78961059999999
              ]
            ]
          ],
          [
            [
              [
                -90.8111133,
                29.791429899999986
              ],
              [
                -90.8106094,
                29.791318199999978
              ],
              [
                -90.810893,
                29.7903488
              ],
              [
                -90.8113991,
                29.7904605
              ],
              [
                -90.8111133,
                29.791429899999986
              ]
            ]
          ],
          [
            [
              [
                -90.8004017,
                29.791465899999988
              ],
              [
                -90.8005118,
                29.7914934
              ],
              [
                -90.8004416,
                29.7917051
              ],
              [
                -90.8003315,
                29.791677599999982
              ],
              [
                -90.8004017,
                29.791465899999988
              ]
            ]
          ],
          [
            [
              [
                -90.800074,
                29.79195579999997
              ],
              [
                -90.8001461,
                29.791745899999977
              ],
              [
                -90.8002596,
                29.7917753
              ],
              [
                -90.8001875,
                29.7919852
              ],
              [
                -90.800074,
                29.79195579999997
              ]
            ]
          ],
          [
            [
              [
                -90.8002244,
                29.7919964
              ],
              [
                -90.80029810000002,
                29.791785099999988
              ],
              [
                -90.800405,
                29.791813100000013
              ],
              [
                -90.80033129999998,
                29.7920245
              ],
              [
                -90.8002244,
                29.7919964
              ]
            ]
          ],
          [
            [
              [
                -90.8379084,
                29.7914604
              ],
              [
                -90.8377998,
                29.791432
              ],
              [
                -90.83787229999999,
                29.791223399999986
              ],
              [
                -90.83798079999998,
                29.7912517
              ],
              [
                -90.8379084,
                29.7914604
              ]
            ]
          ],
          [
            [
              [
                -90.8241897,
                29.79590230000002
              ],
              [
                -90.82552539999999,
                29.7959908
              ],
              [
                -90.82547039999999,
                29.7968056
              ],
              [
                -90.8238736,
                29.7970076
              ],
              [
                -90.8241897,
                29.79590230000002
              ]
            ]
          ],
          [
            [
              [
                -90.81985489999998,
                29.8014264
              ],
              [
                -90.8196517,
                29.8013858
              ],
              [
                -90.81971239999999,
                29.8011427
              ],
              [
                -90.8199016,
                29.801185199999978
              ],
              [
                -90.81989222106857,
                29.80123364112286
              ],
              [
                -90.81989010658648,
                29.801244562181104
              ],
              [
                -90.81985489999998,
                29.8014264
              ]
            ]
          ],
          [
            [
              [
                -90.83964419999998,
                29.7788713
              ],
              [
                -90.83975449999998,
                29.778893500000013
              ],
              [
                -90.8396978,
                29.779105
              ],
              [
                -90.8395875,
                29.779082799999983
              ],
              [
                -90.83959443798554,
                29.77905692021259
              ],
              [
                -90.839594438003,
                29.779056920212582
              ],
              [
                -90.83964419999998,
                29.7788713
              ]
            ]
          ],
          [
            [
              [
                -91.0580310026697,
                29.998763699588586
              ],
              [
                -91.05791520266882,
                29.998754999587252
              ],
              [
                -91.0579370026683,
                29.99853569960089
              ],
              [
                -91.05805280266917,
                29.998544299602237
              ],
              [
                -91.0580310026697,
                29.998763699588586
              ]
            ]
          ],
          [
            [
              [
                -92.09240844658493,
                32.473392053129366
              ],
              [
                -92.09240301357408,
                32.47461630048222
              ],
              [
                -92.08899753356968,
                32.47461235438224
              ],
              [
                -92.0890028551894,
                32.47342288571691
              ],
              [
                -92.09240844658493,
                32.473392053129366
              ]
            ]
          ],
          [
            [
              [
                -92.0856262,
                32.48772240000001
              ],
              [
                -92.0861502,
                32.48771039999997
              ],
              [
                -92.08618189999999,
                32.4887044
              ],
              [
                -92.0856581,
                32.4887164
              ],
              [
                -92.0856262,
                32.48772240000001
              ]
            ]
          ],
          [
            [
              [
                -92.11153349999998,
                32.454389700000014
              ],
              [
                -92.11134429999998,
                32.4545476
              ],
              [
                -92.1111675,
                32.4546177
              ],
              [
                -92.1109679,
                32.45467389999999
              ],
              [
                -92.1107787,
                32.454666899999985
              ],
              [
                -92.11077249999998,
                32.4539282
              ],
              [
                -92.1109347,
                32.4538633
              ],
              [
                -92.1116603,
                32.45389669999999
              ],
              [
                -92.1116769,
                32.4540774
              ],
              [
                -92.11160829999999,
                32.4542598
              ],
              [
                -92.11153349999998,
                32.454389700000014
              ]
            ]
          ],
          [
            [
              [
                -92.10776192321171,
                32.46557899400535
              ],
              [
                -92.1077488742839,
                32.46544278484195
              ],
              [
                -92.10832038156933,
                32.4654600480388
              ],
              [
                -92.10851479496313,
                32.46546592042027
              ],
              [
                -92.10870920566197,
                32.4654717912855
              ],
              [
                -92.1091612127601,
                32.465485439188775
              ],
              [
                -92.10913829763552,
                32.46605834533277
              ],
              [
                -92.10913186300316,
                32.466219214635
              ],
              [
                -92.1086778212209,
                32.46620550317798
              ],
              [
                -92.10781945491577,
                32.46617957790019
              ],
              [
                -92.10776192321171,
                32.46557899400535
              ]
            ]
          ],
          [
            [
              [
                -92.1080608797911,
                32.4712464966398
              ],
              [
                -92.10806195512671,
                32.471257721090204
              ],
              [
                -92.107826185328,
                32.47126079975933
              ],
              [
                -92.10717639999999,
                32.47130039999997
              ],
              [
                -92.10712409999998,
                32.47066169999999
              ],
              [
                -92.1080757,
                32.4706887
              ],
              [
                -92.1081281,
                32.47124239999997
              ],
              [
                -92.1080608797911,
                32.4712464966398
              ]
            ]
          ],
          [
            [
              [
                -92.09446118324742,
                32.48145808355348
              ],
              [
                -92.09446151292912,
                32.480683935793785
              ],
              [
                -92.09448808337916,
                32.48067946025686
              ],
              [
                -92.0944881,
                32.4806768
              ],
              [
                -92.0945705780293,
                32.48066556482596
              ],
              [
                -92.09512915252637,
                32.48057147832076
              ],
              [
                -92.09579696729512,
                32.48045898963759
              ],
              [
                -92.09607770609276,
                32.480411700123824
              ],
              [
                -92.09646477487732,
                32.48035183797761
              ],
              [
                -92.09646475593283,
                32.48040753952388
              ],
              [
                -92.096548,
                32.4803962
              ],
              [
                -92.09656518082419,
                32.48073973657313
              ],
              [
                -92.09705476499974,
                32.48074005800754
              ],
              [
                -92.09705469058756,
                32.48082195873517
              ],
              [
                -92.09715529999998,
                32.4808211
              ],
              [
                -92.09715939999998,
                32.4811569
              ],
              [
                -92.0965802,
                32.481156499999976
              ],
              [
                -92.0965856,
                32.4815321
              ],
              [
                -92.09646437328497,
                32.481532618826584
              ],
              [
                -92.09646435177082,
                32.48159587575356
              ],
              [
                -92.09607764410899,
                32.48159266425463
              ],
              [
                -92.09579656934145,
                32.481600958226956
              ],
              [
                -92.09512879140364,
                32.48159555293648
              ],
              [
                -92.09446112575523,
                32.481595513531595
              ],
              [
                -92.09409948917467,
                32.48159645242905
              ],
              [
                -92.09410009643582,
                32.481459021694455
              ],
              [
                -92.09446118324742,
                32.48145808355348
              ]
            ]
          ],
          [
            [
              [
                -92.09676420761605,
                32.498060146937185
              ],
              [
                -92.0963741609163,
                32.498308853564716
              ],
              [
                -92.09614810077336,
                32.49805397059234
              ],
              [
                -92.09516497374665,
                32.49866105507296
              ],
              [
                -92.0950039058162,
                32.49848055106309
              ],
              [
                -92.09677057487477,
                32.49735022514693
              ],
              [
                -92.09695407283954,
                32.49755627415113
              ],
              [
                -92.09654128708502,
                32.49781117444446
              ],
              [
                -92.09676420761605,
                32.498060146937185
              ]
            ]
          ],
          [
            [
              [
                -92.11609439999998,
                32.49978779999998
              ],
              [
                -92.1150331,
                32.50018159999998
              ],
              [
                -92.1145715,
                32.499258
              ],
              [
                -92.11563889999998,
                32.4988788
              ],
              [
                -92.11609439999998,
                32.49978779999998
              ]
            ]
          ],
          [
            [
              [
                -92.11757309906436,
                32.50151698027324
              ],
              [
                -92.11739445829033,
                32.50117801423331
              ],
              [
                -92.11748801064064,
                32.501143878074785
              ],
              [
                -92.1178676377814,
                32.501007345433116
              ],
              [
                -92.11788438949522,
                32.501039965308394
              ],
              [
                -92.1178945,
                32.5010362
              ],
              [
                -92.1180027,
                32.5012685
              ],
              [
                -92.11764859999998,
                32.5015018
              ],
              [
                -92.11763558545182,
                32.50147718107564
              ],
              [
                -92.11757309906436,
                32.50151698027324
              ]
            ]
          ],
          [
            [
              [
                -92.1162651,
                32.50237569999999
              ],
              [
                -92.1162454,
                32.5023734
              ],
              [
                -92.1160492,
                32.5019999
              ],
              [
                -92.1160558,
                32.5019844
              ],
              [
                -92.1164513,
                32.501837299999984
              ],
              [
                -92.11661949999998,
                32.50216059999999
              ],
              [
                -92.1162651,
                32.50237569999999
              ]
            ]
          ],
          [
            [
              [
                -92.05546069999998,
                32.4994224
              ],
              [
                -92.05547359999998,
                32.4992964
              ],
              [
                -92.055534,
                32.49930080000003
              ],
              [
                -92.0555211,
                32.4994268
              ],
              [
                -92.05546069999998,
                32.4994224
              ]
            ]
          ],
          [
            [
              [
                -92.07029568104441,
                32.5044311722735
              ],
              [
                -92.07014836362603,
                32.504283924649364
              ],
              [
                -92.0702822727905,
                32.503526556432924
              ],
              [
                -92.0712151875861,
                32.503662430682965
              ],
              [
                -92.07122029001694,
                32.50469616769132
              ],
              [
                -92.07026286109551,
                32.504620666054564
              ],
              [
                -92.07029568104441,
                32.5044311722735
              ]
            ]
          ],
          [
            [
              [
                -92.0729306,
                32.5113449
              ],
              [
                -92.07301833203348,
                32.51128264446927
              ],
              [
                -92.07301819439623,
                32.511276996304005
              ],
              [
                -92.0731767542304,
                32.511164789940466
              ],
              [
                -92.0732496291595,
                32.51111322056997
              ],
              [
                -92.0732561653267,
                32.511113875579426
              ],
              [
                -92.07349404526454,
                32.51094507359013
              ],
              [
                -92.07349387659367,
                32.51094037830832
              ],
              [
                -92.07366871839237,
                32.510816649337464
              ],
              [
                -92.07399798777492,
                32.51114005103955
              ],
              [
                -92.07400219907699,
                32.511170994928726
              ],
              [
                -92.07440010603545,
                32.511547691685756
              ],
              [
                -92.0745499728726,
                32.511697483330146
              ],
              [
                -92.07539781631249,
                32.5125449025712
              ],
              [
                -92.07530764162765,
                32.512609424044456
              ],
              [
                -92.07496648753389,
                32.51285351878084
              ],
              [
                -92.0748251070812,
                32.51295467457486
              ],
              [
                -92.07443748223947,
                32.512924379738905
              ],
              [
                -92.07430827306058,
                32.51291428196302
              ],
              [
                -92.0743498569734,
                32.51253419494436
              ],
              [
                -92.07419280810555,
                32.51252186015065
              ],
              [
                -92.0741893199473,
                32.512355961820425
              ],
              [
                -92.0740268326787,
                32.51234319824171
              ],
              [
                -92.07368872926364,
                32.51231663856859
              ],
              [
                -92.07368122277352,
                32.51197968552918
              ],
              [
                -92.0735179,
                32.51196779999999
              ],
              [
                -92.07351884166452,
                32.511956864961405
              ],
              [
                -92.07351649886748,
                32.51195685690784
              ],
              [
                -92.07351649078264,
                32.51195647208231
              ],
              [
                -92.07335754107964,
                32.51194596285846
              ],
              [
                -92.07334868773962,
                32.51160094618168
              ],
              [
                -92.07334868607187,
                32.51160094594104
              ],
              [
                -92.07335725541537,
                32.511944914435844
              ],
              [
                -92.07335468353872,
                32.51194490686051
              ],
              [
                -92.07303342353522,
                32.51192205063875
              ],
              [
                -92.07302543032584,
                32.51157387584922
              ],
              [
                -92.07331577066515,
                32.511596196733755
              ],
              [
                -92.0732451,
                32.511586
              ],
              [
                -92.07310739999998,
                32.5115246
              ],
              [
                -92.0729982,
                32.511426
              ],
              [
                -92.0729306,
                32.5113449
              ]
            ],
            [
              [
                -92.07351886195153,
                32.51195662937944
              ],
              [
                -92.07351973123383,
                32.511946534876294
              ],
              [
                -92.07351060322362,
                32.51162430819587
              ],
              [
                -92.07351046865136,
                32.511624288779075
              ],
              [
                -92.07351649078264,
                32.51195647208231
              ],
              [
                -92.07351886195153,
                32.51195662937944
              ]
            ],
            [
              [
                -92.0740117763165,
                32.511626756530276
              ],
              [
                -92.07394330113479,
                32.511644441661765
              ],
              [
                -92.07401225930984,
                32.51164974283843
              ],
              [
                -92.0740117763165,
                32.511626756530276
              ]
            ],
            [
              [
                -92.07401325374487,
                32.51181879986476
              ],
              [
                -92.07401954554513,
                32.51199647120875
              ],
              [
                -92.07401225930984,
                32.51164974283843
              ],
              [
                -92.07401325374487,
                32.51181879986476
              ]
            ],
            [
              [
                -92.07389262841437,
                32.51180987808159
              ],
              [
                -92.07389261656188,
                32.51180999379756
              ],
              [
                -92.07401325374487,
                32.51181879986476
              ],
              [
                -92.07389262841437,
                32.51180987808159
              ]
            ],
            [
              [
                -92.07367282933077,
                32.51164046021886
              ],
              [
                -92.07367264599556,
                32.51163735872741
              ],
              [
                -92.07367219482244,
                32.51163733019862
              ],
              [
                -92.07367227662454,
                32.51164042399336
              ],
              [
                -92.07367282933077,
                32.51164046021886
              ]
            ]
          ],
          [
            [
              [
                -92.08547513513606,
                32.51219712259389
              ],
              [
                -92.08530938877963,
                32.512175678470065
              ],
              [
                -92.08494156370509,
                32.51412584183479
              ],
              [
                -92.08370144754018,
                32.514003320179725
              ],
              [
                -92.08425548798321,
                32.51104430581543
              ],
              [
                -92.08565821897749,
                32.5112269178304
              ],
              [
                -92.08547513513606,
                32.51219712259389
              ]
            ]
          ],
          [
            [
              [
                -92.1157312,
                32.502541299999976
              ],
              [
                -92.1157947,
                32.50266149999999
              ],
              [
                -92.11586359999998,
                32.502805
              ],
              [
                -92.1159829,
                32.5029555
              ],
              [
                -92.11611149999999,
                32.503119
              ],
              [
                -92.11593849999998,
                32.50322629999999
              ],
              [
                -92.1156556,
                32.50288419999998
              ],
              [
                -92.115546,
                32.502812599999984
              ],
              [
                -92.1153505,
                32.5024462
              ],
              [
                -92.11546949999999,
                32.50239890000002
              ],
              [
                -92.11557610000001,
                32.502362
              ],
              [
                -92.11562879999998,
                32.5024583
              ],
              [
                -92.1156145,
                32.5024659
              ],
              [
                -92.1156717,
                32.5025675
              ],
              [
                -92.1157312,
                32.502541299999976
              ]
            ]
          ],
          [
            [
              [
                -92.1157641,
                32.504932
              ],
              [
                -92.11560389999998,
                32.505022
              ],
              [
                -92.1153938,
                32.5047561
              ],
              [
                -92.1153751,
                32.50473250000001
              ],
              [
                -92.1155352,
                32.5046424
              ],
              [
                -92.1157641,
                32.504932
              ]
            ]
          ],
          [
            [
              [
                -92.12574509999999,
                32.51722949999998
              ],
              [
                -92.1258759,
                32.517371
              ],
              [
                -92.12548,
                32.5176075
              ],
              [
                -92.125362,
                32.517463499999955
              ],
              [
                -92.12574509999999,
                32.51722949999998
              ]
            ]
          ],
          [
            [
              [
                -92.09769907696219,
                32.5179468331461
              ],
              [
                -92.09787523138301,
                32.51816973463142
              ],
              [
                -92.09768488829879,
                32.51816890599782
              ],
              [
                -92.0976834,
                32.51819220000003
              ],
              [
                -92.0961572,
                32.5182012
              ],
              [
                -92.09616259999999,
                32.517704400000035
              ],
              [
                -92.0963008,
                32.5169998
              ],
              [
                -92.09637429999998,
                32.517012499999986
              ],
              [
                -92.09683859999998,
                32.516941699999975
              ],
              [
                -92.09692139999999,
                32.51695170000002
              ],
              [
                -92.0970032,
                32.5169924
              ],
              [
                -92.09724090000002,
                32.5172726
              ],
              [
                -92.09766249999998,
                32.517813799999985
              ],
              [
                -92.0977009,
                32.51791829999998
              ],
              [
                -92.09769907696219,
                32.5179468331461
              ]
            ]
          ],
          [
            [
              [
                -92.0872755,
                32.5155916
              ],
              [
                -92.08711809999998,
                32.5165688
              ],
              [
                -92.0865728,
                32.51650629999999
              ],
              [
                -92.0867302,
                32.5155291
              ],
              [
                -92.0872755,
                32.5155916
              ]
            ]
          ],
          [
            [
              [
                -92.0691307,
                32.52465150000001
              ],
              [
                -92.06844179999999,
                32.5245677
              ],
              [
                -92.0686027,
                32.52344819999998
              ],
              [
                -92.0687654,
                32.5231572
              ],
              [
                -92.06950349999998,
                32.524012
              ],
              [
                -92.0700277,
                32.52483979999999
              ],
              [
                -92.06944129999998,
                32.5247097
              ],
              [
                -92.0691307,
                32.52465150000001
              ]
            ]
          ],
          [
            [
              [
                -92.06047802314502,
                32.52480544731381
              ],
              [
                -92.06049502322114,
                32.524936447624604
              ],
              [
                -92.06024191729311,
                32.524914864884344
              ],
              [
                -92.06047455573302,
                32.524779658520465
              ],
              [
                -92.06047802314502,
                32.52480544731381
              ]
            ]
          ],
          [
            [
              [
                -92.059782,
                32.5256929
              ],
              [
                -92.05980069999998,
                32.5255866
              ],
              [
                -92.06003730595985,
                32.52561459807564
              ],
              [
                -92.0599720232115,
                32.52592644988351
              ],
              [
                -92.05987552474653,
                32.52676599116159
              ],
              [
                -92.0598486,
                32.5267648
              ],
              [
                -92.0593685,
                32.5267174
              ],
              [
                -92.0587489,
                32.526645
              ],
              [
                -92.05887924227139,
                32.52590024376424
              ],
              [
                -92.05887924226076,
                32.52590024376425
              ],
              [
                -92.05888029999998,
                32.5258942
              ],
              [
                -92.0592183,
                32.52589869999997
              ],
              [
                -92.05927769999998,
                32.5256299
              ],
              [
                -92.059782,
                32.5256929
              ]
            ]
          ],
          [
            [
              [
                -92.11246653227451,
                32.52305217167906
              ],
              [
                -92.11245478753038,
                32.523059403427276
              ],
              [
                -92.11240230701503,
                32.523059403427276
              ],
              [
                -92.11227486772552,
                32.52292330834119
              ],
              [
                -92.11227486772552,
                32.522897796500025
              ],
              [
                -92.11246653227451,
                32.522897796500054
              ],
              [
                -92.11246653227451,
                32.52305217167906
              ]
            ]
          ],
          [
            [
              [
                -92.123921,
                32.52271190000001
              ],
              [
                -92.1243929,
                32.522389899999986
              ],
              [
                -92.12518209999999,
                32.523291499999985
              ],
              [
                -92.124705,
                32.5236012
              ],
              [
                -92.123921,
                32.52271190000001
              ]
            ]
          ],
          [
            [
              [
                -92.1015947322745,
                32.5238811973844
              ],
              [
                -92.1015947322745,
                32.52404280254295
              ],
              [
                -92.10140306772549,
                32.52404280254295
              ],
              [
                -92.10140306772549,
                32.52388119738438
              ],
              [
                -92.1015947322745,
                32.5238811973844
              ]
            ]
          ],
          [
            [
              [
                -92.0976473,
                32.5286356
              ],
              [
                -92.0976332,
                32.52864179999998
              ],
              [
                -92.0975038,
                32.5286226
              ],
              [
                -92.09748769999999,
                32.528612400000014
              ],
              [
                -92.09748169999999,
                32.52859549999999
              ],
              [
                -92.097542,
                32.52828729999999
              ],
              [
                -92.0975528,
                32.52827829999997
              ],
              [
                -92.09757149999999,
                32.5282732
              ],
              [
                -92.0976916,
                32.52829019999999
              ],
              [
                -92.0977077,
                32.528298599999985
              ],
              [
                -92.0977144,
                32.52831
              ],
              [
                -92.09765740000002,
                32.528619199999966
              ],
              [
                -92.0976473,
                32.5286356
              ]
            ]
          ],
          [
            [
              [
                -92.0719244,
                32.5287356
              ],
              [
                -92.07188179999999,
                32.5286619
              ],
              [
                -92.0723109,
                32.5285171
              ],
              [
                -92.07218219999999,
                32.5282819
              ],
              [
                -92.072665,
                32.5280875
              ],
              [
                -92.0724933,
                32.5278297
              ],
              [
                -92.0732175,
                32.52756280000001
              ],
              [
                -92.07322290000002,
                32.528137199999975
              ],
              [
                -92.0735179,
                32.528200499999976
              ],
              [
                -92.0733194,
                32.528512599999985
              ],
              [
                -92.073078,
                32.528784
              ],
              [
                -92.0721929,
                32.52920010000001
              ],
              [
                -92.0719244,
                32.5287356
              ]
            ]
          ],
          [
            [
              [
                -92.072928,
                32.53155659999999
              ],
              [
                -92.0728904,
                32.53142910000001
              ],
              [
                -92.072888,
                32.5314209
              ],
              [
                -92.0723458,
                32.5295842
              ],
              [
                -92.0722419,
                32.5293973
              ],
              [
                -92.07306279999999,
                32.52908730000002
              ],
              [
                -92.07313419999998,
                32.5290801
              ],
              [
                -92.0731932,
                32.52912220000001
              ],
              [
                -92.0732249,
                32.52922319999996
              ],
              [
                -92.07311570000002,
                32.5292501
              ],
              [
                -92.0730548,
                32.529291799999974
              ],
              [
                -92.07311089999999,
                32.52941419999998
              ],
              [
                -92.0732081,
                32.52943659999998
              ],
              [
                -92.0733345,
                32.52998860000001
              ],
              [
                -92.073308,
                32.530086099999984
              ],
              [
                -92.073339,
                32.53015579999999
              ],
              [
                -92.0733987,
                32.53019949999997
              ],
              [
                -92.073448,
                32.530211
              ],
              [
                -92.0734922,
                32.53020770000001
              ],
              [
                -92.0737461,
                32.5313219
              ],
              [
                -92.0737132,
                32.53134129999999
              ],
              [
                -92.0736888,
                32.53136579999998
              ],
              [
                -92.0736629,
                32.5314096
              ],
              [
                -92.0736551,
                32.5314584
              ],
              [
                -92.07365809999999,
                32.5314867
              ],
              [
                -92.0736705,
                32.531510300000015
              ],
              [
                -92.0737096,
                32.53156009999998
              ],
              [
                -92.073696,
                32.5316052
              ],
              [
                -92.07321889999999,
                32.5315291
              ],
              [
                -92.072928,
                32.53155659999999
              ]
            ]
          ],
          [
            [
              [
                -92.0655706,
                32.5313506
              ],
              [
                -92.0658582,
                32.53038630000001
              ],
              [
                -92.0663733,
                32.5304955
              ],
              [
                -92.0660858,
                32.53145979999998
              ],
              [
                -92.0655706,
                32.5313506
              ]
            ]
          ],
          [
            [
              [
                -92.059907,
                32.5316825
              ],
              [
                -92.0599517,
                32.5315798
              ],
              [
                -92.06002069999998,
                32.53147710000001
              ],
              [
                -92.0601751,
                32.531343599999985
              ],
              [
                -92.06033750000002,
                32.5312443
              ],
              [
                -92.0604999,
                32.53117579999997
              ],
              [
                -92.06073949999998,
                32.5311245
              ],
              [
                -92.06095879999998,
                32.53112789999997
              ],
              [
                -92.06121059999998,
                32.53117239999999
              ],
              [
                -92.061373,
                32.5312306
              ],
              [
                -92.06091820000002,
                32.5320112
              ],
              [
                -92.0607964,
                32.5320386
              ],
              [
                -92.059907,
                32.5316825
              ]
            ]
          ],
          [
            [
              [
                -92.0610806,
                32.53209
              ],
              [
                -92.06141236081882,
                32.53145332279669
              ],
              [
                -92.0614123608188,
                32.53145332111157
              ],
              [
                -92.061507,
                32.5312717
              ],
              [
                -92.0617385,
                32.5313641
              ],
              [
                -92.0619091,
                32.53148050000002
              ],
              [
                -92.06204709999999,
                32.53162429999998
              ],
              [
                -92.0621365,
                32.53178519999998
              ],
              [
                -92.0621933,
                32.53197010000002
              ],
              [
                -92.0622136,
                32.53213789999999
              ],
              [
                -92.0622136,
                32.5322646
              ],
              [
                -92.0621771,
                32.5324255
              ],
              [
                -92.06211209999998,
                32.53254189999998
              ],
              [
                -92.0611294,
                32.5321755
              ],
              [
                -92.0610806,
                32.53209
              ]
            ]
          ],
          [
            [
              [
                -92.0601426,
                32.5328842
              ],
              [
                -92.059972,
                32.5327781
              ],
              [
                -92.0598136,
                32.5326309
              ],
              [
                -92.05973239999999,
                32.532463099999966
              ],
              [
                -92.05969179999998,
                32.53229540000002
              ],
              [
                -92.059704,
                32.53213449999998
              ],
              [
                -92.05974869999999,
                32.5319599
              ],
              [
                -92.0598136,
                32.5318126
              ],
              [
                -92.06074359999998,
                32.5321379
              ],
              [
                -92.06079229999999,
                32.53223370000001
              ],
              [
                -92.0603984,
                32.532939
              ],
              [
                -92.0602563,
                32.5329288
              ],
              [
                -92.0601426,
                32.5328842
              ]
            ]
          ],
          [
            [
              [
                -92.0630908,
                32.53275069999999
              ],
              [
                -92.06294049999998,
                32.5325556
              ],
              [
                -92.0629283,
                32.5324255
              ],
              [
                -92.0630908,
                32.531864
              ],
              [
                -92.06374049999998,
                32.5318537
              ],
              [
                -92.06401669999998,
                32.53189479999999
              ],
              [
                -92.0641953,
                32.53193250000002
              ],
              [
                -92.0642684,
                32.531973499999985
              ],
              [
                -92.06432119999998,
                32.5320626
              ],
              [
                -92.06425619999999,
                32.532418599999986
              ],
              [
                -92.0638786,
                32.5329493
              ],
              [
                -92.06324509999999,
                32.53282949999998
              ],
              [
                -92.0630908,
                32.53275069999999
              ]
            ]
          ],
          [
            [
              [
                -92.0678478,
                32.53281219999999
              ],
              [
                -92.06813270000002,
                32.5318594
              ],
              [
                -92.0689359,
                32.5320209
              ],
              [
                -92.0686651,
                32.5329815
              ],
              [
                -92.0678478,
                32.53281219999999
              ]
            ]
          ],
          [
            [
              [
                -92.0610766,
                32.5322714
              ],
              [
                -92.0614123608188,
                32.53241615933466
              ],
              [
                -92.0614123608188,
                32.53241615803521
              ],
              [
                -92.061974,
                32.532658299999966
              ],
              [
                -92.0618928,
                32.5328055
              ],
              [
                -92.06176290000002,
                32.5329493
              ],
              [
                -92.061572,
                32.5330691
              ],
              [
                -92.06132429999998,
                32.5331444
              ],
              [
                -92.06108059999998,
                32.533189
              ],
              [
                -92.0608248,
                32.53314790000001
              ],
              [
                -92.06062579999998,
                32.5330931
              ],
              [
                -92.0605608,
                32.53301090000002
              ],
              [
                -92.06098719999999,
                32.5322885
              ],
              [
                -92.0610766,
                32.5322714
              ]
            ]
          ],
          [
            [
              [
                -92.08307439999999,
                32.5329659
              ],
              [
                -92.08327,
                32.53285159999998
              ],
              [
                -92.0833488,
                32.53283080000001
              ],
              [
                -92.08357909999998,
                32.532848
              ],
              [
                -92.0838236,
                32.53288830000001
              ],
              [
                -92.0840945,
                32.5329424
              ],
              [
                -92.0839144,
                32.5337623
              ],
              [
                -92.0838149,
                32.5338096
              ],
              [
                -92.0828766,
                32.5336401
              ],
              [
                -92.0829462,
                32.533242
              ],
              [
                -92.08299259999998,
                32.533102499999984
              ],
              [
                -92.08307439999999,
                32.5329659
              ]
            ]
          ],
          [
            [
              [
                -92.08314259999999,
                32.534084399999976
              ],
              [
                -92.0831763,
                32.5338894
              ],
              [
                -92.08373510000001,
                32.53398580000002
              ],
              [
                -92.0838053,
                32.53401209999998
              ],
              [
                -92.0838131,
                32.5340669
              ],
              [
                -92.08364679999998,
                32.5345599
              ],
              [
                -92.0835506,
                32.5345314
              ],
              [
                -92.08337129999998,
                32.5344569
              ],
              [
                -92.08326729999999,
                32.5343605
              ],
              [
                -92.0831763,
                32.5342312
              ],
              [
                -92.08314259999999,
                32.534084399999976
              ]
            ]
          ],
          [
            [
              [
                -92.06689989999998,
                32.5346885
              ],
              [
                -92.06671309999999,
                32.53480490000001
              ],
              [
                -92.0660715,
                32.534681700000014
              ],
              [
                -92.06610389999999,
                32.53451730000001
              ],
              [
                -92.06616889999998,
                32.5343701
              ],
              [
                -92.066307,
                32.5342229
              ],
              [
                -92.06646539999998,
                32.53412360000002
              ],
              [
                -92.0667699,
                32.5340791
              ],
              [
                -92.0670623,
                32.534137299999976
              ],
              [
                -92.06689989999998,
                32.5346885
              ]
            ]
          ],
          [
            [
              [
                -92.11676056570334,
                32.531288376549135
              ],
              [
                -92.1167776839994,
                32.53117286729173
              ],
              [
                -92.11693761196776,
                32.53032213522568
              ],
              [
                -92.1169678959726,
                32.53024048703876
              ],
              [
                -92.11704450250342,
                32.530220985347306
              ],
              [
                -92.11711748702699,
                32.53027193861018
              ],
              [
                -92.11743668539688,
                32.53063744237082
              ],
              [
                -92.11721472696152,
                32.530889499613565
              ],
              [
                -92.11714780786276,
                32.530979493432106
              ],
              [
                -92.1170341098939,
                32.531117262778466
              ],
              [
                -92.11693114858927,
                32.531273386725545
              ],
              [
                -92.11691370689972,
                32.5312991788845
              ],
              [
                -92.11687017454105,
                32.53133380345449
              ],
              [
                -92.1168069591962,
                32.53133361411266
              ],
              [
                -92.11676056570334,
                32.531288376549135
              ]
            ]
          ],
          [
            [
              [
                -92.1081820677255,
                32.5358648739752
              ],
              [
                -92.1081820677255,
                32.535856804761494
              ],
              [
                -92.10825096192785,
                32.53580340810742
              ],
              [
                -92.1083737322745,
                32.5358034081074
              ],
              [
                -92.1083737322745,
                32.5358784381248
              ],
              [
                -92.10827779999997,
                32.535952700000024
              ],
              [
                -92.1081820677255,
                32.5358648739752
              ]
            ]
          ],
          [
            [
              [
                -92.1056188,
                32.5372387
              ],
              [
                -92.1058553,
                32.537023699999985
              ],
              [
                -92.1060999,
                32.5372149
              ],
              [
                -92.1058634,
                32.537429899999985
              ],
              [
                -92.1056188,
                32.5372387
              ]
            ]
          ],
          [
            [
              [
                -92.120084,
                32.5399121
              ],
              [
                -92.120468,
                32.53790690000002
              ],
              [
                -92.1212364,
                32.539524
              ],
              [
                -92.120084,
                32.5399121
              ]
            ]
          ],
          [
            [
              [
                -92.09508310000001,
                32.540758699999984
              ],
              [
                -92.09502179999998,
                32.5405533
              ],
              [
                -92.0951375,
                32.54052879999997
              ],
              [
                -92.0951986,
                32.5407342
              ],
              [
                -92.09508310000001,
                32.540758699999984
              ]
            ]
          ],
          [
            [
              [
                -92.0949328,
                32.5407924
              ],
              [
                -92.09487149999998,
                32.540587
              ],
              [
                -92.0949872,
                32.5405625
              ],
              [
                -92.0950483,
                32.5407679
              ],
              [
                -92.0949328,
                32.5407924
              ]
            ]
          ],
          [
            [
              [
                -92.09382519999998,
                32.5447014
              ],
              [
                -92.09393309999999,
                32.5446639
              ],
              [
                -92.0940279,
                32.544857600000014
              ],
              [
                -92.0939199,
                32.5448952
              ],
              [
                -92.09382519999998,
                32.5447014
              ]
            ]
          ],
          [
            [
              [
                -92.09367349999998,
                32.5447526
              ],
              [
                -92.09378139999998,
                32.544715099999976
              ],
              [
                -92.0938762,
                32.5449088
              ],
              [
                -92.0937682,
                32.544946399999986
              ],
              [
                -92.09367349999998,
                32.5447526
              ]
            ]
          ],
          [
            [
              [
                -92.0944383,
                32.545074200000016
              ],
              [
                -92.09434359999999,
                32.5448804
              ],
              [
                -92.0944515,
                32.5448429
              ],
              [
                -92.0945463,
                32.5450366
              ],
              [
                -92.0944383,
                32.545074200000016
              ]
            ]
          ],
          [
            [
              [
                -92.09429629999998,
                32.545119599999985
              ],
              [
                -92.0942016,
                32.5449258
              ],
              [
                -92.0943095,
                32.5448883
              ],
              [
                -92.0944043,
                32.545082
              ],
              [
                -92.09429629999998,
                32.545119599999985
              ]
            ]
          ],
          [
            [
              [
                -92.0941672,
                32.5451668
              ],
              [
                -92.0940592,
                32.54520440000001
              ],
              [
                -92.0939645,
                32.5450106
              ],
              [
                -92.0940724,
                32.54497309999998
              ],
              [
                -92.0941672,
                32.5451668
              ]
            ]
          ],
          [
            [
              [
                -92.0939248,
                32.5450231
              ],
              [
                -92.09401959999998,
                32.5452168
              ],
              [
                -92.0939116,
                32.54525439999998
              ],
              [
                -92.0938169,
                32.54506059999998
              ],
              [
                -92.0939248,
                32.5450231
              ]
            ]
          ],
          [
            [
              [
                -92.08585570000001,
                32.5423947
              ],
              [
                -92.0859706,
                32.542201
              ],
              [
                -92.0860722,
                32.54224379999999
              ],
              [
                -92.08595719999998,
                32.5424375
              ],
              [
                -92.08585570000001,
                32.5423947
              ]
            ]
          ],
          [
            [
              [
                -92.0935136,
                32.54480719999998
              ],
              [
                -92.0936215,
                32.54476969999999
              ],
              [
                -92.09371629999998,
                32.5449634
              ],
              [
                -92.09360830000001,
                32.545001
              ],
              [
                -92.0935136,
                32.54480719999998
              ]
            ]
          ],
          [
            [
              [
                -92.0786821,
                32.5489032
              ],
              [
                -92.07885769999999,
                32.548990199999984
              ],
              [
                -92.0788731,
                32.5490214
              ],
              [
                -92.0788654,
                32.54903179999999
              ],
              [
                -92.07883,
                32.5490279
              ],
              [
                -92.0787992,
                32.54897459999999
              ],
              [
                -92.07869289999998,
                32.548964200000015
              ],
              [
                -92.0786821,
                32.5489032
              ]
            ]
          ],
          [
            [
              [
                -92.11101903476887,
                32.55600044135253
              ],
              [
                -92.11107093552256,
                32.555957422984264
              ],
              [
                -92.111079,
                32.5559193
              ],
              [
                -92.11109769999999,
                32.555706800000024
              ],
              [
                -92.1111541,
                32.5556616
              ],
              [
                -92.1112292,
                32.5556503
              ],
              [
                -92.1113686,
                32.5557724
              ],
              [
                -92.11159130000001,
                32.5559668
              ],
              [
                -92.1117143,
                32.55603739999998
              ],
              [
                -92.1117656,
                32.5560581
              ],
              [
                -92.11181259999998,
                32.55607479999998
              ],
              [
                -92.11187829999999,
                32.5560889
              ],
              [
                -92.1119068,
                32.5561043
              ],
              [
                -92.1119244,
                32.556137499999984
              ],
              [
                -92.111889,
                32.556344299999985
              ],
              [
                -92.1118407,
                32.5567355
              ],
              [
                -92.111779,
                32.5568372
              ],
              [
                -92.11174149999998,
                32.556853
              ],
              [
                -92.1109121,
                32.55673609999998
              ],
              [
                -92.11092402531911,
                32.55667394545657
              ],
              [
                -92.11089201208938,
                32.5566696109575
              ],
              [
                -92.11101903476887,
                32.55600044135253
              ]
            ]
          ],
          [
            [
              [
                -92.117371334675,
                32.557822502042335
              ],
              [
                -92.11737133298026,
                32.5578225020423
              ],
              [
                -92.1174540567559,
                32.557093824869284
              ],
              [
                -92.11745728873636,
                32.557065354909234
              ],
              [
                -92.11745728880258,
                32.55706535490925
              ],
              [
                -92.1174638,
                32.557008
              ],
              [
                -92.11773121070631,
                32.55706535490923
              ],
              [
                -92.11773121269782,
                32.557065354909234
              ],
              [
                -92.1180494,
                32.5571336
              ],
              [
                -92.1190786,
                32.5572264
              ],
              [
                -92.1188089,
                32.560193699999985
              ],
              [
                -92.1174638,
                32.5601339
              ],
              [
                -92.1174638,
                32.5600651
              ],
              [
                -92.11742829999999,
                32.559930499999986
              ],
              [
                -92.11724729999999,
                32.55966719999997
              ],
              [
                -92.1171976,
                32.5594489
              ],
              [
                -92.11720469999999,
                32.5592903
              ],
              [
                -92.117371334675,
                32.557822502042335
              ]
            ]
          ],
          [
            [
              [
                -92.1117291,
                32.56380030000001
              ],
              [
                -92.1118623,
                32.56389989999999
              ],
              [
                -92.11220139999999,
                32.5641393
              ],
              [
                -92.1125072,
                32.56435039999999
              ],
              [
                -92.11212769999999,
                32.5647324
              ],
              [
                -92.1109046,
                32.5638056
              ],
              [
                -92.11095289999999,
                32.56341230000001
              ],
              [
                -92.1116556,
                32.5630054
              ],
              [
                -92.1120258,
                32.5632811
              ],
              [
                -92.1117026,
                32.5635769
              ],
              [
                -92.1115959,
                32.5635692
              ],
              [
                -92.111517,
                32.5636194
              ],
              [
                -92.11150739999998,
                32.5637257
              ],
              [
                -92.11157,
                32.5637845
              ],
              [
                -92.1117291,
                32.56380030000001
              ]
            ]
          ]
        ]
      }
    }
  ]
}