{
  "type": "FeatureCollection",
  "name": "Dunedin",
  "crs": {
    "type": "name",
    "properties": {
      "name": "urn:ogc:def:crs:OGC:1.3:CRS84"
    }
  },
  "features": [
    {
      "type": "Feature",
      "properties": {
        "largest_city": "Dunedin",
        "all_cities": "Beacon Square, Dunedin, Egypt Lake-Leto, Inglis, Palm Harbor, Safety Harbor, St. Leo, Town 'n' Country",
        "total_area_ft2": 19931816.013797723
      },
      "geometry": {
        "type": "MultiPolygon",
        "coordinates": [
          [
            [
              [
                -82.79048877267128,
                27.999356705703562
              ],
              [
                -82.79030198327932,
                27.999354990869897
              ],
              [
                -82.79030456593577,
                27.99913497320085
              ],
              [
                -82.79030801546645,
                27.999119338199453
              ],
              [
                -82.79031406292496,
                27.99910451381754
              ],
              [
                -82.79032253852964,
                27.999090929161365
              ],
              [
                -82.79033319434554,
                27.99907897764488
              ],
              [
                -82.79034572135218,
                27.9990690058848
              ],
              [
                -82.79035975842682,
                27.99906130259641
              ],
              [
                -82.79037489683598,
                27.999056091454765
              ],
              [
                -82.79039070179509,
                27.999053521576595
              ],
              [
                -82.79040671336672,
                27.999053667520265
              ],
              [
                -82.79042246622353,
                27.999056526906333
              ],
              [
                -82.79043750851298,
                27.99906201724459
              ],
              [
                -82.79045140095883,
                27.999069976727554
              ],
              [
                -82.79046374291252,
                27.999080176127922
              ],
              [
                -82.79047417684454,
                27.999092321178235
              ],
              [
                -82.79048240181928,
                27.99910605812321
              ],
              [
                -82.79048817708825,
                27.999120991169494
              ],
              [
                -82.79049133825976,
                27.999136688831182
              ],
              [
                -82.79048877267128,
                27.999356705703562
              ]
            ]
          ],
          [
            [
              [
                -82.79030576428833,
                27.99979603614802
              ],
              [
                -82.7903024521999,
                27.99978293779037
              ],
              [
                -82.79030128977992,
                27.999769476160687
              ],
              [
                -82.7902996314899,
                27.99954941650677
              ],
              [
                -82.79048554682112,
                27.99955113292369
              ],
              [
                -82.7904891131328,
                27.99977114181135
              ],
              [
                -82.79048610377657,
                27.999786744198353
              ],
              [
                -82.79048043900039,
                27.99980158990196
              ],
              [
                -82.79047229217909,
                27.999815231576505
              ],
              [
                -82.79046190855271,
                27.999827258362153
              ],
              [
                -82.79044959714174,
                27.99983730619606
              ],
              [
                -82.79043573613691,
                27.99984507208912
              ],
              [
                -82.79042074055987,
                27.99985032443727
              ],
              [
                -82.7904050613649,
                27.999852900641766
              ],
              [
                -82.79038917376077,
                27.99985272693834
              ],
              [
                -82.79037566759048,
                27.999852293869484
              ],
              [
                -82.79036240845689,
                27.999849696249477
              ],
              [
                -82.79034973861813,
                27.99984500070414
              ],
              [
                -82.79033798865422,
                27.999838331760365
              ],
              [
                -82.7903274612974,
                27.999829859948548
              ],
              [
                -82.79031843322879,
                27.999819807354974
              ],
              [
                -82.79031113801037,
                27.99980843493102
              ],
              [
                -82.79030576428833,
                27.99979603614802
              ]
            ]
          ],
          [
            [
              [
                -82.81624725107645,
                28.000980525887698
              ],
              [
                -82.8161578731188,
                28.00111687738484
              ],
              [
                -82.81598487364855,
                28.0012328781451
              ],
              [
                -82.81584987393985,
                28.001280878634322
              ],
              [
                -82.81582987398268,
                28.001287878706545
              ],
              [
                -82.81578858420642,
                28.00131763192841
              ],
              [
                -82.8157885,
                28.0013172
              ],
              [
                -82.8159177,
                28.001222699999982
              ],
              [
                -82.8160987,
                28.0011041
              ],
              [
                -82.81624725107645,
                28.000980525887698
              ]
            ]
          ],
          [
            [
              [
                -82.7937913,
                27.999996
              ],
              [
                -82.7937855,
                28.0000349
              ],
              [
                -82.7937959,
                28.0000738
              ],
              [
                -82.7938052,
                28.0001096
              ],
              [
                -82.7938098,
                28.0001557
              ],
              [
                -82.7937913,
                28.0002079
              ],
              [
                -82.7937866,
                28.0002407
              ],
              [
                -82.7937982,
                28.0002949
              ],
              [
                -82.7938226,
                28.0003226
              ],
              [
                -82.7938342,
                28.0003861
              ],
              [
                -82.7938342,
                28.0004526
              ],
              [
                -82.793811,
                28.0005048
              ],
              [
                -82.7937785,
                28.0005601
              ],
              [
                -82.7937275,
                28.0006083
              ],
              [
                -82.7936974,
                28.000635899999985
              ],
              [
                -82.7936684,
                28.000645099999986
              ],
              [
                -82.7936382,
                28.0006472
              ],
              [
                -82.7935965,
                28.0006554
              ],
              [
                -82.7935628,
                28.0006902
              ],
              [
                -82.7935118,
                28.000807899999987
              ],
              [
                -82.7934828,
                28.0008929
              ],
              [
                -82.7934654,
                28.0009717
              ],
              [
                -82.7934515,
                28.0010516
              ],
              [
                -82.7934469,
                28.0011499
              ],
              [
                -82.79344596230375,
                28.001155857609934
              ],
              [
                -82.79345302895423,
                28.001155859730154
              ],
              [
                -82.79344432259634,
                28.001166275413343
              ],
              [
                -82.79343530000001,
                28.0012236
              ],
              [
                -82.7934156,
                28.0013198
              ],
              [
                -82.7933843,
                28.0015021
              ],
              [
                -82.7933692,
                28.0015779
              ],
              [
                -82.79337266970012,
                28.00160103134101
              ],
              [
                -82.79338928629832,
                28.001624688148333
              ],
              [
                -82.79339347604079,
                28.001633542912085
              ],
              [
                -82.79339499540461,
                28.001639781914495
              ],
              [
                -82.7933993,
                28.0016434
              ],
              [
                -82.7934063,
                28.0016895
              ],
              [
                -82.7934017,
                28.0018133
              ],
              [
                -82.7934029777402,
                28.00184872430371
              ],
              [
                -82.79340453520025,
                28.001860860406197
              ],
              [
                -82.79340361294706,
                28.001866334882955
              ],
              [
                -82.7934075,
                28.0019741
              ],
              [
                -82.79339509933618,
                28.002048123617264
              ],
              [
                -82.79339519092467,
                28.00204830576557
              ],
              [
                -82.7933947972586,
                28.002049926815303
              ],
              [
                -82.7933912,
                28.0020714
              ],
              [
                -82.7933727,
                28.0021205
              ],
              [
                -82.7933576,
                28.0022362
              ],
              [
                -82.7933251,
                28.002338599999984
              ],
              [
                -82.7932985,
                28.002433800000013
              ],
              [
                -82.7933054,
                28.0024901
              ],
              [
                -82.7933019,
                28.0025444
              ],
              [
                -82.7932811,
                28.0026324
              ],
              [
                -82.7932405,
                28.0027092
              ],
              [
                -82.7931906,
                28.0027768
              ],
              [
                -82.79311617029312,
                28.002900650512093
              ],
              [
                -82.79310570702773,
                28.002938321355227
              ],
              [
                -82.79310487967936,
                28.002954808431813
              ],
              [
                -82.79308403313206,
                28.002954803588786
              ],
              [
                -82.7930433,
                28.0030266
              ],
              [
                -82.79300069744373,
                28.003086611001
              ],
              [
                -82.79303003743978,
                28.003085909431753
              ],
              [
                -82.79299926924298,
                28.003113479858236
              ],
              [
                -82.79298233689819,
                28.003125356371896
              ],
              [
                -82.79298140125421,
                28.003126006839217
              ],
              [
                -82.7929494,
                28.0032007
              ],
              [
                -82.79289554163037,
                28.003368201766254
              ],
              [
                -82.79289448166341,
                28.003375023798974
              ],
              [
                -82.79289233828314,
                28.00339204459218
              ],
              [
                -82.79288592880359,
                28.00340461190031
              ],
              [
                -82.7928799639901,
                28.003427634380046
              ],
              [
                -82.79287850243112,
                28.00344081795376
              ],
              [
                -82.79288272810622,
                28.003447470811786
              ],
              [
                -82.7928778197115,
                28.003481512372684
              ],
              [
                -82.79287582365495,
                28.00348973643783
              ],
              [
                -82.79286966480537,
                28.003524310181856
              ],
              [
                -82.79285433056346,
                28.003551608449428
              ],
              [
                -82.79282606058146,
                28.003611193013395
              ],
              [
                -82.79281454148462,
                28.003633038431367
              ],
              [
                -82.79280912653694,
                28.003646979146467
              ],
              [
                -82.79277445036018,
                28.003775670271608
              ],
              [
                -82.79277272490812,
                28.00379805871684
              ],
              [
                -82.79276415228536,
                28.00382874440377
              ],
              [
                -82.79276385763794,
                28.0038463409428
              ],
              [
                -82.7927629251867,
                28.003865034387232
              ],
              [
                -82.79275019875406,
                28.003884666902326
              ],
              [
                -82.79274374435873,
                28.00389998157819
              ],
              [
                -82.79273721630157,
                28.0039196989525
              ],
              [
                -82.79273511693876,
                28.003933972235377
              ],
              [
                -82.79273087509398,
                28.003965267805288
              ],
              [
                -82.79272688118422,
                28.003981716654202
              ],
              [
                -82.79272647155246,
                28.004005916024216
              ],
              [
                -82.79271911435028,
                28.004038269616146
              ],
              [
                -82.79271822681478,
                28.004054209260946
              ],
              [
                -82.79271287195736,
                28.004077791555442
              ],
              [
                -82.7927155722931,
                28.004101479331688
              ],
              [
                -82.79271447006026,
                28.00413006867667
              ],
              [
                -82.79270932900188,
                28.00414099966155
              ],
              [
                -82.79270187837491,
                28.00414200694276
              ],
              [
                -82.7926929257648,
                28.004158385968847
              ],
              [
                -82.79268726637852,
                28.00416326295408
              ],
              [
                -82.79268091439114,
                28.004172529146018
              ],
              [
                -82.79267069367641,
                28.004209147448993
              ],
              [
                -82.7926593197813,
                28.004265242863866
              ],
              [
                -82.79265984979602,
                28.004282812076738
              ],
              [
                -82.7926516264162,
                28.004303186063044
              ],
              [
                -82.79264003490331,
                28.00436035461283
              ],
              [
                -82.7926448308628,
                28.004365121883882
              ],
              [
                -82.79264435206076,
                28.004393716710812
              ],
              [
                -82.79263396706253,
                28.00442838028438
              ],
              [
                -82.7926328,
                28.004470200000018
              ],
              [
                -82.7926236,
                28.0045214
              ],
              [
                -82.7926062,
                28.004624800000016
              ],
              [
                -82.7926004,
                28.0046945
              ],
              [
                -82.7925783,
                28.0047712
              ],
              [
                -82.7925389,
                28.004847
              ],
              [
                -82.7925006,
                28.0049279
              ],
              [
                -82.79248703140371,
                28.004950742763878
              ],
              [
                -82.79247890125005,
                28.004987229171224
              ],
              [
                -82.7924702774233,
                28.005025785525238
              ],
              [
                -82.79246161317238,
                28.00505901442428
              ],
              [
                -82.79244712244852,
                28.005117027761834
              ],
              [
                -82.79243539853577,
                28.005155945735506
              ],
              [
                -82.79242363150385,
                28.005189019934587
              ],
              [
                -82.79242091140519,
                28.005213962986495
              ],
              [
                -82.79241226332394,
                28.00524976869607
              ],
              [
                -82.79241265858265,
                28.005277441675272
              ],
              [
                -82.79241326853875,
                28.005307689928316
              ],
              [
                -82.79241079996835,
                28.005340886222235
              ],
              [
                -82.7923984139972,
                28.005372367768008
              ],
              [
                -82.79237213198694,
                28.005429467256466
              ],
              [
                -82.79236318901937,
                28.00544806026335
              ],
              [
                -82.7923951,
                28.0057818
              ],
              [
                -82.7924148,
                28.005834
              ],
              [
                -82.7924102,
                28.0059108
              ],
              [
                -82.7923719,
                28.0059947
              ],
              [
                -82.7923221,
                28.0060879
              ],
              [
                -82.792256,
                28.006177
              ],
              [
                -82.7922432,
                28.006225100000016
              ],
              [
                -82.792249,
                28.0062701
              ],
              [
                -82.7922722,
                28.0063275
              ],
              [
                -82.7922942,
                28.006381699999977
              ],
              [
                -82.7923023,
                28.006479
              ],
              [
                -82.7922931,
                28.0066233
              ],
              [
                -82.7922919,
                28.006700100000014
              ],
              [
                -82.7923035,
                28.0068087
              ],
              [
                -82.7922977,
                28.0069479
              ],
              [
                -82.7922687,
                28.0070994
              ],
              [
                -82.79226597503855,
                28.00713390193139
              ],
              [
                -82.79226674882433,
                28.00717299963909
              ],
              [
                -82.7922797932606,
                28.007208509659822
              ],
              [
                -82.79229572128888,
                28.007241423020155
              ],
              [
                -82.79228991996878,
                28.007268961451853
              ],
              [
                -82.79230292577746,
                28.00729931145709
              ],
              [
                -82.79230325995074,
                28.007318739516677
              ],
              [
                -82.7923006180055,
                28.007354508043598
              ],
              [
                -82.7922950116198,
                28.00738204486016
              ],
              [
                -82.79229224391042,
                28.007401312696437
              ],
              [
                -82.7922926598304,
                28.00743156669804
              ],
              [
                -82.7922933290753,
                28.00747006824572
              ],
              [
                -82.79228984057413,
                28.007483328984534
              ],
              [
                -82.7923047,
                28.0075663
              ],
              [
                -82.7923279,
                28.007642
              ],
              [
                -82.7923638,
                28.0077127
              ],
              [
                -82.7923754,
                28.0078089
              ],
              [
                -82.79237770000002,
                28.00788980000001
              ],
              [
                -82.7923893,
                28.0079809
              ],
              [
                -82.7924171,
                28.008071
              ],
              [
                -82.7924531,
                28.0081713
              ],
              [
                -82.7924763,
                28.008243
              ],
              [
                -82.7924635,
                28.00833
              ],
              [
                -82.79243920000002,
                28.0083782
              ],
              [
                -82.7924264,
                28.008414
              ],
              [
                -82.79242570099024,
                28.008415093666517
              ],
              [
                -82.79242569044249,
                28.008419325916435
              ],
              [
                -82.7924209769822,
                28.00844316104838
              ],
              [
                -82.79242086379448,
                28.008467057244008
              ],
              [
                -82.79241773047076,
                28.008495781844136
              ],
              [
                -82.79241375003573,
                28.008543538517113
              ],
              [
                -82.79225898199039,
                28.00854286517317
              ],
              [
                -82.7922562759587,
                28.008512962989972
              ],
              [
                -82.7922391,
                28.0085136
              ],
              [
                -82.7922141,
                28.0082032
              ],
              [
                -82.7921588,
                28.007556499999982
              ],
              [
                -82.7921056,
                28.0068973
              ],
              [
                -82.7920568,
                28.0063435
              ],
              [
                -82.7920513,
                28.0062649
              ],
              [
                -82.79205460000001,
                28.0061873
              ],
              [
                -82.7920622,
                28.0061269
              ],
              [
                -82.792149,
                28.005776299999987
              ],
              [
                -82.7922337,
                28.0054208
              ],
              [
                -82.7923693,
                28.0048795
              ],
              [
                -82.7925212,
                28.0042327
              ],
              [
                -82.7926471,
                28.0037076
              ],
              [
                -82.7927893,
                28.0031107
              ],
              [
                -82.7928978,
                28.002679499999978
              ],
              [
                -82.7930172,
                28.002189
              ],
              [
                -82.7931366,
                28.001683099999983
              ],
              [
                -82.7932429,
                28.0012538
              ],
              [
                -82.7933243,
                28.00092420000001
              ],
              [
                -82.7934176,
                28.0006003
              ],
              [
                -82.7935522,
                28.000187299999986
              ],
              [
                -82.7937616,
                27.9995339
              ],
              [
                -82.793944,
                27.998957
              ],
              [
                -82.7941415,
                27.9983294
              ],
              [
                -82.7943281,
                27.9977459
              ],
              [
                -82.7944128,
                27.99748519999997
              ],
              [
                -82.79442420003826,
                27.99744137887905
              ],
              [
                -82.79449288912565,
                27.997441937122026
              ],
              [
                -82.79458681041837,
                27.99744252822688
              ],
              [
                -82.7945845,
                27.9974485
              ],
              [
                -82.7945543,
                27.997485399999984
              ],
              [
                -82.7945103,
                27.9975745
              ],
              [
                -82.7944789,
                27.9976595
              ],
              [
                -82.7944708,
                27.9977537
              ],
              [
                -82.7944546,
                27.9978499
              ],
              [
                -82.794443,
                27.997927699999988
              ],
              [
                -82.7944163,
                27.9979717
              ],
              [
                -82.7943757,
                27.998022899999985
              ],
              [
                -82.7943201,
                27.9981704
              ],
              [
                -82.7942482,
                27.9983926
              ],
              [
                -82.7941937,
                27.9985984
              ],
              [
                -82.7941612,
                27.9987786
              ],
              [
                -82.7941542,
                27.9988943
              ],
              [
                -82.794145,
                27.998952599999985
              ],
              [
                -82.79415539999998,
                27.998998700000016
              ],
              [
                -82.7941415,
                27.9990632
              ],
              [
                -82.7940997,
                27.999138
              ],
              [
                -82.7940754,
                27.9991789
              ],
              [
                -82.794051,
                27.999228099999986
              ],
              [
                -82.7940452,
                27.999286399999978
              ],
              [
                -82.7940371,
                27.999355
              ],
              [
                -82.79402786427733,
                27.999401400661824
              ],
              [
                -82.79402561511634,
                27.999416919191315
              ],
              [
                -82.79402507603452,
                27.999415408900468
              ],
              [
                -82.79402504475588,
                27.999415566045542
              ],
              [
                -82.79402853284438,
                27.99946481234801
              ],
              [
                -82.7940274108486,
                27.999494502255565
              ],
              [
                -82.79402606247736,
                27.999501086351547
              ],
              [
                -82.79401792823246,
                27.999542780064605
              ],
              [
                -82.79400677385156,
                27.999579489491342
              ],
              [
                -82.79400559756805,
                27.99958277097886
              ],
              [
                -82.7940047,
                27.9995956
              ],
              [
                -82.7939954,
                27.9996376
              ],
              [
                -82.79396264374017,
                27.999671391660097
              ],
              [
                -82.79396118794418,
                27.999674040676858
              ],
              [
                -82.79395837560187,
                27.999677033153336
              ],
              [
                -82.79391466488028,
                27.99974646160261
              ],
              [
                -82.79391213184482,
                27.999753704826563
              ],
              [
                -82.79390971149238,
                27.999754856874905
              ],
              [
                -82.7938632,
                27.999834199999988
              ],
              [
                -82.7938122,
                27.9999151
              ],
              [
                -82.7937913,
                27.999996
              ]
            ]
          ],
          [
            [
              [
                -82.81802412265615,
                28.00493444758576
              ],
              [
                -82.81812888206845,
                28.00502788144964
              ],
              [
                -82.81819225817068,
                28.00506862315449
              ],
              [
                -82.818074,
                28.005049
              ],
              [
                -82.81802412265615,
                28.00493444758576
              ]
            ]
          ],
          [
            [
              [
                -82.8037704,
                28.0059507
              ],
              [
                -82.803672,
                28.005803
              ],
              [
                -82.8037141,
                28.005543
              ],
              [
                -82.8037704,
                28.0053602
              ],
              [
                -82.8038829,
                28.0052969
              ],
              [
                -82.8042343,
                28.005360199999988
              ],
              [
                -82.8045928,
                28.0053321
              ],
              [
                -82.8048599,
                28.0053532
              ],
              [
                -82.80493730000002,
                28.0054516
              ],
              [
                -82.8047967,
                28.0056133
              ],
              [
                -82.8045717,
                28.005796
              ],
              [
                -82.80415,
                28.0059155
              ],
              [
                -82.8037704,
                28.0059507
              ]
            ]
          ],
          [
            [
              [
                -82.8101504,
                28.005143
              ],
              [
                -82.8103012,
                28.0050247
              ],
              [
                -82.8108074,
                28.004886299999978
              ],
              [
                -82.8110477,
                28.0049891
              ],
              [
                -82.8111403,
                28.00527489999999
              ],
              [
                -82.8111518,
                28.0055667
              ],
              [
                -82.8108701,
                28.0064271
              ],
              [
                -82.8108872,
                28.006487
              ],
              [
                -82.8108405,
                28.0065819
              ],
              [
                -82.8107658,
                28.0067286
              ],
              [
                -82.8107017,
                28.00693509999999
              ],
              [
                -82.810549,
                28.0071077
              ],
              [
                -82.8102107,
                28.0072088
              ],
              [
                -82.8098457,
                28.007192
              ],
              [
                -82.80957,
                28.007022
              ],
              [
                -82.809516,
                28.0070016
              ],
              [
                -82.8094655,
                28.0069085
              ],
              [
                -82.8093779,
                28.0068668
              ],
              [
                -82.8092903,
                28.0068251
              ],
              [
                -82.8092023,
                28.006757800000017
              ],
              [
                -82.8089077,
                28.0064617
              ],
              [
                -82.808681,
                28.006181899999973
              ],
              [
                -82.8086436,
                28.0060022
              ],
              [
                -82.8087936,
                28.0057959
              ],
              [
                -82.80884490000001,
                28.005748899999986
              ],
              [
                -82.8090584,
                28.005654300000014
              ],
              [
                -82.8092215,
                28.0055922
              ],
              [
                -82.809403,
                28.0054784
              ],
              [
                -82.8095078,
                28.00539990000001
              ],
              [
                -82.8096418,
                28.0053296
              ],
              [
                -82.8098334,
                28.005241399999978
              ],
              [
                -82.8101504,
                28.005143
              ]
            ]
          ],
          [
            [
              [
                -82.78584421136118,
                28.001099832704874
              ],
              [
                -82.78605982409735,
                28.001100959781258
              ],
              [
                -82.78606120570626,
                28.001627660887067
              ],
              [
                -82.7870930816085,
                28.001633074951595
              ],
              [
                -82.78709294955617,
                28.001580816447678
              ],
              [
                -82.78742450874438,
                28.001582559799427
              ],
              [
                -82.7877963582714,
                28.001584507784827
              ],
              [
                -82.78779865975517,
                28.002457984535177
              ],
              [
                -82.78584315045082,
                28.002453465975368
              ],
              [
                -82.78584320614635,
                28.002123969892462
              ],
              [
                -82.78584329328295,
                28.001848389682547
              ],
              [
                -82.78584335257175,
                28.00165585827767
              ],
              [
                -82.78584341275888,
                28.00146333366712
              ],
              [
                -82.78584349270895,
                28.00123735180262
              ],
              [
                -82.78584421136118,
                28.001099832704874
              ]
            ]
          ],
          [
            [
              [
                -82.7863662,
                28.0028937
              ],
              [
                -82.7863205,
                28.0029313
              ],
              [
                -82.7858663,
                28.002925
              ],
              [
                -82.7858647,
                28.0025355
              ],
              [
                -82.78591830000002,
                28.0024861
              ],
              [
                -82.786335,
                28.0024931
              ],
              [
                -82.7863662,
                28.0028937
              ]
            ]
          ],
          [
            [
              [
                -82.786964,
                28.004125099999985
              ],
              [
                -82.7865002,
                28.004085099999987
              ],
              [
                -82.7859446,
                28.0039958
              ],
              [
                -82.7859488,
                28.003565200000015
              ],
              [
                -82.785955,
                28.0034732
              ],
              [
                -82.78598420000002,
                28.0033886
              ],
              [
                -82.7860384,
                28.0033076
              ],
              [
                -82.7860947,
                28.0032451
              ],
              [
                -82.78615509999999,
                28.0031917
              ],
              [
                -82.7862239,
                28.003149400000012
              ],
              [
                -82.7863364,
                28.0031107
              ],
              [
                -82.7864448,
                28.003092300000013
              ],
              [
                -82.7865302,
                28.0030868
              ],
              [
                -82.7870977,
                28.0031162
              ],
              [
                -82.7870992,
                28.0032244
              ],
              [
                -82.7870945,
                28.0033412
              ],
              [
                -82.7871217,
                28.0035908
              ],
              [
                -82.78711260000001,
                28.0040131
              ],
              [
                -82.7870963,
                28.0040675
              ],
              [
                -82.7870275,
                28.0041187
              ],
              [
                -82.786964,
                28.004125099999985
              ]
            ]
          ],
          [
            [
              [
                -82.7879092,
                28.0122334
              ],
              [
                -82.7878325,
                28.0122334
              ],
              [
                -82.7872937,
                28.01223320000001
              ],
              [
                -82.7872794743155,
                28.012172323667656
              ],
              [
                -82.78726806084944,
                28.01217229135621
              ],
              [
                -82.78723000641737,
                28.01198772186176
              ],
              [
                -82.78723590621914,
                28.011985880992132
              ],
              [
                -82.7872085,
                28.0118686
              ],
              [
                -82.7874653,
                28.0117881
              ],
              [
                -82.7876803,
                28.011753599999984
              ],
              [
                -82.7878077,
                28.0117523
              ],
              [
                -82.7879025,
                28.011751299999986
              ],
              [
                -82.7879039,
                28.011854
              ],
              [
                -82.7879092,
                28.0122334
              ]
            ]
          ],
          [
            [
              [
                -82.7897287,
                28.0126706
              ],
              [
                -82.7896988,
                28.0126649
              ],
              [
                -82.78967223870546,
                28.012659816223824
              ],
              [
                -82.78967224989212,
                28.012664856860386
              ],
              [
                -82.78946533284787,
                28.012622747897158
              ],
              [
                -82.78943512879309,
                28.012616600792917
              ],
              [
                -82.78945130977353,
                28.01255672088872
              ],
              [
                -82.7894471,
                28.0125558
              ],
              [
                -82.78948920128313,
                28.012416497861054
              ],
              [
                -82.78952540954438,
                28.01228250344381
              ],
              [
                -82.7895517,
                28.012122499999975
              ],
              [
                -82.78964140728601,
                28.012150004319366
              ],
              [
                -82.78967112070978,
                28.012156050750715
              ],
              [
                -82.78967112751357,
                28.012159116541742
              ],
              [
                -82.7896926,
                28.0121657
              ],
              [
                -82.7897193,
                28.0121592
              ],
              [
                -82.7897287,
                28.0126706
              ]
            ]
          ],
          [
            [
              [
                -82.77035620034249,
                28.012130087031267
              ],
              [
                -82.77143711886936,
                28.012149236643015
              ],
              [
                -82.77144902244518,
                28.01320343948498
              ],
              [
                -82.77145995673882,
                28.01392092660801
              ],
              [
                -82.77035747774684,
                28.013905414298
              ],
              [
                -82.77035620034249,
                28.012130087031267
              ]
            ]
          ],
          [
            [
              [
                -82.7845421,
                28.0164664
              ],
              [
                -82.7841103,
                28.0164672
              ],
              [
                -82.7841075,
                28.0159685
              ],
              [
                -82.78453750000001,
                28.015970499999963
              ],
              [
                -82.7845421,
                28.0164664
              ]
            ]
          ],
          [
            [
              [
                -82.78645990857207,
                28.016828719617443
              ],
              [
                -82.78645902013825,
                28.016899792758476
              ],
              [
                -82.7864581820101,
                28.016966245599377
              ],
              [
                -82.78645925998843,
                28.017117325240953
              ],
              [
                -82.78646081227724,
                28.017336072217738
              ],
              [
                -82.7864616917279,
                28.017445865849023
              ],
              [
                -82.78599680728018,
                28.017443880877693
              ],
              [
                -82.7859959332194,
                28.017334087244425
              ],
              [
                -82.78599202105634,
                28.01711629587597
              ],
              [
                -82.78598811428316,
                28.01689868408732
              ],
              [
                -82.78598603198834,
                28.016782828680196
              ],
              [
                -82.78599450399977,
                28.016681137681434
              ],
              [
                -82.78600076435899,
                28.016605936607036
              ],
              [
                -82.78645098470804,
                28.016606387848533
              ],
              [
                -82.78645355478807,
                28.01660638943461
              ],
              [
                -82.78645572242283,
                28.016682256664396
              ],
              [
                -82.78645990857207,
                28.016828719617443
              ]
            ]
          ],
          [
            [
              [
                -82.79131263827962,
                28.01226740805571
              ],
              [
                -82.79130938637829,
                28.01225395988201
              ],
              [
                -82.791308405418,
                28.01224015878824
              ],
              [
                -82.79130972414482,
                28.012226387036385
              ],
              [
                -82.79145048925153,
                28.01174733834951
              ],
              [
                -82.7914775707624,
                28.011651285356887
              ],
              [
                -82.79149927417545,
                28.011574304221167
              ],
              [
                -82.7915655,
                28.0113112
              ],
              [
                -82.7915808624722,
                28.011284911636814
              ],
              [
                -82.79158589141598,
                28.011267071736675
              ],
              [
                -82.79158962319943,
                28.01126783580304
              ],
              [
                -82.79161658918291,
                28.011160807117
              ],
              [
                -82.79160664699063,
                28.011158771526176
              ],
              [
                -82.79173110318335,
                28.010676177751723
              ],
              [
                -82.793786817761,
                28.011093073289672
              ],
              [
                -82.79381767309437,
                28.01109908248431
              ],
              [
                -82.79384875445177,
                28.011115400568556
              ],
              [
                -82.7940041,
                28.0111576
              ],
              [
                -82.79396,
                28.0111989
              ],
              [
                -82.79395452822631,
                28.011211856978175
              ],
              [
                -82.79396465094959,
                28.0112157973631
              ],
              [
                -82.79400808090031,
                28.011221218083566
              ],
              [
                -82.79403906648943,
                28.01122104122613
              ],
              [
                -82.79406719633423,
                28.01122655077154
              ],
              [
                -82.79409205002318,
                28.011234828968107
              ],
              [
                -82.7941138449486,
                28.011248627811497
              ],
              [
                -82.79414172236682,
                28.011273220504112
              ],
              [
                -82.79414188496187,
                28.011295567182433
              ],
              [
                -82.79414183555454,
                28.011314820043225
              ],
              [
                -82.79413578001122,
                28.01133427910188
              ],
              [
                -82.79412658395765,
                28.011348083484098
              ],
              [
                -82.79410503247568,
                28.0113676345342
              ],
              [
                -82.79409252163872,
                28.01137853623368
              ],
              [
                -82.79408646519707,
                28.01139782556142
              ],
              [
                -82.79408037282279,
                28.01141178537942
              ],
              [
                -82.79407721973615,
                28.011431057253382
              ],
              [
                -82.79408056326565,
                28.01146421438552
              ],
              [
                -82.79407448526443,
                28.01148075170756
              ],
              [
                -82.79406211636129,
                28.011511252004478
              ],
              [
                -82.79405600332578,
                28.01152228851317
              ],
              [
                -82.79401876725893,
                28.01156926186728
              ],
              [
                -82.79399092667165,
                28.0116024284738
              ],
              [
                -82.7939570997113,
                28.01163838036583
              ],
              [
                -82.79392921510657,
                28.01166587167481
              ],
              [
                -82.79391398327262,
                28.011701890957383
              ],
              [
                -82.79390755852171,
                28.011723931418313
              ],
              [
                -82.79390754864026,
                28.011748683411213
              ],
              [
                -82.7939044781986,
                28.011779301801
              ],
              [
                -82.79388926792421,
                28.011818065889727
              ],
              [
                -82.79387076622261,
                28.011856852963756
              ],
              [
                -82.7938522582328,
                28.011895466339805
              ],
              [
                -82.79383384546443,
                28.011920326151838
              ],
              [
                -82.79382161220688,
                28.011942571182022
              ],
              [
                -82.79381228320267,
                28.011964458529725
              ],
              [
                -82.79380011013225,
                28.011994954724322
              ],
              [
                -82.79378770170322,
                28.01201995330186
              ],
              [
                -82.793775569057,
                28.012055950259896
              ],
              [
                -82.79376610710212,
                28.012086262434874
              ],
              [
                -82.79375692003173,
                28.012127569014893
              ],
              [
                -82.79375710328803,
                28.012152495391714
              ],
              [
                -82.7937572847477,
                28.01217724887228
              ],
              [
                -82.79376677455038,
                28.012229966978257
              ],
              [
                -82.79377629220082,
                28.012260167280683
              ],
              [
                -82.79378271066352,
                28.012290557912557
              ],
              [
                -82.79378898359914,
                28.01232644850815
              ],
              [
                -82.79377982886808,
                28.012345754320673
              ],
              [
                -82.79375176010875,
                28.012348495978927
              ],
              [
                -82.79372073050217,
                28.012343175242563
              ],
              [
                -82.79370213447747,
                28.012343109417415
              ],
              [
                -82.79367418339743,
                28.01233501926468
              ],
              [
                -82.79364932970844,
                28.012326741152624
              ],
              [
                -82.79364015160441,
                28.012323442105536
              ],
              [
                -82.79352139832463,
                28.012371037920826
              ],
              [
                -82.79351317924736,
                28.012382020814982
              ],
              [
                -82.79349160800244,
                28.01239864840653
              ],
              [
                -82.79348211640314,
                28.01239887601879
              ],
              [
                -82.79346822835316,
                28.01239234815968
              ],
              [
                -82.7934676,
                28.0123926
              ],
              [
                -82.7934542,
                28.0124375
              ],
              [
                -82.7933672,
                28.012487
              ],
              [
                -82.79334598928195,
                28.012481165819082
              ],
              [
                -82.79330192603526,
                28.012505034477655
              ],
              [
                -82.79316595703385,
                28.012477513246093
              ],
              [
                -82.79317701978657,
                28.012437442409144
              ],
              [
                -82.79326766249368,
                28.012455789375785
              ],
              [
                -82.79345955431647,
                28.011759659621564
              ],
              [
                -82.79363639307003,
                28.011120096025515
              ],
              [
                -82.79263931161371,
                28.01091827433883
              ],
              [
                -82.79249181722719,
                28.01145255212998
              ],
              [
                -82.7923564177577,
                28.0119328171227
              ],
              [
                -82.79220082505888,
                28.012490817845585
              ],
              [
                -82.79204901385164,
                28.012459811760962
              ],
              [
                -82.7920453,
                28.0124774
              ],
              [
                -82.7916671,
                28.0123898
              ],
              [
                -82.791657,
                28.0124085
              ],
              [
                -82.7916329,
                28.012415
              ],
              [
                -82.7913955,
                28.0123641
              ],
              [
                -82.7913633,
                28.0123487
              ],
              [
                -82.7913405,
                28.0123232
              ],
              [
                -82.7913288145939,
                28.01229538175868
              ],
              [
                -82.79132554347697,
                28.0122917760755
              ],
              [
                -82.7913180739854,
                28.01228013056412
              ],
              [
                -82.79131263827962,
                28.01226740805571
              ]
            ],
            [
              [
                -82.79234082749592,
                28.011421638621112
              ],
              [
                -82.79234120385422,
                28.011419674789117
              ],
              [
                -82.79234051508867,
                28.01142157465957
              ],
              [
                -82.79234082749592,
                28.011421638621112
              ]
            ],
            [
              [
                -82.79344857697356,
                28.01238297076479
              ],
              [
                -82.7934499397358,
                28.012381734264316
              ],
              [
                -82.79344933867507,
                28.012381382390306
              ],
              [
                -82.79344857697356,
                28.01238297076479
              ]
            ]
          ],
          [
            [
              [
                -82.79109411590024,
                28.012066311804656
              ],
              [
                -82.7910938733551,
                28.012067174671863
              ],
              [
                -82.79103932405779,
                28.012253286561243
              ],
              [
                -82.79071418063731,
                28.012188337655697
              ],
              [
                -82.79076908746413,
                28.01200111772559
              ],
              [
                -82.7907690811759,
                28.012000291339398
              ],
              [
                -82.79109411590024,
                28.012066311804656
              ]
            ]
          ],
          [
            [
              [
                -82.8032259,
                28.0123814
              ],
              [
                -82.8033336,
                28.012407
              ],
              [
                -82.8034557,
                28.0123848
              ],
              [
                -82.8035368,
                28.0123385
              ],
              [
                -82.803695,
                28.0119945
              ],
              [
                -82.8037536,
                28.0119971
              ],
              [
                -82.8037712,
                28.0120618
              ],
              [
                -82.8037243,
                28.0122609
              ],
              [
                -82.8037071,
                28.0124177
              ],
              [
                -82.8037915,
                28.012705899999983
              ],
              [
                -82.8037268,
                28.0129648
              ],
              [
                -82.8035988,
                28.01308740000001
              ],
              [
                -82.8034339,
                28.01309529999998
              ],
              [
                -82.8032217,
                28.0130948
              ],
              [
                -82.8030417,
                28.0130132
              ],
              [
                -82.8029469,
                28.0129142
              ],
              [
                -82.80289440000001,
                28.012765500000018
              ],
              [
                -82.8028901,
                28.012637299999987
              ],
              [
                -82.8029524,
                28.0124912
              ],
              [
                -82.8030298,
                28.0124182
              ],
              [
                -82.8031115,
                28.012349
              ],
              [
                -82.8032259,
                28.0123814
              ]
            ]
          ],
          [
            [
              [
                -82.80301040000002,
                28.0194591
              ],
              [
                -82.8030145,
                28.0193859
              ],
              [
                -82.80307670000002,
                28.0194335
              ],
              [
                -82.8031057,
                28.019503
              ],
              [
                -82.8030974,
                28.01959439999998
              ],
              [
                -82.803056,
                28.01969319999999
              ],
              [
                -82.8029897,
                28.0197956
              ],
              [
                -82.8029151,
                28.0198907
              ],
              [
                -82.8028861,
                28.01994190000001
              ],
              [
                -82.8028654,
                28.0200516
              ],
              [
                -82.8028446,
                28.020150399999988
              ],
              [
                -82.8028654,
                28.02027479999998
              ],
              [
                -82.8028819,
                28.0203589
              ],
              [
                -82.8028778,
                28.020457599999986
              ],
              [
                -82.8028074,
                28.0205381
              ],
              [
                -82.8027079,
                28.0205637
              ],
              [
                -82.8026292,
                28.0205418
              ],
              [
                -82.8025463,
                28.0205162
              ],
              [
                -82.8024137,
                28.0204613
              ],
              [
                -82.80230179999998,
                28.020384500000013
              ],
              [
                -82.8022273,
                28.020293
              ],
              [
                -82.80219,
                28.0201431
              ],
              [
                -82.80219,
                28.0199785
              ],
              [
                -82.802248,
                28.0198614
              ],
              [
                -82.8023516,
                28.019788299999977
              ],
              [
                -82.8024386,
                28.0197736
              ],
              [
                -82.8026623,
                28.0197736
              ],
              [
                -82.8027784,
                28.0197553
              ],
              [
                -82.8028985,
                28.0196968
              ],
              [
                -82.8029855,
                28.01957979999999
              ],
              [
                -82.80301040000002,
                28.0194591
              ]
            ]
          ],
          [
            [
              [
                -82.7885999,
                28.0213087
              ],
              [
                -82.7886191,
                28.0188267
              ],
              [
                -82.789841,
                28.018835
              ],
              [
                -82.7898241,
                28.0191205
              ],
              [
                -82.7898211,
                28.0191709
              ],
              [
                -82.7897743,
                28.019482
              ],
              [
                -82.790571,
                28.01948690000001
              ],
              [
                -82.79056170000001,
                28.0195133
              ],
              [
                -82.79041970000002,
                28.0196298
              ],
              [
                -82.7902991,
                28.0199106
              ],
              [
                -82.7902808,
                28.020071
              ],
              [
                -82.7902517,
                28.0201345
              ],
              [
                -82.7901235,
                28.0201306
              ],
              [
                -82.7901415,
                28.0202684
              ],
              [
                -82.7902173,
                28.0203221
              ],
              [
                -82.7901796,
                28.020577299999985
              ],
              [
                -82.7900954,
                28.0206427
              ],
              [
                -82.7897841,
                28.0206088
              ],
              [
                -82.789776,
                28.0206577
              ],
              [
                -82.790121,
                28.02069709999998
              ],
              [
                -82.7902445,
                28.021336600000016
              ],
              [
                -82.7899376,
                28.0213375
              ],
              [
                -82.7885999,
                28.0213087
              ]
            ]
          ],
          [
            [
              [
                -82.7911173,
                28.023093
              ],
              [
                -82.7911292,
                28.0232148
              ],
              [
                -82.7897722,
                28.0232129
              ],
              [
                -82.7897628,
                28.023069
              ],
              [
                -82.7911173,
                28.023093
              ]
            ]
          ],
          [
            [
              [
                -82.80155061017082,
                28.027225985497243
              ],
              [
                -82.80155061016411,
                28.027225985496397
              ],
              [
                -82.8015608,
                28.027199
              ],
              [
                -82.8015525,
                28.0271551
              ],
              [
                -82.8015007,
                28.0270838
              ],
              [
                -82.8014779,
                28.027065499999985
              ],
              [
                -82.8014385,
                28.02702349999998
              ],
              [
                -82.8014634,
                28.0269777
              ],
              [
                -82.8015173,
                28.02696860000001
              ],
              [
                -82.8015732,
                28.02698689999998
              ],
              [
                -82.8016623,
                28.0270381
              ],
              [
                -82.8017058,
                28.027109399999983
              ],
              [
                -82.8017162,
                28.02720629999999
              ],
              [
                -82.8017037,
                28.0272758
              ],
              [
                -82.8016706,
                28.0273362
              ],
              [
                -82.8016291,
                28.027416599999984
              ],
              [
                -82.801567,
                28.027477
              ],
              [
                -82.801509,
                28.027488
              ],
              [
                -82.8014696,
                28.0274715
              ],
              [
                -82.8014489,
                28.0274349
              ],
              [
                -82.8014468,
                28.0273837
              ],
              [
                -82.8014758,
                28.027327
              ],
              [
                -82.8015069,
                28.02730690000001
              ],
              [
                -82.8015318,
                28.0272758
              ],
              [
                -82.80155061017082,
                28.027225985497243
              ]
            ]
          ],
          [
            [
              [
                -82.7905829,
                28.0276653
              ],
              [
                -82.791193,
                28.0278268
              ],
              [
                -82.7911518,
                28.0279886
              ],
              [
                -82.7905408,
                28.0278196
              ],
              [
                -82.7906042,
                28.0277515
              ],
              [
                -82.7905829,
                28.0276653
              ]
            ]
          ],
          [
            [
              [
                -82.78517770364117,
                28.02003285109373
              ],
              [
                -82.7851476127741,
                28.0200820126359
              ],
              [
                -82.7851094325779,
                28.020149969452046
              ],
              [
                -82.78507728187388,
                28.02022097775256
              ],
              [
                -82.78505140410549,
                28.020294504624715
              ],
              [
                -82.78503199061387,
                28.020369995745643
              ],
              [
                -82.78501918782445,
                28.0204468848987
              ],
              [
                -82.78501309365357,
                28.020524595559564
              ],
              [
                -82.78501375301698,
                28.020602538517284
              ],
              [
                -82.78502772720954,
                28.02083275805479
              ],
              [
                -82.78467431201045,
                28.020831773134006
              ],
              [
                -82.78434266568567,
                28.020830846103028
              ],
              [
                -82.78398314284098,
                28.020830087983615
              ],
              [
                -82.78397419112916,
                28.019980256553374
              ],
              [
                -82.78520585953713,
                28.019982556306168
              ],
              [
                -82.78517770364117,
                28.02003285109373
              ]
            ]
          ],
          [
            [
              [
                -82.7807593,
                28.02916
              ],
              [
                -82.7807603,
                28.029205
              ],
              [
                -82.7807109,
                28.02920580000002
              ],
              [
                -82.7807099,
                28.0291608
              ],
              [
                -82.7807593,
                28.02916
              ]
            ]
          ],
          [
            [
              [
                -82.7806787,
                28.02916090000002
              ],
              [
                -82.7806797,
                28.0292058
              ],
              [
                -82.7806303,
                28.0292067
              ],
              [
                -82.7806293,
                28.02916169999999
              ],
              [
                -82.7806787,
                28.02916090000002
              ]
            ]
          ],
          [
            [
              [
                -82.7806145,
                28.0297809
              ],
              [
                -82.7802555,
                28.0297856
              ],
              [
                -82.7802513,
                28.0295437
              ],
              [
                -82.7806104,
                28.029538899999977
              ],
              [
                -82.7806145,
                28.0297809
              ]
            ]
          ],
          [
            [
              [
                -82.7901086,
                28.0303696
              ],
              [
                -82.7901545,
                28.030073899999987
              ],
              [
                -82.7907662,
                28.030226
              ],
              [
                -82.7907592,
                28.0302789
              ],
              [
                -82.7906918,
                28.03026809999998
              ],
              [
                -82.7906674,
                28.0304576
              ],
              [
                -82.7907307,
                28.0304757
              ],
              [
                -82.7907263,
                28.030518599999983
              ],
              [
                -82.7901086,
                28.0303696
              ]
            ]
          ],
          [
            [
              [
                -82.8141107,
                28.0307042
              ],
              [
                -82.8142548,
                28.0307424
              ],
              [
                -82.8143917,
                28.0307742
              ],
              [
                -82.8145575,
                28.0307996
              ],
              [
                -82.8146728,
                28.0308378
              ],
              [
                -82.81470880000002,
                28.0309904
              ],
              [
                -82.8145935,
                28.0310986
              ],
              [
                -82.8144638,
                28.0311304
              ],
              [
                -82.8143269,
                28.031194
              ],
              [
                -82.8141899,
                28.031219400000023
              ],
              [
                -82.8140458,
                28.0312322
              ],
              [
                -82.8138873,
                28.0311622
              ],
              [
                -82.8138296,
                28.0310159
              ],
              [
                -82.8138801,
                28.0308632
              ],
              [
                -82.8139521,
                28.0307487
              ],
              [
                -82.8141107,
                28.0307042
              ]
            ]
          ],
          [
            [
              [
                -82.8137864,
                28.0318555
              ],
              [
                -82.8138008,
                28.031671
              ],
              [
                -82.8139666,
                28.0314548
              ],
              [
                -82.8142764,
                28.0313212
              ],
              [
                -82.8145286,
                28.0312131
              ],
              [
                -82.814752,
                28.0311622
              ],
              [
                -82.8149682,
                28.0312067
              ],
              [
                -82.8151051,
                28.031314799999983
              ],
              [
                -82.8151988,
                28.0314611
              ],
              [
                -82.8151988,
                28.0316965
              ],
              [
                -82.8150979,
                28.031931799999974
              ],
              [
                -82.8149754,
                28.03223709999998
              ],
              [
                -82.8148169,
                28.0323135
              ],
              [
                -82.81470880000002,
                28.0323198
              ],
              [
                -82.8146223,
                28.0323898
              ],
              [
                -82.8144205,
                28.0324343
              ],
              [
                -82.8142044,
                28.0324852
              ],
              [
                -82.8140026,
                28.032428
              ],
              [
                -82.8139449,
                28.0323135
              ],
              [
                -82.8138513,
                28.0321672
              ],
              [
                -82.8137864,
                28.0318555
              ]
            ]
          ],
          [
            [
              [
                -82.80072220000001,
                28.0347263
              ],
              [
                -82.8006431,
                28.034687499999986
              ],
              [
                -82.800564,
                28.0346202
              ],
              [
                -82.8005347,
                28.0345685
              ],
              [
                -82.800564,
                28.0345039
              ],
              [
                -82.8006665,
                28.034534899999986
              ],
              [
                -82.8007515,
                28.0345478
              ],
              [
                -82.8009302,
                28.03454270000001
              ],
              [
                -82.8010767,
                28.0344987
              ],
              [
                -82.8011763,
                28.0344599
              ],
              [
                -82.8012262,
                28.034434
              ],
              [
                -82.8012906,
                28.03436159999998
              ],
              [
                -82.8013756,
                28.0342918
              ],
              [
                -82.8014254,
                28.034253
              ],
              [
                -82.80149860000002,
                28.0341909
              ],
              [
                -82.8016129,
                28.0341599
              ],
              [
                -82.801651,
                28.034206499999982
              ],
              [
                -82.8016539,
                28.0342504
              ],
              [
                -82.801607,
                28.0343849
              ],
              [
                -82.8015895,
                28.0344625
              ],
              [
                -82.8015895,
                28.0345556
              ],
              [
                -82.8015983,
                28.0346125
              ],
              [
                -82.8015895,
                28.0346901
              ],
              [
                -82.8015309,
                28.03475470000002
              ],
              [
                -82.8014664,
                28.0347935
              ],
              [
                -82.801358,
                28.0348375
              ],
              [
                -82.8012555,
                28.034850400000018
              ],
              [
                -82.8011881,
                28.0348426
              ],
              [
                -82.8010943,
                28.034790899999983
              ],
              [
                -82.8010093,
                28.0347495
              ],
              [
                -82.80091270000001,
                28.03475729999999
              ],
              [
                -82.8008072,
                28.034754699999983
              ],
              [
                -82.80072220000001,
                28.0347263
              ]
            ]
          ],
          [
            [
              [
                -82.7661018,
                28.00063069999998
              ],
              [
                -82.765925,
                28.00063169999998
              ],
              [
                -82.7659226,
                28.00030029999998
              ],
              [
                -82.7660995,
                28.0002993
              ],
              [
                -82.7662848,
                28.0002986
              ],
              [
                -82.7662871,
                28.0006295
              ],
              [
                -82.7661018,
                28.00063069999998
              ]
            ]
          ],
          [
            [
              [
                -82.75962724175145,
                28.004575683813236
              ],
              [
                -82.759629922388,
                28.004592386027124
              ],
              [
                -82.75942058801064,
                28.004578113365497
              ],
              [
                -82.75962724175145,
                28.004575683813236
              ]
            ]
          ],
          [
            [
              [
                -82.76779503250056,
                28.005911579318504
              ],
              [
                -82.76789374657051,
                28.00584560266822
              ],
              [
                -82.76798963903214,
                28.00577558660313
              ],
              [
                -82.76873488857835,
                28.00525130656868
              ],
              [
                -82.76882122116875,
                28.005932616872222
              ],
              [
                -82.76914373522037,
                28.005896228444975
              ],
              [
                -82.76956203034253,
                28.00590252186715
              ],
              [
                -82.76955515643398,
                28.006262263103704
              ],
              [
                -82.76954915389123,
                28.006576275200217
              ],
              [
                -82.7695491287384,
                28.0065775370492
              ],
              [
                -82.76950729239898,
                28.006576915245564
              ],
              [
                -82.76837915482754,
                28.006560106717764
              ],
              [
                -82.768385071132,
                28.0074440566032
              ],
              [
                -82.76839099098653,
                28.008328031646812
              ],
              [
                -82.76839095042286,
                28.008328030981925
              ],
              [
                -82.7683359504848,
                28.008327031135344
              ],
              [
                -82.76800161339109,
                28.008322229488936
              ],
              [
                -82.7672924143193,
                28.008311646222452
              ],
              [
                -82.76734420668703,
                28.008308978220136
              ],
              [
                -82.76742158307401,
                28.00830498731997
              ],
              [
                -82.76755991284799,
                28.00810326187617
              ],
              [
                -82.76757607533659,
                28.008079697118085
              ],
              [
                -82.76755980594847,
                28.007831231841465
              ],
              [
                -82.76754599704593,
                28.007620356996007
              ],
              [
                -82.76753520738104,
                28.00745560984351
              ],
              [
                -82.76752442041112,
                28.007290864818398
              ],
              [
                -82.76751363344117,
                28.007126118748218
              ],
              [
                -82.76750284826788,
                28.00696137083985
              ],
              [
                -82.76761474960618,
                28.006849498869503
              ],
              [
                -82.76772588827482,
                28.0067383913465
              ],
              [
                -82.7677136154914,
                28.00655096445744
              ],
              [
                -82.7677073245895,
                28.00645486162322
              ],
              [
                -82.76758665120242,
                28.00625485457677
              ],
              [
                -82.76748367821972,
                28.00608417993271
              ],
              [
                -82.76758982135705,
                28.006030972635685
              ],
              [
                -82.76769366570558,
                28.00597340552447
              ],
              [
                -82.76779503250056,
                28.005911579318504
              ]
            ]
          ],
          [
            [
              [
                -82.7603709,
                28.013723799999987
              ],
              [
                -82.7608125,
                28.0137359
              ],
              [
                -82.7608125,
                28.0139928
              ],
              [
                -82.7603607,
                28.0139868
              ],
              [
                -82.7603709,
                28.013723799999987
              ]
            ]
          ],
          [
            [
              [
                -82.7600457,
                28.0137057
              ],
              [
                -82.760032,
                28.01445819999998
              ],
              [
                -82.7594912,
                28.0144491
              ],
              [
                -82.7595049,
                28.0136966
              ],
              [
                -82.7600457,
                28.0137057
              ]
            ]
          ],
          [
            [
              [
                -82.7603401,
                28.014074399999988
              ],
              [
                -82.7608091,
                28.0140865
              ],
              [
                -82.7608056,
                28.0143826
              ],
              [
                -82.7603401,
                28.014376600000016
              ],
              [
                -82.7603401,
                28.014074399999988
              ]
            ]
          ],
          [
            [
              [
                -82.7600937,
                28.0154856
              ],
              [
                -82.7595049,
                28.0154826
              ],
              [
                -82.7595117,
                28.014588099999983
              ],
              [
                -82.7600765,
                28.0145881
              ],
              [
                -82.7600937,
                28.0154856
              ]
            ]
          ],
          [
            [
              [
                -82.7607603,
                28.0147946
              ],
              [
                -82.7607651,
                28.0153569
              ],
              [
                -82.7603246,
                28.01534
              ],
              [
                -82.7603341,
                28.014782
              ],
              [
                -82.7607603,
                28.0147946
              ]
            ]
          ],
          [
            [
              [
                -82.7520195,
                28.0217621
              ],
              [
                -82.7516949,
                28.0217669
              ],
              [
                -82.7516896,
                28.021446
              ],
              [
                -82.7520154,
                28.0214401
              ],
              [
                -82.7520195,
                28.0217621
              ]
            ]
          ],
          [
            [
              [
                -82.75529745107896,
                28.02640190501634
              ],
              [
                -82.75535207044486,
                28.026399677561066
              ],
              [
                -82.75540606458333,
                28.026391134092115
              ],
              [
                -82.75545870585897,
                28.02637639513955
              ],
              [
                -82.75550928370441,
                28.026355654978754
              ],
              [
                -82.75555711629835,
                28.026329193525243
              ],
              [
                -82.7556015640403,
                28.026297367612028
              ],
              [
                -82.75564202326237,
                28.026260606232157
              ],
              [
                -82.75567795048386,
                28.026219404988222
              ],
              [
                -82.75570399613163,
                28.02618141370772
              ],
              [
                -82.75578870547574,
                28.02599247156796
              ],
              [
                -82.7558347172807,
                28.025879498485462
              ],
              [
                -82.75583914780532,
                28.025879960697416
              ],
              [
                -82.7558459,
                28.025864899999988
              ],
              [
                -82.7561845,
                28.025894399999963
              ],
              [
                -82.7566777,
                28.025894399999984
              ],
              [
                -82.75668781197614,
                28.02589419699859
              ],
              [
                -82.75730396043691,
                28.025867070984496
              ],
              [
                -82.75738008097915,
                28.025865418424914
              ],
              [
                -82.7574561853517,
                28.025867692676773
              ],
              [
                -82.75753207143367,
                28.025873889774935
              ],
              [
                -82.75753030898898,
                28.025886457718045
              ],
              [
                -82.757547,
                28.0258871
              ],
              [
                -82.75758605536366,
                28.025904321730266
              ],
              [
                -82.75760312368104,
                28.025883213572097
              ],
              [
                -82.75762827201743,
                28.02588746946732
              ],
              [
                -82.7576072425568,
                28.025913664359027
              ],
              [
                -82.7576139,
                28.025916599999984
              ],
              [
                -82.75746270335262,
                28.0260937088263
              ],
              [
                -82.75739632251951,
                28.026176402887863
              ],
              [
                -82.75739599643104,
                28.026274101820743
              ],
              [
                -82.75739465255137,
                28.026668572869543
              ],
              [
                -82.75739436239554,
                28.026753598136956
              ],
              [
                -82.75735491921169,
                28.026753521289255
              ],
              [
                -82.7573547,
                28.02675780000002
              ],
              [
                -82.7556829,
                28.026757799999988
              ],
              [
                -82.75568296809662,
                28.026749065856876
              ],
              [
                -82.7554855897405,
                28.026748523139677
              ],
              [
                -82.75514759771653,
                28.02674751606988
              ],
              [
                -82.7551426417111,
                28.026403714575935
              ],
              [
                -82.75529745107896,
                28.02640190501634
              ]
            ]
          ],
          [
            [
              [
                -82.7406221,
                28.043123600000015
              ],
              [
                -82.7403733,
                28.04313559999999
              ],
              [
                -82.7403387,
                28.0425766
              ],
              [
                -82.7405875,
                28.042564599999984
              ],
              [
                -82.7406221,
                28.043123600000015
              ]
            ]
          ],
          [
            [
              [
                -82.7401393,
                28.0432418
              ],
              [
                -82.7402707,
                28.0432016
              ],
              [
                -82.7403941,
                28.0432087
              ],
              [
                -82.7406221,
                28.04319919999999
              ],
              [
                -82.7406301,
                28.043301
              ],
              [
                -82.7406623,
                28.0433223
              ],
              [
                -82.7407175,
                28.0439254
              ],
              [
                -82.7404985,
                28.0439325
              ],
              [
                -82.7403914,
                28.0432844
              ],
              [
                -82.7401446,
                28.0432821
              ],
              [
                -82.7401393,
                28.0432418
              ]
            ]
          ],
          [
            [
              [
                -82.76468742197437,
                28.018884508955967
              ],
              [
                -82.76469566380361,
                28.018885588223014
              ],
              [
                -82.76470374611436,
                28.018887375448916
              ],
              [
                -82.76471159106954,
                28.018889853421634
              ],
              [
                -82.76471912311798,
                28.01889299827687
              ],
              [
                -82.76472626972192,
                28.01889677972791
              ],
              [
                -82.76473296205565,
                28.018901161357277
              ],
              [
                -82.76473913566834,
                28.018906100967406
              ],
              [
                -82.7647447311047,
                28.018911550987053
              ],
              [
                -82.76474969447766,
                28.01891745892947
              ],
              [
                -82.76475397798721,
                28.018923767897938
              ],
              [
                -82.7647575403808,
                28.018930417133475
              ],
              [
                -82.76476034735067,
                28.018937342600324
              ],
              [
                -82.76476237186412,
                28.018944477602393
              ],
              [
                -82.76476359442398,
                28.018951753425682
              ],
              [
                -82.76476400325637,
                28.018959100000014
              ],
              [
                -82.76476359442398,
                28.018966446573813
              ],
              [
                -82.76476237186412,
                28.018973722395593
              ],
              [
                -82.76476034735066,
                28.018980857395263
              ],
              [
                -82.7647575403808,
                28.018987782858865
              ],
              [
                -82.76475397798721,
                28.018994432090487
              ],
              [
                -82.76474969447766,
                28.019000741054406
              ],
              [
                -82.7647447311047,
                28.019006648991923
              ],
              [
                -82.76473913566834,
                28.01901209900651
              ],
              [
                -82.76473296205565,
                28.019017038611523
              ],
              [
                -82.76472626972192,
                28.019021420236005
              ],
              [
                -82.76471912311798,
                28.019025201682553
              ],
              [
                -82.76471159106956,
                28.019028346533865
              ],
              [
                -82.76470374611436,
                28.019030824503304
              ],
              [
                -82.76469566380361,
                28.019032611726796
              ],
              [
                -82.76468742197437,
                28.019033690992373
              ],
              [
                -82.76467909999998,
                28.019034051906168
              ],
              [
                -82.76467077802559,
                28.019033690992362
              ],
              [
                -82.76466253619634,
                28.0190326117268
              ],
              [
                -82.7646544538856,
                28.01903082450332
              ],
              [
                -82.7646466089304,
                28.019028346533858
              ],
              [
                -82.76463907688198,
                28.019025201682545
              ],
              [
                -82.76463193027804,
                28.01902142023601
              ],
              [
                -82.76462523794432,
                28.019017038611516
              ],
              [
                -82.76461906433163,
                28.0190120990065
              ],
              [
                -82.76461346889526,
                28.01900664899195
              ],
              [
                -82.7646085055223,
                28.019000741054406
              ],
              [
                -82.76460422201275,
                28.018994432090484
              ],
              [
                -82.76460065961915,
                28.018987782858886
              ],
              [
                -82.7645978526493,
                28.018980857395242
              ],
              [
                -82.76459582813585,
                28.01897372239559
              ],
              [
                -82.76459460557598,
                28.018966446573796
              ],
              [
                -82.76459419674359,
                28.01895910000002
              ],
              [
                -82.76459460557598,
                28.0189517534257
              ],
              [
                -82.76459582813585,
                28.018944477602414
              ],
              [
                -82.7645978526493,
                28.018937342600324
              ],
              [
                -82.76460065961915,
                28.018930417133483
              ],
              [
                -82.76460422201275,
                28.018923767897927
              ],
              [
                -82.7646085055223,
                28.018917458929483
              ],
              [
                -82.76461346889526,
                28.018911550987056
              ],
              [
                -82.76461906433163,
                28.01890610096741
              ],
              [
                -82.76462523794432,
                28.018901161357284
              ],
              [
                -82.76463193027804,
                28.01889677972791
              ],
              [
                -82.76463907688198,
                28.018892998276872
              ],
              [
                -82.76464660893042,
                28.018889853421612
              ],
              [
                -82.7646544538856,
                28.018887375448912
              ],
              [
                -82.76466253619634,
                28.018885588223018
              ],
              [
                -82.76467077802559,
                28.018884508955953
              ],
              [
                -82.76467909999998,
                28.018884148041668
              ],
              [
                -82.76468742197437,
                28.018884508955967
              ]
            ]
          ],
          [
            [
              [
                -82.7576671,
                28.0345514
              ],
              [
                -82.7579486,
                28.03454749999998
              ],
              [
                -82.7579523,
                28.034760599999977
              ],
              [
                -82.7576468,
                28.0347649
              ],
              [
                -82.757643,
                28.0345517
              ],
              [
                -82.7576671,
                28.0345514
              ]
            ]
          ],
          [
            [
              [
                -82.7588144,
                28.042435
              ],
              [
                -82.758858,
                28.0424089
              ],
              [
                -82.7590222,
                28.04240689999999
              ],
              [
                -82.7591849,
                28.04240959999998
              ],
              [
                -82.759304,
                28.0424082
              ],
              [
                -82.7594519,
                28.0424075
              ],
              [
                -82.7595204,
                28.042422
              ],
              [
                -82.7595678,
                28.0424666
              ],
              [
                -82.75954839999999,
                28.042535299999983
              ],
              [
                -82.7594534,
                28.042552500000014
              ],
              [
                -82.7593569,
                28.0425655
              ],
              [
                -82.7592573,
                28.042575199999987
              ],
              [
                -82.7590448,
                28.0425731
              ],
              [
                -82.7588572,
                28.0425717
              ],
              [
                -82.7588136,
                28.0425394
              ],
              [
                -82.7588027,
                28.0424797
              ],
              [
                -82.7588144,
                28.042435
              ]
            ]
          ],
          [
            [
              [
                -82.7700846,
                28.0497179
              ],
              [
                -82.7698473,
                28.049774499999984
              ],
              [
                -82.7695916,
                28.0498108
              ],
              [
                -82.7693552,
                28.0498087
              ],
              [
                -82.7691522,
                28.049798
              ],
              [
                -82.7689737,
                28.04978
              ],
              [
                -82.7687916,
                28.049758300000022
              ],
              [
                -82.7685994,
                28.0497216
              ],
              [
                -82.7683868,
                28.04967
              ],
              [
                -82.7673607,
                28.0494006
              ],
              [
                -82.7673617,
                28.0482725
              ],
              [
                -82.7677493,
                28.048063499999977
              ],
              [
                -82.7682983,
                28.0481364
              ],
              [
                -82.7688151,
                28.048218699999982
              ],
              [
                -82.7698378,
                28.0482219
              ],
              [
                -82.7704766,
                28.0482282
              ],
              [
                -82.7708965,
                28.0481965
              ],
              [
                -82.7706704,
                28.048887
              ],
              [
                -82.770473,
                28.0492353
              ],
              [
                -82.7706082,
                28.04953630000001
              ],
              [
                -82.7703482,
                28.0496447
              ],
              [
                -82.7700846,
                28.0497179
              ]
            ]
          ],
          [
            [
              [
                -82.7810958,
                28.029714899999973
              ],
              [
                -82.7811448,
                28.0297285
              ],
              [
                -82.7811708,
                28.0297667
              ],
              [
                -82.781191,
                28.02986089999999
              ],
              [
                -82.7811785,
                28.0299118
              ],
              [
                -82.7811485414989,
                28.029978486863126
              ],
              [
                -82.781817,
                28.0300052
              ],
              [
                -82.7818006,
                28.03038289999998
              ],
              [
                -82.7809448,
                28.0303785
              ],
              [
                -82.7809458943141,
                28.03005950781635
              ],
              [
                -82.7809266,
                28.0300612
              ],
              [
                -82.7807564,
                28.029989899999983
              ],
              [
                -82.7807542,
                28.0298774
              ],
              [
                -82.7807536,
                28.0298102
              ],
              [
                -82.7807516,
                28.0297022
              ],
              [
                -82.7807958,
                28.02966309999998
              ],
              [
                -82.7809157,
                28.0296651
              ],
              [
                -82.780989,
                28.0296653
              ],
              [
                -82.7810468,
                28.029666499999987
              ],
              [
                -82.7810958,
                28.029714899999973
              ]
            ]
          ],
          [
            [
              [
                -82.789408,
                28.0353058
              ],
              [
                -82.7892277,
                28.035452
              ],
              [
                -82.7888029,
                28.0350349
              ],
              [
                -82.7889823,
                28.0348905
              ],
              [
                -82.789408,
                28.0353058
              ]
            ]
          ],
          [
            [
              [
                -82.7718265,
                28.0450047
              ],
              [
                -82.7718369,
                28.0449756
              ],
              [
                -82.77185940000001,
                28.04491
              ],
              [
                -82.7718888,
                28.0448397
              ],
              [
                -82.7719148,
                28.04476180000002
              ],
              [
                -82.7719304,
                28.0447313
              ],
              [
                -82.7719477,
                28.0447023
              ],
              [
                -82.7719442,
                28.04467929999998
              ],
              [
                -82.771939,
                28.044609099999974
              ],
              [
                -82.7719321,
                28.04454039999998
              ],
              [
                -82.7719408,
                28.0444991
              ],
              [
                -82.7719529,
                28.044413599999984
              ],
              [
                -82.7719425,
                28.0443403
              ],
              [
                -82.7719321,
                28.04431279999999
              ],
              [
                -82.77192,
                28.0442838
              ],
              [
                -82.7719113,
                28.04421509999998
              ],
              [
                -82.7722913,
                28.04417679999999
              ],
              [
                -82.77228589999999,
                28.044408799999985
              ],
              [
                -82.77223230000001,
                28.0446124
              ],
              [
                -82.7721384,
                28.0448799
              ],
              [
                -82.7720392,
                28.0450361
              ],
              [
                -82.7718917,
                28.045303599999986
              ],
              [
                -82.7717736,
                28.04547169999998
              ],
              [
                -82.7716798,
                28.04560189999998
              ],
              [
                -82.7715269,
                28.0458197
              ],
              [
                -82.7713901,
                28.0460517
              ],
              [
                -82.7712884,
                28.0457667
              ],
              [
                -82.77131610000002,
                28.0457454
              ],
              [
                -82.7713732,
                28.0456934
              ],
              [
                -82.771413,
                28.04565979999999
              ],
              [
                -82.7714372,
                28.045630799999973
              ],
              [
                -82.7714718,
                28.045585
              ],
              [
                -82.7715151,
                28.0455377
              ],
              [
                -82.771522,
                28.0455102
              ],
              [
                -82.7715479,
                28.0454766
              ],
              [
                -82.7715601,
                28.0454491
              ],
              [
                -82.7715601,
                28.0454216
              ],
              [
                -82.7715583,
                28.045391
              ],
              [
                -82.7715912,
                28.045362
              ],
              [
                -82.771631,
                28.0453147
              ],
              [
                -82.7716535,
                28.0452994
              ],
              [
                -82.771702,
                28.045204699999985
              ],
              [
                -82.7717193,
                28.0451818
              ],
              [
                -82.7717141,
                28.0451543
              ],
              [
                -82.7717054,
                28.045125299999988
              ],
              [
                -82.771721,
                28.0450764
              ],
              [
                -82.7717452,
                28.0450398
              ],
              [
                -82.7718006,
                28.045023
              ],
              [
                -82.7718265,
                28.0450047
              ]
            ]
          ],
          [
            [
              [
                -82.7778119,
                28.0543253
              ],
              [
                -82.7774385,
                28.0546895
              ],
              [
                -82.7771264,
                28.0546845
              ],
              [
                -82.77750297897926,
                28.054000854312385
              ],
              [
                -82.77750300185424,
                28.054000857172866
              ],
              [
                -82.7799646,
                28.049532
              ],
              [
                -82.7801516,
                28.0495968
              ],
              [
                -82.7796846,
                28.050696799999987
              ],
              [
                -82.7796167,
                28.0508545
              ],
              [
                -82.7790442,
                28.0521457
              ],
              [
                -82.7787696,
                28.052799699999987
              ],
              [
                -82.7785493,
                28.0532551
              ],
              [
                -82.7782792,
                28.05372789999998
              ],
              [
                -82.77812190000002,
                28.0539507
              ],
              [
                -82.7778119,
                28.0543253
              ]
            ]
          ],
          [
            [
              [
                -82.79159890000001,
                28.0367945
              ],
              [
                -82.7913929,
                28.036749
              ],
              [
                -82.7911269,
                28.036620199999984
              ],
              [
                -82.790981,
                28.0364763
              ],
              [
                -82.7907664,
                28.0362414
              ],
              [
                -82.7905518,
                28.0360142
              ],
              [
                -82.7904917,
                28.0358475
              ],
              [
                -82.7905776,
                28.0357187
              ],
              [
                -82.790672,
                28.0356581
              ],
              [
                -82.7908865,
                28.035741399999978
              ],
              [
                -82.7913157,
                28.035870200000026
              ],
              [
                -82.7915045,
                28.0359611
              ],
              [
                -82.791762,
                28.036044499999985
              ],
              [
                -82.7920195,
                28.0361732
              ],
              [
                -82.7922684,
                28.036302
              ],
              [
                -82.7924658,
                28.0364687
              ],
              [
                -82.7924315,
                28.036605099999978
              ],
              [
                -82.7922341,
                28.0367187
              ],
              [
                -82.79209680000001,
                28.036771700000013
              ],
              [
                -82.7918993,
                28.036802
              ],
              [
                -82.79159890000001,
                28.0367945
              ]
            ]
          ],
          [
            [
              [
                -82.7946202,
                28.037749
              ],
              [
                -82.7949463,
                28.03778690000001
              ],
              [
                -82.7952124,
                28.0379081
              ],
              [
                -82.7952982,
                28.0379536
              ],
              [
                -82.7953326,
                28.038052
              ],
              [
                -82.7951867,
                28.038165699999983
              ],
              [
                -82.794912,
                28.038309599999987
              ],
              [
                -82.7946459,
                28.038347499999983
              ],
              [
                -82.794397,
                28.0382717
              ],
              [
                -82.7939507,
                28.038211100000012
              ],
              [
                -82.7937361,
                28.0381505
              ],
              [
                -82.793676,
                28.0380369
              ],
              [
                -82.7941224,
                28.037908099999974
              ],
              [
                -82.7946202,
                28.037749
              ]
            ]
          ],
          [
            [
              [
                -82.7996056,
                28.0418445
              ],
              [
                -82.7998265,
                28.041680300000014
              ],
              [
                -82.8000605,
                28.0416182
              ],
              [
                -82.800291,
                28.04157460000001
              ],
              [
                -82.8004964,
                28.041511
              ],
              [
                -82.8007118,
                28.0415733
              ],
              [
                -82.8007742,
                28.0416808
              ],
              [
                -82.8007955,
                28.0419244
              ],
              [
                -82.8007672,
                28.0421826
              ],
              [
                -82.8007057,
                28.04234530000001
              ],
              [
                -82.8005713,
                28.0424987
              ],
              [
                -82.8004009,
                28.0426229
              ],
              [
                -82.8001859,
                28.0426931
              ],
              [
                -82.7998967,
                28.042685499999987
              ],
              [
                -82.7996874,
                28.0425318
              ],
              [
                -82.7995889,
                28.0424152
              ],
              [
                -82.799538,
                28.0422583
              ],
              [
                -82.79950660000002,
                28.042090799999972
              ],
              [
                -82.7996056,
                28.0418445
              ]
            ]
          ],
          [
            [
              [
                -82.8158253,
                28.0494594
              ],
              [
                -82.8157855,
                28.04944
              ],
              [
                -82.81574660000001,
                28.0494619
              ],
              [
                -82.8157074,
                28.049494
              ],
              [
                -82.8156306,
                28.0494741
              ],
              [
                -82.8155256,
                28.0493534
              ],
              [
                -82.8156297,
                28.049261
              ],
              [
                -82.8156566,
                28.0492194
              ],
              [
                -82.815646,
                28.0491517
              ],
              [
                -82.8156333,
                28.049074399999988
              ],
              [
                -82.8155819,
                28.049022099999988
              ],
              [
                -82.8155895,
                28.048965099999986
              ],
              [
                -82.8155327,
                28.0489115
              ],
              [
                -82.8155782,
                28.0487841
              ],
              [
                -82.815663,
                28.0487696
              ],
              [
                -82.8157398,
                28.0487625
              ],
              [
                -82.8158166,
                28.04877439999999
              ],
              [
                -82.8158287,
                28.0487886
              ],
              [
                -82.8158579,
                28.0488247
              ],
              [
                -82.8158649,
                28.0488811
              ],
              [
                -82.8157975,
                28.048908699999984
              ],
              [
                -82.8158669,
                28.0489316
              ],
              [
                -82.8159144,
                28.0489441
              ],
              [
                -82.8160041,
                28.0489361
              ],
              [
                -82.8160924,
                28.0489296
              ],
              [
                -82.8162259,
                28.04889759999999
              ],
              [
                -82.8162586,
                28.0489406
              ],
              [
                -82.8162809,
                28.049011899999986
              ],
              [
                -82.8162013,
                28.0491353
              ],
              [
                -82.8161547,
                28.0491738
              ],
              [
                -82.8160721,
                28.049137
              ],
              [
                -82.816028,
                28.0491758
              ],
              [
                -82.8160267,
                28.0492713
              ],
              [
                -82.8160011,
                28.0493618
              ],
              [
                -82.8159642,
                28.0494426
              ],
              [
                -82.8158948,
                28.0494664
              ],
              [
                -82.8158253,
                28.0494594
              ]
            ]
          ],
          [
            [
              [
                -82.7803059,
                28.053909099999974
              ],
              [
                -82.7803581,
                28.0540628
              ],
              [
                -82.7801881,
                28.0541078
              ],
              [
                -82.7801359,
                28.0539541
              ],
              [
                -82.7803059,
                28.053909099999974
              ]
            ]
          ],
          [
            [
              [
                -82.7798287,
                28.0549173
              ],
              [
                -82.7795431,
                28.0547114
              ],
              [
                -82.7796557,
                28.05458980000002
              ],
              [
                -82.7799413,
                28.05479569999998
              ],
              [
                -82.7798287,
                28.0549173
              ]
            ]
          ],
          [
            [
              [
                -82.777894628659,
                28.054964114980258
              ],
              [
                -82.7781859,
                28.0552813
              ],
              [
                -82.7785353,
                28.055267700000016
              ],
              [
                -82.7785663,
                28.0557425
              ],
              [
                -82.7774715,
                28.0557398
              ],
              [
                -82.7772581,
                28.05525669999998
              ],
              [
                -82.77761567469332,
                28.05492923301894
              ],
              [
                -82.7776156739707,
                28.05492923292858
              ],
              [
                -82.7777498,
                28.054806399999986
              ],
              [
                -82.77789462954567,
                28.05496411509114
              ],
              [
                -82.777894628659,
                28.054964114980258
              ]
            ]
          ],
          [
            [
              [
                -82.782069,
                28.0669258
              ],
              [
                -82.7823608,
                28.0666867
              ],
              [
                -82.7824867,
                28.066806399999987
              ],
              [
                -82.7821949,
                28.0670454
              ],
              [
                -82.782069,
                28.0669258
              ]
            ]
          ],
          [
            [
              [
                -82.7935553,
                28.0611966
              ],
              [
                -82.7936254,
                28.0612498
              ],
              [
                -82.79365310000001,
                28.0612735
              ],
              [
                -82.7938914,
                28.0612028
              ],
              [
                -82.7939781,
                28.0611775
              ],
              [
                -82.7940169,
                28.0612205
              ],
              [
                -82.7940014,
                28.0612738
              ],
              [
                -82.7938384,
                28.061290399999987
              ],
              [
                -82.7936323,
                28.06133649999998
              ],
              [
                -82.7936112,
                28.061380299999982
              ],
              [
                -82.7936213,
                28.0615223
              ],
              [
                -82.7936264,
                28.0615955
              ],
              [
                -82.79365140000002,
                28.0616522
              ],
              [
                -82.7936798,
                28.061900899999983
              ],
              [
                -82.7936661,
                28.06194830000001
              ],
              [
                -82.7936489,
                28.0620076
              ],
              [
                -82.79359920000002,
                28.0620558
              ],
              [
                -82.7934721,
                28.0621789
              ],
              [
                -82.7932677,
                28.0623265
              ],
              [
                -82.7929909,
                28.06237839999999
              ],
              [
                -82.7929039,
                28.0623502
              ],
              [
                -82.79276110000002,
                28.0623042
              ],
              [
                -82.7926504,
                28.0621993
              ],
              [
                -82.7926428,
                28.0621852
              ],
              [
                -82.7925813,
                28.062071399999986
              ],
              [
                -82.7925662,
                28.0620437
              ],
              [
                -82.7925385,
                28.0619952
              ],
              [
                -82.7925285,
                28.061963599999984
              ],
              [
                -82.79252419999999,
                28.0618098
              ],
              [
                -82.79252760000001,
                28.0616891
              ],
              [
                -82.7926187,
                28.0616058
              ],
              [
                -82.7927329,
                28.0615946
              ],
              [
                -82.7927874,
                28.061593899999984
              ],
              [
                -82.7929216,
                28.061485900000015
              ],
              [
                -82.7930829,
                28.061363
              ],
              [
                -82.7931797,
                28.061289300000013
              ],
              [
                -82.7932712,
                28.061225400000016
              ],
              [
                -82.7933681,
                28.061161399999982
              ],
              [
                -82.79346070000001,
                28.061169799999988
              ],
              [
                -82.7935553,
                28.0611966
              ]
            ]
          ],
          [
            [
              [
                -82.7984739,
                28.0677652
              ],
              [
                -82.7987754,
                28.0679066
              ],
              [
                -82.7988791,
                28.068161
              ],
              [
                -82.7988225,
                28.0682835
              ],
              [
                -82.7985398,
                28.068453199999965
              ],
              [
                -82.7982571,
                28.068462599999986
              ],
              [
                -82.7979367,
                28.0683589
              ],
              [
                -82.7976634,
                28.0682741
              ],
              [
                -82.7973524,
                28.0683401
              ],
              [
                -82.7969283,
                28.068406099999986
              ],
              [
                -82.7967492,
                28.0684626
              ],
              [
                -82.796523,
                28.0686699
              ],
              [
                -82.7962874,
                28.0686605
              ],
              [
                -82.7960612,
                28.068566299999986
              ],
              [
                -82.795967,
                28.0683778
              ],
              [
                -82.7960612,
                28.06823639999997
              ],
              [
                -82.7962403,
                28.068104499999976
              ],
              [
                -82.7964194,
                28.06788770000001
              ],
              [
                -82.7964194,
                28.0676427
              ],
              [
                -82.7966173,
                28.0673317
              ],
              [
                -82.7967021,
                28.0672469
              ],
              [
                -82.7969566,
                28.0671998
              ],
              [
                -82.7971545,
                28.06717150000001
              ],
              [
                -82.7973335,
                28.06719029999998
              ],
              [
                -82.7977199,
                28.0673977
              ],
              [
                -82.7981346,
                28.0675296
              ],
              [
                -82.7984739,
                28.0677652
              ]
            ]
          ],
          [
            [
              [
                -82.8246508,
                28.073011299999983
              ],
              [
                -82.8244403,
                28.0728467
              ],
              [
                -82.824425,
                28.0727242
              ],
              [
                -82.824559,
                28.0724984
              ],
              [
                -82.8248614,
                28.0723261
              ],
              [
                -82.8253131,
                28.0722266
              ],
              [
                -82.8255658,
                28.0723299
              ],
              [
                -82.8257227,
                28.072448599999984
              ],
              [
                -82.8257763,
                28.072586399999977
              ],
              [
                -82.8258873,
                28.072751
              ],
              [
                -82.8260711,
                28.07281229999999
              ],
              [
                -82.8260979,
                28.0729463
              ],
              [
                -82.826029,
                28.0731109
              ],
              [
                -82.8258529,
                28.07317590000001
              ],
              [
                -82.8256653,
                28.07319130000002
              ],
              [
                -82.8254203,
                28.0732104
              ],
              [
                -82.8251026,
                28.073179799999984
              ],
              [
                -82.8248614,
                28.073114699999987
              ],
              [
                -82.8246508,
                28.073011299999983
              ]
            ]
          ],
          [
            [
              [
                -82.7993234,
                28.0752133
              ],
              [
                -82.7993665,
                28.0749379
              ],
              [
                -82.7995816,
                28.0749293
              ],
              [
                -82.7997968,
                28.0748949
              ],
              [
                -82.7999517,
                28.0747916
              ],
              [
                -82.8000378,
                28.074602299999984
              ],
              [
                -82.8002271,
                28.074576499999974
              ],
              [
                -82.8004939,
                28.074851900000013
              ],
              [
                -82.8006316,
                28.0751273
              ],
              [
                -82.8006918,
                28.0752908
              ],
              [
                -82.8006574,
                28.075497300000013
              ],
              [
                -82.8005025,
                28.0756351
              ],
              [
                -82.8004336,
                28.07572109999998
              ],
              [
                -82.8001841,
                28.07586739999999
              ],
              [
                -82.7998484,
                28.075901799999986
              ],
              [
                -82.7995902,
                28.0757986
              ],
              [
                -82.7994095,
                28.0756178
              ],
              [
                -82.7993234,
                28.0752133
              ]
            ]
          ],
          [
            [
              [
                -82.7445792,
                28.0762677
              ],
              [
                -82.7443852,
                28.0762686
              ],
              [
                -82.7443832,
                28.07593419999997
              ],
              [
                -82.7445772,
                28.075933300000017
              ],
              [
                -82.7445792,
                28.0762677
              ]
            ]
          ],
          [
            [
              [
                -82.7445984,
                28.078314499999987
              ],
              [
                -82.744605,
                28.07852479999998
              ],
              [
                -82.74451168313463,
                28.07852728605205
              ],
              [
                -82.74448787843939,
                28.078560490463545
              ],
              [
                -82.7445609,
                28.0785579
              ],
              [
                -82.7445631,
                28.0787702
              ],
              [
                -82.7441813,
                28.07876820000001
              ],
              [
                -82.74418061286076,
                28.078747731627026
              ],
              [
                -82.7441035760005,
                28.07874848239226
              ],
              [
                -82.74410410000003,
                28.07876819999998
              ],
              [
                -82.74385250000002,
                28.0787682
              ],
              [
                -82.7438519500693,
                28.078750934232417
              ],
              [
                -82.7435783,
                28.0787536
              ],
              [
                -82.7435726,
                28.078126699999988
              ],
              [
                -82.74356960000001,
                28.0779819
              ],
              [
                -82.7436362,
                28.0779209
              ],
              [
                -82.7441559,
                28.07791849999999
              ],
              [
                -82.7445639,
                28.07791659999998
              ],
              [
                -82.74456539682872,
                28.078314357289685
              ],
              [
                -82.7445984,
                28.078314499999987
              ]
            ]
          ],
          [
            [
              [
                -82.7426138,
                28.0784911
              ],
              [
                -82.7430322,
                28.0784893
              ],
              [
                -82.7430329,
                28.0786065
              ],
              [
                -82.74299,
                28.07860769999999
              ],
              [
                -82.7429832,
                28.078558
              ],
              [
                -82.7426178,
                28.0785609
              ],
              [
                -82.7426138,
                28.0784911
              ]
            ]
          ],
          [
            [
              [
                -82.7420286,
                28.0800659
              ],
              [
                -82.7418198,
                28.0800776
              ],
              [
                -82.74179,
                28.0796632
              ],
              [
                -82.7419986,
                28.0796515
              ],
              [
                -82.7420286,
                28.0800659
              ]
            ]
          ],
          [
            [
              [
                -82.76427349999999,
                28.078205599999976
              ],
              [
                -82.76427659999999,
                28.078393
              ],
              [
                -82.76411059999998,
                28.0783951
              ],
              [
                -82.76410749999998,
                28.0782077
              ],
              [
                -82.76427349999999,
                28.078205599999976
              ]
            ]
          ],
          [
            [
              [
                -82.77007444914352,
                28.083397662687855
              ],
              [
                -82.76892041044749,
                28.083409560457067
              ],
              [
                -82.76892041044749,
                28.079019455666643
              ],
              [
                -82.77000306451947,
                28.07901945487408
              ],
              [
                -82.77007444914352,
                28.083397662687855
              ]
            ]
          ],
          [
            [
              [
                -82.7589716,
                28.08152030000001
              ],
              [
                -82.75897310000002,
                28.0816612
              ],
              [
                -82.7586577,
                28.0816636
              ],
              [
                -82.7586563,
                28.081522899999985
              ],
              [
                -82.7589716,
                28.08152030000001
              ]
            ]
          ],
          [
            [
              [
                -82.7591853,
                28.081891299999988
              ],
              [
                -82.759164,
                28.0818916
              ],
              [
                -82.75914430000002,
                28.081891799999987
              ],
              [
                -82.7591265,
                28.081892
              ],
              [
                -82.7591248,
                28.0817853
              ],
              [
                -82.7591836,
                28.081784599999985
              ],
              [
                -82.7591853,
                28.081891299999988
              ]
            ]
          ],
          [
            [
              [
                -82.7585251,
                28.0816979
              ],
              [
                -82.7591127,
                28.0816936
              ],
              [
                -82.7591217,
                28.0826608
              ],
              [
                -82.7585343,
                28.082665099999982
              ],
              [
                -82.7585251,
                28.0816979
              ]
            ]
          ],
          [
            [
              [
                -82.7584814,
                28.0821385
              ],
              [
                -82.7584975,
                28.08213830000001
              ],
              [
                -82.75852060000001,
                28.082138099999987
              ],
              [
                -82.75852180000001,
                28.08223759999999
              ],
              [
                -82.7584998,
                28.0822378
              ],
              [
                -82.7584841,
                28.0822379
              ],
              [
                -82.758457,
                28.082238199999985
              ],
              [
                -82.7584558,
                28.0821387
              ],
              [
                -82.7584814,
                28.0821385
              ]
            ]
          ],
          [
            [
              [
                -82.7591531,
                28.08245959999999
              ],
              [
                -82.7591731,
                28.082459299999982
              ],
              [
                -82.7591919,
                28.0824591
              ],
              [
                -82.7591936,
                28.0825667
              ],
              [
                -82.7591349,
                28.082567399999988
              ],
              [
                -82.7591332,
                28.0824598
              ],
              [
                -82.7591531,
                28.08245959999999
              ]
            ]
          ],
          [
            [
              [
                -82.76869480000002,
                28.082938
              ],
              [
                -82.7687041,
                28.08268010000001
              ],
              [
                -82.7688959,
                28.082738
              ],
              [
                -82.7688476,
                28.082964
              ],
              [
                -82.76869480000002,
                28.082938
              ]
            ]
          ],
          [
            [
              [
                -82.75979230000002,
                28.0831736
              ],
              [
                -82.760413,
                28.083168599999986
              ],
              [
                -82.7604167,
                28.083521699999974
              ],
              [
                -82.759796,
                28.0835268
              ],
              [
                -82.75979230000002,
                28.0831736
              ]
            ]
          ],
          [
            [
              [
                -82.75964580000002,
                28.084182599999966
              ],
              [
                -82.7590837,
                28.0841925
              ],
              [
                -82.75906350000001,
                28.083296399999988
              ],
              [
                -82.7596255,
                28.0832865
              ],
              [
                -82.75964580000002,
                28.084182599999966
              ]
            ]
          ],
          [
            [
              [
                -82.7583978,
                28.0833051
              ],
              [
                -82.75895970000002,
                28.083295199999988
              ],
              [
                -82.75898,
                28.08419119999998
              ],
              [
                -82.758418,
                28.0842011
              ],
              [
                -82.7583978,
                28.0833051
              ]
            ]
          ],
          [
            [
              [
                -82.7604161,
                28.0842237
              ],
              [
                -82.7599333,
                28.084228
              ],
              [
                -82.7599257,
                28.083568
              ],
              [
                -82.7604084,
                28.0835636
              ],
              [
                -82.7604161,
                28.0842237
              ]
            ]
          ],
          [
            [
              [
                -82.7846263,
                28.0728342
              ],
              [
                -82.7845488,
                28.072968200000012
              ],
              [
                -82.7843144,
                28.073099500000023
              ],
              [
                -82.7841963,
                28.073118599999987
              ],
              [
                -82.7840594,
                28.073184499999982
              ],
              [
                -82.78387,
                28.073262799999988
              ],
              [
                -82.7837259,
                28.0732937
              ],
              [
                -82.7836535,
                28.073288899999987
              ],
              [
                -82.7835022,
                28.0732908
              ],
              [
                -82.7830298,
                28.0733495
              ],
              [
                -82.7826424,
                28.07337789999997
              ],
              [
                -82.78228390000001,
                28.0733582
              ],
              [
                -82.7822189,
                28.073316299999984
              ],
              [
                -82.7821607,
                28.0732728
              ],
              [
                -82.7821364,
                28.073271599999984
              ],
              [
                -82.7821239,
                28.0732362
              ],
              [
                -82.7820411,
                28.073199
              ],
              [
                -82.7818419,
                28.0730734
              ],
              [
                -82.7815691,
                28.0728785
              ],
              [
                -82.781468,
                28.0727341
              ],
              [
                -82.7814606,
                28.0726817
              ],
              [
                -82.7816861,
                28.0728012
              ],
              [
                -82.7819515,
                28.0729436
              ],
              [
                -82.7821098,
                28.0729766
              ],
              [
                -82.7823193,
                28.072927099999973
              ],
              [
                -82.7826614,
                28.0729402
              ],
              [
                -82.783095,
                28.0729171
              ],
              [
                -82.7834369,
                28.07286130000001
              ],
              [
                -82.7835999,
                28.0728347
              ],
              [
                -82.7840781,
                28.07272930000001
              ],
              [
                -82.7842239,
                28.0727254
              ],
              [
                -82.7844856,
                28.0727182
              ],
              [
                -82.7846242,
                28.0727514
              ],
              [
                -82.7846263,
                28.0728342
              ]
            ]
          ],
          [
            [
              [
                -82.7873491,
                28.072914900000015
              ],
              [
                -82.787566,
                28.0730184
              ],
              [
                -82.7877178,
                28.073091
              ],
              [
                -82.7879256,
                28.0730843
              ],
              [
                -82.7879977,
                28.0730657
              ],
              [
                -82.7881116,
                28.0730361
              ],
              [
                -82.7881327,
                28.0730307
              ],
              [
                -82.7884062,
                28.072972199999985
              ],
              [
                -82.7887643,
                28.072955699999987
              ],
              [
                -82.7890738,
                28.0729399
              ],
              [
                -82.7894268,
                28.07288039999998
              ],
              [
                -82.78958859999999,
                28.072843199999983
              ],
              [
                -82.7896488,
                28.0728295
              ],
              [
                -82.7897305,
                28.07282589999997
              ],
              [
                -82.789749,
                28.0728251
              ],
              [
                -82.7897861,
                28.07293059999998
              ],
              [
                -82.7897525,
                28.073024600000014
              ],
              [
                -82.7897523,
                28.0730253
              ],
              [
                -82.78966,
                28.0730845
              ],
              [
                -82.7895027,
                28.073185499999987
              ],
              [
                -82.7891636,
                28.0732841
              ],
              [
                -82.7890004,
                28.0733176
              ],
              [
                -82.7887173,
                28.0733292
              ],
              [
                -82.7884216,
                28.0733723
              ],
              [
                -82.7881699,
                28.0734109
              ],
              [
                -82.7879749,
                28.0733899
              ],
              [
                -82.78795850000002,
                28.073383899999985
              ],
              [
                -82.7879126,
                28.0733672
              ],
              [
                -82.7878644,
                28.073355
              ],
              [
                -82.7878237,
                28.0733448
              ],
              [
                -82.7876855,
                28.0732798
              ],
              [
                -82.7876236,
                28.0731782
              ],
              [
                -82.7875273,
                28.0730778
              ],
              [
                -82.787468,
                28.0730421
              ],
              [
                -82.787467,
                28.0730403
              ],
              [
                -82.7874292,
                28.072999299999985
              ],
              [
                -82.7872506,
                28.072940099999972
              ],
              [
                -82.78721,
                28.0728974
              ],
              [
                -82.7872942,
                28.072900300000015
              ],
              [
                -82.7873491,
                28.072914900000015
              ]
            ]
          ],
          [
            [
              [
                -82.7767776,
                28.0770103
              ],
              [
                -82.7770836,
                28.077025799999987
              ],
              [
                -82.77734670000001,
                28.0770998
              ],
              [
                -82.7773097,
                28.077507099999984
              ],
              [
                -82.7771588,
                28.0776253
              ],
              [
                -82.7767404,
                28.077398300000013
              ],
              [
                -82.7767776,
                28.0770103
              ]
            ]
          ],
          [
            [
              [
                -82.7716459,
                28.0793703
              ],
              [
                -82.77161164081646,
                28.079389746431854
              ],
              [
                -82.77161350831632,
                28.07949432912197
              ],
              [
                -82.77166730000002,
                28.079517099999986
              ],
              [
                -82.7717055,
                28.0797498
              ],
              [
                -82.7716185749747,
                28.079778055539588
              ],
              [
                -82.77161964934858,
                28.079838207356733
              ],
              [
                -82.7715483184454,
                28.079839433475005
              ],
              [
                -82.7715497,
                28.0798719
              ],
              [
                -82.77088075115945,
                28.07985090607642
              ],
              [
                -82.7701408220666,
                28.079863617368748
              ],
              [
                -82.77014031278868,
                28.0798276636482
              ],
              [
                -82.7701351,
                28.0798275
              ],
              [
                -82.7701056,
                28.0780442
              ],
              [
                -82.7701393,
                28.0777936
              ],
              [
                -82.7714723,
                28.0778615
              ],
              [
                -82.7716391,
                28.0779459
              ],
              [
                -82.7717042,
                28.0780293
              ],
              [
                -82.7717283,
                28.0781104
              ],
              [
                -82.7716815,
                28.07816480000001
              ],
              [
                -82.77158934067778,
                28.078140884289894
              ],
              [
                -82.77159313344366,
                28.078353291314
              ],
              [
                -82.7716162,
                28.0784266
              ],
              [
                -82.7716167,
                28.0784962
              ],
              [
                -82.771596791058,
                28.078558128297868
              ],
              [
                -82.77159885182085,
                28.07867353649547
              ],
              [
                -82.7716238,
                28.0787297
              ],
              [
                -82.771614,
                28.078837599999986
              ],
              [
                -82.77160280806754,
                28.07889509584604
              ],
              [
                -82.77160404744966,
                28.078964503966716
              ],
              [
                -82.7716273,
                28.07901369999998
              ],
              [
                -82.7716539,
                28.07913179999998
              ],
              [
                -82.7716725,
                28.0792951
              ],
              [
                -82.7716459,
                28.0793703
              ]
            ]
          ],
          [
            [
              [
                -82.8016226,
                28.082716699999978
              ],
              [
                -82.8014746,
                28.082584
              ],
              [
                -82.8014172,
                28.0824624
              ],
              [
                -82.8014497,
                28.0824052
              ],
              [
                -82.8015325,
                28.08241150000001
              ],
              [
                -82.8017487,
                28.082389299999985
              ],
              [
                -82.8019253,
                28.08230249999998
              ],
              [
                -82.8021451,
                28.08213180000001
              ],
              [
                -82.802318,
                28.0820078
              ],
              [
                -82.8024117,
                28.082011
              ],
              [
                -82.8024837,
                28.0820936
              ],
              [
                -82.8025183,
                28.0822605
              ],
              [
                -82.8025162,
                28.082430599999984
              ],
              [
                -82.802441,
                28.082574299999987
              ],
              [
                -82.8023108,
                28.0826849
              ],
              [
                -82.802055,
                28.08276749999999
              ],
              [
                -82.8018018,
                28.0827703
              ],
              [
                -82.8016226,
                28.082716699999978
              ]
            ]
          ],
          [
            [
              [
                -82.803784,
                28.0889242
              ],
              [
                -82.8049438,
                28.08890889999998
              ],
              [
                -82.8049523,
                28.0894234
              ],
              [
                -82.8043768,
                28.089688
              ],
              [
                -82.803784,
                28.0889242
              ]
            ]
          ],
          [
            [
              [
                -82.7744268,
                28.0787649
              ],
              [
                -82.77462,
                28.07856860000002
              ],
              [
                -82.7748647,
                28.0788367
              ],
              [
                -82.7747827,
                28.079167
              ],
              [
                -82.7743673,
                28.079133699999982
              ],
              [
                -82.7744268,
                28.0787649
              ]
            ]
          ],
          [
            [
              [
                -82.7726464,
                28.0806478
              ],
              [
                -82.7726547,
                28.0807645
              ],
              [
                -82.7725828,
                28.0809767
              ],
              [
                -82.7724671,
                28.081184
              ],
              [
                -82.7723254,
                28.081336
              ],
              [
                -82.7721972,
                28.081549
              ],
              [
                -82.7721478,
                28.081594200000026
              ],
              [
                -82.7720927,
                28.0815458
              ],
              [
                -82.7720342,
                28.081508099999976
              ],
              [
                -82.7720821,
                28.081405899999968
              ],
              [
                -82.7721983,
                28.081232
              ],
              [
                -82.7722216,
                28.081126
              ],
              [
                -82.7722518,
                28.0810533
              ],
              [
                -82.772235,
                28.080792099999986
              ],
              [
                -82.77223230000001,
                28.0806253
              ],
              [
                -82.7722086,
                28.0803309
              ],
              [
                -82.7722228,
                28.0800527
              ],
              [
                -82.7722014,
                28.0798917
              ],
              [
                -82.7722184,
                28.0797162
              ],
              [
                -82.7724118,
                28.0797014
              ],
              [
                -82.7724574,
                28.0798466
              ],
              [
                -82.77254090000001,
                28.079948500000015
              ],
              [
                -82.7725625,
                28.0801151
              ],
              [
                -82.7724439,
                28.0802547
              ],
              [
                -82.7724853,
                28.0803774
              ],
              [
                -82.7724435,
                28.0804359
              ],
              [
                -82.77257790000002,
                28.080512900000013
              ],
              [
                -82.7726464,
                28.0806478
              ]
            ]
          ],
          [
            [
              [
                -82.76894420502272,
                28.0868050508184
              ],
              [
                -82.76869198234544,
                28.086681318501064
              ],
              [
                -82.76850162664181,
                28.086529033656518
              ],
              [
                -82.76826843746876,
                28.08631012307108
              ],
              [
                -82.77104288961365,
                28.086386266864388
              ],
              [
                -82.77077163073723,
                28.08761406806998
              ],
              [
                -82.76957714180224,
                28.087104864369042
              ],
              [
                -82.7692107046248,
                28.086952576955166
              ],
              [
                -82.76894420502272,
                28.0868050508184
              ]
            ]
          ],
          [
            [
              [
                -82.7819093,
                28.08680079999998
              ],
              [
                -82.7818101,
                28.086957
              ],
              [
                -82.7819764,
                28.087243299999965
              ],
              [
                -82.781864,
                28.0874651
              ],
              [
                -82.7817805,
                28.0876987
              ],
              [
                -82.7816754,
                28.0879421
              ],
              [
                -82.7815931,
                28.088100699999984
              ],
              [
                -82.781559,
                28.0881664
              ],
              [
                -82.7815402,
                28.088350700000014
              ],
              [
                -82.7815901,
                28.0885041
              ],
              [
                -82.7817857,
                28.0886768
              ],
              [
                -82.782041,
                28.0889254
              ],
              [
                -82.7821098,
                28.089127799999986
              ],
              [
                -82.7821355,
                28.08936
              ],
              [
                -82.7821058,
                28.0895444
              ],
              [
                -82.7821405,
                28.0896602
              ],
              [
                -82.7821106,
                28.0898349
              ],
              [
                -82.782059,
                28.09001
              ],
              [
                -82.7819536,
                28.0902438
              ],
              [
                -82.7819124,
                28.0903897
              ],
              [
                -82.7818492,
                28.0905357
              ],
              [
                -82.7817335,
                28.090798699999986
              ],
              [
                -82.7817046,
                28.0910315
              ],
              [
                -82.7816214,
                28.0912846
              ],
              [
                -82.7814529,
                28.091497099999987
              ],
              [
                -82.781438,
                28.091536699999974
              ],
              [
                -82.7813303,
                28.09182369999998
              ],
              [
                -82.7812923,
                28.092172899999987
              ],
              [
                -82.7812903,
                28.0922104
              ],
              [
                -82.7812756,
                28.092483
              ],
              [
                -82.7812241,
                28.0926778
              ],
              [
                -82.7812139,
                28.0927163
              ],
              [
                -82.7810884,
                28.093047199999987
              ],
              [
                -82.781029,
                28.093416
              ],
              [
                -82.7809913,
                28.0937634
              ],
              [
                -82.7809066,
                28.0937545
              ],
              [
                -82.7807017,
                28.0937329
              ],
              [
                -82.7807211,
                28.0935116
              ],
              [
                -82.7807584,
                28.092953
              ],
              [
                -82.7807614,
                28.0928679
              ],
              [
                -82.78079795200597,
                28.092492785358612
              ],
              [
                -82.78075716599325,
                28.092799924895864
              ],
              [
                -82.78070719720557,
                28.092832048909415
              ],
              [
                -82.78067592832275,
                28.092835340138556
              ],
              [
                -82.7806742,
                28.0928364
              ],
              [
                -82.78065866352952,
                28.09283715735296
              ],
              [
                -82.78063938248646,
                28.092839186785334
              ],
              [
                -82.78063203018685,
                28.09283845563746
              ],
              [
                -82.7806024,
                28.0928399
              ],
              [
                -82.7800574,
                28.0927994
              ],
              [
                -82.779996,
                28.0927789
              ],
              [
                -82.7799577,
                28.0927391
              ],
              [
                -82.7799569,
                28.0926727
              ],
              [
                -82.780091,
                28.091477299999987
              ],
              [
                -82.7800973,
                28.0914064
              ],
              [
                -82.780103,
                28.0913592
              ],
              [
                -82.78011982222442,
                28.09133682644304
              ],
              [
                -82.78012185047486,
                28.091318710233985
              ],
              [
                -82.78014609609829,
                28.09131959888652
              ],
              [
                -82.7801532,
                28.0913156
              ],
              [
                -82.7802266,
                28.09131359999999
              ],
              [
                -82.7808228,
                28.0913399
              ],
              [
                -82.7808465,
                28.0913499
              ],
              [
                -82.7808549065487,
                28.09135769738294
              ],
              [
                -82.78088208751328,
                28.09136511063916
              ],
              [
                -82.78091777937617,
                28.09141150943927
              ],
              [
                -82.78093205630097,
                28.091482893876417
              ],
              [
                -82.78088969709958,
                28.091801888779827
              ],
              [
                -82.7809545,
                28.0914577
              ],
              [
                -82.7810601,
                28.0913325
              ],
              [
                -82.7811773,
                28.091236899999988
              ],
              [
                -82.7813464,
                28.091017
              ],
              [
                -82.78138452526048,
                28.09095413556177
              ],
              [
                -82.78138452505284,
                28.090954135535856
              ],
              [
                -82.7816241,
                28.090559099999986
              ],
              [
                -82.7817691,
                28.0902635
              ],
              [
                -82.78182439925159,
                28.090094876594918
              ],
              [
                -82.78182439936229,
                28.090094876608745
              ],
              [
                -82.7818746,
                28.0899418
              ],
              [
                -82.781923,
                28.0896894
              ],
              [
                -82.7819083,
                28.089605099999986
              ],
              [
                -82.781888,
                28.0895592
              ],
              [
                -82.7818043,
                28.089522899999977
              ],
              [
                -82.7817574,
                28.089509399999987
              ],
              [
                -82.78170080000001,
                28.089304
              ],
              [
                -82.7815976,
                28.0890785
              ],
              [
                -82.7813469,
                28.088701300000018
              ],
              [
                -82.7813496,
                28.0881258
              ],
              [
                -82.7814017,
                28.0876549
              ],
              [
                -82.7813455,
                28.087357499999975
              ],
              [
                -82.7813401,
                28.086296399999988
              ],
              [
                -82.78162,
                28.0863011
              ],
              [
                -82.781694,
                28.0862638
              ],
              [
                -82.7818352,
                28.086263599999985
              ],
              [
                -82.7818008,
                28.0863793
              ],
              [
                -82.7814775,
                28.0865216
              ],
              [
                -82.7817211,
                28.0866057
              ],
              [
                -82.7818584,
                28.0866565
              ],
              [
                -82.7819093,
                28.08680079999998
              ]
            ]
          ],
          [
            [
              [
                -82.7567205,
                28.0824648
              ],
              [
                -82.756178,
                28.082469
              ],
              [
                -82.7561678,
                28.0814542
              ],
              [
                -82.7567101,
                28.08145
              ],
              [
                -82.7567205,
                28.0824648
              ]
            ]
          ],
          [
            [
              [
                -82.7570997,
                28.082982099999985
              ],
              [
                -82.7570965,
                28.082767399999987
              ],
              [
                -82.7574285,
                28.0827635
              ],
              [
                -82.7574317,
                28.08297820000001
              ],
              [
                -82.7570997,
                28.082982099999985
              ]
            ]
          ],
          [
            [
              [
                -82.7562125,
                28.0852777
              ],
              [
                -82.7561522,
                28.0852452
              ],
              [
                -82.7560551,
                28.085106399999987
              ],
              [
                -82.75600820000001,
                28.0849912
              ],
              [
                -82.75600820000001,
                28.084858199999985
              ],
              [
                -82.756025,
                28.0847253
              ],
              [
                -82.7560886,
                28.084592399999977
              ],
              [
                -82.756179,
                28.08447419999998
              ],
              [
                -82.7563799,
                28.0845392
              ],
              [
                -82.7567281,
                28.084816900000014
              ],
              [
                -82.7567281,
                28.0849291
              ],
              [
                -82.7563665,
                28.0852186
              ],
              [
                -82.7562125,
                28.0852777
              ]
            ]
          ],
          [
            [
              [
                -82.7570253,
                28.0849646
              ],
              [
                -82.7577365,
                28.084973799999975
              ],
              [
                -82.7577156,
                28.0857121
              ],
              [
                -82.7576215,
                28.086072
              ],
              [
                -82.757088,
                28.0860535
              ],
              [
                -82.7567951,
                28.0859428
              ],
              [
                -82.756586,
                28.085702899999987
              ],
              [
                -82.7565232,
                28.0854353
              ],
              [
                -82.7565337,
                28.085103
              ],
              [
                -82.7570253,
                28.0849646
              ]
            ]
          ],
          [
            [
              [
                -82.7407833,
                28.091227899999986
              ],
              [
                -82.7407858,
                28.091311299999976
              ],
              [
                -82.74109309999999,
                28.09131070000001
              ],
              [
                -82.7410942,
                28.0915415
              ],
              [
                -82.7410955,
                28.0915415
              ],
              [
                -82.74109889999998,
                28.0916687
              ],
              [
                -82.7410593,
                28.091669899999978
              ],
              [
                -82.7410603,
                28.0917125
              ],
              [
                -82.7402592,
                28.0917224
              ],
              [
                -82.7402574,
                28.09168529999997
              ],
              [
                -82.7400896,
                28.0916869
              ],
              [
                -82.7400857,
                28.0912367
              ],
              [
                -82.7404134,
                28.091232599999977
              ],
              [
                -82.7404156,
                28.09115710000001
              ],
              [
                -82.7405043,
                28.0911569
              ],
              [
                -82.7405068,
                28.091227299999986
              ],
              [
                -82.7407833,
                28.091227899999986
              ]
            ]
          ],
          [
            [
              [
                -82.7493042,
                28.09263640000001
              ],
              [
                -82.7492606,
                28.0923365
              ],
              [
                -82.7494132,
                28.09231529999999
              ],
              [
                -82.7494568,
                28.092615299999988
              ],
              [
                -82.7493042,
                28.09263640000001
              ]
            ]
          ],
          [
            [
              [
                -82.7533339,
                28.099639299999986
              ],
              [
                -82.753338,
                28.09985760000001
              ],
              [
                -82.7532318,
                28.099859099999968
              ],
              [
                -82.7532277,
                28.099640800000014
              ],
              [
                -82.7533339,
                28.099639299999986
              ]
            ]
          ],
          [
            [
              [
                -82.7533568,
                28.1007645
              ],
              [
                -82.7532482,
                28.100765199999973
              ],
              [
                -82.7532466,
                28.100552
              ],
              [
                -82.7533552,
                28.10055129999999
              ],
              [
                -82.7533568,
                28.1007645
              ]
            ]
          ],
          [
            [
              [
                -82.7729442,
                28.1043628
              ],
              [
                -82.7729295,
                28.1044057
              ],
              [
                -82.7727524,
                28.1043585
              ],
              [
                -82.7727671,
                28.10431559999999
              ],
              [
                -82.7729442,
                28.1043628
              ]
            ]
          ],
          [
            [
              [
                -82.7751552,
                28.1059251
              ],
              [
                -82.7752211,
                28.1059269
              ],
              [
                -82.7752911,
                28.105916
              ],
              [
                -82.7753591,
                28.1059196
              ],
              [
                -82.7754085,
                28.1059487
              ],
              [
                -82.7754579,
                28.1059778
              ],
              [
                -82.775495,
                28.1060105
              ],
              [
                -82.7755012,
                28.106045
              ],
              [
                -82.7755073,
                28.1060668
              ],
              [
                -82.7755053,
                28.1061249
              ],
              [
                -82.7754909,
                28.1061576
              ],
              [
                -82.7754867,
                28.1062212
              ],
              [
                -82.7754929,
                28.10628470000001
              ],
              [
                -82.7755259,
                28.1063537
              ],
              [
                -82.775565,
                28.1064082
              ],
              [
                -82.7755918,
                28.1064845
              ],
              [
                -82.7756082,
                28.1065463
              ],
              [
                -82.7756309,
                28.10665339999998
              ],
              [
                -82.7756638,
                28.1067751
              ],
              [
                -82.775727,
                28.1068656
              ],
              [
                -82.7758116,
                28.106955099999983
              ],
              [
                -82.7759141,
                28.107040199999986
              ],
              [
                -82.7759718,
                28.1071219
              ],
              [
                -82.776013,
                28.10719639999998
              ],
              [
                -82.7760171,
                28.1073145
              ],
              [
                -82.7759924,
                28.1073853
              ],
              [
                -82.776013,
                28.107452499999987
              ],
              [
                -82.7760233,
                28.1075233
              ],
              [
                -82.7760191,
                28.1076123
              ],
              [
                -82.7760006,
                28.1077395
              ],
              [
                -82.7759759,
                28.1078376
              ],
              [
                -82.7759635,
                28.1079992
              ],
              [
                -82.7759883,
                28.10815
              ],
              [
                -82.7760047,
                28.108304299999983
              ],
              [
                -82.7760212,
                28.10838789999998
              ],
              [
                -82.7760233,
                28.1085314
              ],
              [
                -82.7759738,
                28.1087275
              ],
              [
                -82.7758908,
                28.1089165
              ],
              [
                -82.77584620000002,
                28.1090163
              ],
              [
                -82.7758235,
                28.109096299999987
              ],
              [
                -82.7758153,
                28.1091526
              ],
              [
                -82.7758029,
                28.10923969999998
              ],
              [
                -82.7757412,
                28.1093596
              ],
              [
                -82.7757041,
                28.1094632
              ],
              [
                -82.77563,
                28.1095758
              ],
              [
                -82.7755208,
                28.109670199999986
              ],
              [
                -82.7753829,
                28.109761
              ],
              [
                -82.775214,
                28.1098046
              ],
              [
                -82.7750987,
                28.1098282
              ],
              [
                -82.7749937,
                28.1098936
              ],
              [
                -82.7749237,
                28.109920899999985
              ],
              [
                -82.7747754,
                28.1099245
              ],
              [
                -82.7747342,
                28.1099445
              ],
              [
                -82.7746951,
                28.109946299999983
              ],
              [
                -82.7746827,
                28.1099227
              ],
              [
                -82.7746827,
                28.109882699999986
              ],
              [
                -82.7746807,
                28.1098028
              ],
              [
                -82.7746621,
                28.1096956
              ],
              [
                -82.7746168,
                28.1096393
              ],
              [
                -82.7745942,
                28.1095885
              ],
              [
                -82.774553,
                28.109523099999983
              ],
              [
                -82.7745386,
                28.1094849
              ],
              [
                -82.7745448,
                28.10939409999999
              ],
              [
                -82.7745592,
                28.109345099999985
              ],
              [
                -82.7745365,
                28.1092434
              ],
              [
                -82.7745159,
                28.109156199999987
              ],
              [
                -82.7745242,
                28.1091126
              ],
              [
                -82.774553,
                28.1090327
              ],
              [
                -82.7745468,
                28.1089782
              ],
              [
                -82.7745345,
                28.10893820000001
              ],
              [
                -82.7744954,
                28.1088928
              ],
              [
                -82.7745015,
                28.10885110000001
              ],
              [
                -82.774553,
                28.10881469999999
              ],
              [
                -82.774586,
                28.1087839
              ],
              [
                -82.774588,
                28.1087384
              ],
              [
                -82.7745777,
                28.1086622
              ],
              [
                -82.7745654,
                28.1085786
              ],
              [
                -82.7745654,
                28.108469599999985
              ],
              [
                -82.7745571,
                28.108413299999988
              ],
              [
                -82.7745242,
                28.108353399999988
              ],
              [
                -82.7744727,
                28.108288
              ],
              [
                -82.7744253,
                28.108219
              ],
              [
                -82.7744089,
                28.10815539999998
              ],
              [
                -82.7744089,
                28.108113599999974
              ],
              [
                -82.77440270000001,
                28.10808279999998
              ],
              [
                -82.7743759,
                28.1080374
              ],
              [
                -82.774345,
                28.1080228
              ],
              [
                -82.7743141,
                28.107981799999987
              ],
              [
                -82.7742318,
                28.107873899999973
              ],
              [
                -82.7741906,
                28.107808499999987
              ],
              [
                -82.7741453,
                28.1077576
              ],
              [
                -82.7741268,
                28.107705
              ],
              [
                -82.7741123,
                28.107645
              ],
              [
                -82.7741103,
                28.1075851
              ],
              [
                -82.7741144,
                28.1075106
              ],
              [
                -82.7741,
                28.107223599999983
              ],
              [
                -82.7740815,
                28.1071619
              ],
              [
                -82.7740959,
                28.1071019
              ],
              [
                -82.7741432,
                28.1070565
              ],
              [
                -82.7741618,
                28.1070257
              ],
              [
                -82.7741618,
                28.1070057
              ],
              [
                -82.7741535,
                28.106973
              ],
              [
                -82.7741329,
                28.106953
              ],
              [
                -82.7741185,
                28.106904
              ],
              [
                -82.7741432,
                28.1068731
              ],
              [
                -82.77419269999999,
                28.1068386
              ],
              [
                -82.7741988,
                28.1068186
              ],
              [
                -82.7741865,
                28.1067968
              ],
              [
                -82.7741741,
                28.106789499999984
              ],
              [
                -82.7741206,
                28.1068059
              ],
              [
                -82.7740621,
                28.1068183
              ],
              [
                -82.7740209,
                28.1067979
              ],
              [
                -82.773988,
                28.106757900000012
              ],
              [
                -82.7739797,
                28.1066743
              ],
              [
                -82.7739902,
                28.1066426
              ],
              [
                -82.774068,
                28.106604399999977
              ],
              [
                -82.7741874,
                28.106579
              ],
              [
                -82.7743027,
                28.10658259999999
              ],
              [
                -82.7743686,
                28.106589899999978
              ],
              [
                -82.7744098,
                28.1065717
              ],
              [
                -82.7744427,
                28.1065554
              ],
              [
                -82.7744716,
                28.10649719999999
              ],
              [
                -82.7744922,
                28.1064446
              ],
              [
                -82.7745086,
                28.10635189999999
              ],
              [
                -82.7745786,
                28.1061921
              ],
              [
                -82.7746384,
                28.1061303
              ],
              [
                -82.7746857,
                28.1060631
              ],
              [
                -82.7747434,
                28.10603949999997
              ],
              [
                -82.7747928,
                28.1060286
              ],
              [
                -82.7748443,
                28.1060214
              ],
              [
                -82.7748772,
                28.10601229999999
              ],
              [
                -82.7749266,
                28.1059651
              ],
              [
                -82.7750111,
                28.1059233
              ],
              [
                -82.7750893,
                28.105916
              ],
              [
                -82.7751552,
                28.1059251
              ]
            ]
          ],
          [
            [
              [
                -82.7580903,
                28.107024
              ],
              [
                -82.7580879,
                28.1073136
              ],
              [
                -82.7575281,
                28.107310099999978
              ],
              [
                -82.7575308,
                28.1069791
              ],
              [
                -82.7580906,
                28.1069827
              ],
              [
                -82.7580903,
                28.107024
              ]
            ]
          ],
          [
            [
              [
                -82.76944526772547,
                28.107095169399635
              ],
              [
                -82.7695593261146,
                28.10709516939961
              ],
              [
                -82.7696216,
                28.107129
              ],
              [
                -82.76952810077177,
                28.107264230533765
              ],
              [
                -82.76948145716854,
                28.107264230533755
              ],
              [
                -82.76944526772547,
                28.10724464522398
              ],
              [
                -82.76944526772547,
                28.107095169399635
              ]
            ]
          ],
          [
            [
              [
                -82.7581791,
                28.107796599999983
              ],
              [
                -82.7574278,
                28.1077935
              ],
              [
                -82.7574295,
                28.1074596
              ],
              [
                -82.7581808,
                28.1074626
              ],
              [
                -82.7581791,
                28.107796599999983
              ]
            ]
          ],
          [
            [
              [
                -82.7652453,
                28.1113072
              ],
              [
                -82.7653311,
                28.1112741
              ],
              [
                -82.767332,
                28.11125039999999
              ],
              [
                -82.7667543,
                28.1121816
              ],
              [
                -82.7654359,
                28.112159
              ],
              [
                -82.7648591,
                28.1116431
              ],
              [
                -82.7652453,
                28.1113072
              ]
            ]
          ],
          [
            [
              [
                -82.7109735,
                28.05256119999998
              ],
              [
                -82.7108244,
                28.052608199999987
              ],
              [
                -82.7107007,
                28.0523028
              ],
              [
                -82.7108498,
                28.05225579999998
              ],
              [
                -82.7109735,
                28.05256119999998
              ]
            ]
          ],
          [
            [
              [
                -82.71115159999998,
                28.0529655
              ],
              [
                -82.71127330000002,
                28.0532764
              ],
              [
                -82.7110996,
                28.053329299999987
              ],
              [
                -82.710978,
                28.05301839999998
              ],
              [
                -82.71115159999998,
                28.0529655
              ]
            ]
          ],
          [
            [
              [
                -82.724626,
                28.057447
              ],
              [
                -82.723359,
                28.057654
              ],
              [
                -82.7232996,
                28.0574495
              ],
              [
                -82.72372480000001,
                28.0563191
              ],
              [
                -82.724539,
                28.0563182
              ],
              [
                -82.7247442,
                28.05698090000001
              ],
              [
                -82.724626,
                28.057447
              ]
            ]
          ],
          [
            [
              [
                -82.7253777,
                28.0597795
              ],
              [
                -82.7249533,
                28.059923799999975
              ],
              [
                -82.7250606,
                28.0593747
              ],
              [
                -82.7253381,
                28.0594444
              ],
              [
                -82.7253777,
                28.0597795
              ]
            ]
          ],
          [
            [
              [
                -82.7466117,
                28.0452212
              ],
              [
                -82.7469697,
                28.045218399999985
              ],
              [
                -82.7469714,
                28.0453864
              ],
              [
                -82.7466134,
                28.045389299999986
              ],
              [
                -82.7466117,
                28.0452212
              ]
            ]
          ],
          [
            [
              [
                -82.7351554,
                28.06987219999998
              ],
              [
                -82.7350679,
                28.070194299999983
              ],
              [
                -82.7348845,
                28.07015549999998
              ],
              [
                -82.73497190000002,
                28.069833399999986
              ],
              [
                -82.7351554,
                28.06987219999998
              ]
            ]
          ],
          [
            [
              [
                -82.74079083227451,
                28.070879559187677
              ],
              [
                -82.7405991677255,
                28.070879559187684
              ],
              [
                -82.7405991677255,
                28.07071044074576
              ],
              [
                -82.74079083227451,
                28.07071044074576
              ],
              [
                -82.74079083227451,
                28.070879559187677
              ]
            ]
          ],
          [
            [
              [
                -82.74404073594704,
                28.073758926258833
              ],
              [
                -82.7440394,
                28.0733935
              ],
              [
                -82.74404081599003,
                28.073393496059733
              ],
              [
                -82.74403995977114,
                28.073369094300723
              ],
              [
                -82.74531888495291,
                28.073369094300716
              ],
              [
                -82.74531911144628,
                28.073389931269375
              ],
              [
                -82.7453303,
                28.0733899
              ],
              [
                -82.74533594074225,
                28.074938163365534
              ],
              [
                -82.7453394033723,
                28.0752567045401
              ],
              [
                -82.74330816968278,
                28.0752567045401
              ],
              [
                -82.74330766551905,
                28.075234622811458
              ],
              [
                -82.7432802,
                28.0752347
              ],
              [
                -82.743275,
                28.073806
              ],
              [
                -82.74327504822793,
                28.07380599986162
              ],
              [
                -82.74327397351485,
                28.073758926991854
              ],
              [
                -82.74404073594704,
                28.073758926258833
              ]
            ]
          ],
          [
            [
              [
                -82.7215546,
                28.0658762
              ],
              [
                -82.7212568,
                28.066413699999988
              ],
              [
                -82.7210537,
                28.066485799999988
              ],
              [
                -82.7209066,
                28.0664631
              ],
              [
                -82.720748,
                28.06635390000001
              ],
              [
                -82.7205042,
                28.0661589
              ],
              [
                -82.72032160000002,
                28.066208
              ],
              [
                -82.72021860000001,
                28.0660917
              ],
              [
                -82.7207806,
                28.065583400000016
              ],
              [
                -82.7210281,
                28.065761400000014
              ],
              [
                -82.7215546,
                28.0658762
              ]
            ]
          ],
          [
            [
              [
                -82.721884,
                28.066598
              ],
              [
                -82.7215148,
                28.0665433
              ],
              [
                -82.7215729,
                28.066220899999983
              ],
              [
                -82.7219396,
                28.0662744
              ],
              [
                -82.721884,
                28.066598
              ]
            ]
          ],
          [
            [
              [
                -82.7179527,
                28.07290920000002
              ],
              [
                -82.7176264,
                28.0729269
              ],
              [
                -82.7176036,
                28.07260039999999
              ],
              [
                -82.7179299,
                28.0725826
              ],
              [
                -82.7179527,
                28.07290920000002
              ]
            ]
          ],
          [
            [
              [
                -82.7253724,
                28.0813433
              ],
              [
                -82.7250365,
                28.0813468
              ],
              [
                -82.7250322,
                28.0810242
              ],
              [
                -82.7253681,
                28.0810207
              ],
              [
                -82.7253724,
                28.0813433
              ]
            ]
          ],
          [
            [
              [
                -82.7249757,
                28.0810222
              ],
              [
                -82.7249799,
                28.0813449
              ],
              [
                -82.7246441,
                28.0813483
              ],
              [
                -82.7246398,
                28.0810257
              ],
              [
                -82.7249757,
                28.0810222
              ]
            ]
          ],
          [
            [
              [
                -82.7273776,
                28.089269
              ],
              [
                -82.7275398,
                28.089130299999983
              ],
              [
                -82.72759,
                28.0891288
              ],
              [
                -82.72775540000002,
                28.0892991
              ],
              [
                -82.7277376,
                28.0893534
              ],
              [
                -82.7277165,
                28.089389199999978
              ],
              [
                -82.7276857,
                28.0894235
              ],
              [
                -82.7276208,
                28.0894493
              ],
              [
                -82.7275673,
                28.0894621
              ],
              [
                -82.7275073,
                28.089457799999987
              ],
              [
                -82.7274522,
                28.089435
              ],
              [
                -82.7274133,
                28.0893949
              ],
              [
                -82.7273857,
                28.0893334
              ],
              [
                -82.7273776,
                28.089269
              ]
            ]
          ],
          [
            [
              [
                -82.7217016,
                28.091966200000012
              ],
              [
                -82.7217029,
                28.0921811
              ],
              [
                -82.7215908,
                28.0921804
              ],
              [
                -82.7215892,
                28.09196679999998
              ],
              [
                -82.7217016,
                28.091966200000012
              ]
            ]
          ],
          [
            [
              [
                -82.7218532,
                28.092181299999975
              ],
              [
                -82.7217411,
                28.09218059999999
              ],
              [
                -82.7217395,
                28.091967
              ],
              [
                -82.7218519,
                28.0919664
              ],
              [
                -82.7218532,
                28.092181299999975
              ]
            ]
          ],
          [
            [
              [
                -82.7443256,
                28.105782799999975
              ],
              [
                -82.7442225,
                28.1057861
              ],
              [
                -82.744218,
                28.10567229999998
              ],
              [
                -82.744321,
                28.1056691
              ],
              [
                -82.7443256,
                28.105782799999975
              ]
            ]
          ],
          [
            [
              [
                -82.7472536,
                28.1071491
              ],
              [
                -82.7474446,
                28.10714589999999
              ],
              [
                -82.7474516,
                28.107479
              ],
              [
                -82.7472606,
                28.1074821
              ],
              [
                -82.7472536,
                28.1071491
              ]
            ]
          ],
          [
            [
              [
                -82.7572703,
                28.1078122
              ],
              [
                -82.75670020000001,
                28.1078127
              ],
              [
                -82.7566999,
                28.1074719
              ],
              [
                -82.7572699,
                28.1074714
              ],
              [
                -82.7572703,
                28.1078122
              ]
            ]
          ],
          [
            [
              [
                -82.7454796,
                28.1143055
              ],
              [
                -82.7455332,
                28.114632
              ],
              [
                -82.7453455,
                28.11464139999999
              ],
              [
                -82.7453294,
                28.114315
              ],
              [
                -82.7454796,
                28.1143055
              ]
            ]
          ],
          [
            [
              [
                -82.7630973,
                28.12060419999998
              ],
              [
                -82.7632146,
                28.120692
              ],
              [
                -82.7631852,
                28.1207226
              ],
              [
                -82.7630678,
                28.1206349
              ],
              [
                -82.7630973,
                28.12060419999998
              ]
            ]
          ],
          [
            [
              [
                -82.76018110349351,
                28.209870944246685
              ],
              [
                -82.76017955030639,
                28.20987095532931
              ],
              [
                -82.76017799801758,
                28.20987096641189
              ],
              [
                -82.76017644662707,
                28.20987097749451
              ],
              [
                -82.76017489433828,
                28.209870988577144
              ],
              [
                -82.76017334204946,
                28.20987099886816
              ],
              [
                -82.76017178976066,
                28.209871009950728
              ],
              [
                -82.76017081958015,
                28.209871016283657
              ],
              [
                -82.76016965536354,
                28.209871025783034
              ],
              [
                -82.76016868518302,
                28.209871031324372
              ],
              [
                -82.76016771500252,
                28.209871039240518
              ],
              [
                -82.76016655168424,
                28.209871047156664
              ],
              [
                -82.76016558150371,
                28.20987105348956
              ],
              [
                -82.76016461132322,
                28.20987106061409
              ],
              [
                -82.7601634462083,
                28.20987106773866
              ],
              [
                -82.7601624769261,
                28.209871075654803
              ],
              [
                -82.7601615058473,
                28.209871081987725
              ],
              [
                -82.76016034163067,
                28.209871089903903
              ],
              [
                -82.76015937234848,
                28.209871097820038
              ],
              [
                -82.76015840216796,
                28.209871102569743
              ],
              [
                -82.76015723795138,
                28.20987111206913
              ],
              [
                -82.76015626687256,
                28.20987111919365
              ],
              [
                -82.76015529848868,
                28.20987112552657
              ],
              [
                -82.76015413337375,
                28.20987113344274
              ],
              [
                -82.76015316319324,
                28.209871142150508
              ],
              [
                -82.76015219391104,
                28.20987114769178
              ],
              [
                -82.76015102969444,
                28.20987115639955
              ],
              [
                -82.76015005861561,
                28.209871163524095
              ],
              [
                -82.76014908933341,
                28.209871169065398
              ],
              [
                -82.76014792601514,
                28.209871176981572
              ],
              [
                -82.76014695403799,
                28.20987118568933
              ],
              [
                -82.7601459847558,
                28.209871192813868
              ],
              [
                -82.76014482053922,
                28.20987119993837
              ],
              [
                -82.760143851257,
                28.20987120547969
              ],
              [
                -82.76014288017818,
                28.20987121339586
              ],
              [
                -82.76014171685989,
                28.20987122131201
              ],
              [
                -82.76014074578107,
                28.209871228436544
              ],
              [
                -82.76013977560055,
                28.209871235561078
              ],
              [
                -82.76013861138395,
                28.209871243477235
              ],
              [
                -82.76013764210177,
                28.209871249810178
              ],
              [
                -82.76013667192125,
                28.20987125693473
              ],
              [
                -82.76013550680632,
                28.209871266434053
              ],
              [
                -82.76013453842245,
                28.209871271183793
              ],
              [
                -82.7601335664453,
                28.209871278308295
              ],
              [
                -82.76013240312702,
                28.209871287016067
              ],
              [
                -82.76013143384483,
                28.209871292557366
              ],
              [
                -82.76013046366432,
                28.209871301265117
              ],
              [
                -82.76012929944771,
                28.209871308389676
              ],
              [
                -82.76012832836889,
                28.209871315514206
              ],
              [
                -82.7601273581884,
                28.209871322638747
              ],
              [
                -82.7601261948701,
                28.209871329763324
              ],
              [
                -82.76012522289295,
                28.209871337679438
              ],
              [
                -82.76012425450908,
                28.209871344803958
              ],
              [
                -82.76012308939416,
                28.209871352720146
              ],
              [
                -82.76012212011196,
                28.209871359844694
              ],
              [
                -82.76012114903313,
                28.20987136538597
              ],
              [
                -82.76011998661316,
                28.209871374093723
              ],
              [
                -82.76011901733098,
                28.209871382009908
              ],
              [
                -82.76011804535383,
                28.209871387551203
              ],
              [
                -82.76011688113722,
                28.209871397050588
              ],
              [
                -82.76011533154336,
                28.209871750902582
              ],
              [
                -82.76011436136285,
                28.209871758818757
              ],
              [
                -82.76011339028403,
                28.20987176594331
              ],
              [
                -82.76011222876238,
                28.209871772276195
              ],
              [
                -82.76011125768353,
                28.209871780192334
              ],
              [
                -82.76011028750304,
                28.209871786525262
              ],
              [
                -82.76010912328644,
                28.209871796024636
              ],
              [
                -82.76010815220761,
                28.209871802357554
              ],
              [
                -82.76010718292542,
                28.209871808690497
              ],
              [
                -82.7601060187088,
                28.209871816606658
              ],
              [
                -82.76010504942661,
                28.20987182293958
              ],
              [
                -82.76010407834781,
                28.20987183085572
              ],
              [
                -82.76010291413118,
                28.20987183877187
              ],
              [
                -82.76010194395069,
                28.209871845896405
              ],
              [
                -82.76010097377018,
                28.20987185222933
              ],
              [
                -82.76009980955357,
                28.20987186014548
              ],
              [
                -82.76009884027138,
                28.209871867270035
              ],
              [
                -82.76009786919255,
                28.209871873602946
              ],
              [
                -82.76009670587428,
                28.209871883102338
              ],
              [
                -82.76009573569375,
                28.209871889435263
              ],
              [
                -82.76009476551324,
                28.20987189576816
              ],
              [
                -82.76009360039833,
                28.209871903684327
              ],
              [
                -82.76009263201445,
                28.20987191160048
              ],
              [
                -82.76009166093564,
                28.209871917933384
              ],
              [
                -82.76009049761734,
                28.209871925849555
              ],
              [
                -82.76008894712514,
                28.209872281284788
              ],
              [
                -82.76008797604634,
                28.209872289200923
              ],
              [
                -82.76008700676414,
                28.209872294742237
              ],
              [
                -82.76008584344585,
                28.209872302658383
              ],
              [
                -82.760084872367,
                28.20987230978293
              ],
              [
                -82.76008390218651,
                28.209872316115856
              ],
              [
                -82.76008273796991,
                28.20987232403199
              ],
              [
                -82.76008176778939,
                28.20987233194815
              ],
              [
                -82.7600807976089,
                28.209872337489458
              ],
              [
                -82.7600796342906,
                28.20987234540561
              ],
              [
                -82.76007866321177,
                28.209872353321753
              ],
              [
                -82.76007769303128,
                28.209872361237917
              ],
              [
                -82.76007652971298,
                28.20987236836245
              ],
              [
                -82.76007555863416,
                28.209872376278593
              ],
              [
                -82.76007458935197,
                28.20987238181989
              ],
              [
                -82.76007342423704,
                28.20987239052768
              ],
              [
                -82.76007245495485,
                28.209872396860597
              ],
              [
                -82.76007148387602,
                28.20987240477674
              ],
              [
                -82.76007032325268,
                28.209872757045517
              ],
              [
                -82.76006935307217,
                28.209872763378442
              ],
              [
                -82.76006838289166,
                28.20987276971135
              ],
              [
                -82.76006721867506,
                28.209872777627506
              ],
              [
                -82.76006624849457,
                28.209872784752047
              ],
              [
                -82.76006527831403,
                28.20987279187657
              ],
              [
                -82.76006372602524,
                28.209872802959186
              ],
              [
                -82.76006217373642,
                28.20987281325018
              ],
              [
                -82.76006062234596,
                28.2098728243328
              ],
              [
                -82.76005907095544,
                28.209872835415435
              ],
              [
                -82.76005751866661,
                28.20987284649804
              ],
              [
                -82.76005538606614,
                28.20987320589136
              ],
              [
                -82.76005441678396,
                28.209873212224256
              ],
              [
                -82.76005286359683,
                28.20987322330685
              ],
              [
                -82.760051311308,
                28.209873234389484
              ],
              [
                -82.76004975991752,
                28.209873244680452
              ],
              [
                -82.7600482076287,
                28.209873254971487
              ],
              [
                -82.76004665444157,
                28.209873267637313
              ],
              [
                -82.76004510215276,
                28.20987327792834
              ],
              [
                -82.76004355076226,
                28.20987328901093
              ],
              [
                -82.76004268029476,
                28.209873638113244
              ],
              [
                -82.76004170921595,
                28.20987364523777
              ],
              [
                -82.76004015782544,
                28.209873657112
              ],
              [
                -82.75997963742644,
                28.209876147533357
              ],
              [
                -82.75991961020252,
                28.20987966547118
              ],
              [
                -82.75980500224026,
                28.20988907144198
              ],
              [
                -82.75974518881539,
                28.209895340241623
              ],
              [
                -82.75968557930807,
                28.20990263814039
              ],
              [
                -82.75957199812018,
                28.209918913743177
              ],
              [
                -82.75951289436436,
                28.209928959335265
              ],
              [
                -82.75945389481315,
                28.20993969363123
              ],
              [
                -82.75939519170596,
                28.20995145385866
              ],
              [
                -82.75932758719262,
                28.209966031440892
              ],
              [
                -82.75932613371849,
                28.209966386084222
              ],
              [
                -82.75932458592126,
                28.209966739935883
              ],
              [
                -82.75932313334546,
                28.20996709457918
              ],
              [
                -82.7593212917991,
                28.209967452388927
              ],
              [
                -82.7593198401216,
                28.209967805449008
              ],
              [
                -82.75931828962942,
                28.20996816009232
              ],
              [
                -82.75931683885024,
                28.20996851315236
              ],
              [
                -82.75931499730392,
                28.20996887254534
              ],
              [
                -82.7593135447281,
                28.209969225605388
              ],
              [
                -82.75931199423592,
                28.20996957945707
              ],
              [
                -82.75931054345673,
                28.20996993410035
              ],
              [
                -82.75930899296455,
                28.209970289535267
              ],
              [
                -82.759307444269,
                28.20997064417859
              ],
              [
                -82.75930599169318,
                28.20997099803023
              ],
              [
                -82.75930444209932,
                28.209971352673513
              ],
              [
                -82.7593029895235,
                28.209971708108412
              ],
              [
                -82.75930143992964,
                28.209972063543297
              ],
              [
                -82.75929998645552,
                28.209972417394994
              ],
              [
                -82.75929843775997,
                28.209972771246655
              ],
              [
                -82.75929746668113,
                28.209972777579548
              ],
              [
                -82.75923946605651,
                28.20998694431101
              ],
              [
                -82.75918176277423,
                28.210002137764267
              ],
              [
                -82.75911544913994,
                28.21002048975573
              ],
              [
                -82.75905834144072,
                28.210037400214965
              ],
              [
                -82.75900162810188,
                28.210054995417487
              ],
              [
                -82.75889412761015,
                28.210091520474382
              ],
              [
                -82.7588926786276,
                28.21009221946919
              ],
              [
                -82.75889151710594,
                28.21009257173721
              ],
              [
                -82.75888977527259,
                28.2100932699404
              ],
              [
                -82.75888861375094,
                28.210093624583262
              ],
              [
                -82.75888667967813,
                28.210094325161286
              ],
              [
                -82.7588849387431,
                28.210095024947652
              ],
              [
                -82.75888377722144,
                28.21009537642408
              ],
              [
                -82.75888290675394,
                28.210095727108865
              ],
              [
                -82.75888174433396,
                28.21009608016851
              ],
              [
                -82.75888058460893,
                28.210096431644935
              ],
              [
                -82.7588791311348,
                28.210096785496205
              ],
              [
                -82.75887797230807,
                28.210097480532895
              ],
              [
                -82.75887710184057,
                28.210097832009296
              ],
              [
                -82.75887594031892,
                28.210098184277317
              ],
              [
                -82.7588748758153,
                28.210098535753747
              ],
              [
                -82.75887400444947,
                28.210098884063672
              ],
              [
                -82.7588728429278,
                28.210099237123305
              ],
              [
                -82.75887197335861,
                28.210099586224878
              ],
              [
                -82.75887023422023,
                28.210100286011198
              ],
              [
                -82.75886936195609,
                28.21010063748762
              ],
              [
                -82.75886820043443,
                28.210100989755627
              ],
              [
                -82.75886733086523,
                28.210101337273965
              ],
              [
                -82.7588664594994,
                28.210101688750353
              ],
              [
                -82.75886539589409,
                28.210102041018377
              ],
              [
                -82.75886452452828,
                28.210102390911548
              ],
              [
                -82.75886365406076,
                28.210102740804682
              ],
              [
                -82.75886249253912,
                28.210103092281106
              ],
              [
                -82.75886162207159,
                28.21010344296588
              ],
              [
                -82.7588607525024,
                28.210103792859034
              ],
              [
                -82.75885959008242,
                28.210104144335418
              ],
              [
                -82.75885872051322,
                28.21010449581185
              ],
              [
                -82.75885785094403,
                28.21010484491333
              ],
              [
                -82.75885678644042,
                28.210105196389758
              ],
              [
                -82.75885591507459,
                28.21010554707449
              ],
              [
                -82.75885504460707,
                28.21010589617607
              ],
              [
                -82.75885388398372,
                28.210106248444074
              ],
              [
                -82.75885301351623,
                28.210106598337205
              ],
              [
                -82.75885185199456,
                28.210106950605194
              ],
              [
                -82.75885098062875,
                28.210107299706724
              ],
              [
                -82.75884991612513,
                28.2101076511831
              ],
              [
                -82.75884904565761,
                28.210108001867862
              ],
              [
                -82.75884817608842,
                28.210108351761022
              ],
              [
                -82.7588464351534,
                28.21010905233893
              ],
              [
                -82.7588455646859,
                28.210109401440494
              ],
              [
                -82.75884440316422,
                28.210109754500056
              ],
              [
                -82.75884353269672,
                28.21011010439321
              ],
              [
                -82.7588424681931,
                28.210110455077952
              ],
              [
                -82.75884159772559,
                28.21011080655433
              ],
              [
                -82.75878238617197,
                28.210131855553595
              ],
              [
                -82.75873729793122,
                28.210147303885666
              ],
              [
                -82.75869200667123,
                28.210161719952097
              ],
              [
                -82.75860692723066,
                28.21018707135738
              ],
              [
                -82.75856074574023,
                28.210199427642024
              ],
              [
                -82.75851436931536,
                28.21021144194853
              ],
              [
                -82.75842759834713,
                28.210231298759474
              ],
              [
                -82.75838062544092,
                28.210241250911913
              ],
              [
                -82.75833345131208,
                28.21025017238411
              ],
              [
                -82.75824538137994,
                28.210265216185157
              ],
              [
                -82.75819779941597,
                28.210272073922283
              ],
              [
                -82.75815002161927,
                28.21027824533115
              ],
              [
                -82.75806094287907,
                28.210287789799004
              ],
              [
                -82.75801295487659,
                28.210291896682634
              ],
              [
                -82.75796486087292,
                28.210294972887183
              ],
              [
                -82.75790832809545,
                28.210298105296115
              ],
              [
                -82.75786022690525,
                28.210299803303982
              ],
              [
                -82.75781201971384,
                28.210300815775742
              ],
              [
                -82.75776370921618,
                28.21030079598545
              ],
              [
                -82.7577640388979,
                28.210161823653415
              ],
              [
                -82.75776444728056,
                28.209996926374558
              ],
              [
                -82.7577489,
                28.2099968
              ],
              [
                -82.75773975422688,
                28.208666662771147
              ],
              [
                -82.7577375853094,
                28.20865816860142
              ],
              [
                -82.75773360307775,
                28.20864443946198
              ],
              [
                -82.75772943040324,
                28.20863071111238
              ],
              [
                -82.75772496128472,
                28.208616643154084
              ],
              [
                -82.75772020829855,
                28.208603263115734
              ],
              [
                -82.75771516066496,
                28.2085895418855
              ],
              [
                -82.75776113284795,
                28.20858955850962
              ],
              [
                -82.75859337973786,
                28.2085897983719
              ],
              [
                -82.75859506587564,
                28.209072462742046
              ],
              [
                -82.75859640346711,
                28.209470162959896
              ],
              [
                -82.75852155100978,
                28.209470031010973
              ],
              [
                -82.75852240180582,
                28.209635013474436
              ],
              [
                -82.76018447307415,
                28.209636894243836
              ],
              [
                -82.76018517735334,
                28.20987091574854
              ],
              [
                -82.76018420717281,
                28.20987092208148
              ],
              [
                -82.76018265488402,
                28.209870933164098
              ],
              [
                -82.76018110349351,
                28.209870944246685
              ]
            ]
          ],
          [
            [
              [
                -82.7502841,
                28.1217993
              ],
              [
                -82.7502921,
                28.1217883
              ],
              [
                -82.7502959,
                28.1217785
              ],
              [
                -82.7503002,
                28.121763699999985
              ],
              [
                -82.7503025,
                28.1217531
              ],
              [
                -82.7503045,
                28.1217461
              ],
              [
                -82.7503225,
                28.1217298
              ],
              [
                -82.7503364,
                28.121727
              ],
              [
                -82.7503645,
                28.1217282
              ],
              [
                -82.750382,
                28.1217353
              ],
              [
                -82.75039790000001,
                28.1217478
              ],
              [
                -82.7504044,
                28.1217586
              ],
              [
                -82.75041010000001,
                28.121773099999984
              ],
              [
                -82.7504181,
                28.121797399999984
              ],
              [
                -82.7504243,
                28.1218219
              ],
              [
                -82.7504302,
                28.1218512
              ],
              [
                -82.7504343,
                28.1218831
              ],
              [
                -82.7504343,
                28.1219103
              ],
              [
                -82.7504262,
                28.121930399999982
              ],
              [
                -82.7504088,
                28.1219494
              ],
              [
                -82.7503853,
                28.1219609
              ],
              [
                -82.7503622,
                28.12197180000001
              ],
              [
                -82.7503458,
                28.121982499999984
              ],
              [
                -82.7503297,
                28.1220014
              ],
              [
                -82.7503176,
                28.122018
              ],
              [
                -82.7503055,
                28.1220298
              ],
              [
                -82.7502948,
                28.1220393
              ],
              [
                -82.7502827,
                28.122044
              ],
              [
                -82.750268,
                28.1220452
              ],
              [
                -82.7502505,
                28.122044
              ],
              [
                -82.7502358,
                28.1220393
              ],
              [
                -82.7502251,
                28.122033299999984
              ],
              [
                -82.7502133,
                28.1220232
              ],
              [
                -82.7501979,
                28.122008499999986
              ],
              [
                -82.7501835,
                28.121989600000013
              ],
              [
                -82.7501728,
                28.1219766
              ],
              [
                -82.7501634,
                28.1219624
              ],
              [
                -82.7501586,
                28.1219459
              ],
              [
                -82.7501593,
                28.121926899999977
              ],
              [
                -82.750163,
                28.1219165
              ],
              [
                -82.7501701,
                28.1219056
              ],
              [
                -82.7501848,
                28.121889
              ],
              [
                -82.7502036,
                28.121868899999978
              ],
              [
                -82.7502201,
                28.1218517
              ],
              [
                -82.7502385,
                28.121837
              ],
              [
                -82.7502586,
                28.1218216
              ],
              [
                -82.7502744,
                28.121809500000023
              ],
              [
                -82.7502841,
                28.1217993
              ]
            ]
          ],
          [
            [
              [
                -82.74979471749982,
                28.20923086917997
              ],
              [
                -82.74959276274923,
                28.20923000789745
              ],
              [
                -82.74940623746194,
                28.2092294149741
              ],
              [
                -82.74921969420836,
                28.209228807801566
              ],
              [
                -82.74900211775498,
                28.20922771853249
              ],
              [
                -82.74878486828835,
                28.209227192105175
              ],
              [
                -82.74859888378687,
                28.20922677017173
              ],
              [
                -82.74838176996586,
                28.209226145583578
              ],
              [
                -82.74817989336869,
                28.209224319316203
              ],
              [
                -82.74818155974353,
                28.209136479540703
              ],
              [
                -82.7481816055576,
                28.20897181281719
              ],
              [
                -82.7481817456948,
                28.20880680148372
              ],
              [
                -82.74818178881392,
                28.208642132668725
              ],
              [
                -82.74818182564486,
                28.20847711924274
              ],
              [
                -82.74818186247579,
                28.208312448336205
              ],
              [
                -82.74818199183319,
                28.20814743123442
              ],
              [
                -82.74818202327423,
                28.207982757444793
              ],
              [
                -82.7481820807664,
                28.20789020724217
              ],
              [
                -82.7484430332716,
                28.20788978451183
              ],
              [
                -82.7485982864072,
                28.207889723556324
              ],
              [
                -82.74878461047187,
                28.207889178123313
              ],
              [
                -82.74897105670739,
                28.20788892321848
              ],
              [
                -82.74915771584365,
                28.207888723727716
              ],
              [
                -82.74934446750638,
                28.207888677813187
              ],
              [
                -82.74953112843927,
                28.20788856144361
              ],
              [
                -82.74971744352077,
                28.207887833935725
              ],
              [
                -82.74990363283814,
                28.207887502242777
              ],
              [
                -82.75008977993468,
                28.20788679531724
              ],
              [
                -82.7502759135565,
                28.207886424042822
              ],
              [
                -82.75046203190693,
                28.207885698118186
              ],
              [
                -82.7507877152149,
                28.207884835241536
              ],
              [
                -82.75091177794553,
                28.207884455259197
              ],
              [
                -82.75091158660437,
                28.20777411544649
              ],
              [
                -82.75123208124323,
                28.207773253360614
              ],
              [
                -82.7514791430992,
                28.20777251476912
              ],
              [
                -82.7516962982427,
                28.207771993084467
              ],
              [
                -82.7519135575908,
                28.20777160756027
              ],
              [
                -82.75215327931258,
                28.207771299615846
              ],
              [
                -82.75215377608093,
                28.20777267784505
              ],
              [
                -82.75215407521992,
                28.20777370933995
              ],
              [
                -82.75215437705387,
                28.207774744001345
              ],
              [
                -82.75215487472052,
                28.20777612143886
              ],
              [
                -82.75215517475783,
                28.207777156891837
              ],
              [
                -82.75215557450812,
                28.207778534329332
              ],
              [
                -82.75215587634206,
                28.20777956740743
              ],
              [
                -82.75215627339742,
                28.207780601277083
              ],
              [
                -82.75215667314772,
                28.207781979506155
              ],
              [
                -82.75215697408333,
                28.20778301416748
              ],
              [
                -82.75215737473195,
                28.207784392396515
              ],
              [
                -82.75215777268566,
                28.20778542468291
              ],
              [
                -82.75215807182461,
                28.20778645855256
              ],
              [
                -82.7521582757422,
                28.20778749321383
              ],
              [
                -82.75215867279755,
                28.207788527083487
              ],
              [
                -82.75215897283485,
                28.207789559369825
              ],
              [
                -82.75215927287218,
                28.207790594031064
              ],
              [
                -82.75215957380779,
                28.207791627900676
              ],
              [
                -82.75215996906651,
                28.207792660978622
              ],
              [
                -82.75216017388239,
                28.207793694056623
              ],
              [
                -82.75216047481801,
                28.207794727926185
              ],
              [
                -82.75216087007674,
                28.207795762587363
              ],
              [
                -82.75216117191067,
                28.20779679566529
              ],
              [
                -82.75216147284628,
                28.20779782953481
              ],
              [
                -82.7521617737819,
                28.207798864195976
              ],
              [
                -82.75216207202259,
                28.20779989648225
              ],
              [
                -82.75216247087457,
                28.207800931143368
              ],
              [
                -82.75216277001357,
                28.20780196342962
              ],
              [
                -82.75216307094918,
                28.207802997299122
              ],
              [
                -82.75216337457974,
                28.20780437711117
              ],
              [
                -82.75216367551539,
                28.207805408605733
              ],
              [
                -82.75216407346903,
                28.20780644247518
              ],
              [
                -82.75216437081139,
                28.207807477136257
              ],
              [
                -82.75216467174701,
                28.207808511005688
              ],
              [
                -82.75216497358097,
                28.207809544875154
              ],
              [
                -82.75216527361825,
                28.207810578744535
              ],
              [
                -82.75216557365557,
                28.207811611822336
              ],
              [
                -82.75216597160923,
                28.2078126441085
              ],
              [
                -82.7521662698499,
                28.207813679561117
              ],
              [
                -82.75216647376749,
                28.207814711055608
              ],
              [
                -82.75216677470308,
                28.207815745716605
              ],
              [
                -82.75216707563871,
                28.207816781169225
              ],
              [
                -82.75216737567601,
                28.20781781424694
              ],
              [
                -82.75216767481501,
                28.207818848907927
              ],
              [
                -82.752168073667,
                28.207819880402326
              ],
              [
                -82.7521683737043,
                28.207820914271664
              ],
              [
                -82.7521687734546,
                28.2078222925002
              ],
              [
                -82.75216907349191,
                28.207823326369503
              ],
              [
                -82.75216937352921,
                28.207824360238778
              ],
              [
                -82.75216957654847,
                28.20782539410806
              ],
              [
                -82.7521698783824,
                28.20782642797734
              ],
              [
                -82.75217017662308,
                28.207827461054983
              ],
              [
                -82.75217047935536,
                28.20782849492416
              ],
              [
                -82.75217087820731,
                28.20782987315264
              ],
              [
                -82.7521711773463,
                28.207830905438605
              ],
              [
                -82.75217157979155,
                28.207832284458625
              ],
              [
                -82.75217187803223,
                28.20783331911946
              ],
              [
                -82.75217227957914,
                28.20783469734782
              ],
              [
                -82.75217258051478,
                28.207835730425384
              ],
              [
                -82.75217288234872,
                28.20783710865372
              ],
              [
                -82.75217318418265,
                28.207838143314518
              ],
              [
                -82.75217358393296,
                28.207839521542823
              ],
              [
                -82.75217388486857,
                28.207840555411956
              ],
              [
                -82.75217428372055,
                28.207841933640225
              ],
              [
                -82.75217458465616,
                28.207842967509343
              ],
              [
                -82.75217488828673,
                28.207844344945954
              ],
              [
                -82.75217518832406,
                28.207845378023407
              ],
              [
                -82.75217548836135,
                28.20784641189249
              ],
              [
                -82.75217578839866,
                28.207847445761526
              ],
              [
                -82.75217618904726,
                28.207848823989714
              ],
              [
                -82.75217648908458,
                28.20784985785879
              ],
              [
                -82.75217679002019,
                28.20785089251944
              ],
              [
                -82.75217699214114,
                28.20785192559683
              ],
              [
                -82.75217729397507,
                28.20785295867421
              ],
              [
                -82.75217759131743,
                28.207853990959922
              ],
              [
                -82.75217789404967,
                28.207855025620567
              ],
              [
                -82.75217819588362,
                28.20785640464029
              ],
              [
                -82.75217849681925,
                28.207857437717617
              ],
              [
                -82.75217879685654,
                28.207858472378202
              ],
              [
                -82.75217909689384,
                28.207859506247132
              ],
              [
                -82.7521792999131,
                28.207860540116087
              ],
              [
                -82.75217959995042,
                28.207861572401747
              ],
              [
                -82.75217990088603,
                28.20786260706231
              ],
              [
                -82.752180200025,
                28.207863640139568
              ],
              [
                -82.75218050096063,
                28.20786467321685
              ],
              [
                -82.75218080099793,
                28.207865709460616
              ],
              [
                -82.75218110462849,
                28.207867086105313
              ],
              [
                -82.75218140466582,
                28.207868119182535
              ],
              [
                -82.75218170470312,
                28.207869153051394
              ],
              [
                -82.75218200833369,
                28.20787053207095
              ],
              [
                -82.75218221045462,
                28.20787156593977
              ],
              [
                -82.75218251139023,
                28.20787259980859
              ],
              [
                -82.75218281142756,
                28.207873632885764
              ],
              [
                -82.75218311056653,
                28.20787466675454
              ],
              [
                -82.75218341150214,
                28.207875700623337
              ],
              [
                -82.75218361541972,
                28.207876732908858
              ],
              [
                -82.75218391635535,
                28.2078777683609
              ],
              [
                -82.75218421818927,
                28.20787914579708
              ],
              [
                -82.75218451732827,
                28.20788018045743
              ],
              [
                -82.75218472124584,
                28.207881214326186
              ],
              [
                -82.75218502128314,
                28.207882248194885
              ],
              [
                -82.75218532221875,
                28.207883280480356
              ],
              [
                -82.75218562225608,
                28.207884314349073
              ],
              [
                -82.75218582617366,
                28.207885348217758
              ],
              [
                -82.75218612621094,
                28.2078863812948
              ],
              [
                -82.7521864289432,
                28.20788776031412
              ],
              [
                -82.75218672987882,
                28.207888794182793
              ],
              [
                -82.75218693289807,
                28.20788982805145
              ],
              [
                -82.75218723203704,
                28.207890861128465
              ],
              [
                -82.75218753207437,
                28.207891894997083
              ],
              [
                -82.75218783570494,
                28.207893274016342
              ],
              [
                -82.75220306035236,
                28.20795806256876
              ],
              [
                -82.75221136976874,
                28.207998043803737
              ],
              [
                -82.75221890393902,
                28.20803837017391
              ],
              [
                -82.75222565926998,
                28.208078355337037
              ],
              [
                -82.75223496671462,
                28.208144198225654
              ],
              [
                -82.75223968646316,
                28.208184536415104
              ],
              [
                -82.75224353394748,
                28.208225219738857
              ],
              [
                -82.75224660349082,
                28.208265907005245
              ],
              [
                -82.75224973861116,
                28.208325223608224
              ],
              [
                -82.75225086779348,
                28.208365920336036
              ],
              [
                -82.75225122083138,
                28.208406618631585
              ],
              [
                -82.75225114267795,
                28.208453874739302
              ],
              [
                -82.75225088575978,
                28.208591860554254
              ],
              [
                -82.75229736908415,
                28.208646844416574
              ],
              [
                -82.7522971543868,
                28.20881242200761
              ],
              [
                -82.75229682201017,
                28.20897762965458
              ],
              [
                -82.7522965722785,
                28.20914315211102
              ],
              [
                -82.75229640429353,
                28.209239349012627
              ],
              [
                -82.75207782352365,
                28.20923863417987
              ],
              [
                -82.7518914805944,
                28.209238138625803
              ],
              [
                -82.75170515742805,
                28.209237324840547
              ],
              [
                -82.75151883875328,
                28.20923686728425
              ],
              [
                -82.75133250840042,
                28.20923606458162
              ],
              [
                -82.75114626518413,
                28.20923560465046
              ],
              [
                -82.75095991057677,
                28.209235137594693
              ],
              [
                -82.75077353530814,
                28.209234315101593
              ],
              [
                -82.7505871420732,
                28.20923382508886
              ],
              [
                -82.75040073087197,
                28.209233323201808
              ],
              [
                -82.75021429361958,
                28.20923246350254
              ],
              [
                -82.74999675040385,
                28.209231713046822
              ],
              [
                -82.74979471749982,
                28.20923086917997
              ]
            ]
          ],
          [
            [
              [
                -82.7284364,
                28.0887083
              ],
              [
                -82.7284007,
                28.0887669
              ],
              [
                -82.7283489,
                28.0888098
              ],
              [
                -82.7282808,
                28.0888342
              ],
              [
                -82.7282143,
                28.088831299999974
              ],
              [
                -82.7280602,
                28.0886768
              ],
              [
                -82.7280602,
                28.08863249999998
              ],
              [
                -82.7281494,
                28.0885524
              ],
              [
                -82.7282289,
                28.0884994
              ],
              [
                -82.7282791,
                28.088488
              ],
              [
                -82.7283294,
                28.08849510000001
              ],
              [
                -82.7283813,
                28.088528
              ],
              [
                -82.7284186,
                28.088568100000018
              ],
              [
                -82.7284445,
                28.088633899999984
              ],
              [
                -82.7284364,
                28.0887083
              ]
            ]
          ],
          [
            [
              [
                -82.7279541,
                28.088702799999986
              ],
              [
                -82.7283141,
                28.089046699999987
              ],
              [
                -82.7280724,
                28.0892437
              ],
              [
                -82.7277124,
                28.0888998
              ],
              [
                -82.7279541,
                28.088702799999986
              ]
            ]
          ],
          [
            [
              [
                -82.7298415,
                28.0910379
              ],
              [
                -82.7298357,
                28.09136829999999
              ],
              [
                -82.7296539,
                28.091365800000016
              ],
              [
                -82.7296597,
                28.091035499999965
              ],
              [
                -82.7298415,
                28.0910379
              ]
            ]
          ],
          [
            [
              [
                -82.7485933,
                28.0913107
              ],
              [
                -82.748591,
                28.0915398
              ],
              [
                -82.7483818,
                28.09153579999999
              ],
              [
                -82.7483841,
                28.0911708
              ],
              [
                -82.7484255,
                28.091187
              ],
              [
                -82.748545,
                28.0912438
              ],
              [
                -82.7485933,
                28.0913107
              ]
            ]
          ],
          [
            [
              [
                -82.7213816,
                28.0927868
              ],
              [
                -82.7214817,
                28.092859
              ],
              [
                -82.7213732,
                28.092975899999978
              ],
              [
                -82.7212732,
                28.0929037
              ],
              [
                -82.7213816,
                28.0927868
              ]
            ]
          ],
          [
            [
              [
                -82.7246549,
                28.0975334
              ],
              [
                -82.7244131,
                28.0975258
              ],
              [
                -82.724417,
                28.097431
              ],
              [
                -82.72465870000002,
                28.097438700000023
              ],
              [
                -82.7246549,
                28.0975334
              ]
            ]
          ],
          [
            [
              [
                -82.638283,
                29.018756
              ],
              [
                -82.63575145090972,
                29.01936116650024
              ],
              [
                -82.6357899387659,
                29.017878756627738
              ],
              [
                -82.63579211474945,
                29.017851558185296
              ],
              [
                -82.6361901,
                29.0176993
              ],
              [
                -82.636454,
                29.017694
              ],
              [
                -82.636604,
                29.017678
              ],
              [
                -82.636736,
                29.017683
              ],
              [
                -82.636855,
                29.0177
              ],
              [
                -82.636905,
                29.017731
              ],
              [
                -82.636915,
                29.01782
              ],
              [
                -82.637029,
                29.017976
              ],
              [
                -82.637336,
                29.018147
              ],
              [
                -82.63806,
                29.018455
              ],
              [
                -82.638231,
                29.018519
              ],
              [
                -82.638283,
                29.018756
              ]
            ]
          ],
          [
            [
              [
                -82.6720464,
                29.0322972
              ],
              [
                -82.6729475,
                29.0323169
              ],
              [
                -82.6729558,
                29.0321752
              ],
              [
                -82.6730015,
                29.0322008
              ],
              [
                -82.6732212,
                29.0323348
              ],
              [
                -82.6730087,
                29.03255439999997
              ],
              [
                -82.67301,
                29.032608
              ],
              [
                -82.6730113,
                29.03270219999998
              ],
              [
                -82.6730568,
                29.0327028
              ],
              [
                -82.67304620000002,
                29.032785
              ],
              [
                -82.6731811,
                29.032788
              ],
              [
                -82.6731838,
                29.0330507
              ],
              [
                -82.6716468,
                29.033018099999985
              ],
              [
                -82.6716629,
                29.03267710000001
              ],
              [
                -82.671864,
                29.032597400000014
              ],
              [
                -82.6720357,
                29.03257389999999
              ],
              [
                -82.6720464,
                29.0322972
              ]
            ]
          ]
        ]
      }
    }
  ]
}