{
  "type": "FeatureCollection",
  "name": "Lauderhill",
  "crs": {
    "type": "name",
    "properties": {
      "name": "urn:ogc:def:crs:OGC:1.3:CRS84"
    }
  },
  "features": [
    {
      "type": "Feature",
      "properties": {
        "largest_city": "Lauderhill",
        "all_cities": "Golf, Hernando Beach, Lauderhill, Medulla, Montura, North DeLand, North Lauderdale, Oakland Park, Sunrise, Tamarac",
        "total_area_ft2": 19967925.33542116
      },
      "geometry": {
        "type": "MultiPolygon",
        "coordinates": [
          [
            [
              [
                -80.1333168,
                26.201769299999988
              ],
              [
                -80.1333262,
                26.2020647
              ],
              [
                -80.1332211,
                26.2020689
              ],
              [
                -80.1332234,
                26.2021485
              ],
              [
                -80.13279380000002,
                26.2021548
              ],
              [
                -80.1327774,
                26.2017819
              ],
              [
                -80.1333168,
                26.201769299999988
              ]
            ]
          ],
          [
            [
              [
                -80.1121389,
                26.499007
              ],
              [
                -80.11225090000002,
                26.4990067
              ],
              [
                -80.1122517,
                26.49922410000001
              ],
              [
                -80.1121396,
                26.4992244
              ],
              [
                -80.1121389,
                26.499007
              ]
            ]
          ],
          [
            [
              [
                -80.1062983,
                26.503933
              ],
              [
                -80.1059627,
                26.503887299999978
              ],
              [
                -80.1060201,
                26.5035494
              ],
              [
                -80.1063557,
                26.50359509999998
              ],
              [
                -80.1062983,
                26.503933
              ]
            ]
          ],
          [
            [
              [
                -80.1040714,
                26.504416299999985
              ],
              [
                -80.1040848,
                26.5044499
              ],
              [
                -80.1040902,
                26.5044895
              ],
              [
                -80.1041009,
                26.50452430000002
              ],
              [
                -80.1041223,
                26.5045627
              ],
              [
                -80.1041358,
                26.504609500000015
              ],
              [
                -80.1041358,
                26.504649099999988
              ],
              [
                -80.1041143,
                26.504693499999988
              ],
              [
                -80.1040848,
                26.5047152
              ],
              [
                -80.1040539,
                26.5047212
              ],
              [
                -80.10400160000002,
                26.504715199999982
              ],
              [
                -80.1039735,
                26.5046983
              ],
              [
                -80.10394130000002,
                26.5046755
              ],
              [
                -80.1039118,
                26.50464189999999
              ],
              [
                -80.1038917,
                26.5045939
              ],
              [
                -80.10389439999999,
                26.5045651
              ],
              [
                -80.103897,
                26.5045267
              ],
              [
                -80.1039118,
                26.50447750000001
              ],
              [
                -80.1039292,
                26.50444030000001
              ],
              [
                -80.1039493,
                26.504404299999987
              ],
              [
                -80.1039775,
                26.50438989999999
              ],
              [
                -80.1040084,
                26.504381499999987
              ],
              [
                -80.1040325,
                26.504382699999987
              ],
              [
                -80.1040499,
                26.5043911
              ],
              [
                -80.1040714,
                26.504416299999985
              ]
            ]
          ],
          [
            [
              [
                -80.0991764,
                26.5045778
              ],
              [
                -80.0992041,
                26.5045981
              ],
              [
                -80.0992268,
                26.5046116
              ],
              [
                -80.0992685,
                26.5046433
              ],
              [
                -80.0993025,
                26.504673699999984
              ],
              [
                -80.0993316,
                26.5046907
              ],
              [
                -80.0993366,
                26.5047144
              ],
              [
                -80.0993253,
                26.504749400000023
              ],
              [
                -80.0992872,
                26.5047844
              ],
              [
                -80.0992571,
                26.5047968
              ],
              [
                -80.0992313,
                26.5048038
              ],
              [
                -80.0992104,
                26.5047991
              ],
              [
                -80.09916629999998,
                26.5047912
              ],
              [
                -80.0991284,
                26.50478210000001
              ],
              [
                -80.0990969,
                26.5047596
              ],
              [
                -80.0990779,
                26.50472459999999
              ],
              [
                -80.0990489,
                26.50468049999999
              ],
              [
                -80.0990502,
                26.504641
              ],
              [
                -80.0990615,
                26.5046071
              ],
              [
                -80.0990716,
                26.5045834
              ],
              [
                -80.0990868,
                26.5045654
              ],
              [
                -80.0991007,
                26.504552900000014
              ],
              [
                -80.0991246,
                26.504552900000014
              ],
              [
                -80.0991486,
                26.504563099999988
              ],
              [
                -80.0991764,
                26.5045778
              ]
            ]
          ],
          [
            [
              [
                -80.1208935851414,
                26.50622360596752
              ],
              [
                -80.12217641080815,
                26.506226385817953
              ],
              [
                -80.12304551108261,
                26.506229118238863
              ],
              [
                -80.12305452118493,
                26.507942683836575
              ],
              [
                -80.12093269599224,
                26.507961807280246
              ],
              [
                -80.1208935851414,
                26.50622360596752
              ]
            ]
          ],
          [
            [
              [
                -80.35454417691695,
                26.10296791931507
              ],
              [
                -80.35449414926315,
                26.10296926480014
              ],
              [
                -80.3544827,
                26.10306209999998
              ],
              [
                -80.3544458927339,
                26.103198484195826
              ],
              [
                -80.35442562984217,
                26.103559466253632
              ],
              [
                -80.35435365412232,
                26.103560986417488
              ],
              [
                -80.35435622575753,
                26.103745650041912
              ],
              [
                -80.35438747390047,
                26.10400381138543
              ],
              [
                -80.35438428847448,
                26.10479695116472
              ],
              [
                -80.35434368312926,
                26.104977554837987
              ],
              [
                -80.35433989999999,
                26.1050129
              ],
              [
                -80.3543279,
                26.1050953
              ],
              [
                -80.35431778311963,
                26.10509275195134
              ],
              [
                -80.35428009917288,
                26.105260360600397
              ],
              [
                -80.3542435974712,
                26.10532842597425
              ],
              [
                -80.35417250000002,
                26.105564
              ],
              [
                -80.3541448,
                26.1057221
              ],
              [
                -80.3541241,
                26.10579769999997
              ],
              [
                -80.3533002,
                26.106553
              ],
              [
                -80.3525534,
                26.10680740000001
              ],
              [
                -80.3512402,
                26.1072544
              ],
              [
                -80.35095809999999,
                26.1073009
              ],
              [
                -80.3509136,
                26.107185299999987
              ],
              [
                -80.3508994,
                26.1071435
              ],
              [
                -80.3508937,
                26.1071073
              ],
              [
                -80.35089640000001,
                26.1070823
              ],
              [
                -80.3509125,
                26.1070564
              ],
              [
                -80.350954,
                26.107029299999986
              ],
              [
                -80.35106,
                26.106993800000023
              ],
              [
                -80.351514,
                26.1068445
              ],
              [
                -80.352151,
                26.10663789999998
              ],
              [
                -80.3523991,
                26.1065579
              ],
              [
                -80.35270619999999,
                26.1064579
              ],
              [
                -80.3529228,
                26.1063724
              ],
              [
                -80.3531005,
                26.1062821
              ],
              [
                -80.3532621,
                26.1061797
              ],
              [
                -80.3534619,
                26.10602739999997
              ],
              [
                -80.3535625,
                26.1059304
              ],
              [
                -80.3536604,
                26.105830499999986
              ],
              [
                -80.3537489,
                26.1057239
              ],
              [
                -80.3538207,
                26.105623900000012
              ],
              [
                -80.353885,
                26.105527
              ],
              [
                -80.3539548,
                26.1054029
              ],
              [
                -80.3540044,
                26.1053006
              ],
              [
                -80.3540426,
                26.10520970000001
              ],
              [
                -80.354054,
                26.1051789
              ],
              [
                -80.3540683,
                26.105165499999977
              ],
              [
                -80.35407783395604,
                26.105162646300005
              ],
              [
                -80.35411896926821,
                26.105018901667638
              ],
              [
                -80.3541161,
                26.105014
              ],
              [
                -80.3541107,
                26.104986299999986
              ],
              [
                -80.3541181,
                26.1049472
              ],
              [
                -80.35413550000001,
                26.104845399999984
              ],
              [
                -80.35415290000002,
                26.104714699999985
              ],
              [
                -80.354161,
                26.1045714
              ],
              [
                -80.3541623,
                26.104392
              ],
              [
                -80.3541608,
                26.104080799999988
              ],
              [
                -80.35416460000002,
                26.1040514
              ],
              [
                -80.3541801,
                26.104032100000012
              ],
              [
                -80.3541942,
                26.1040165
              ],
              [
                -80.3542088003711,
                26.104009466600402
              ],
              [
                -80.35420296822501,
                26.103912852216897
              ],
              [
                -80.35419869999998,
                26.1039112
              ],
              [
                -80.35418,
                26.1038855
              ],
              [
                -80.3541654,
                26.10385140000001
              ],
              [
                -80.354164,
                26.1037329
              ],
              [
                -80.3541722,
                26.1035421
              ],
              [
                -80.3541966,
                26.1033787
              ],
              [
                -80.3542433,
                26.1032062
              ],
              [
                -80.3542769,
                26.1030684
              ],
              [
                -80.35430229999999,
                26.1029306
              ],
              [
                -80.3543175,
                26.102822
              ],
              [
                -80.3543195,
                26.10258010000002
              ],
              [
                -80.3543175,
                26.102438699999972
              ],
              [
                -80.354328,
                26.1024318
              ],
              [
                -80.3543473,
                26.102419
              ],
              [
                -80.35438,
                26.1024148
              ],
              [
                -80.3544232,
                26.1024184
              ],
              [
                -80.3544897,
                26.1024326
              ],
              [
                -80.354544,
                26.102445199999966
              ],
              [
                -80.35454416022166,
                26.102445880529505
              ],
              [
                -80.35455664104151,
                26.10244746666412
              ],
              [
                -80.35454417691695,
                26.10296791931507
              ]
            ]
          ],
          [
            [
              [
                -80.3500846,
                26.1075543
              ],
              [
                -80.350234,
                26.107411
              ],
              [
                -80.3503986,
                26.1072878
              ],
              [
                -80.3505602,
                26.107191
              ],
              [
                -80.3506146,
                26.1071657
              ],
              [
                -80.3506526,
                26.1071657
              ],
              [
                -80.3506871,
                26.1071713
              ],
              [
                -80.3507024,
                26.10717969999999
              ],
              [
                -80.350719,
                26.1071943
              ],
              [
                -80.3507411,
                26.107238
              ],
              [
                -80.3507862,
                26.1073469
              ],
              [
                -80.3504143,
                26.1075615
              ],
              [
                -80.35014830000001,
                26.107783899999987
              ],
              [
                -80.3499675,
                26.108058
              ],
              [
                -80.3498443,
                26.1085493
              ],
              [
                -80.3498586,
                26.1094007
              ],
              [
                -80.3497411,
                26.1094024
              ],
              [
                -80.3497039,
                26.10940020000001
              ],
              [
                -80.34969430000001,
                26.109399599999975
              ],
              [
                -80.3496628,
                26.1093768
              ],
              [
                -80.3496445,
                26.1093422
              ],
              [
                -80.34963939999999,
                26.10928189999999
              ],
              [
                -80.3496303,
                26.1088721
              ],
              [
                -80.3496333,
                26.1086102
              ],
              [
                -80.3496496,
                26.1084377
              ],
              [
                -80.349675,
                26.108293499999977
              ],
              [
                -80.34974,
                26.1080927
              ],
              [
                -80.3498274,
                26.107904699999985
              ],
              [
                -80.3499443,
                26.107724
              ],
              [
                -80.3500846,
                26.1075543
              ]
            ]
          ],
          [
            [
              [
                -80.3495762,
                26.112000799999976
              ],
              [
                -80.3496346,
                26.1118225
              ],
              [
                -80.3496696,
                26.1116359
              ],
              [
                -80.3496754,
                26.111463
              ],
              [
                -80.3496687,
                26.1108987
              ],
              [
                -80.3496563,
                26.1102361
              ],
              [
                -80.3496438,
                26.1096622
              ],
              [
                -80.3496469,
                26.1096248
              ],
              [
                -80.34966850000002,
                26.109597800000014
              ],
              [
                -80.34971,
                26.109579
              ],
              [
                -80.3497486,
                26.1095709
              ],
              [
                -80.34986220000002,
                26.1095702
              ],
              [
                -80.3498801,
                26.1104803
              ],
              [
                -80.3499759,
                26.1106139
              ],
              [
                -80.3500558,
                26.1108306
              ],
              [
                -80.3499614,
                26.1118094
              ],
              [
                -80.3497382,
                26.112449
              ],
              [
                -80.34930050000001,
                26.1128498
              ],
              [
                -80.348837,
                26.1132197
              ],
              [
                -80.3485408,
                26.1132769
              ],
              [
                -80.3484837,
                26.1133204
              ],
              [
                -80.34845890000001,
                26.1133028
              ],
              [
                -80.348418,
                26.113274499999985
              ],
              [
                -80.3483527,
                26.1131927
              ],
              [
                -80.3483386,
                26.113154799999982
              ],
              [
                -80.3483351,
                26.113145499999987
              ],
              [
                -80.34833750000001,
                26.113109899999984
              ],
              [
                -80.348355,
                26.113083699999983
              ],
              [
                -80.34839,
                26.1130648
              ],
              [
                -80.3485757,
                26.1129998
              ],
              [
                -80.3487975,
                26.112896
              ],
              [
                -80.34900180000001,
                26.112764
              ],
              [
                -80.3491536,
                26.112628699999988
              ],
              [
                -80.3492773,
                26.1125008
              ],
              [
                -80.3493801,
                26.1123719
              ],
              [
                -80.3495026,
                26.112179
              ],
              [
                -80.3495762,
                26.112000799999976
              ]
            ]
          ],
          [
            [
              [
                -80.3558775,
                26.1120248
              ],
              [
                -80.3558831,
                26.1122369
              ],
              [
                -80.3557757,
                26.1122391
              ],
              [
                -80.3557701,
                26.1120271
              ],
              [
                -80.3558775,
                26.1120248
              ]
            ]
          ],
          [
            [
              [
                -80.3557368,
                26.1120263
              ],
              [
                -80.3557369,
                26.1122384
              ],
              [
                -80.3556277,
                26.112238499999975
              ],
              [
                -80.3556275,
                26.112026299999982
              ],
              [
                -80.3557368,
                26.1120263
              ]
            ]
          ],
          [
            [
              [
                -80.3483577,
                26.1133573
              ],
              [
                -80.3474973,
                26.1134085
              ],
              [
                -80.3475211,
                26.1133891
              ],
              [
                -80.3475604,
                26.113356600000017
              ],
              [
                -80.3475958,
                26.1133248
              ],
              [
                -80.3476197,
                26.113293
              ],
              [
                -80.3476328,
                26.1132598
              ],
              [
                -80.3476345,
                26.1132379
              ],
              [
                -80.3476366,
                26.1132121
              ],
              [
                -80.3476397,
                26.1131796
              ],
              [
                -80.3476605,
                26.1131595
              ],
              [
                -80.3476921,
                26.113148499999987
              ],
              [
                -80.3477976,
                26.11314849999998
              ],
              [
                -80.347927,
                26.11314570000001
              ],
              [
                -80.3480387,
                26.1131346
              ],
              [
                -80.3481512,
                26.113118700000015
              ],
              [
                -80.3481897,
                26.1131153
              ],
              [
                -80.3482251,
                26.1131222
              ],
              [
                -80.34825280000001,
                26.11314359999997
              ],
              [
                -80.3482653,
                26.1131725
              ],
              [
                -80.3482713,
                26.1131865
              ],
              [
                -80.3482875,
                26.1132273
              ],
              [
                -80.3483275,
                26.1132785
              ],
              [
                -80.3483545,
                26.1133165
              ],
              [
                -80.3483607,
                26.11333930000001
              ],
              [
                -80.3483577,
                26.1133573
              ]
            ]
          ],
          [
            [
              [
                -80.3464412,
                26.113422799999977
              ],
              [
                -80.34644350000002,
                26.113319
              ],
              [
                -80.3464474,
                26.1132699
              ],
              [
                -80.3464535,
                26.113237399999978
              ],
              [
                -80.3464628,
                26.1132153
              ],
              [
                -80.3464772,
                26.113205399999977
              ],
              [
                -80.3464859,
                26.1131994
              ],
              [
                -80.3465283,
                26.1131856
              ],
              [
                -80.3465891,
                26.1131793
              ],
              [
                -80.34683019999999,
                26.113173799999988
              ],
              [
                -80.3470836,
                26.113166199999988
              ],
              [
                -80.347394,
                26.113151
              ],
              [
                -80.3474403,
                26.113154399999985
              ],
              [
                -80.34748569999998,
                26.113173800000013
              ],
              [
                -80.3475119,
                26.1132001
              ],
              [
                -80.3475242,
                26.1132319
              ],
              [
                -80.3475227,
                26.1132679
              ],
              [
                -80.3475026,
                26.1133052
              ],
              [
                -80.3474649,
                26.11335289999998
              ],
              [
                -80.3474233,
                26.11339580000002
              ],
              [
                -80.3474164,
                26.113411
              ],
              [
                -80.3465866,
                26.1134212
              ],
              [
                -80.3464412,
                26.113422799999977
              ]
            ]
          ],
          [
            [
              [
                -80.3581521,
                26.1182184
              ],
              [
                -80.3581485,
                26.11826729999999
              ],
              [
                -80.3583238,
                26.118274799999984
              ],
              [
                -80.358315,
                26.118558
              ],
              [
                -80.3579033,
                26.1185336
              ],
              [
                -80.3579289,
                26.1182117
              ],
              [
                -80.3581521,
                26.1182184
              ]
            ]
          ],
          [
            [
              [
                -80.3610835,
                26.1191728
              ],
              [
                -80.361132,
                26.119186
              ],
              [
                -80.3611636,
                26.1192261
              ],
              [
                -80.3611806,
                26.119514399999982
              ],
              [
                -80.3610952,
                26.1195089
              ],
              [
                -80.3610798,
                26.1194505
              ],
              [
                -80.360853,
                26.11946849999999
              ],
              [
                -80.3608195,
                26.119199299999988
              ],
              [
                -80.3610835,
                26.1191728
              ]
            ]
          ],
          [
            [
              [
                -80.3599135,
                26.1196891
              ],
              [
                -80.3596416,
                26.1197591
              ],
              [
                -80.3595054,
                26.1198499
              ],
              [
                -80.35952440000001,
                26.1193197
              ],
              [
                -80.3598207,
                26.11933429999998
              ],
              [
                -80.3599135,
                26.1196891
              ]
            ]
          ],
          [
            [
              [
                -80.33273070000001,
                26.120225
              ],
              [
                -80.3303501,
                26.1196553
              ],
              [
                -80.33035379999998,
                26.119419799999985
              ],
              [
                -80.33237350414315,
                26.119904826581056
              ],
              [
                -80.33237350602785,
                26.119904816176525
              ],
              [
                -80.33266373305645,
                26.119974520540396
              ],
              [
                -80.33333641366195,
                26.12013605070899
              ],
              [
                -80.3333364092939,
                26.12013607482416
              ],
              [
                -80.3380176,
                26.121260199999984
              ],
              [
                -80.33812680000001,
                26.1212865
              ],
              [
                -80.3401203,
                26.121765199999977
              ],
              [
                -80.3400675,
                26.121945
              ],
              [
                -80.3377661,
                26.1214434
              ],
              [
                -80.3370118,
                26.1212658
              ],
              [
                -80.3356757,
                26.1209496
              ],
              [
                -80.3347427,
                26.1207291
              ],
              [
                -80.3344093,
                26.12064639999998
              ],
              [
                -80.3341658,
                26.1205815
              ],
              [
                -80.3338265,
                26.120471
              ],
              [
                -80.3334511,
                26.120385200000012
              ],
              [
                -80.3330181,
                26.1202924
              ],
              [
                -80.33273070000001,
                26.120225
              ]
            ]
          ],
          [
            [
              [
                -80.3212994,
                26.1304693
              ],
              [
                -80.3209864,
                26.1304603
              ],
              [
                -80.3209977,
                26.1301426
              ],
              [
                -80.3213107,
                26.1301516
              ],
              [
                -80.3212994,
                26.1304693
              ]
            ]
          ],
          [
            [
              [
                -80.31941080000001,
                26.1327998
              ],
              [
                -80.3196241,
                26.1326233
              ],
              [
                -80.3198031,
                26.1327978
              ],
              [
                -80.3195897,
                26.1329742
              ],
              [
                -80.31941080000001,
                26.1327998
              ]
            ]
          ],
          [
            [
              [
                -80.3184896,
                26.13345169999998
              ],
              [
                -80.31849360000001,
                26.1332207
              ],
              [
                -80.3188092,
                26.133225
              ],
              [
                -80.3188053,
                26.133456
              ],
              [
                -80.3184896,
                26.13345169999998
              ]
            ]
          ],
          [
            [
              [
                -80.3233575,
                26.137865
              ],
              [
                -80.3234925,
                26.138047699999976
              ],
              [
                -80.3233689,
                26.1381224
              ],
              [
                -80.3232312,
                26.1379405
              ],
              [
                -80.3233575,
                26.137865
              ]
            ]
          ],
          [
            [
              [
                -80.3148539,
                26.142384899999985
              ],
              [
                -80.3146688,
                26.142378499999978
              ],
              [
                -80.3146816,
                26.1420789
              ],
              [
                -80.3148667,
                26.1420853
              ],
              [
                -80.3148539,
                26.142384899999985
              ]
            ]
          ],
          [
            [
              [
                -80.2683099,
                26.1504263
              ],
              [
                -80.2682669,
                26.1504135
              ],
              [
                -80.2682359,
                26.150372699999984
              ],
              [
                -80.2682144,
                26.1502859
              ],
              [
                -80.2682204,
                26.1502249
              ],
              [
                -80.2682693,
                26.1501917
              ],
              [
                -80.2683564,
                26.1501874
              ],
              [
                -80.2684269,
                26.1501917
              ],
              [
                -80.2684758,
                26.1502099
              ],
              [
                -80.2685283,
                26.1502484
              ],
              [
                -80.2685617,
                26.150296699999977
              ],
              [
                -80.268582,
                26.1503652
              ],
              [
                -80.2685725,
                26.150401699999986
              ],
              [
                -80.2685355,
                26.150436
              ],
              [
                -80.2684806,
                26.1504402
              ],
              [
                -80.2683099,
                26.1504263
              ]
            ]
          ],
          [
            [
              [
                -80.2696698,
                26.1505272
              ],
              [
                -80.2696709,
                26.150196599999983
              ],
              [
                -80.2700988,
                26.1501976
              ],
              [
                -80.2701,
                26.1505219
              ],
              [
                -80.2697826,
                26.1505258
              ],
              [
                -80.2696698,
                26.1505272
              ]
            ]
          ],
          [
            [
              [
                -80.2710577,
                26.150256199999983
              ],
              [
                -80.2710615,
                26.150503
              ],
              [
                -80.2710203,
                26.15050330000001
              ],
              [
                -80.2708817,
                26.1505043
              ],
              [
                -80.2707415,
                26.150505299999985
              ],
              [
                -80.2706101,
                26.15050619999998
              ],
              [
                -80.27058380000001,
                26.1505064
              ],
              [
                -80.27058,
                26.1502596
              ],
              [
                -80.2710577,
                26.150256199999983
              ]
            ]
          ],
          [
            [
              [
                -80.2694383,
                26.1504604
              ],
              [
                -80.2694436,
                26.1506224
              ],
              [
                -80.2693791,
                26.1507087
              ],
              [
                -80.2691525,
                26.1507146
              ],
              [
                -80.2690998,
                26.1506815
              ],
              [
                -80.2690485,
                26.150635399999985
              ],
              [
                -80.2690129,
                26.150582199999988
              ],
              [
                -80.2690129,
                26.1505148
              ],
              [
                -80.2690511,
                26.1504462
              ],
              [
                -80.2691012,
                26.1504037
              ],
              [
                -80.26916309999999,
                26.150376499999986
              ],
              [
                -80.269246,
                26.1503646
              ],
              [
                -80.2693251,
                26.150378799999974
              ],
              [
                -80.26939220000001,
                26.1504143
              ],
              [
                -80.2694383,
                26.1504604
              ]
            ]
          ],
          [
            [
              [
                -80.2690026,
                26.150937
              ],
              [
                -80.2690026,
                26.1507661
              ],
              [
                -80.2693267,
                26.1507646
              ],
              [
                -80.26932680000002,
                26.1507773
              ],
              [
                -80.2693281,
                26.1510004
              ],
              [
                -80.2691113,
                26.1510041
              ],
              [
                -80.2690139,
                26.1510057
              ],
              [
                -80.2690026,
                26.1510059
              ],
              [
                -80.2690026,
                26.150937
              ]
            ]
          ],
          [
            [
              [
                -80.2696002,
                26.1597149
              ],
              [
                -80.2693399,
                26.1594859
              ],
              [
                -80.2695733,
                26.1592723
              ],
              [
                -80.2698335,
                26.159501199999966
              ],
              [
                -80.2696002,
                26.1597149
              ]
            ]
          ],
          [
            [
              [
                -80.28246,
                26.1674535
              ],
              [
                -80.2827811,
                26.16734740000001
              ],
              [
                -80.2829808,
                26.16786440000001
              ],
              [
                -80.282664,
                26.1679656
              ],
              [
                -80.28246,
                26.1674535
              ]
            ]
          ],
          [
            [
              [
                -80.27948477762898,
                26.170072982021292
              ],
              [
                -80.279481,
                26.1700762
              ],
              [
                -80.2793541,
                26.1700783
              ],
              [
                -80.27935133483321,
                26.170075360650685
              ],
              [
                -80.27930100393294,
                26.170076257758634
              ],
              [
                -80.2792933,
                26.1700832
              ],
              [
                -80.2791664,
                26.1700852
              ],
              [
                -80.27916032395578,
                26.170078765136555
              ],
              [
                -80.27905505831875,
                26.170080641189802
              ],
              [
                -80.279053,
                26.170082399999963
              ],
              [
                -80.2789261,
                26.1700845
              ],
              [
                -80.27892465603942,
                26.170082965081917
              ],
              [
                -80.27887138754954,
                26.17008391432956
              ],
              [
                -80.2788653,
                26.170089399999984
              ],
              [
                -80.2787384,
                26.1700914
              ],
              [
                -80.27873364926046,
                26.170086368706848
              ],
              [
                -80.27854467541668,
                26.17008973575901
              ],
              [
                -80.2785365,
                26.1700967
              ],
              [
                -80.2784096,
                26.1700988
              ],
              [
                -80.27840335114838,
                26.17009225358651
              ],
              [
                -80.2783554931333,
                26.17009310617924
              ],
              [
                -80.27835,
                26.170097800000015
              ],
              [
                -80.278223,
                26.1700998
              ],
              [
                -80.27821899135266,
                26.170095537843018
              ],
              [
                -80.27817155880558,
                26.17009638277158
              ],
              [
                -80.2781623,
                26.170104700000014
              ],
              [
                -80.2780353,
                26.170106699999977
              ],
              [
                -80.27802800143162,
                26.170098939864626
              ],
              [
                -80.27789635595407,
                26.17010128460378
              ],
              [
                -80.27787888462012,
                26.169427944613535
              ],
              [
                -80.27786497061467,
                26.16878904156501
              ],
              [
                -80.27787710775249,
                26.16875394929521
              ],
              [
                -80.27790057174771,
                26.168733019378784
              ],
              [
                -80.27791992774712,
                26.16872518033403
              ],
              [
                -80.27859815668496,
                26.168733191913567
              ],
              [
                -80.27920661706793,
                26.168790216252063
              ],
              [
                -80.27980725581972,
                26.168894874613898
              ],
              [
                -80.27979259261934,
                26.168973947805423
              ],
              [
                -80.2797182291818,
                26.168973781720865
              ],
              [
                -80.2796423925072,
                26.16899780028193
              ],
              [
                -80.27958963085729,
                26.16903481938031
              ],
              [
                -80.27954895334462,
                26.169087719680515
              ],
              [
                -80.27953059986505,
                26.169137157179915
              ],
              [
                -80.27953002494326,
                26.169139858065208
              ],
              [
                -80.27889975077024,
                26.169147191573177
              ],
              [
                -80.27952975365204,
                26.16914121092657
              ],
              [
                -80.27953099781871,
                26.169219509160282
              ],
              [
                -80.27972691678893,
                26.170068665430176
              ],
              [
                -80.27948477762898,
                26.170072982021292
              ]
            ]
          ],
          [
            [
              [
                -80.2840459,
                26.1678449
              ],
              [
                -80.2836522,
                26.1679721
              ],
              [
                -80.2835794,
                26.16778569999997
              ],
              [
                -80.2839762,
                26.167659199999978
              ],
              [
                -80.2840459,
                26.1678449
              ]
            ]
          ],
          [
            [
              [
                -80.2832401,
                26.1681164
              ],
              [
                -80.2831635,
                26.16792739999998
              ],
              [
                -80.2835427,
                26.1678002
              ],
              [
                -80.2836139,
                26.167986499999987
              ],
              [
                -80.2832401,
                26.1681164
              ]
            ]
          ],
          [
            [
              [
                -80.28403750000001,
                26.1682216
              ],
              [
                -80.2839417,
                26.1680009
              ],
              [
                -80.284095,
                26.1679437
              ],
              [
                -80.2841884,
                26.168171399999988
              ],
              [
                -80.28403750000001,
                26.1682216
              ]
            ]
          ],
          [
            [
              [
                -80.2834595,
                26.1682687
              ],
              [
                -80.2834076,
                26.16815719999999
              ],
              [
                -80.283547,
                26.16811979999998
              ],
              [
                -80.2835816,
                26.1682367
              ],
              [
                -80.2834595,
                26.1682687
              ]
            ]
          ],
          [
            [
              [
                -80.2679577,
                26.1639536
              ],
              [
                -80.2677799,
                26.16394909999999
              ],
              [
                -80.2677812,
                26.1636155
              ],
              [
                -80.2677814,
                26.163285
              ],
              [
                -80.2679615,
                26.1632876
              ],
              [
                -80.2679562,
                26.163622
              ],
              [
                -80.2679577,
                26.1639536
              ]
            ]
          ],
          [
            [
              [
                -80.25492819744393,
                26.170286492423294
              ],
              [
                -80.25499576789143,
                26.170293250234508
              ],
              [
                -80.25499576797678,
                26.17029325027072
              ],
              [
                -80.25504783227451,
                26.1702984572669
              ],
              [
                -80.25504783227451,
                26.170455708147895
              ],
              [
                -80.25485616772549,
                26.170455708147877
              ],
              [
                -80.25485616772549,
                26.170369700000037
              ],
              [
                -80.25485616772549,
                26.17036969999998
              ],
              [
                -80.25485616772549,
                26.170369699999934
              ],
              [
                -80.25485616772549,
                26.170283691788644
              ],
              [
                -80.2549001942531,
                26.170283691788658
              ],
              [
                -80.2549281973855,
                26.17028649243643
              ],
              [
                -80.25492819744393,
                26.170286492423294
              ]
            ]
          ],
          [
            [
              [
                -80.2616947,
                26.1771602
              ],
              [
                -80.2616935,
                26.1768028
              ],
              [
                -80.2616729,
                26.17680269999999
              ],
              [
                -80.2616725,
                26.176745
              ],
              [
                -80.2617351,
                26.1767454
              ],
              [
                -80.2617353,
                26.176802
              ],
              [
                -80.2617096,
                26.176802
              ],
              [
                -80.2617128,
                26.1771613
              ],
              [
                -80.2617368,
                26.1771607
              ],
              [
                -80.2617361,
                26.1772177
              ],
              [
                -80.261674,
                26.17721840000001
              ],
              [
                -80.26167329999998,
                26.177160099999988
              ],
              [
                -80.2616947,
                26.1771602
              ]
            ]
          ],
          [
            [
              [
                -80.26163320000002,
                26.176731
              ],
              [
                -80.26163949999999,
                26.177229299999983
              ],
              [
                -80.2605385,
                26.1772405
              ],
              [
                -80.26053220000001,
                26.1767422
              ],
              [
                -80.26163320000002,
                26.176731
              ]
            ]
          ],
          [
            [
              [
                -80.3189611,
                26.142490299999984
              ],
              [
                -80.3189194,
                26.1425021
              ],
              [
                -80.3189217,
                26.1425085
              ],
              [
                -80.3188891,
                26.1425177
              ],
              [
                -80.3188926,
                26.1425277
              ],
              [
                -80.3188648,
                26.1425356
              ],
              [
                -80.318861,
                26.142525
              ],
              [
                -80.3188115,
                26.1425391
              ],
              [
                -80.3188065,
                26.1425249
              ],
              [
                -80.3187677,
                26.142535899999988
              ],
              [
                -80.31877149999998,
                26.1425467
              ],
              [
                -80.3187289,
                26.1425589
              ],
              [
                -80.3187653,
                26.142662
              ],
              [
                -80.3187531,
                26.14266549999999
              ],
              [
                -80.3187733,
                26.1427229
              ],
              [
                -80.31878150000001,
                26.14275070000002
              ],
              [
                -80.3186973,
                26.1427729
              ],
              [
                -80.31869750000001,
                26.1427524
              ],
              [
                -80.3186826,
                26.142752199999986
              ],
              [
                -80.3186832,
                26.1427015
              ],
              [
                -80.3186712,
                26.142701399999986
              ],
              [
                -80.3186715,
                26.14267540000002
              ],
              [
                -80.3186822,
                26.1426755
              ],
              [
                -80.3186826,
                26.142648800000018
              ],
              [
                -80.31869030000001,
                26.1426488
              ],
              [
                -80.3186909,
                26.1426062
              ],
              [
                -80.318635,
                26.142605599999968
              ],
              [
                -80.3186352,
                26.1425909
              ],
              [
                -80.3186808,
                26.1425914
              ],
              [
                -80.3186816,
                26.1425265
              ],
              [
                -80.31866429999998,
                26.1425264
              ],
              [
                -80.318665,
                26.1424728
              ],
              [
                -80.3186798,
                26.1424729
              ],
              [
                -80.3186806,
                26.14240660000001
              ],
              [
                -80.3186354,
                26.1424061
              ],
              [
                -80.3186356,
                26.1423918
              ],
              [
                -80.3186872,
                26.142392299999987
              ],
              [
                -80.3186877,
                26.142348
              ],
              [
                -80.3186824,
                26.14234790000001
              ],
              [
                -80.3186827,
                26.142319599999972
              ],
              [
                -80.3186705,
                26.1423195
              ],
              [
                -80.3186708,
                26.1422981
              ],
              [
                -80.3186826,
                26.1422982
              ],
              [
                -80.3186832,
                26.1422492
              ],
              [
                -80.3186989,
                26.14224929999999
              ],
              [
                -80.3186994,
                26.1422123
              ],
              [
                -80.3186883,
                26.1422122
              ],
              [
                -80.3186889,
                26.1421717
              ],
              [
                -80.31856730000001,
                26.1421705
              ],
              [
                -80.3185675,
                26.142161399999985
              ],
              [
                -80.31849980000001,
                26.1421607
              ],
              [
                -80.3184995,
                26.1421843
              ],
              [
                -80.318493,
                26.14218419999999
              ],
              [
                -80.31849260000003,
                26.142208499999974
              ],
              [
                -80.3184813,
                26.1422084
              ],
              [
                -80.3184808,
                26.14224809999999
              ],
              [
                -80.3184549,
                26.1422483
              ],
              [
                -80.3184623,
                26.14191729999999
              ],
              [
                -80.3184986,
                26.1419235
              ],
              [
                -80.3184916,
                26.14198630000002
              ],
              [
                -80.3185029,
                26.141987399999984
              ],
              [
                -80.318491,
                26.142093299999985
              ],
              [
                -80.31853119999998,
                26.1420969
              ],
              [
                -80.3185298,
                26.1421091
              ],
              [
                -80.3185701,
                26.1421127
              ],
              [
                -80.3185715,
                26.1421001
              ],
              [
                -80.31873690000002,
                26.142115
              ],
              [
                -80.3187454,
                26.142039
              ],
              [
                -80.31876269999998,
                26.142040599999984
              ],
              [
                -80.3187539,
                26.142119199999982
              ],
              [
                -80.31891250000001,
                26.14213349999999
              ],
              [
                -80.3189106,
                26.1421504
              ],
              [
                -80.3189561,
                26.1421545
              ],
              [
                -80.3189573,
                26.142144
              ],
              [
                -80.31900010000001,
                26.1421479
              ],
              [
                -80.3190122,
                26.14203979999999
              ],
              [
                -80.3190222,
                26.1420407
              ],
              [
                -80.3190244,
                26.1420209
              ],
              [
                -80.3190288,
                26.141981599999987
              ],
              [
                -80.3190026,
                26.1419793
              ],
              [
                -80.3190032,
                26.1419734
              ],
              [
                -80.3189704,
                26.1419704
              ],
              [
                -80.3189719,
                26.1419569
              ],
              [
                -80.3189334,
                26.1419534
              ],
              [
                -80.3189323,
                26.141962700000015
              ],
              [
                -80.31891170000002,
                26.1419608
              ],
              [
                -80.318911,
                26.1419667
              ],
              [
                -80.31888210000001,
                26.141964100000013
              ],
              [
                -80.3188856,
                26.1419319
              ],
              [
                -80.3189216,
                26.14193670000003
              ],
              [
                -80.3189404,
                26.1419127
              ],
              [
                -80.3190071,
                26.141915499999975
              ],
              [
                -80.3190192,
                26.141916400000014
              ],
              [
                -80.3190187,
                26.141903699999983
              ],
              [
                -80.31904270000001,
                26.1419045
              ],
              [
                -80.3190896,
                26.141906
              ],
              [
                -80.3190888,
                26.1419263
              ],
              [
                -80.3190749,
                26.1419259
              ],
              [
                -80.3190735,
                26.141962899999985
              ],
              [
                -80.31908890000001,
                26.1419633
              ],
              [
                -80.31908330000002,
                26.142111499999977
              ],
              [
                -80.319172,
                26.1421141
              ],
              [
                -80.31917149999998,
                26.1421296
              ],
              [
                -80.3190796,
                26.1421269
              ],
              [
                -80.3190741,
                26.142274199999974
              ],
              [
                -80.3190561,
                26.1422737
              ],
              [
                -80.3190547,
                26.1423127
              ],
              [
                -80.3190647,
                26.14231309999999
              ],
              [
                -80.31906320000002,
                26.1423518
              ],
              [
                -80.319184,
                26.142355499999983
              ],
              [
                -80.3191836,
                26.1423665
              ],
              [
                -80.31917479999998,
                26.1424369
              ],
              [
                -80.319105,
                26.1424567
              ],
              [
                -80.3191105,
                26.1424723
              ],
              [
                -80.3190524,
                26.1424888
              ],
              [
                -80.31904640000002,
                26.1424716
              ],
              [
                -80.31897880000001,
                26.1424909
              ],
              [
                -80.3189807,
                26.142496299999983
              ],
              [
                -80.3189649,
                26.1425008
              ],
              [
                -80.3189611,
                26.142490299999984
              ]
            ],
            [
              [
                -80.3189346,
                26.1423577
              ],
              [
                -80.31896,
                26.142358
              ],
              [
                -80.318961,
                26.142292399999988
              ],
              [
                -80.3189477,
                26.1422922
              ],
              [
                -80.3189482,
                26.142253099999987
              ],
              [
                -80.3188843,
                26.14225230000001
              ],
              [
                -80.318884,
                26.1422758
              ],
              [
                -80.318814,
                26.142275
              ],
              [
                -80.3188141,
                26.14226689999997
              ],
              [
                -80.3187737,
                26.1422665
              ],
              [
                -80.3187718,
                26.1424026
              ],
              [
                -80.318934,
                26.142404399999986
              ],
              [
                -80.3189345,
                26.14237089999999
              ],
              [
                -80.3189346,
                26.1423577
              ]
            ]
          ],
          [
            [
              [
                -80.3158258,
                26.142233100000013
              ],
              [
                -80.3158253,
                26.1423421
              ],
              [
                -80.317186,
                26.1423459
              ],
              [
                -80.3171848,
                26.1426801
              ],
              [
                -80.3156796,
                26.1426759
              ],
              [
                -80.3156806,
                26.1423925
              ],
              [
                -80.3155223,
                26.142393
              ],
              [
                -80.3155248,
                26.142335
              ],
              [
                -80.3156229,
                26.142235199999988
              ],
              [
                -80.3158258,
                26.142233100000013
              ]
            ]
          ],
          [
            [
              [
                -80.3181544,
                26.14309989999999
              ],
              [
                -80.3180106,
                26.143140499999983
              ],
              [
                -80.3179709,
                26.1430274
              ],
              [
                -80.3179785,
                26.1430253
              ],
              [
                -80.3181147,
                26.142986799999978
              ],
              [
                -80.3181544,
                26.14309989999999
              ]
            ]
          ],
          [
            [
              [
                -80.3205038,
                26.14349509999999
              ],
              [
                -80.3203523,
                26.143509
              ],
              [
                -80.3203192,
                26.1432193
              ],
              [
                -80.3204706,
                26.1432054
              ],
              [
                -80.3205038,
                26.14349509999999
              ]
            ]
          ],
          [
            [
              [
                -80.33341006772551,
                26.146708825658184
              ],
              [
                -80.33341006772551,
                26.14653677427844
              ],
              [
                -80.33360173227452,
                26.14653677427844
              ],
              [
                -80.33360173227452,
                26.146708825658184
              ],
              [
                -80.33341006772551,
                26.146708825658184
              ]
            ]
          ],
          [
            [
              [
                -80.31546940000001,
                26.1572615
              ],
              [
                -80.3153796,
                26.1571201
              ],
              [
                -80.3156986,
                26.156956799999985
              ],
              [
                -80.31578840000002,
                26.1570983
              ],
              [
                -80.31546940000001,
                26.1572615
              ]
            ]
          ],
          [
            [
              [
                -80.315959,
                26.1626824
              ],
              [
                -80.315847,
                26.1626824
              ],
              [
                -80.315847,
                26.1624679
              ],
              [
                -80.315959,
                26.1624679
              ],
              [
                -80.315959,
                26.1626824
              ]
            ]
          ],
          [
            [
              [
                -80.3160306,
                26.1626842
              ],
              [
                -80.3160306,
                26.1624697
              ],
              [
                -80.31614250000001,
                26.1624697
              ],
              [
                -80.31614250000001,
                26.162684200000015
              ],
              [
                -80.3160306,
                26.1626842
              ]
            ]
          ],
          [
            [
              [
                -80.28492720000001,
                26.151502
              ],
              [
                -80.2848657,
                26.151471699999988
              ],
              [
                -80.28481809999998,
                26.1512848
              ],
              [
                -80.2848657,
                26.1512243
              ],
              [
                -80.2849252,
                26.1511834
              ],
              [
                -80.2850065,
                26.1511638
              ],
              [
                -80.28507390000001,
                26.151181600000015
              ],
              [
                -80.28511749999998,
                26.1512208
              ],
              [
                -80.2851433,
                26.1512653
              ],
              [
                -80.2851532,
                26.151325799999984
              ],
              [
                -80.2851393,
                26.151368500000014
              ],
              [
                -80.2851056,
                26.1514148
              ],
              [
                -80.2850759,
                26.1514468
              ],
              [
                -80.28492720000001,
                26.151502
              ]
            ]
          ],
          [
            [
              [
                -80.2829141,
                26.1525213
              ],
              [
                -80.2829086,
                26.1523127
              ],
              [
                -80.2829128,
                26.152076
              ],
              [
                -80.2829322,
                26.151925
              ],
              [
                -80.283133,
                26.1512412
              ],
              [
                -80.2834387,
                26.1507102
              ],
              [
                -80.2837993,
                26.1503344
              ],
              [
                -80.2842193049983,
                26.150062665458325
              ],
              [
                -80.28471313366894,
                26.150061464086733
              ],
              [
                -80.2847173,
                26.1520245
              ],
              [
                -80.28471817161174,
                26.152024499164856
              ],
              [
                -80.28471816850988,
                26.15202376056345
              ],
              [
                -80.28698814116427,
                26.152019498989205
              ],
              [
                -80.28698958669825,
                26.152363839675996
              ],
              [
                -80.2869911,
                26.1526002
              ],
              [
                -80.28697888561132,
                26.152611593744645
              ],
              [
                -80.28696033022139,
                26.152644630350807
              ],
              [
                -80.28693531584031,
                26.15265223616885
              ],
              [
                -80.2869271,
                26.1526599
              ],
              [
                -80.284722,
                26.1526631
              ],
              [
                -80.2845432,
                26.152663399999987
              ],
              [
                -80.283968,
                26.1526171
              ],
              [
                -80.2835338,
                26.1526099
              ],
              [
                -80.2830162,
                26.1526137
              ],
              [
                -80.2829141,
                26.1525213
              ]
            ]
          ],
          [
            [
              [
                -80.2854126,
                26.151731299999973
              ],
              [
                -80.28541259999999,
                26.1517419
              ],
              [
                -80.28506550000003,
                26.1517466
              ],
              [
                -80.2850589,
                26.151500899999984
              ],
              [
                -80.2854074,
                26.151495
              ],
              [
                -80.2854126,
                26.151731299999973
              ]
            ]
          ],
          [
            [
              [
                -80.29830230445785,
                26.16257774158852
              ],
              [
                -80.2983023044579,
                26.162577741588542
              ],
              [
                -80.29830230583912,
                26.162579768496077
              ],
              [
                -80.29830293348382,
                26.163500782910226
              ],
              [
                -80.29830293345657,
                26.163500782906056
              ],
              [
                -80.2983052,
                26.1668267
              ],
              [
                -80.2983262,
                26.167052
              ],
              [
                -80.2983435,
                26.16782189999999
              ],
              [
                -80.2985045,
                26.1680182
              ],
              [
                -80.2981591,
                26.16804229999999
              ],
              [
                -80.29814722120246,
                26.163224394811024
              ],
              [
                -80.29814018595505,
                26.160371312904147
              ],
              [
                -80.29826902717062,
                26.160371313067497
              ],
              [
                -80.2982558,
                26.160851899999976
              ],
              [
                -80.2982268,
                26.1617833
              ],
              [
                -80.2983834,
                26.1622054
              ],
              [
                -80.2983747,
                26.1625209
              ],
              [
                -80.2983023,
                26.162571199999988
              ],
              [
                -80.29830230445785,
                26.16257774158852
              ]
            ]
          ],
          [
            [
              [
                -80.2948326,
                26.1705557
              ],
              [
                -80.29461,
                26.1705888
              ],
              [
                -80.2945636,
                26.170592799999987
              ],
              [
                -80.2944988,
                26.170600399999984
              ],
              [
                -80.2944798,
                26.1705156
              ],
              [
                -80.2947548,
                26.1704001
              ],
              [
                -80.2948326,
                26.1705557
              ]
            ]
          ],
          [
            [
              [
                -80.2944704,
                26.1714875
              ],
              [
                -80.2944007,
                26.171356500000012
              ],
              [
                -80.2946403,
                26.171259100000015
              ],
              [
                -80.2947058,
                26.1713878
              ],
              [
                -80.2944704,
                26.1714875
              ]
            ]
          ],
          [
            [
              [
                -80.2949169,
                26.1715329
              ],
              [
                -80.2948959,
                26.1715338
              ],
              [
                -80.2948761,
                26.1715275
              ],
              [
                -80.29485870000002,
                26.1715197
              ],
              [
                -80.2948375,
                26.171509
              ],
              [
                -80.29481970000002,
                26.17149660000001
              ],
              [
                -80.2948,
                26.1714801
              ],
              [
                -80.2947913,
                26.1714687
              ],
              [
                -80.2947864,
                26.1714533
              ],
              [
                -80.2947834,
                26.1714379
              ],
              [
                -80.2947821,
                26.1714223
              ],
              [
                -80.29477950000002,
                26.171402199999967
              ],
              [
                -80.2947764,
                26.1713862
              ],
              [
                -80.2947726,
                26.1713652
              ],
              [
                -80.2947653,
                26.1713529
              ],
              [
                -80.2947595,
                26.1713435
              ],
              [
                -80.2947463,
                26.171336599999968
              ],
              [
                -80.2947362,
                26.171329200000013
              ],
              [
                -80.2947301,
                26.1713241
              ],
              [
                -80.2947235,
                26.1713169
              ],
              [
                -80.2947205,
                26.1713074
              ],
              [
                -80.29472,
                26.1712985
              ],
              [
                -80.2947213,
                26.1712895
              ],
              [
                -80.2947277,
                26.1712794
              ],
              [
                -80.29473530000001,
                26.1712689
              ],
              [
                -80.2947429,
                26.1712566
              ],
              [
                -80.2947542,
                26.17124719999999
              ],
              [
                -80.29476880000001,
                26.171236
              ],
              [
                -80.2947834,
                26.171230899999987
              ],
              [
                -80.2948086,
                26.1712289
              ],
              [
                -80.2948182,
                26.17123049999998
              ],
              [
                -80.2948272,
                26.17123470000001
              ],
              [
                -80.2948327,
                26.17124150000002
              ],
              [
                -80.2948375,
                26.171250500000014
              ],
              [
                -80.2948513,
                26.17126360000001
              ],
              [
                -80.2948769,
                26.17127
              ],
              [
                -80.2948927,
                26.171270099999987
              ],
              [
                -80.2949099,
                26.171267400000016
              ],
              [
                -80.2949246,
                26.171262
              ],
              [
                -80.2949424,
                26.1712576
              ],
              [
                -80.2949603,
                26.171252599999978
              ],
              [
                -80.2949792,
                26.171248499999972
              ],
              [
                -80.2949988,
                26.1712461
              ],
              [
                -80.2950167,
                26.171249799999984
              ],
              [
                -80.29503390000002,
                26.1712567
              ],
              [
                -80.2950639,
                26.171274
              ],
              [
                -80.2950878,
                26.1712954
              ],
              [
                -80.2951043,
                26.17131890000001
              ],
              [
                -80.2951143,
                26.17133869999999
              ],
              [
                -80.2951179,
                26.171356499999987
              ],
              [
                -80.2951193,
                26.1713746
              ],
              [
                -80.2951196,
                26.1713924
              ],
              [
                -80.2951156,
                26.1714093
              ],
              [
                -80.2951092,
                26.1714295
              ],
              [
                -80.2951003,
                26.1714486
              ],
              [
                -80.2950945,
                26.171458299999987
              ],
              [
                -80.2950881,
                26.171467699999987
              ],
              [
                -80.2950787,
                26.171477500000012
              ],
              [
                -80.2950679,
                26.1714847
              ],
              [
                -80.2950477,
                26.1714959
              ],
              [
                -80.2950348,
                26.1715014
              ],
              [
                -80.2950232,
                26.1715071
              ],
              [
                -80.295001,
                26.1715143
              ],
              [
                -80.2949794,
                26.171521
              ],
              [
                -80.2949468,
                26.1715296
              ],
              [
                -80.2949169,
                26.1715329
              ]
            ]
          ],
          [
            [
              [
                -80.28425266781787,
                26.185562778041756
              ],
              [
                -80.28423460898573,
                26.18448990932312
              ],
              [
                -80.2873461907719,
                26.184475740006143
              ],
              [
                -80.28735527363774,
                26.185017877787963
              ],
              [
                -80.2873630189121,
                26.185548616110335
              ],
              [
                -80.28425266781787,
                26.185562778041756
              ]
            ]
          ],
          [
            [
              [
                -80.2699859,
                26.1686018
              ],
              [
                -80.2703169,
                26.168630799999974
              ],
              [
                -80.2705517,
                26.1688025
              ],
              [
                -80.2706116,
                26.171761699999987
              ],
              [
                -80.2705377,
                26.1718479
              ],
              [
                -80.2697078,
                26.1718478
              ],
              [
                -80.2696762,
                26.1686008
              ],
              [
                -80.2699859,
                26.1686018
              ]
            ]
          ],
          [
            [
              [
                -80.28272549999998,
                26.170678799999965
              ],
              [
                -80.2827571,
                26.1706678
              ],
              [
                -80.28279059999998,
                26.1707448
              ],
              [
                -80.2827589,
                26.170755899999982
              ],
              [
                -80.28278050000002,
                26.1708055
              ],
              [
                -80.2825373,
                26.1708908
              ],
              [
                -80.28249279999997,
                26.17078849999998
              ],
              [
                -80.2822142,
                26.170886099999986
              ],
              [
                -80.282085,
                26.17058909999996
              ],
              [
                -80.2820168,
                26.170613
              ],
              [
                -80.28195349999999,
                26.170467600000016
              ],
              [
                -80.282021,
                26.170443899999974
              ],
              [
                -80.2819237,
                26.170220299999983
              ],
              [
                -80.2822033,
                26.1701223
              ],
              [
                -80.282202,
                26.1701193
              ],
              [
                -80.28244520000001,
                26.170034
              ],
              [
                -80.2824771,
                26.1701074
              ],
              [
                -80.282506,
                26.1700973
              ],
              [
                -80.2825385,
                26.1701719
              ],
              [
                -80.28250949999999,
                26.1701821
              ],
              [
                -80.2825871,
                26.170360400000025
              ],
              [
                -80.2826165,
                26.1703501
              ],
              [
                -80.28271980000001,
                26.1705876
              ],
              [
                -80.28269029999998,
                26.170597899999976
              ],
              [
                -80.28272549999998,
                26.170678799999965
              ]
            ]
          ],
          [
            [
              [
                -80.2775171,
                26.1717112
              ],
              [
                -80.2775117,
                26.1713716
              ],
              [
                -80.2777074,
                26.1713691
              ],
              [
                -80.2777127,
                26.1717087
              ],
              [
                -80.2775171,
                26.1717112
              ]
            ]
          ],
          [
            [
              [
                -80.2760416,
                26.17737819999998
              ],
              [
                -80.2758164,
                26.177399699999977
              ],
              [
                -80.2757948,
                26.1771675
              ],
              [
                -80.2758739,
                26.1770063
              ],
              [
                -80.27606070000002,
                26.1767999
              ],
              [
                -80.2761278,
                26.176845
              ],
              [
                -80.2763386,
                26.176991200000014
              ],
              [
                -80.2762644,
                26.1773546
              ],
              [
                -80.2760416,
                26.17737819999998
              ]
            ]
          ],
          [
            [
              [
                -80.2603421,
                26.1771257
              ],
              [
                -80.26033930000001,
                26.1768488
              ],
              [
                -80.2604925,
                26.1768488
              ],
              [
                -80.2604946,
                26.177125
              ],
              [
                -80.2603421,
                26.1771257
              ]
            ]
          ],
          [
            [
              [
                -80.2620189,
                26.1768085
              ],
              [
                -80.2620178,
                26.1767172
              ],
              [
                -80.2620534,
                26.1767167
              ],
              [
                -80.2620563,
                26.176809
              ],
              [
                -80.2620444,
                26.176809499999987
              ],
              [
                -80.2620471,
                26.17717
              ],
              [
                -80.2620576,
                26.1771704
              ],
              [
                -80.2620603,
                26.1772704
              ],
              [
                -80.2620227,
                26.17727079999997
              ],
              [
                -80.2620215,
                26.1771704
              ],
              [
                -80.262032,
                26.177169
              ],
              [
                -80.2620303,
                26.176808500000014
              ],
              [
                -80.2620189,
                26.1768085
              ]
            ]
          ],
          [
            [
              [
                -80.2600252,
                26.176964799999983
              ],
              [
                -80.2600254,
                26.17749859999999
              ],
              [
                -80.2599713,
                26.17754750000001
              ],
              [
                -80.2590347,
                26.1775711
              ],
              [
                -80.2590299,
                26.177447699999966
              ],
              [
                -80.2589067,
                26.1774462
              ],
              [
                -80.259092,
                26.176914
              ],
              [
                -80.2587396,
                26.176917
              ],
              [
                -80.2580903,
                26.17692249999999
              ],
              [
                -80.2580868,
                26.1765906
              ],
              [
                -80.2587361,
                26.176585
              ],
              [
                -80.2590885,
                26.176582
              ],
              [
                -80.2590906,
                26.1767841
              ],
              [
                -80.2593884,
                26.17651929999999
              ],
              [
                -80.260025,
                26.1765175
              ],
              [
                -80.2600252,
                26.176964799999983
              ]
            ]
          ],
          [
            [
              [
                -80.2587764,
                26.1775925
              ],
              [
                -80.258774,
                26.1774515
              ],
              [
                -80.2590091,
                26.1774523
              ],
              [
                -80.2590099,
                26.1775932
              ],
              [
                -80.2587764,
                26.1775925
              ]
            ]
          ],
          [
            [
              [
                -80.27314050000001,
                26.186936771851823
              ],
              [
                -80.27308340795737,
                26.186937070301774
              ],
              [
                -80.2730834,
                26.1869375
              ],
              [
                -80.2729884,
                26.186939
              ],
              [
                -80.27298840000002,
                26.18693756688824
              ],
              [
                -80.2725035,
                26.18694009999998
              ],
              [
                -80.2725024,
                26.1866053
              ],
              [
                -80.2732746,
                26.1866053
              ],
              [
                -80.273269,
                26.1869361
              ],
              [
                -80.27323561520225,
                26.186936274565035
              ],
              [
                -80.2732356,
                26.1869372
              ],
              [
                -80.27314050000001,
                26.186938699999978
              ],
              [
                -80.27314050000001,
                26.186936771851823
              ]
            ]
          ],
          [
            [
              [
                -80.2732683,
                26.1869806
              ],
              [
                -80.2732685,
                26.187019799999984
              ],
              [
                -80.2732698,
                26.187224
              ],
              [
                -80.2730382,
                26.187224
              ],
              [
                -80.2730382,
                26.1869818
              ],
              [
                -80.2732683,
                26.1869806
              ]
            ]
          ],
          [
            [
              [
                -80.2726501,
                26.1872054
              ],
              [
                -80.2726345,
                26.1871519
              ],
              [
                -80.2726397,
                26.1870822
              ],
              [
                -80.2726553,
                26.1870194
              ],
              [
                -80.2726695,
                26.1869741
              ],
              [
                -80.2729493,
                26.1869752
              ],
              [
                -80.2729972,
                26.187031
              ],
              [
                -80.2729985,
                26.1872101
              ],
              [
                -80.2730089,
                26.187224
              ],
              [
                -80.27301020000002,
                26.1872496
              ],
              [
                -80.2729934,
                26.187274
              ],
              [
                -80.272825,
                26.18731579999998
              ],
              [
                -80.2727783,
                26.18731120000002
              ],
              [
                -80.2727278,
                26.1872891
              ],
              [
                -80.2726786,
                26.187250699999986
              ],
              [
                -80.2726501,
                26.1872054
              ]
            ]
          ],
          [
            [
              [
                -80.2704731,
                26.1875386
              ],
              [
                -80.27049830000001,
                26.1874657
              ],
              [
                -80.2705284,
                26.1873985
              ],
              [
                -80.2705549,
                26.187358500000013
              ],
              [
                -80.2705825,
                26.1873223
              ],
              [
                -80.2706172,
                26.1872862
              ],
              [
                -80.2706413,
                26.187259399999988
              ],
              [
                -80.2707648,
                26.18717090000002
              ],
              [
                -80.2707911,
                26.1871569
              ],
              [
                -80.2708493,
                26.187136
              ],
              [
                -80.2709251,
                26.1871151
              ],
              [
                -80.2709683,
                26.187108899999984
              ],
              [
                -80.2710125,
                26.1871039
              ],
              [
                -80.2710505,
                26.1871014
              ],
              [
                -80.271097,
                26.1870988
              ],
              [
                -80.2711533,
                26.187103
              ],
              [
                -80.2711474,
                26.1876839
              ],
              [
                -80.271101,
                26.1877228
              ],
              [
                -80.2704603,
                26.187718399999984
              ],
              [
                -80.2704585,
                26.1876448
              ],
              [
                -80.2704626,
                26.1875987
              ],
              [
                -80.2704731,
                26.1875386
              ]
            ]
          ],
          [
            [
              [
                -80.2716343,
                26.18713759999999
              ],
              [
                -80.2716876,
                26.187158599999986
              ],
              [
                -80.27173569999998,
                26.18718159999998
              ],
              [
                -80.2717937,
                26.1872208
              ],
              [
                -80.2718433,
                26.187258799999988
              ],
              [
                -80.27186130000001,
                26.187275
              ],
              [
                -80.2718824,
                26.1872985
              ],
              [
                -80.2718913,
                26.1873093
              ],
              [
                -80.2719206,
                26.187343499999987
              ],
              [
                -80.2719567,
                26.18739889999998
              ],
              [
                -80.2719829,
                26.1874454
              ],
              [
                -80.2719997,
                26.1874855
              ],
              [
                -80.2720135,
                26.187585
              ],
              [
                -80.27200850000001,
                26.1877253
              ],
              [
                -80.271381,
                26.1877237
              ],
              [
                -80.2713309,
                26.1876879
              ],
              [
                -80.2713347,
                26.1871001
              ],
              [
                -80.2714288,
                26.1870982
              ],
              [
                -80.271534,
                26.1871106
              ],
              [
                -80.2715879,
                26.1871243
              ],
              [
                -80.2716343,
                26.18713759999999
              ]
            ]
          ],
          [
            [
              [
                -80.2733247,
                26.18817379999998
              ],
              [
                -80.273017,
                26.18820940000002
              ],
              [
                -80.2733244,
                26.18824190000002
              ],
              [
                -80.2722055,
                26.1882392
              ],
              [
                -80.2722047,
                26.1881778
              ],
              [
                -80.272391,
                26.1881787
              ],
              [
                -80.2723855,
                26.188165099999974
              ],
              [
                -80.2723516,
                26.1881282
              ],
              [
                -80.27232609999999,
                26.1880836
              ],
              [
                -80.2723176,
                26.18802919999999
              ],
              [
                -80.2723273,
                26.18797479999998
              ],
              [
                -80.272354,
                26.1879193
              ],
              [
                -80.2723964,
                26.1878802
              ],
              [
                -80.2724534,
                26.1878519
              ],
              [
                -80.2725164,
                26.1878399
              ],
              [
                -80.2729891,
                26.187841
              ],
              [
                -80.2730448,
                26.18784649999998
              ],
              [
                -80.273097,
                26.18786709999998
              ],
              [
                -80.2731479,
                26.1879019
              ],
              [
                -80.27318180000002,
                26.1879433
              ],
              [
                -80.2732024,
                26.1879966
              ],
              [
                -80.2732024,
                26.188026
              ],
              [
                -80.2732024,
                26.1880542
              ],
              [
                -80.2731918,
                26.1880815
              ],
              [
                -80.27318180000002,
                26.1881075
              ],
              [
                -80.2731636,
                26.1881306
              ],
              [
                -80.2732442,
                26.1881522
              ],
              [
                -80.2733247,
                26.18817379999998
              ]
            ]
          ],
          [
            [
              [
                -80.2703508,
                26.18856489999999
              ],
              [
                -80.2697705,
                26.1885637
              ],
              [
                -80.2697727,
                26.187729
              ],
              [
                -80.2703529,
                26.1877302
              ],
              [
                -80.2703508,
                26.18856489999999
              ]
            ]
          ],
          [
            [
              [
                -80.2691044,
                26.188558
              ],
              [
                -80.2691045,
                26.1877387
              ],
              [
                -80.269706,
                26.1877387
              ],
              [
                -80.2697061,
                26.188558
              ],
              [
                -80.2691044,
                26.188558
              ]
            ]
          ],
          [
            [
              [
                -80.2738734,
                26.188223800000017
              ],
              [
                -80.2735701,
                26.1882227
              ],
              [
                -80.2735725,
                26.1880729
              ],
              [
                -80.2738723,
                26.188074
              ],
              [
                -80.2738734,
                26.188223800000017
              ]
            ]
          ],
          [
            [
              [
                -80.2741803,
                26.188075600000012
              ],
              [
                -80.2741814,
                26.1882254
              ],
              [
                -80.2738781,
                26.1882243
              ],
              [
                -80.2738805,
                26.1880745
              ],
              [
                -80.2741803,
                26.188075600000012
              ]
            ]
          ],
          [
            [
              [
                -80.2706433,
                26.188426
              ],
              [
                -80.2705839,
                26.188364499999985
              ],
              [
                -80.2705497,
                26.1883182
              ],
              [
                -80.2705129,
                26.1882601
              ],
              [
                -80.2704899,
                26.1882041
              ],
              [
                -80.2704736,
                26.1881451
              ],
              [
                -80.2704631,
                26.1880934
              ],
              [
                -80.27046,
                26.188035799999987
              ],
              [
                -80.2704569,
                26.1879626
              ],
              [
                -80.2711102,
                26.18796939999999
              ],
              [
                -80.2711461,
                26.188006100000017
              ],
              [
                -80.271148,
                26.1885857
              ],
              [
                -80.2709078,
                26.188574
              ],
              [
                -80.2708423,
                26.18855
              ],
              [
                -80.2708072,
                26.18853479999999
              ],
              [
                -80.2707392,
                26.1884987
              ],
              [
                -80.2707002,
                26.1884751
              ],
              [
                -80.2706433,
                26.188426
              ]
            ]
          ],
          [
            [
              [
                -80.27194810000002,
                26.1882995
              ],
              [
                -80.2719074,
                26.188359900000012
              ],
              [
                -80.2718393,
                26.188433200000016
              ],
              [
                -80.2717839,
                26.1884726
              ],
              [
                -80.2717294,
                26.18851079999999
              ],
              [
                -80.2716748,
                26.1885367
              ],
              [
                -80.2716176,
                26.188558
              ],
              [
                -80.2715607,
                26.188576599999987
              ],
              [
                -80.2714989,
                26.1885889
              ],
              [
                -80.2714145,
                26.1885942
              ],
              [
                -80.2713213,
                26.1885959
              ],
              [
                -80.2713307,
                26.18800889999999
              ],
              [
                -80.271375,
                26.1879717
              ],
              [
                -80.2720106,
                26.18797520000001
              ],
              [
                -80.2720191,
                26.1880804
              ],
              [
                -80.2720122,
                26.188138299999984
              ],
              [
                -80.2719957,
                26.18819059999997
              ],
              [
                -80.2719806,
                26.1882327
              ],
              [
                -80.27194810000002,
                26.1882995
              ]
            ]
          ],
          [
            [
              [
                -80.268864,
                26.192958800000014
              ],
              [
                -80.2691077,
                26.1927342
              ],
              [
                -80.2694979,
                26.19309909999998
              ],
              [
                -80.2692559,
                26.1933163
              ],
              [
                -80.268864,
                26.192958800000014
              ]
            ]
          ],
          [
            [
              [
                -80.2700088,
                26.193546
              ],
              [
                -80.2699514,
                26.1935472
              ],
              [
                -80.2693675,
                26.1934979
              ],
              [
                -80.2693766,
                26.193258799999985
              ],
              [
                -80.2694093,
                26.193223699999972
              ],
              [
                -80.2695046,
                26.19314510000001
              ],
              [
                -80.2695843,
                26.1930947
              ],
              [
                -80.2696666,
                26.19305489999998
              ],
              [
                -80.2697685,
                26.193025599999988
              ],
              [
                -80.2698782,
                26.19300679999999
              ],
              [
                -80.26997620000002,
                26.1929986
              ],
              [
                -80.27004540000001,
                26.192998599999985
              ],
              [
                -80.2700493,
                26.1935143
              ],
              [
                -80.2700088,
                26.193546
              ]
            ]
          ],
          [
            [
              [
                -80.27595886865097,
                26.19660750184727
              ],
              [
                -80.27596263528697,
                26.196627549781624
              ],
              [
                -80.27597907804991,
                26.197385198282866
              ],
              [
                -80.27521657725698,
                26.197386154245127
              ],
              [
                -80.27519867203672,
                26.196560977761845
              ],
              [
                -80.27586666377358,
                26.196560166880875
              ],
              [
                -80.27589949090901,
                26.196561136552656
              ],
              [
                -80.27591848398906,
                26.196566499168018
              ],
              [
                -80.27593730369428,
                26.196577686261495
              ],
              [
                -80.27595097784952,
                26.196592325642502
              ],
              [
                -80.27595486126648,
                26.196598614401484
              ],
              [
                -80.27595886865097,
                26.19660750184727
              ]
            ]
          ],
          [
            [
              [
                -80.2783908,
                26.206747
              ],
              [
                -80.2785675,
                26.206738199999975
              ],
              [
                -80.2785796,
                26.2070655
              ],
              [
                -80.2783945,
                26.2070729
              ],
              [
                -80.2783908,
                26.206747
              ]
            ]
          ],
          [
            [
              [
                -80.276466,
                26.20736289999998
              ],
              [
                -80.27677840000001,
                26.2073177
              ],
              [
                -80.2768538,
                26.207624
              ],
              [
                -80.2765257,
                26.207673
              ],
              [
                -80.276466,
                26.20736289999998
              ]
            ]
          ],
          [
            [
              [
                -80.2827047,
                26.2076646
              ],
              [
                -80.2827139,
                26.208002199999985
              ],
              [
                -80.2825328,
                26.2080075
              ],
              [
                -80.28253580000002,
                26.2076708
              ],
              [
                -80.2827047,
                26.2076646
              ]
            ]
          ],
          [
            [
              [
                -80.2692744,
                26.2080873
              ],
              [
                -80.26915096598981,
                26.208086671736268
              ],
              [
                -80.26877180828717,
                26.208087201284872
              ],
              [
                -80.26869913098741,
                26.208023018250937
              ],
              [
                -80.26869262808307,
                26.20772562712975
              ],
              [
                -80.2687131735826,
                26.207725598374243
              ],
              [
                -80.2687346,
                26.20769279999998
              ],
              [
                -80.2692433,
                26.207689699999985
              ],
              [
                -80.2692754,
                26.2077327
              ],
              [
                -80.2692744,
                26.2080873
              ]
            ]
          ],
          [
            [
              [
                -80.281109,
                26.2111799
              ],
              [
                -80.280801,
                26.2112939
              ],
              [
                -80.28067149999998,
                26.21101229999997
              ],
              [
                -80.2803975,
                26.2104166
              ],
              [
                -80.28065470000001,
                26.21032150000001
              ],
              [
                -80.2808433,
                26.2107317
              ],
              [
                -80.28085697837248,
                26.21076142004617
              ],
              [
                -80.28085697838347,
                26.210761420047852
              ],
              [
                -80.2808815,
                26.2108147
              ],
              [
                -80.2809081,
                26.210872699999985
              ],
              [
                -80.280959,
                26.2108538
              ],
              [
                -80.281109,
                26.2111799
              ]
            ]
          ],
          [
            [
              [
                -80.26723,
                26.2096866
              ],
              [
                -80.2673912,
                26.2097024
              ],
              [
                -80.2673551,
                26.210000399999988
              ],
              [
                -80.2671904,
                26.209980800000015
              ],
              [
                -80.26723,
                26.2096866
              ]
            ]
          ],
          [
            [
              [
                -80.2551553157903,
                26.215750224689476
              ],
              [
                -80.2551456,
                26.2158028
              ],
              [
                -80.2540961393537,
                26.215823871107904
              ],
              [
                -80.25410386659642,
                26.216132281840192
              ],
              [
                -80.25347267434518,
                26.216145141732696
              ],
              [
                -80.25347248013784,
                26.216137384247958
              ],
              [
                -80.25347080000002,
                26.2161374
              ],
              [
                -80.25346010000001,
                26.2156429
              ],
              [
                -80.2531495,
                26.215650799999974
              ],
              [
                -80.2528738,
                26.21564989999998
              ],
              [
                -80.25287364985853,
                26.21564413555548
              ],
              [
                -80.25287169064032,
                26.215644175459243
              ],
              [
                -80.25285318893873,
                26.214904831322208
              ],
              [
                -80.25294466887568,
                26.214906591446464
              ],
              [
                -80.25386547272883,
                26.214924294842156
              ],
              [
                -80.2538379,
                26.2138069
              ],
              [
                -80.25383809370486,
                26.2138069031469
              ],
              [
                -80.25383783681323,
                26.213796642456234
              ],
              [
                -80.25519878806193,
                26.21382280037337
              ],
              [
                -80.25523650023587,
                26.215328447492755
              ],
              [
                -80.2551553157903,
                26.215750224689476
              ]
            ]
          ],
          [
            [
              [
                -80.2605447,
                26.2163238
              ],
              [
                -80.2612818,
                26.2162711
              ],
              [
                -80.2620258,
                26.2162181
              ],
              [
                -80.2620527,
                26.2165211
              ],
              [
                -80.26057160000002,
                26.2166269
              ],
              [
                -80.2605447,
                26.2163238
              ]
            ]
          ],
          [
            [
              [
                -80.261373,
                26.2169336
              ],
              [
                -80.2613389,
                26.216611
              ],
              [
                -80.261894,
                26.2165638
              ],
              [
                -80.26192810000002,
                26.216886399999975
              ],
              [
                -80.261373,
                26.2169336
              ]
            ]
          ],
          [
            [
              [
                -80.23993587509051,
                26.207415144691723
              ],
              [
                -80.2399360278041,
                26.20746864413364
              ],
              [
                -80.23992318638713,
                26.207520874956
              ],
              [
                -80.23989797966027,
                26.20756930077766
              ],
              [
                -80.23986509054109,
                26.2076082959453
              ],
              [
                -80.23983428461503,
                26.207654117648293
              ],
              [
                -80.23980830174376,
                26.207702308877987
              ],
              [
                -80.2397873638111,
                26.207752457782114
              ],
              [
                -80.2397716477852,
                26.20780413880775
              ],
              [
                -80.23976129380324,
                26.207856907059224
              ],
              [
                -80.23975638361192,
                26.207910312000063
              ],
              [
                -80.23975696302527,
                26.207963899064637
              ],
              [
                -80.23976598570401,
                26.20807013094668
              ],
              [
                -80.23976972718714,
                26.208122849913718
              ],
              [
                -80.23974018698732,
                26.208168463475353
              ],
              [
                -80.2396690853326,
                26.20819243204687
              ],
              [
                -80.23841971921523,
                26.20819304135578
              ],
              [
                -80.23839309404852,
                26.207362101404225
              ],
              [
                -80.23992603404658,
                26.207376038235576
              ],
              [
                -80.23993587509051,
                26.207415144691723
              ]
            ]
          ],
          [
            [
              [
                -80.23726516514887,
                26.20875879636709
              ],
              [
                -80.237298,
                26.2087581
              ],
              [
                -80.2373317,
                26.2099706
              ],
              [
                -80.23729264838836,
                26.209972169683258
              ],
              [
                -80.23729936374907,
                26.21026864417678
              ],
              [
                -80.23723751653839,
                26.21027627893911
              ],
              [
                -80.23723055728988,
                26.209989559540915
              ],
              [
                -80.23677390155707,
                26.209993019358976
              ],
              [
                -80.2365803,
                26.21000079999999
              ],
              [
                -80.2365859,
                26.20877319999999
              ],
              [
                -80.23658603817621,
                26.20877319707046
              ],
              [
                -80.23658540072756,
                26.20874384242456
              ],
              [
                -80.23726508852941,
                26.20875541359705
              ],
              [
                -80.23726516514887,
                26.20875879636709
              ]
            ]
          ],
          [
            [
              [
                -80.23721361775857,
                26.215727391545315
              ],
              [
                -80.23721230531993,
                26.215723945465516
              ],
              [
                -80.2372109928813,
                26.215720672656726
              ],
              [
                -80.23721039766855,
                26.215719308836707
              ],
              [
                -80.2372001,
                26.2156994
              ],
              [
                -80.2371562,
                26.2156518
              ],
              [
                -80.23715678897267,
                26.21564491158247
              ],
              [
                -80.23715431188184,
                26.21564265067262
              ],
              [
                -80.23715127827113,
                26.215640228099335
              ],
              [
                -80.23714843420493,
                26.215637805526004
              ],
              [
                -80.23714539879758,
                26.21563538214668
              ],
              [
                -80.23714236518687,
                26.215632958767348
              ],
              [
                -80.23713914023499,
                26.21563070624145
              ],
              [
                -80.23713610482766,
                26.215628454521376
              ],
              [
                -80.23713287628252,
                26.215626374460687
              ],
              [
                -80.23712965133065,
                26.21562412112875
              ],
              [
                -80.237126233241,
                26.215622039456143
              ],
              [
                -80.23712300649248,
                26.21561995939536
              ],
              [
                -80.23711958750452,
                26.215618048576214
              ],
              [
                -80.23711616941486,
                26.215616140174774
              ],
              [
                -80.23732979597595,
                26.215304847082198
              ],
              [
                -80.23749665354839,
                26.215061570121737
              ],
              [
                -80.23750197067656,
                26.215064865514776
              ],
              [
                -80.23750538696959,
                26.215066947197297
              ],
              [
                -80.23750861551473,
                26.215069026462054
              ],
              [
                -80.2375118413649,
                26.215071108950458
              ],
              [
                -80.2375150672151,
                26.215073360681302
              ],
              [
                -80.23751810352076,
                26.21507561160616
              ],
              [
                -80.23752132757431,
                26.2150778633369
              ],
              [
                -80.23752436208333,
                26.215080287533752
              ],
              [
                -80.23752739928732,
                26.215082710924598
              ],
              [
                -80.23753024155687,
                26.215085132703578
              ],
              [
                -80.23753327516758,
                26.215087556094335
              ],
              [
                -80.23753611743714,
                26.215090151145265
              ],
              [
                -80.23753896150335,
                26.21509274458425
              ],
              [
                -80.23754161243176,
                26.215095338023225
              ],
              [
                -80.23754445380298,
                26.215097933073952
              ],
              [
                -80.23754710383307,
                26.21510069817297
              ],
              [
                -80.23754956521695,
                26.21510346166013
              ],
              [
                -80.23755221704367,
                26.21510622595309
              ],
              [
                -80.23755467663092,
                26.21510899185786
              ],
              [
                -80.23755713531986,
                26.215111927004955
              ],
              [
                -80.2375595949071,
                26.215114864569717
              ],
              [
                -80.2375618631532,
                26.21511779891076
              ],
              [
                -80.23756413139928,
                26.215120734057635
              ],
              [
                -80.23756639964537,
                26.215123669204427
              ],
              [
                -80.23756847655034,
                26.215126776011324
              ],
              [
                -80.23757074299976,
                26.21512988281812
              ],
              [
                -80.23757262946188,
                26.21513298720704
              ],
              [
                -80.2375747063668,
                26.215136092401867
              ],
              [
                -80.23757659193059,
                26.215139199208387
              ],
              [
                -80.2375890407838,
                26.21515972669512
              ],
              [
                -80.23760186962437,
                26.215180084129994
              ],
              [
                -80.2376150829439,
                26.215200272319038
              ],
              [
                -80.23762867714908,
                26.21522011718456
              ],
              [
                -80.23764265583321,
                26.2152397936104
              ],
              [
                -80.23765701719965,
                26.215259300790677
              ],
              [
                -80.23767176214673,
                26.215278466259683
              ],
              [
                -80.23768688708117,
                26.215297458453854
              ],
              [
                -80.23770239649456,
                26.21531628382047
              ],
              [
                -80.23771828859023,
                26.21533476667031
              ],
              [
                -80.23773437112878,
                26.21535307866334
              ],
              [
                -80.23775103038574,
                26.215371049751635
              ],
              [
                -80.23776788098382,
                26.215388849983356
              ],
              [
                -80.23778511426423,
                26.21540630769878
              ],
              [
                -80.23780272932864,
                26.215423594557784
              ],
              [
                -80.23782053842915,
                26.21544054131853
              ],
              [
                -80.23783873021196,
                26.21545714475748
              ],
              [
                -80.23785730377878,
                26.2154735781463
              ],
              [
                -80.23787626272284,
                26.215489669825345
              ],
              [
                -80.23789541210976,
                26.21550559145446
              ],
              [
                -80.23791475553277,
                26.215520996490852
              ],
              [
                -80.23793448073978,
                26.215536233089313
              ],
              [
                -80.23794168971995,
                26.21554160208382
              ],
              [
                -80.23783490967705,
                26.21575081054007
              ],
              [
                -80.23775863642126,
                26.21590034416352
              ],
              [
                -80.2376823631654,
                26.216050046835857
              ],
              [
                -80.23765069755163,
                26.216111951972824
              ],
              [
                -80.23746694446534,
                26.216110115305423
              ],
              [
                -80.23723325043912,
                26.216107670176413
              ],
              [
                -80.23722523387352,
                26.215787634258348
              ],
              [
                -80.23722506588855,
                26.215784023774336
              ],
              [
                -80.23722489880191,
                26.21578041087251
              ],
              [
                -80.23722454127241,
                26.21577679877647
              ],
              [
                -80.23722418374295,
                26.215773185068493
              ],
              [
                -80.23722382531514,
                26.215769574584062
              ],
              [
                -80.23722327734282,
                26.215765958458153
              ],
              [
                -80.23722291981333,
                26.215762518020846
              ],
              [
                -80.23722217960155,
                26.215758902700628
              ],
              [
                -80.2372214420847,
                26.215755288186195
              ],
              [
                -80.23722070277122,
                26.215751844524952
              ],
              [
                -80.23721996076279,
                26.215748230816217
              ],
              [
                -80.23721903100646,
                26.215744787960666
              ],
              [
                -80.23721810035184,
                26.215741344299108
              ],
              [
                -80.23721717149382,
                26.215737727366403
              ],
              [
                -80.23721604949803,
                26.21573428209278
              ],
              [
                -80.23721492929889,
                26.215730837625035
              ],
              [
                -80.23721361775857,
                26.215727391545315
              ]
            ]
          ],
          [
            [
              [
                -80.2502114,
                26.222356099999985
              ],
              [
                -80.2498516,
                26.2223583
              ],
              [
                -80.2498427,
                26.22201049999999
              ],
              [
                -80.2502038,
                26.2220071
              ],
              [
                -80.2502114,
                26.222356099999985
              ]
            ]
          ],
          [
            [
              [
                -80.24976610000002,
                26.2224737
              ],
              [
                -80.2498879,
                26.222504099999984
              ],
              [
                -80.2498198,
                26.222702799999986
              ],
              [
                -80.2496926,
                26.222665799999977
              ],
              [
                -80.24976610000002,
                26.2224737
              ]
            ]
          ],
          [
            [
              [
                -80.2404039,
                26.224835900000024
              ],
              [
                -80.2404121,
                26.2248616
              ],
              [
                -80.24042869999998,
                26.2248853
              ],
              [
                -80.24037525476675,
                26.224886434391603
              ],
              [
                -80.2403759426802,
                26.224913916419826
              ],
              [
                -80.2401004311792,
                26.22491881839535
              ],
              [
                -80.24010026588918,
                26.224915207388925
              ],
              [
                -80.24010009790423,
                26.22491159557648
              ],
              [
                -80.24009974037475,
                26.22490798295809
              ],
              [
                -80.24009938194695,
                26.22490454198533
              ],
              [
                -80.24009902351918,
                26.224900930172566
              ],
              [
                -80.24009847464852,
                26.22489731674802
              ],
              [
                -80.24009792667621,
                26.224893703323332
              ],
              [
                -80.2400977173233,
                26.224892324765904
              ],
              [
                -80.2400659,
                26.224893
              ],
              [
                -80.2399725,
                26.224779400000013
              ],
              [
                -80.2399227,
                26.2247589
              ],
              [
                -80.2398854,
                26.2247403
              ],
              [
                -80.2398605,
                26.2246863
              ],
              [
                -80.2398333,
                26.224602
              ],
              [
                -80.2398805,
                26.224487900000014
              ],
              [
                -80.2399051,
                26.2244271
              ],
              [
                -80.2399338,
                26.2243847
              ],
              [
                -80.2399605,
                26.2242872
              ],
              [
                -80.2399975,
                26.2242264
              ],
              [
                -80.24001955655403,
                26.224226400002458
              ],
              [
                -80.24002320570916,
                26.224217212481797
              ],
              [
                -80.24035838420967,
                26.22421245230685
              ],
              [
                -80.24035881090337,
                26.224229498950123
              ],
              [
                -80.2403916,
                26.2242282
              ],
              [
                -80.2403936,
                26.2243829
              ],
              [
                -80.2403916,
                26.2244013
              ],
              [
                -80.2403936,
                26.22443450000001
              ],
              [
                -80.2403916,
                26.2244989
              ],
              [
                -80.2403936,
                26.224532
              ],
              [
                -80.2403957,
                26.224607499999987
              ],
              [
                -80.2403916,
                26.2246352
              ],
              [
                -80.2404018,
                26.224679300000016
              ],
              [
                -80.2404018,
                26.2247051
              ],
              [
                -80.2403998,
                26.224738299999988
              ],
              [
                -80.2403916,
                26.2247622
              ],
              [
                -80.2403977,
                26.2247825
              ],
              [
                -80.2404039,
                26.224835900000024
              ]
            ]
          ],
          [
            [
              [
                -80.22706570000001,
                26.2257229
              ],
              [
                -80.2270494,
                26.2256559
              ],
              [
                -80.2270541,
                26.225584699999967
              ],
              [
                -80.2271078,
                26.2255051
              ],
              [
                -80.2271988,
                26.22545059999998
              ],
              [
                -80.2272829,
                26.2254129
              ],
              [
                -80.2273483,
                26.2254087
              ],
              [
                -80.227388,
                26.225410799999977
              ],
              [
                -80.2274253,
                26.2254569
              ],
              [
                -80.227409,
                26.2257229
              ],
              [
                -80.22706570000001,
                26.2257229
              ]
            ]
          ],
          [
            [
              [
                -80.2278887,
                26.2254587
              ],
              [
                -80.2278895,
                26.22574
              ],
              [
                -80.2275805,
                26.225739299999976
              ],
              [
                -80.227579,
                26.2254601
              ],
              [
                -80.2278795,
                26.2254587
              ],
              [
                -80.2278887,
                26.2254587
              ]
            ]
          ],
          [
            [
              [
                -80.2495623366595,
                26.229110686131612
              ],
              [
                -80.25270654795175,
                26.229078633858958
              ],
              [
                -80.25274823696743,
                26.229571739561596
              ],
              [
                -80.25274394122376,
                26.229571783075638
              ],
              [
                -80.2495705706174,
                26.22960582718921
              ],
              [
                -80.24956246152531,
                26.22960591421735
              ],
              [
                -80.24955626674311,
                26.229110748179707
              ],
              [
                -80.2495623366595,
                26.229110686131612
              ]
            ]
          ],
          [
            [
              [
                -80.25308833643908,
                26.229568245542932
              ],
              [
                -80.25308163321043,
                26.229074806216186
              ],
              [
                -80.25319805852202,
                26.229073617844843
              ],
              [
                -80.2531991,
                26.229071699999977
              ],
              [
                -80.2536575,
                26.229065299999988
              ],
              [
                -80.254807,
                26.229009899999976
              ],
              [
                -80.2571477,
                26.229026499999986
              ],
              [
                -80.25714810438488,
                26.229033242469082
              ],
              [
                -80.26323582716105,
                26.228970792594755
              ],
              [
                -80.26324208392701,
                26.229465959228328
              ],
              [
                -80.2564313682599,
                26.229534645423175
              ],
              [
                -80.25598610755591,
                26.229539125200255
              ],
              [
                -80.2559724,
                26.2296512
              ],
              [
                -80.2548409,
                26.2296707
              ],
              [
                -80.2543768,
                26.229686200000017
              ],
              [
                -80.2537213,
                26.229705
              ],
              [
                -80.2535231,
                26.2297155
              ],
              [
                -80.2534658,
                26.2297243
              ],
              [
                -80.2533411,
                26.2298121
              ],
              [
                -80.2531569,
                26.229809199999984
              ],
              [
                -80.2531199,
                26.2297532
              ],
              [
                -80.25311805799015,
                26.229567942426396
              ],
              [
                -80.25310993553178,
                26.2295680239435
              ],
              [
                -80.25308833643908,
                26.229568245542932
              ]
            ],
            [
              [
                -80.25480909814517,
                26.22905716096832
              ],
              [
                -80.25480942436596,
                26.22905715763489
              ],
              [
                -80.254807,
                26.229009899999976
              ],
              [
                -80.25480909814517,
                26.22905716096832
              ]
            ],
            [
              [
                -80.2548347437937,
                26.229550700221534
              ],
              [
                -80.25483296965716,
                26.2295507180476
              ],
              [
                -80.2548409,
                26.2296707
              ],
              [
                -80.2548347437937,
                26.229550700221534
              ]
            ]
          ],
          [
            [
              [
                -80.2258114,
                26.213401399999988
              ],
              [
                -80.22585010000002,
                26.2134378
              ],
              [
                -80.225876,
                26.213479099999986
              ],
              [
                -80.2258981,
                26.2135354
              ],
              [
                -80.225911,
                26.2135867
              ],
              [
                -80.2259129,
                26.213648
              ],
              [
                -80.2258981,
                26.21370089999998
              ],
              [
                -80.2255642,
                26.213710899999988
              ],
              [
                -80.2254996,
                26.2136463
              ],
              [
                -80.22550330000001,
                26.2133451
              ],
              [
                -80.2255494,
                26.2133385
              ],
              [
                -80.2255956,
                26.213338500000013
              ],
              [
                -80.2256509,
                26.2133401
              ],
              [
                -80.22570810000002,
                26.213353399999985
              ],
              [
                -80.2257634,
                26.2133732
              ],
              [
                -80.2258114,
                26.213401399999988
              ]
            ]
          ],
          [
            [
              [
                -80.2264768,
                26.2139034
              ],
              [
                -80.2264774,
                26.21394479999999
              ],
              [
                -80.22643929999998,
                26.2139445
              ],
              [
                -80.2264385,
                26.2139045
              ],
              [
                -80.2264768,
                26.2139034
              ]
            ]
          ],
          [
            [
              [
                -80.2257567,
                26.2139123
              ],
              [
                -80.2257571,
                26.213947799999982
              ],
              [
                -80.2257239,
                26.213947800000014
              ],
              [
                -80.225723,
                26.213913
              ],
              [
                -80.2257567,
                26.2139123
              ]
            ]
          ],
          [
            [
              [
                -80.2262593,
                26.21419650000001
              ],
              [
                -80.2266131,
                26.2141988
              ],
              [
                -80.2266131,
                26.214212399999983
              ],
              [
                -80.22626,
                26.2142112
              ],
              [
                -80.22626,
                26.2142148
              ],
              [
                -80.226183,
                26.21421419999997
              ],
              [
                -80.2261827,
                26.21419319999998
              ],
              [
                -80.226259,
                26.2141929
              ],
              [
                -80.2262593,
                26.21419650000001
              ]
            ]
          ],
          [
            [
              [
                -80.2261348,
                26.2143365
              ],
              [
                -80.2261207,
                26.214337199999985
              ],
              [
                -80.2261121,
                26.21433509999999
              ],
              [
                -80.2261026,
                26.2143316
              ],
              [
                -80.226092,
                26.2143259
              ],
              [
                -80.2260826,
                26.2143185
              ],
              [
                -80.2260755,
                26.214311499999987
              ],
              [
                -80.2260693,
                26.2143016
              ],
              [
                -80.226063,
                26.214291
              ],
              [
                -80.2260587,
                26.2142805
              ],
              [
                -80.2260571,
                26.2142692
              ],
              [
                -80.2260571,
                26.214259
              ],
              [
                -80.2260583,
                26.2142484
              ],
              [
                -80.2260606,
                26.2142396
              ],
              [
                -80.2260638,
                26.2142308
              ],
              [
                -80.2260685,
                26.2142223
              ],
              [
                -80.2260755,
                26.2142167
              ],
              [
                -80.226083,
                26.2142114
              ],
              [
                -80.2260916,
                26.2142072
              ],
              [
                -80.2261026,
                26.214203299999976
              ],
              [
                -80.2261129,
                26.2142009
              ],
              [
                -80.2261227,
                26.214199100000023
              ],
              [
                -80.2261344,
                26.214199099999973
              ],
              [
                -80.2261348,
                26.2143365
              ]
            ]
          ],
          [
            [
              [
                -80.2260323,
                26.214847899999988
              ],
              [
                -80.2255543,
                26.2148523
              ],
              [
                -80.2255478,
                26.214204699999986
              ],
              [
                -80.2260307,
                26.2141974
              ],
              [
                -80.2260323,
                26.214847899999988
              ]
            ]
          ],
          [
            [
              [
                -80.2260609,
                26.2148519
              ],
              [
                -80.2260599,
                26.214585299999985
              ],
              [
                -80.2260578,
                26.2143973
              ],
              [
                -80.2264068,
                26.2143925
              ],
              [
                -80.2264068,
                26.2145863
              ],
              [
                -80.22639810000001,
                26.214586299999986
              ],
              [
                -80.2263994,
                26.2145971
              ],
              [
                -80.2264006,
                26.214853
              ],
              [
                -80.2260609,
                26.2148519
              ]
            ]
          ],
          [
            [
              [
                -80.2263869,
                26.2160963
              ],
              [
                -80.2267445,
                26.21609229999999
              ],
              [
                -80.2267445,
                26.216349399999974
              ],
              [
                -80.2267143,
                26.2163508
              ],
              [
                -80.2263869,
                26.2163481
              ],
              [
                -80.2263869,
                26.2160963
              ]
            ]
          ],
          [
            [
              [
                -80.20863749441007,
                26.216271400221686
              ],
              [
                -80.20856887300384,
                26.21618640910756
              ],
              [
                -80.20847906572995,
                26.21608785125134
              ],
              [
                -80.20869921226337,
                26.21585313148089
              ],
              [
                -80.20874059405524,
                26.215831511300767
              ],
              [
                -80.20878605330019,
                26.215818125113504
              ],
              [
                -80.2088565306258,
                26.21581352980673
              ],
              [
                -80.2095665599247,
                26.21581264169237
              ],
              [
                -80.20980665804056,
                26.21580831153022
              ],
              [
                -80.20977850573787,
                26.21589984933429
              ],
              [
                -80.20973545936778,
                26.2160001811579
              ],
              [
                -80.20968101876662,
                26.21609590309301
              ],
              [
                -80.20961577951742,
                26.216185966663605
              ],
              [
                -80.20952697835664,
                26.216282572527113
              ],
              [
                -80.20941040128727,
                26.21638006319687
              ],
              [
                -80.2093137012402,
                26.21644304162646
              ],
              [
                -80.20913804736449,
                26.216526677018454
              ],
              [
                -80.20885678574734,
                26.216633214581844
              ],
              [
                -80.20877776813835,
                26.21648144067342
              ],
              [
                -80.20870108974229,
                26.216359515777736
              ],
              [
                -80.20863749441007,
                26.216271400221686
              ]
            ]
          ],
          [
            [
              [
                -80.21864374032499,
                26.218659307626083
              ],
              [
                -80.21870238234673,
                26.218673387359157
              ],
              [
                -80.21876128937149,
                26.21868654031527
              ],
              [
                -80.21882044343295,
                26.218698764077093
              ],
              [
                -80.2188798202766,
                26.218710054615435
              ],
              [
                -80.21893941002098,
                26.218720409512947
              ],
              [
                -80.21899919200483,
                26.21872982474036
              ],
              [
                -80.21905914556687,
                26.218738297074367
              ],
              [
                -80.21911925453747,
                26.218745824097525
              ],
              [
                -80.2191794991537,
                26.218752404198163
              ],
              [
                -80.21923986324583,
                26.218758035764715
              ],
              [
                -80.21934025267379,
                26.218768206108948
              ],
              [
                -80.21937980549576,
                26.218798875090787
              ],
              [
                -80.2193895522166,
                26.21883097049076
              ],
              [
                -80.21941016406078,
                26.219638607788223
              ],
              [
                -80.2183162738612,
                26.219640047904587
              ],
              [
                -80.21831578427938,
                26.219337297503728
              ],
              [
                -80.21828438905851,
                26.219300929429266
              ],
              [
                -80.2183114957222,
                26.219255740904305
              ],
              [
                -80.21831193948996,
                26.219200637522796
              ],
              [
                -80.21828271010725,
                26.21915224877654
              ],
              [
                -80.21825628975643,
                26.21913300577444
              ],
              [
                -80.2182609789622,
                26.21882810635586
              ],
              [
                -80.21801698215799,
                26.218795008426977
              ],
              [
                -80.21816004785015,
                26.218503482719992
              ],
              [
                -80.21824210356147,
                26.218535242144256
              ],
              [
                -80.2182984063702,
                26.218555663459934
              ],
              [
                -80.21835509545454,
                26.218575195066954
              ],
              [
                -80.21841215644137,
                26.21859382971277
              ],
              [
                -80.21846956777117,
                26.218611563368295
              ],
              [
                -80.21852731507092,
                26.2186283911986
              ],
              [
                -80.2185853776793,
                26.218644307562812
              ],
              [
                -80.21864374032499,
                26.218659307626083
              ]
            ]
          ],
          [
            [
              [
                -80.22019669209263,
                26.218539591546307
              ],
              [
                -80.21987166275824,
                26.218547135506068
              ],
              [
                -80.21985983464089,
                26.2181313643569
              ],
              [
                -80.2202788457203,
                26.21812086756936
              ],
              [
                -80.22028606458194,
                26.218455180720216
              ],
              [
                -80.22019669209263,
                26.218539591546307
              ]
            ]
          ],
          [
            [
              [
                -80.219957450174,
                26.22189483252038
              ],
              [
                -80.2199359497932,
                26.220913859687318
              ],
              [
                -80.22011863568096,
                26.220913859687315
              ],
              [
                -80.22011448366771,
                26.220714565555134
              ],
              [
                -80.21991934263855,
                26.220710413674365
              ],
              [
                -80.2198778216078,
                26.218767301899295
              ],
              [
                -80.22020582616243,
                26.21876314914314
              ],
              [
                -80.22030547358196,
                26.218846188926193
              ],
              [
                -80.22037936001408,
                26.22151039745274
              ],
              [
                -80.2203834969902,
                26.221895712431046
              ],
              [
                -80.219957450174,
                26.22189483252038
              ]
            ]
          ],
          [
            [
              [
                -80.22153933747248,
                26.22248284471341
              ],
              [
                -80.22132995724773,
                26.222453435464512
              ],
              [
                -80.22125981858699,
                26.222445832124073
              ],
              [
                -80.2211191558882,
                26.222433947219468
              ],
              [
                -80.2209781194903,
                26.222426496186355
              ],
              [
                -80.22079202539435,
                26.222423425032456
              ],
              [
                -80.22074871042798,
                26.22240983571962
              ],
              [
                -80.22071880910543,
                26.222364629061484
              ],
              [
                -80.22071555450917,
                26.222259284594085
              ],
              [
                -80.22070606740144,
                26.22188771334149
              ],
              [
                -80.22070467501275,
                26.22164198820932
              ],
              [
                -80.2207953671272,
                26.221639752723043
              ],
              [
                -80.22091939482354,
                26.221624068859498
              ],
              [
                -80.22106760516732,
                26.221608513933244
              ],
              [
                -80.22121885361341,
                26.2215902496653
              ],
              [
                -80.22137915168763,
                26.22157476001014
              ],
              [
                -80.2215212067751,
                26.221575529617397
              ],
              [
                -80.22163314674094,
                26.22155977966373
              ],
              [
                -80.22169528590409,
                26.221555284511783
              ],
              [
                -80.22169131445223,
                26.22151171585925
              ],
              [
                -80.22163037274336,
                26.220613767969894
              ],
              [
                -80.22173659493245,
                26.220548914100757
              ],
              [
                -80.22169099195705,
                26.22013428236888
              ],
              [
                -80.22168268793057,
                26.220019737541786
              ],
              [
                -80.22163786109957,
                26.219943159359005
              ],
              [
                -80.2215384104111,
                26.219899002613907
              ],
              [
                -80.22151830611504,
                26.219740772997998
              ],
              [
                -80.22143974215523,
                26.2197376219907
              ],
              [
                -80.22144093960951,
                26.219557698526117
              ],
              [
                -80.22143638245606,
                26.219334123114763
              ],
              [
                -80.22164749717673,
                26.21932722320211
              ],
              [
                -80.2216417,
                26.21924549999999
              ],
              [
                -80.22165158698623,
                26.219242920789274
              ],
              [
                -80.22165175264712,
                26.219218064042572
              ],
              [
                -80.22165260514832,
                26.219089935865732
              ],
              [
                -80.22165058034567,
                26.218939983249303
              ],
              [
                -80.22163986973254,
                26.218732733201712
              ],
              [
                -80.22263679488202,
                26.218711032967548
              ],
              [
                -80.22272762174377,
                26.222266186842717
              ],
              [
                -80.22218735067739,
                26.222264334960986
              ],
              [
                -80.22218619185068,
                26.22253914969647
              ],
              [
                -80.2218062170619,
                26.222518184315334
              ],
              [
                -80.2216724345599,
                26.22250261661478
              ],
              [
                -80.22153933747248,
                26.22248284471341
              ]
            ]
          ],
          [
            [
              [
                -80.23146372259801,
                26.225746427075503
              ],
              [
                -80.23141512465192,
                26.225745411168127
              ],
              [
                -80.23142270283965,
                26.22561242208005
              ],
              [
                -80.23140707844193,
                26.225571093581284
              ],
              [
                -80.23138275296238,
                26.22553333979222
              ],
              [
                -80.23135067502187,
                26.225500632993867
              ],
              [
                -80.23131209417704,
                26.225474250454113
              ],
              [
                -80.23126851869924,
                26.225455222046637
              ],
              [
                -80.23122164640435,
                26.22544428834625
              ],
              [
                -80.23117576584954,
                26.225441791839366
              ],
              [
                -80.2307398799175,
                26.225457597676517
              ],
              [
                -80.23069220812198,
                26.22545466279043
              ],
              [
                -80.23065453637221,
                26.22542815130504
              ],
              [
                -80.2306397950184,
                26.2253845002952
              ],
              [
                -80.23062780321062,
                26.224647793227827
              ],
              [
                -80.2306027,
                26.22440639999999
              ],
              [
                -80.2306161,
                26.2241971
              ],
              [
                -80.2306053,
                26.2241104
              ],
              [
                -80.2307126,
                26.224084
              ],
              [
                -80.2309822,
                26.2241044
              ],
              [
                -80.2311686,
                26.2242043
              ],
              [
                -80.2314261,
                26.2243126
              ],
              [
                -80.2317721,
                26.2243487
              ],
              [
                -80.23177255556203,
                26.224420208926087
              ],
              [
                -80.23180392269342,
                26.22575353809058
              ],
              [
                -80.23149802323023,
                26.225747144093404
              ],
              [
                -80.2314641,
                26.22574919999999
              ],
              [
                -80.23146372259801,
                26.225746427075503
              ]
            ]
          ],
          [
            [
              [
                -80.282153,
                26.1891951
              ],
              [
                -80.28407,
                26.1891753
              ],
              [
                -80.2840641,
                26.190111
              ],
              [
                -80.282168,
                26.1901409
              ],
              [
                -80.282153,
                26.1891951
              ]
            ]
          ],
          [
            [
              [
                -80.2936323,
                26.1916019
              ],
              [
                -80.2936556,
                26.191198
              ],
              [
                -80.2939373,
                26.1912102
              ],
              [
                -80.2939091,
                26.1916205
              ],
              [
                -80.2936323,
                26.1916019
              ]
            ]
          ],
          [
            [
              [
                -80.29372109999998,
                26.19187129999999
              ],
              [
                -80.2934824,
                26.1918447
              ],
              [
                -80.2935076,
                26.191661199999984
              ],
              [
                -80.2935179,
                26.19165019999997
              ],
              [
                -80.293536,
                26.191645
              ],
              [
                -80.2937475,
                26.191687799999983
              ],
              [
                -80.29372109999998,
                26.19187129999999
              ]
            ]
          ],
          [
            [
              [
                -80.2928225,
                26.1921119
              ],
              [
                -80.2928344,
                26.191863100000013
              ],
              [
                -80.2932851,
                26.1918711
              ],
              [
                -80.2932805,
                26.1921242
              ],
              [
                -80.2928225,
                26.1921119
              ]
            ]
          ],
          [
            [
              [
                -80.2934519,
                26.1924724
              ],
              [
                -80.2934837,
                26.19198509999996
              ],
              [
                -80.2937697,
                26.1920001
              ],
              [
                -80.2937287,
                26.192491
              ],
              [
                -80.2934519,
                26.1924724
              ]
            ]
          ],
          [
            [
              [
                -80.2933107,
                26.1921378
              ],
              [
                -80.2933127,
                26.1923845
              ],
              [
                -80.2933195,
                26.1923845
              ],
              [
                -80.2933195,
                26.1924475
              ],
              [
                -80.2932844,
                26.1924475
              ],
              [
                -80.2932834,
                26.1923862
              ],
              [
                -80.29328980000001,
                26.1923858
              ],
              [
                -80.2932869,
                26.1921373
              ],
              [
                -80.2933107,
                26.1921378
              ]
            ]
          ],
          [
            [
              [
                -80.2863287,
                26.2063607
              ],
              [
                -80.286551,
                26.2063607
              ],
              [
                -80.286551,
                26.206477
              ],
              [
                -80.2863287,
                26.206477
              ],
              [
                -80.2863287,
                26.2063607
              ]
            ]
          ],
          [
            [
              [
                -80.2943054,
                26.2062631
              ],
              [
                -80.2960572,
                26.2062622
              ],
              [
                -80.2960374,
                26.20692449999999
              ],
              [
                -80.2961151,
                26.20816539999998
              ],
              [
                -80.29605576132926,
                26.20816796933846
              ],
              [
                -80.29605570599776,
                26.208197057475246
              ],
              [
                -80.29534910627304,
                26.208198564567017
              ],
              [
                -80.2953044,
                26.2082005
              ],
              [
                -80.295161,
                26.2082073
              ],
              [
                -80.2944636,
                26.208217
              ],
              [
                -80.29446315583259,
                26.208200447381614
              ],
              [
                -80.29431757461914,
                26.208200756044718
              ],
              [
                -80.29431743717691,
                26.208131977463264
              ],
              [
                -80.29431739492598,
                26.208110684086222
              ],
              [
                -80.2942987,
                26.2081114
              ],
              [
                -80.2943054,
                26.2062631
              ]
            ]
          ],
          [
            [
              [
                -80.2893749,
                26.208742399999984
              ],
              [
                -80.2893747,
                26.2085278
              ],
              [
                -80.289483,
                26.208527799999988
              ],
              [
                -80.2894832,
                26.208742299999987
              ],
              [
                -80.2893749,
                26.208742399999984
              ]
            ]
          ],
          [
            [
              [
                -80.2892172,
                26.2087438
              ],
              [
                -80.289217,
                26.2085292
              ],
              [
                -80.2893253,
                26.2085292
              ],
              [
                -80.2893255,
                26.20874369999999
              ],
              [
                -80.2892172,
                26.2087438
              ]
            ]
          ],
          [
            [
              [
                -80.2919846,
                26.215356
              ],
              [
                -80.2920953,
                26.2153566
              ],
              [
                -80.292094,
                26.215571299999986
              ],
              [
                -80.2919833,
                26.215570699999986
              ],
              [
                -80.2919846,
                26.215356
              ]
            ]
          ],
          [
            [
              [
                -80.2923232,
                26.2155009
              ],
              [
                -80.2923224,
                26.2156227
              ],
              [
                -80.2921708,
                26.2156219
              ],
              [
                -80.2921716,
                26.2155
              ],
              [
                -80.2923232,
                26.2155009
              ]
            ]
          ],
          [
            [
              [
                -80.2845368,
                26.216972
              ],
              [
                -80.2847117,
                26.216964799999975
              ],
              [
                -80.2847159,
                26.2172986
              ],
              [
                -80.2845474,
                26.2173
              ],
              [
                -80.2845368,
                26.216972
              ]
            ]
          ],
          [
            [
              [
                -80.2958949,
                26.2171424
              ],
              [
                -80.29586730000001,
                26.21733830000002
              ],
              [
                -80.2957559,
                26.217325699999986
              ],
              [
                -80.2957835,
                26.2171298
              ],
              [
                -80.2958949,
                26.2171424
              ]
            ]
          ],
          [
            [
              [
                -80.2957454,
                26.2176608
              ],
              [
                -80.2957769,
                26.217436099999983
              ],
              [
                -80.2959227,
                26.2174525
              ],
              [
                -80.2958912,
                26.2176773
              ],
              [
                -80.2957454,
                26.2176608
              ]
            ]
          ],
          [
            [
              [
                -80.2958789,
                26.2177527
              ],
              [
                -80.2958504,
                26.2179666
              ],
              [
                -80.2957416,
                26.217955
              ],
              [
                -80.29577,
                26.217741
              ],
              [
                -80.2958789,
                26.2177527
              ]
            ]
          ],
          [
            [
              [
                -80.2846753,
                26.215491799999988
              ],
              [
                -80.284679,
                26.21581319999997
              ],
              [
                -80.2845151,
                26.2158138
              ],
              [
                -80.2845119,
                26.2154954
              ],
              [
                -80.2846753,
                26.215491799999988
              ]
            ]
          ],
          [
            [
              [
                -80.2846875,
                26.216174
              ],
              [
                -80.2845236,
                26.2161746
              ],
              [
                -80.2845204,
                26.2158562
              ],
              [
                -80.2846838,
                26.2158526
              ],
              [
                -80.2846875,
                26.216174
              ]
            ]
          ],
          [
            [
              [
                -80.2846925,
                26.216548199999984
              ],
              [
                -80.2845286,
                26.2165488
              ],
              [
                -80.2845254,
                26.2162304
              ],
              [
                -80.2846888,
                26.2162268
              ],
              [
                -80.2846925,
                26.216548199999984
              ]
            ]
          ],
          [
            [
              [
                -80.2847045,
                26.2169208
              ],
              [
                -80.2845406,
                26.2169214
              ],
              [
                -80.2845374,
                26.216603
              ],
              [
                -80.28470080000001,
                26.216599399999986
              ],
              [
                -80.2847045,
                26.2169208
              ]
            ]
          ],
          [
            [
              [
                -80.2612145,
                26.2166242
              ],
              [
                -80.2612378,
                26.216943099999984
              ],
              [
                -80.2607103,
                26.216984299999986
              ],
              [
                -80.2606784,
                26.21666709999998
              ],
              [
                -80.2612145,
                26.2166242
              ]
            ]
          ],
          [
            [
              [
                -80.26169939999998,
                26.217278900000014
              ],
              [
                -80.261352,
                26.21730639999998
              ],
              [
                -80.2613112,
                26.2169805
              ],
              [
                -80.2616703,
                26.216956600000014
              ],
              [
                -80.26169939999998,
                26.217278900000014
              ]
            ]
          ],
          [
            [
              [
                -80.2608909,
                26.21701880000002
              ],
              [
                -80.2612441,
                26.216987399999983
              ],
              [
                -80.261272,
                26.2173121
              ],
              [
                -80.2609325,
                26.2173385
              ],
              [
                -80.2608909,
                26.21701880000002
              ]
            ]
          ],
          [
            [
              [
                -80.26152690000002,
                26.2173675
              ],
              [
                -80.2615499,
                26.2176654
              ],
              [
                -80.2613815,
                26.217676199999982
              ],
              [
                -80.2613558,
                26.217379
              ],
              [
                -80.26152690000002,
                26.2173675
              ]
            ]
          ],
          [
            [
              [
                -80.2611925,
                26.217373
              ],
              [
                -80.2612182,
                26.2176906
              ],
              [
                -80.261053,
                26.2177013
              ],
              [
                -80.2610272,
                26.21738380000002
              ],
              [
                -80.2611925,
                26.217373
              ]
            ]
          ],
          [
            [
              [
                -80.2610247,
                26.21769850000002
              ],
              [
                -80.2608697,
                26.2177089
              ],
              [
                -80.2608435,
                26.2173948
              ],
              [
                -80.2609986,
                26.2173844
              ],
              [
                -80.2610247,
                26.21769850000002
              ]
            ]
          ],
          [
            [
              [
                -80.2532976,
                26.22298090000001
              ],
              [
                -80.2531452,
                26.222982
              ],
              [
                -80.2531345,
                26.2226894
              ],
              [
                -80.2532941,
                26.2226862
              ],
              [
                -80.2532976,
                26.22298090000001
              ]
            ]
          ],
          [
            [
              [
                -80.26960924204954,
                26.22939880243415
              ],
              [
                -80.26566113559605,
                26.2294410804368
              ],
              [
                -80.2656520760864,
                26.228945943512645
              ],
              [
                -80.26958898234493,
                26.228903785397257
              ],
              [
                -80.26960924204954,
                26.22939880243415
              ]
            ]
          ],
          [
            [
              [
                -80.2758828,
                26.2195203
              ],
              [
                -80.2760399,
                26.2197377
              ],
              [
                -80.2758902,
                26.219822299999976
              ],
              [
                -80.2757402,
                26.21958369999998
              ],
              [
                -80.2758828,
                26.2195203
              ]
            ]
          ],
          [
            [
              [
                -80.26992943305781,
                26.229395368846586
              ],
              [
                -80.26992076251871,
                26.228900228504525
              ],
              [
                -80.27710104239874,
                26.228826628842818
              ],
              [
                -80.28153363903107,
                26.22877978644341
              ],
              [
                -80.28155215241074,
                26.228948227207734
              ],
              [
                -80.28156872183615,
                26.22927588702771
              ],
              [
                -80.26992943305781,
                26.229395368846586
              ]
            ]
          ],
          [
            [
              [
                -80.2957289,
                26.218064199999986
              ],
              [
                -80.2958375,
                26.2180763
              ],
              [
                -80.2958082,
                26.2182894
              ],
              [
                -80.2956996,
                26.2182773
              ],
              [
                -80.2957289,
                26.218064199999986
              ]
            ]
          ],
          [
            [
              [
                -80.2919362,
                26.2192796
              ],
              [
                -80.2919142,
                26.219493
              ],
              [
                -80.2918054,
                26.219484
              ],
              [
                -80.2918273,
                26.219270599999987
              ],
              [
                -80.2919362,
                26.2192796
              ]
            ]
          ],
          [
            [
              [
                -80.3162137,
                26.16247189999997
              ],
              [
                -80.3163256,
                26.1624719
              ],
              [
                -80.3163256,
                26.1626865
              ],
              [
                -80.31621370000003,
                26.16268649999999
              ],
              [
                -80.3162137,
                26.16247189999997
              ]
            ]
          ],
          [
            [
              [
                -81.1111242,
                26.6413205
              ],
              [
                -81.1109759,
                26.64132550000002
              ],
              [
                -81.1109655,
                26.6410739
              ],
              [
                -81.1111137,
                26.64106890000001
              ],
              [
                -81.1111242,
                26.6413205
              ]
            ]
          ],
          [
            [
              [
                -81.1107905,
                26.641076099999975
              ],
              [
                -81.1109451,
                26.6410718
              ],
              [
                -81.1109539,
                26.6413242
              ],
              [
                -81.1107993,
                26.6413285
              ],
              [
                -81.1107905,
                26.641076099999975
              ]
            ]
          ],
          [
            [
              [
                -81.1103297,
                26.6408968
              ],
              [
                -81.1106731,
                26.6408914
              ],
              [
                -81.110686,
                26.6415356
              ],
              [
                -81.1103425,
                26.641541
              ],
              [
                -81.1103297,
                26.6408968
              ]
            ]
          ],
          [
            [
              [
                -81.1098933,
                26.6411123
              ],
              [
                -81.1099085,
                26.641105
              ],
              [
                -81.1099318,
                26.64112019999999
              ],
              [
                -81.1101244,
                26.6411233
              ],
              [
                -81.1101583,
                26.6412198
              ],
              [
                -81.1101379,
                26.641301199999987
              ],
              [
                -81.11009230000002,
                26.6413346
              ],
              [
                -81.1099161,
                26.64132839999999
              ],
              [
                -81.1099131,
                26.641145699999985
              ],
              [
                -81.1098921,
                26.64113369999998
              ],
              [
                -81.1098933,
                26.6411123
              ]
            ]
          ],
          [
            [
              [
                -81.110148,
                26.6424221
              ],
              [
                -81.1101465,
                26.6422995
              ],
              [
                -81.1103809,
                26.6422973
              ],
              [
                -81.1103824,
                26.6424198
              ],
              [
                -81.110148,
                26.6424221
              ]
            ]
          ],
          [
            [
              [
                -81.9667192,
                27.9636988
              ],
              [
                -81.9667192,
                27.9638782
              ],
              [
                -81.9663929,
                27.9638782
              ],
              [
                -81.9663929,
                27.963698799999975
              ],
              [
                -81.9667192,
                27.9636988
              ]
            ]
          ],
          [
            [
              [
                -82.663598,
                28.4501426
              ],
              [
                -82.6636083,
                28.4503569
              ],
              [
                -82.6634949,
                28.4503611
              ],
              [
                -82.6634846,
                28.450146799999985
              ],
              [
                -82.663598,
                28.4501426
              ]
            ]
          ],
          [
            [
              [
                -82.6632986,
                28.450156699999987
              ],
              [
                -82.6634119,
                28.450152500000012
              ],
              [
                -82.6634222,
                28.4503668
              ],
              [
                -82.6633089,
                28.450371
              ],
              [
                -82.6632986,
                28.450156699999987
              ]
            ]
          ],
          [
            [
              [
                -81.2964394,
                29.0459287
              ],
              [
                -81.29660830000002,
                29.045926599999984
              ],
              [
                -81.2966123,
                29.046170199999985
              ],
              [
                -81.2964434,
                29.0461723
              ],
              [
                -81.2964394,
                29.0459287
              ]
            ]
          ]
        ]
      }
    }
  ]
}