{
  "type": "FeatureCollection",
  "name": "West Palm Beach",
  "crs": {
    "type": "name",
    "properties": {
      "name": "urn:ogc:def:crs:OGC:1.3:CRS84"
    }
  },
  "features": [
    {
      "type": "Feature",
      "properties": {
        "largest_city": "West Palm Beach",
        "all_cities": "Jupiter, Melbourne Village, Palm Shores, Polk City, South Beach, Wabasso, Welaka, West Palm Beach",
        "total_area_ft2": 19969422.892197896
      },
      "geometry": {
        "type": "MultiPolygon",
        "coordinates": [
          [
            [
              [
                -80.0880551,
                26.88365560000001
              ],
              [
                -80.088012,
                26.8836781
              ],
              [
                -80.087956,
                26.883703899999986
              ],
              [
                -80.0879214,
                26.8837603
              ],
              [
                -80.0878875,
                26.8837843
              ],
              [
                -80.0878555,
                26.8837893
              ],
              [
                -80.0878192,
                26.883780199999986
              ],
              [
                -80.08780640000002,
                26.8837517
              ],
              [
                -80.0878078,
                26.883715
              ],
              [
                -80.0878289,
                26.883695699999983
              ],
              [
                -80.0878528,
                26.88367069999999
              ],
              [
                -80.0878734,
                26.883627699999987
              ],
              [
                -80.0878974,
                26.88358789999998
              ],
              [
                -80.0879374,
                26.883564399999987
              ],
              [
                -80.0879931,
                26.88355609999999
              ],
              [
                -80.0880338,
                26.8835592
              ],
              [
                -80.0880631,
                26.8835795
              ],
              [
                -80.0880798,
                26.8836004
              ],
              [
                -80.0880762,
                26.8836268
              ],
              [
                -80.0880551,
                26.88365560000001
              ]
            ]
          ],
          [
            [
              [
                -80.0909725,
                26.8837222
              ],
              [
                -80.0909702,
                26.883702199999988
              ],
              [
                -80.0909753,
                26.88368069999999
              ],
              [
                -80.0909878,
                26.8836661
              ],
              [
                -80.0910186,
                26.8836524
              ],
              [
                -80.0910352,
                26.8836281
              ],
              [
                -80.0910441,
                26.883587399999982
              ],
              [
                -80.0910628,
                26.8835591
              ],
              [
                -80.0910892,
                26.883547799999985
              ],
              [
                -80.0911197,
                26.8835488
              ],
              [
                -80.0911453,
                26.8835632
              ],
              [
                -80.0911706,
                26.8835889
              ],
              [
                -80.0911863,
                26.8836286
              ],
              [
                -80.0911871,
                26.8836613
              ],
              [
                -80.0911677,
                26.8836877
              ],
              [
                -80.0911466,
                26.88371449999999
              ],
              [
                -80.0911381,
                26.883738099999984
              ],
              [
                -80.0911397,
                26.8837675
              ],
              [
                -80.0911441,
                26.8838091
              ],
              [
                -80.0911381,
                26.8838409
              ],
              [
                -80.0911222,
                26.8838714
              ],
              [
                -80.09109410000002,
                26.88389169999998
              ],
              [
                -80.0910674,
                26.88389989999999
              ],
              [
                -80.0910447,
                26.883896899999982
              ],
              [
                -80.0910232,
                26.8838855
              ],
              [
                -80.091007,
                26.8838664
              ],
              [
                -80.0910018,
                26.8838397
              ],
              [
                -80.0910047,
                26.8837981
              ],
              [
                -80.0909982,
                26.8837691
              ],
              [
                -80.0909801,
                26.8837413
              ],
              [
                -80.0909725,
                26.8837222
              ]
            ]
          ],
          [
            [
              [
                -80.093418,
                26.88464020000001
              ],
              [
                -80.0934538,
                26.8846369
              ],
              [
                -80.0934988,
                26.8846557
              ],
              [
                -80.0935415,
                26.8846567
              ],
              [
                -80.0935701,
                26.8846441
              ],
              [
                -80.0936019,
                26.8846482
              ],
              [
                -80.0936423,
                26.8846667
              ],
              [
                -80.0936677,
                26.8847005
              ],
              [
                -80.0936862,
                26.8847525
              ],
              [
                -80.09368560000001,
                26.8847937
              ],
              [
                -80.0936651,
                26.8848163
              ],
              [
                -80.0936441,
                26.8848202
              ],
              [
                -80.0936219,
                26.8848099
              ],
              [
                -80.09357950000002,
                26.8847765
              ],
              [
                -80.0935322,
                26.88475929999999
              ],
              [
                -80.0934842,
                26.88476029999998
              ],
              [
                -80.0934352,
                26.8847565
              ],
              [
                -80.0933989,
                26.884738199999987
              ],
              [
                -80.0933733,
                26.8847078
              ],
              [
                -80.093374,
                26.8846799
              ],
              [
                -80.0933943,
                26.8846577
              ],
              [
                -80.093418,
                26.88464020000001
              ]
            ]
          ],
          [
            [
              [
                -80.0833659,
                26.7481204
              ],
              [
                -80.08318310000001,
                26.7482543
              ],
              [
                -80.0831214,
                26.748187
              ],
              [
                -80.0833042,
                26.7480532
              ],
              [
                -80.0833659,
                26.7481204
              ]
            ]
          ],
          [
            [
              [
                -80.0833473,
                26.748785700000013
              ],
              [
                -80.0832472,
                26.7487551
              ],
              [
                -80.0831527,
                26.748709100000024
              ],
              [
                -80.0830698,
                26.748655399999986
              ],
              [
                -80.0829696,
                26.7485814
              ],
              [
                -80.0832128,
                26.748336099999978
              ],
              [
                -80.0834388,
                26.74815719999998
              ],
              [
                -80.0835046,
                26.7481624
              ],
              [
                -80.0839166,
                26.7486273
              ],
              [
                -80.0837993,
                26.7487142
              ],
              [
                -80.08362190000001,
                26.7487909
              ],
              [
                -80.0834961,
                26.748803600000013
              ],
              [
                -80.0833473,
                26.748785700000013
              ]
            ]
          ],
          [
            [
              [
                -80.0844240243284,
                26.75131910484973
              ],
              [
                -80.08442402596259,
                26.75131910510124
              ],
              [
                -80.0845679,
                26.751062799999985
              ],
              [
                -80.08460755343825,
                26.751080842195808
              ],
              [
                -80.0846078909542,
                26.751080270211318
              ],
              [
                -80.08460904888261,
                26.751078361049064
              ],
              [
                -80.08461136114614,
                26.751074544328798
              ],
              [
                -80.0848482192714,
                26.75119034392501
              ],
              [
                -80.0853011,
                26.751396400000015
              ],
              [
                -80.08530227477073,
                26.751412328524957
              ],
              [
                -80.08532481572121,
                26.751423348555186
              ],
              [
                -80.08532455431146,
                26.75142851129925
              ],
              [
                -80.08532423001964,
                26.751438841599633
              ],
              [
                -80.08532416983253,
                26.7514440083538
              ],
              [
                -80.08532425247752,
                26.75145434266362
              ],
              [
                -80.08532439441136,
                26.751459507010612
              ],
              [
                -80.08532488219653,
                26.75146983329731
              ],
              [
                -80.0853252280479,
                26.751474988819787
              ],
              [
                -80.08532611738006,
                26.751485293446645
              ],
              [
                -80.08532666355573,
                26.751490436935857
              ],
              [
                -80.0853279598247,
                26.75150070626601
              ],
              [
                -80.08532871081628,
                26.751505828096054
              ],
              [
                -80.0853304050389,
                26.751516050097045
              ],
              [
                -80.08533135455815,
                26.751521147861435
              ],
              [
                -80.08533345481929,
                26.75153130648993
              ],
              [
                -80.08533460466285,
                26.75153636976052
              ],
              [
                -80.08533709838609,
                26.751546458599222
              ],
              [
                -80.08533844496068,
                26.751551483365176
              ],
              [
                -80.08534133484096,
                26.75156148556862
              ],
              [
                -80.08534287455336,
                26.75156646541265
              ],
              [
                -80.08534615609909,
                26.75157636975062
              ],
              [
                -80.08534789164422,
                26.751581297453253
              ],
              [
                -80.08535155587226,
                26.751591093497574
              ],
              [
                -80.08535348365686,
                26.751595961037154
              ],
              [
                -80.08535753416048,
                26.751605633546774
              ],
              [
                -80.08535965148961,
                26.751610438516845
              ],
              [
                -80.08536407748902,
                26.751619979470146
              ],
              [
                -80.08536638346435,
                26.75162471224474
              ],
              [
                -80.08537118046796,
                26.751634107202797
              ],
              [
                -80.0853736688013,
                26.751638766979752
              ],
              [
                -80.08537883141923,
                26.751648002305828
              ],
              [
                -80.08538423298904,
                26.751657128536685
              ],
              [
                -80.08539574669604,
                26.751675023230728
              ],
              [
                -80.0853988360023,
                26.7516795169579
              ],
              [
                -80.08540519427788,
                26.751688400130345
              ],
              [
                -80.08540521404082,
                26.751688429008297
              ],
              [
                -80.08540848390847,
                26.75169281845355
              ],
              [
                -80.08541519522194,
                26.751701490655634
              ],
              [
                -80.08541521767982,
                26.7517015187314
              ],
              [
                -80.08541866631221,
                26.75170580630124
              ],
              [
                -80.08542573695179,
                26.751714275554725
              ],
              [
                -80.08542935087418,
                26.751718442799387
              ],
              [
                -80.08543674131404,
                26.751726657765836
              ],
              [
                -80.08543676197527,
                26.75172668183074
              ],
              [
                -80.08544438777375,
                26.751734751604822
              ],
              [
                -80.08544892178097,
                26.751739213749385
              ],
              [
                -80.085477,
                26.75176
              ],
              [
                -80.085528,
                26.7518036
              ],
              [
                -80.0855586,
                26.7518431
              ],
              [
                -80.0855892,
                26.751915
              ],
              [
                -80.0855959831278,
                26.75193711518116
              ],
              [
                -80.08560114828238,
                26.751948498533938
              ],
              [
                -80.08560116265542,
                26.751948532224773
              ],
              [
                -80.08560784073124,
                26.75196452654935
              ],
              [
                -80.08561967423849,
                26.751996995687136
              ],
              [
                -80.08562337267215,
                26.752026413782303
              ],
              [
                -80.0856595,
                26.7521442
              ],
              [
                -80.08555335642365,
                26.75224282160452
              ],
              [
                -80.08524225246175,
                26.752709555240163
              ],
              [
                -80.08519402101584,
                26.752683994488194
              ],
              [
                -80.08515122828051,
                26.75266223287257
              ],
              [
                -80.0851017,
                26.7526922
              ],
              [
                -80.0839356,
                26.7521892
              ],
              [
                -80.08394778712812,
                26.75216748971735
              ],
              [
                -80.0839477869897,
                26.752167489696063
              ],
              [
                -80.08398497609463,
                26.752101240802983
              ],
              [
                -80.0844240243284,
                26.75131910484973
              ]
            ]
          ],
          [
            [
              [
                -80.0860463,
                26.9087474
              ],
              [
                -80.0856833,
                26.9087465
              ],
              [
                -80.0856842,
                26.9084228
              ],
              [
                -80.0860472,
                26.908423599999974
              ],
              [
                -80.0860463,
                26.9087474
              ]
            ]
          ],
          [
            [
              [
                -80.0930114,
                26.8851412
              ],
              [
                -80.0929966,
                26.8851231
              ],
              [
                -80.0930005,
                26.8851
              ],
              [
                -80.0930204,
                26.885073299999984
              ],
              [
                -80.0930183,
                26.8850499
              ],
              [
                -80.0930201,
                26.8850186
              ],
              [
                -80.0930395,
                26.884995399999983
              ],
              [
                -80.0930712,
                26.88498440000001
              ],
              [
                -80.0931113,
                26.8849828
              ],
              [
                -80.0931718,
                26.8850003
              ],
              [
                -80.0932524,
                26.8850043
              ],
              [
                -80.0932853,
                26.88501649999999
              ],
              [
                -80.0933131,
                26.8850434
              ],
              [
                -80.0933246,
                26.8850714
              ],
              [
                -80.09332,
                26.885101
              ],
              [
                -80.0932995,
                26.8851209
              ],
              [
                -80.0932702,
                26.8851287
              ],
              [
                -80.0931639,
                26.8851215
              ],
              [
                -80.0931252,
                26.8851247
              ],
              [
                -80.0930899,
                26.8851398
              ],
              [
                -80.0930585,
                26.8851536
              ],
              [
                -80.09303309999999,
                26.885153
              ],
              [
                -80.0930114,
                26.8851412
              ]
            ]
          ],
          [
            [
              [
                -80.0870922,
                26.8856493
              ],
              [
                -80.0871043,
                26.885676
              ],
              [
                -80.0871061,
                26.885708
              ],
              [
                -80.0870918,
                26.8857472
              ],
              [
                -80.0870576,
                26.8857933
              ],
              [
                -80.0870421,
                26.8858242
              ],
              [
                -80.0870443,
                26.8858511
              ],
              [
                -80.0870583,
                26.8858859
              ],
              [
                -80.0870639,
                26.8859181
              ],
              [
                -80.0870615,
                26.8859458
              ],
              [
                -80.0870439,
                26.885966
              ],
              [
                -80.0870197,
                26.8859749
              ],
              [
                -80.0869904,
                26.8859733
              ],
              [
                -80.0869705,
                26.88595559999998
              ],
              [
                -80.0869531,
                26.885908599999983
              ],
              [
                -80.0869268,
                26.8858771
              ],
              [
                -80.086918,
                26.8858439
              ],
              [
                -80.0869219,
                26.8858129
              ],
              [
                -80.0869376,
                26.8857834
              ],
              [
                -80.0869705,
                26.8857515
              ],
              [
                -80.086997,
                26.88570849999999
              ],
              [
                -80.0870166,
                26.8856624
              ],
              [
                -80.0870268,
                26.885648399999983
              ],
              [
                -80.0870435,
                26.8856396
              ],
              [
                -80.087073,
                26.8856354
              ],
              [
                -80.0870922,
                26.8856493
              ]
            ]
          ],
          [
            [
              [
                -80.0942093,
                26.8861864
              ],
              [
                -80.0941819,
                26.886228
              ],
              [
                -80.0941583,
                26.88623479999998
              ],
              [
                -80.0941335,
                26.8862292
              ],
              [
                -80.0941197,
                26.8862128
              ],
              [
                -80.0941131,
                26.886113599999987
              ],
              [
                -80.0941204,
                26.88609040000001
              ],
              [
                -80.0941357,
                26.8860682
              ],
              [
                -80.0941578,
                26.886049
              ],
              [
                -80.0941882,
                26.8860387
              ],
              [
                -80.0942341,
                26.886035099999987
              ],
              [
                -80.0942627,
                26.8860277
              ],
              [
                -80.0942883,
                26.8860083
              ],
              [
                -80.0943142,
                26.885983
              ],
              [
                -80.0943433,
                26.88597269999999
              ],
              [
                -80.0943734,
                26.885983899999978
              ],
              [
                -80.094392,
                26.8860077
              ],
              [
                -80.0943927,
                26.886043699999988
              ],
              [
                -80.0943787,
                26.8860741
              ],
              [
                -80.0943584,
                26.8860918
              ],
              [
                -80.0943302,
                26.8861005
              ],
              [
                -80.0942981,
                26.8861063
              ],
              [
                -80.0942655,
                26.8861144
              ],
              [
                -80.0942349,
                26.8861403
              ],
              [
                -80.0942093,
                26.8861864
              ]
            ]
          ],
          [
            [
              [
                -80.09011150000002,
                26.8866101
              ],
              [
                -80.0901145,
                26.88663670000002
              ],
              [
                -80.0901085,
                26.88666119999999
              ],
              [
                -80.0900943,
                26.8866813
              ],
              [
                -80.0900719,
                26.8866969
              ],
              [
                -80.0900445,
                26.886707099999988
              ],
              [
                -80.0900067,
                26.8867098
              ],
              [
                -80.0899446,
                26.8866973
              ],
              [
                -80.0898862,
                26.8866782
              ],
              [
                -80.0898497,
                26.886675699999987
              ],
              [
                -80.0898074,
                26.8866667
              ],
              [
                -80.0897825,
                26.886654199999978
              ],
              [
                -80.08976789999998,
                26.886637500000013
              ],
              [
                -80.089765,
                26.88661790000001
              ],
              [
                -80.0897709,
                26.8865994
              ],
              [
                -80.0897844,
                26.88658429999999
              ],
              [
                -80.0898033,
                26.8865723
              ],
              [
                -80.08982549999999,
                26.886564700000015
              ],
              [
                -80.0898616,
                26.886558
              ],
              [
                -80.0899207,
                26.8865516
              ],
              [
                -80.0899572,
                26.8865502
              ],
              [
                -80.0899892,
                26.886555500000014
              ],
              [
                -80.0900134,
                26.8865637
              ],
              [
                -80.0900492,
                26.88657160000001
              ],
              [
                -80.0900827,
                26.88657789999999
              ],
              [
                -80.0900991,
                26.8865875
              ],
              [
                -80.09011150000002,
                26.8866101
              ]
            ]
          ],
          [
            [
              [
                -80.0931223,
                26.88665060000002
              ],
              [
                -80.0930984,
                26.8866835
              ],
              [
                -80.0930559,
                26.8867095
              ],
              [
                -80.093016,
                26.8867317
              ],
              [
                -80.0929731,
                26.8867414
              ],
              [
                -80.0929271,
                26.886732599999984
              ],
              [
                -80.0928763,
                26.8867151
              ],
              [
                -80.0928389,
                26.8866927
              ],
              [
                -80.0928179,
                26.88667159999998
              ],
              [
                -80.0928039,
                26.8866495
              ],
              [
                -80.09280050000001,
                26.8866272
              ],
              [
                -80.0928039,
                26.88660419999998
              ],
              [
                -80.0928173,
                26.88657879999997
              ],
              [
                -80.0928361,
                26.88656239999998
              ],
              [
                -80.0928608,
                26.886547
              ],
              [
                -80.0928977,
                26.886543
              ],
              [
                -80.0929396,
                26.8865544
              ],
              [
                -80.09296860000002,
                26.8865692
              ],
              [
                -80.0930025,
                26.886571
              ],
              [
                -80.09303,
                26.8865652
              ],
              [
                -80.09305639999998,
                26.8865608
              ],
              [
                -80.09308160000002,
                26.8865632
              ],
              [
                -80.093109,
                26.88658170000001
              ],
              [
                -80.0931244,
                26.8866142
              ],
              [
                -80.0931223,
                26.88665060000002
              ]
            ]
          ],
          [
            [
              [
                -80.0878885,
                26.8875884
              ],
              [
                -80.08775180000002,
                26.8876092
              ],
              [
                -80.0877867,
                26.887788200000013
              ],
              [
                -80.0877591,
                26.887812900000014
              ],
              [
                -80.0876383,
                26.887835
              ],
              [
                -80.0876049,
                26.8878025
              ],
              [
                -80.0875496,
                26.8875469
              ],
              [
                -80.0875743,
                26.8875067
              ],
              [
                -80.0877169,
                26.8874847
              ],
              [
                -80.0876834,
                26.887306899999988
              ],
              [
                -80.0877169,
                26.887281
              ],
              [
                -80.08781,
                26.8872641
              ],
              [
                -80.0878522,
                26.887303
              ],
              [
                -80.0879118,
                26.887559899999985
              ],
              [
                -80.0878885,
                26.8875884
              ]
            ]
          ],
          [
            [
              [
                -80.0908136,
                26.8883252
              ],
              [
                -80.09081230000001,
                26.8883962
              ],
              [
                -80.0908282,
                26.8884304
              ],
              [
                -80.0908427,
                26.888458899999986
              ],
              [
                -80.0908448,
                26.88848190000002
              ],
              [
                -80.0908302,
                26.8884989
              ],
              [
                -80.0908063,
                26.888505599999988
              ],
              [
                -80.0907823,
                26.8884988
              ],
              [
                -80.0907592,
                26.8884747
              ],
              [
                -80.0907346,
                26.8884289
              ],
              [
                -80.0906814,
                26.888383
              ],
              [
                -80.0906485,
                26.888331299999983
              ],
              [
                -80.0906171,
                26.888279
              ],
              [
                -80.090591,
                26.8882588
              ],
              [
                -80.0905472,
                26.8882446
              ],
              [
                -80.0905315,
                26.88821929999999
              ],
              [
                -80.0905315,
                26.8881888
              ],
              [
                -80.0905446,
                26.8881666
              ],
              [
                -80.090572,
                26.8881431
              ],
              [
                -80.0905986,
                26.8881337
              ],
              [
                -80.0906336,
                26.8881407
              ],
              [
                -80.090674,
                26.8881754
              ],
              [
                -80.0907132,
                26.8882184
              ],
              [
                -80.0907425,
                26.8882343
              ],
              [
                -80.0907727,
                26.8882543
              ],
              [
                -80.090802,
                26.8882887
              ],
              [
                -80.0908136,
                26.8883252
              ]
            ]
          ],
          [
            [
              [
                -80.0895486,
                26.888219099999986
              ],
              [
                -80.08961530000002,
                26.8882186
              ],
              [
                -80.0896781,
                26.8882483
              ],
              [
                -80.0897109,
                26.888312800000016
              ],
              [
                -80.0896784,
                26.8884797
              ],
              [
                -80.0896328,
                26.8885273
              ],
              [
                -80.0895428,
                26.8885764
              ],
              [
                -80.0894899,
                26.888539699999985
              ],
              [
                -80.089426,
                26.888519299999988
              ],
              [
                -80.0893743,
                26.88846530000001
              ],
              [
                -80.08936649999998,
                26.888388899999985
              ],
              [
                -80.0893849,
                26.888305099999982
              ],
              [
                -80.0894166,
                26.8882704
              ],
              [
                -80.0894674,
                26.888239899999988
              ],
              [
                -80.0895486,
                26.888219099999986
              ]
            ]
          ],
          [
            [
              [
                -80.0881528,
                26.8889723
              ],
              [
                -80.0881303,
                26.8890012
              ],
              [
                -80.0880847,
                26.8890131
              ],
              [
                -80.0880288,
                26.889007
              ],
              [
                -80.0879717,
                26.888987
              ],
              [
                -80.0879368,
                26.8889491
              ],
              [
                -80.0879088,
                26.88888279999997
              ],
              [
                -80.087869,
                26.8888421
              ],
              [
                -80.08784340000001,
                26.8887901
              ],
              [
                -80.087849,
                26.8887479
              ],
              [
                -80.0878689,
                26.888719300000016
              ],
              [
                -80.08790439999999,
                26.888707899999986
              ],
              [
                -80.0879473,
                26.888720299999985
              ],
              [
                -80.0879995,
                26.8887625
              ],
              [
                -80.0880376,
                26.8887747
              ],
              [
                -80.088081,
                26.88878960000001
              ],
              [
                -80.0881,
                26.888806799999987
              ],
              [
                -80.0881164,
                26.8888491
              ],
              [
                -80.0881269,
                26.8888936
              ],
              [
                -80.0881516,
                26.8889324
              ],
              [
                -80.0881528,
                26.8889723
              ]
            ]
          ],
          [
            [
              [
                -80.0937089,
                26.890293600000014
              ],
              [
                -80.0937287,
                26.8902778
              ],
              [
                -80.0937532,
                26.8902733
              ],
              [
                -80.0937831,
                26.8902856
              ],
              [
                -80.0938209,
                26.890336900000015
              ],
              [
                -80.0938351,
                26.8903901
              ],
              [
                -80.0938563,
                26.890451299999974
              ],
              [
                -80.0938799,
                26.8904907
              ],
              [
                -80.0939218,
                26.890519399999977
              ],
              [
                -80.0939376,
                26.890543699999977
              ],
              [
                -80.0939394,
                26.8905734
              ],
              [
                -80.093922,
                26.890599199999986
              ],
              [
                -80.0938941,
                26.89061369999999
              ],
              [
                -80.0938611,
                26.890613399999978
              ],
              [
                -80.0938297,
                26.890601899999982
              ],
              [
                -80.09378130000002,
                26.89055590000001
              ],
              [
                -80.0937115,
                26.890530099999978
              ],
              [
                -80.0936796,
                26.8904977
              ],
              [
                -80.0936673,
                26.8904669
              ],
              [
                -80.0936707,
                26.890433
              ],
              [
                -80.0936856,
                26.890410099999986
              ],
              [
                -80.0936969,
                26.8903989
              ],
              [
                -80.093705,
                26.890381
              ],
              [
                -80.0937032,
                26.8903537
              ],
              [
                -80.0936994,
                26.8903225
              ],
              [
                -80.0937089,
                26.890293600000014
              ]
            ]
          ],
          [
            [
              [
                -80.0890196,
                26.8907953
              ],
              [
                -80.0890529,
                26.8908333
              ],
              [
                -80.089069,
                26.8908746
              ],
              [
                -80.0890654,
                26.8909077
              ],
              [
                -80.0890455,
                26.89093020000001
              ],
              [
                -80.0890138,
                26.8909403
              ],
              [
                -80.0889759,
                26.8909339
              ],
              [
                -80.0889241,
                26.8908945
              ],
              [
                -80.0889005,
                26.8908627
              ],
              [
                -80.088873,
                26.890747399999984
              ],
              [
                -80.088869,
                26.8906613
              ],
              [
                -80.0888807,
                26.8906149
              ],
              [
                -80.0889219,
                26.8905882
              ],
              [
                -80.0889549,
                26.8905809
              ],
              [
                -80.0889946,
                26.8905981
              ],
              [
                -80.089012,
                26.8906448
              ],
              [
                -80.0889872,
                26.8907056
              ],
              [
                -80.0889935,
                26.8907506
              ],
              [
                -80.0890196,
                26.8907953
              ]
            ]
          ],
          [
            [
              [
                -80.0893081,
                26.8908419
              ],
              [
                -80.0893032,
                26.890800899999988
              ],
              [
                -80.0893336,
                26.8907714
              ],
              [
                -80.0893782,
                26.8907646
              ],
              [
                -80.0894242,
                26.8907798
              ],
              [
                -80.0894907,
                26.890826299999983
              ],
              [
                -80.0895644,
                26.890894
              ],
              [
                -80.089589,
                26.8909482
              ],
              [
                -80.0895765,
                26.890995199999978
              ],
              [
                -80.0895367,
                26.8910179
              ],
              [
                -80.0894814,
                26.8910302
              ],
              [
                -80.0894327,
                26.8910254
              ],
              [
                -80.0894072,
                26.8909972
              ],
              [
                -80.0894162,
                26.890913199999986
              ],
              [
                -80.0893952,
                26.8908801
              ],
              [
                -80.0893425,
                26.890871699999977
              ],
              [
                -80.0893081,
                26.8908419
              ]
            ]
          ],
          [
            [
              [
                -80.1692253,
                26.7077884
              ],
              [
                -80.1690553,
                26.7077834
              ],
              [
                -80.1690644,
                26.7075378
              ],
              [
                -80.1692344,
                26.7075428
              ],
              [
                -80.1692253,
                26.7077884
              ]
            ]
          ],
          [
            [
              [
                -80.1692175,
                26.708066599999974
              ],
              [
                -80.1690475,
                26.7080616
              ],
              [
                -80.1690566,
                26.707816
              ],
              [
                -80.1692265,
                26.707821
              ],
              [
                -80.1692175,
                26.708066599999974
              ]
            ]
          ],
          [
            [
              [
                -80.171965,
                26.7094031
              ],
              [
                -80.1717341,
                26.7093971
              ],
              [
                -80.1717384,
                26.709266
              ],
              [
                -80.1719692,
                26.709271899999987
              ],
              [
                -80.171965,
                26.7094031
              ]
            ]
          ],
          [
            [
              [
                -80.1603266,
                26.713455199999984
              ],
              [
                -80.16016869999999,
                26.7134528
              ],
              [
                -80.16017450000001,
                26.7131461
              ],
              [
                -80.1603325,
                26.713148500000017
              ],
              [
                -80.1603266,
                26.713455199999984
              ]
            ]
          ],
          [
            [
              [
                -80.1605044,
                26.7134564
              ],
              [
                -80.1603479,
                26.71345409999999
              ],
              [
                -80.1603537,
                26.7131486
              ],
              [
                -80.1605103,
                26.713151
              ],
              [
                -80.1605044,
                26.7134564
              ]
            ]
          ],
          [
            [
              [
                -80.1606968,
                26.7134631
              ],
              [
                -80.1605309,
                26.7134606
              ],
              [
                -80.1605368,
                26.7131468
              ],
              [
                -80.1607028,
                26.713149300000012
              ],
              [
                -80.1606968,
                26.7134631
              ]
            ]
          ],
          [
            [
              [
                -80.16071420000002,
                26.7134598
              ],
              [
                -80.1607201,
                26.7131524
              ],
              [
                -80.1608788,
                26.713154799999977
              ],
              [
                -80.160873,
                26.713462199999974
              ],
              [
                -80.16071420000002,
                26.7134598
              ]
            ]
          ],
          [
            [
              [
                -80.1608596,
                26.713505
              ],
              [
                -80.1608842,
                26.7135054
              ],
              [
                -80.1608783,
                26.7138151
              ],
              [
                -80.1607169,
                26.7138127
              ],
              [
                -80.1607228,
                26.713503
              ],
              [
                -80.1608596,
                26.713505
              ]
            ]
          ],
          [
            [
              [
                -80.16032480000001,
                26.7138157
              ],
              [
                -80.1601627,
                26.713813299999984
              ],
              [
                -80.16016860000002,
                26.713502900000023
              ],
              [
                -80.1603307,
                26.713505299999987
              ],
              [
                -80.16032480000001,
                26.7138157
              ]
            ]
          ],
          [
            [
              [
                -80.1605074,
                26.7138184
              ],
              [
                -80.1603448,
                26.7138159
              ],
              [
                -80.1603507,
                26.713505
              ],
              [
                -80.1605134,
                26.713507499999988
              ],
              [
                -80.1605074,
                26.7138184
              ]
            ]
          ],
          [
            [
              [
                -80.1606916,
                26.7138199
              ],
              [
                -80.1605308,
                26.713817499999976
              ],
              [
                -80.1605367,
                26.713508199999975
              ],
              [
                -80.1606975,
                26.7135107
              ],
              [
                -80.1606916,
                26.7138199
              ]
            ]
          ],
          [
            [
              [
                -80.1398605,
                26.7273888
              ],
              [
                -80.1397479,
                26.727389
              ],
              [
                -80.1397474,
                26.7271739
              ],
              [
                -80.1398601,
                26.7271738
              ],
              [
                -80.1398605,
                26.7273888
              ]
            ]
          ],
          [
            [
              [
                -80.1399061,
                26.7273896
              ],
              [
                -80.1399056,
                26.7271745
              ],
              [
                -80.1400183,
                26.7271744
              ],
              [
                -80.1400188,
                26.727389399999986
              ],
              [
                -80.1399061,
                26.7273896
              ]
            ]
          ],
          [
            [
              [
                -80.1397026,
                26.7273897
              ],
              [
                -80.13959,
                26.7273898
              ],
              [
                -80.1395895,
                26.7271748
              ],
              [
                -80.1397021,
                26.7271746
              ],
              [
                -80.1397026,
                26.7273897
              ]
            ]
          ],
          [
            [
              [
                -80.13807330000002,
                26.734144099999988
              ],
              [
                -80.1389496,
                26.7341503
              ],
              [
                -80.138945,
                26.73481209999999
              ],
              [
                -80.13846650000002,
                26.7348077
              ],
              [
                -80.1384658,
                26.7346925
              ],
              [
                -80.13807049999998,
                26.7346901
              ],
              [
                -80.13807330000002,
                26.734144099999988
              ]
            ]
          ],
          [
            [
              [
                -80.1372351,
                26.7354422
              ],
              [
                -80.1372712,
                26.73537890000001
              ],
              [
                -80.1373515,
                26.735312
              ],
              [
                -80.1374471,
                26.7352708
              ],
              [
                -80.1375507,
                26.735252899999978
              ],
              [
                -80.137649,
                26.7352553
              ],
              [
                -80.137752,
                26.7352732
              ],
              [
                -80.1378242,
                26.735294099999983
              ],
              [
                -80.1378963,
                26.7353281
              ],
              [
                -80.137865,
                26.7353813
              ],
              [
                -80.1377173,
                26.7357122
              ],
              [
                -80.1376601,
                26.7357344
              ],
              [
                -80.137187,
                26.7355515
              ],
              [
                -80.1372351,
                26.7354422
              ]
            ]
          ],
          [
            [
              [
                -80.1076106,
                26.7138525
              ],
              [
                -80.1075671,
                26.7137982
              ],
              [
                -80.1075309,
                26.71374009999998
              ],
              [
                -80.1074997,
                26.7136799
              ],
              [
                -80.107475,
                26.713627
              ],
              [
                -80.1074544,
                26.713558
              ],
              [
                -80.1074405,
                26.713486
              ],
              [
                -80.1074355,
                26.7134075
              ],
              [
                -80.1074421,
                26.71332150000001
              ],
              [
                -80.1074618,
                26.71322830000002
              ],
              [
                -80.1074832,
                26.713149
              ],
              [
                -80.1074947,
                26.7131218
              ],
              [
                -80.10750869999998,
                26.713102700000015
              ],
              [
                -80.1075219,
                26.7130902
              ],
              [
                -80.1075309,
                26.712979299999983
              ],
              [
                -80.108492,
                26.7130072
              ],
              [
                -80.1085783,
                26.7130858
              ],
              [
                -80.108575,
                26.7134464
              ],
              [
                -80.108487,
                26.7135867
              ],
              [
                -80.1084747,
                26.713956
              ],
              [
                -80.1076945,
                26.71392519999998
              ],
              [
                -80.1076501,
                26.7138885
              ],
              [
                -80.1076106,
                26.7138525
              ]
            ]
          ],
          [
            [
              [
                -80.1112975,
                26.7264402
              ],
              [
                -80.1112513,
                26.727464
              ],
              [
                -80.110726,
                26.7274451
              ],
              [
                -80.1107722,
                26.7264212
              ],
              [
                -80.1112975,
                26.7264402
              ]
            ]
          ],
          [
            [
              [
                -80.1121117,
                26.7274833
              ],
              [
                -80.1115516,
                26.7274603
              ],
              [
                -80.1115946,
                26.7264684
              ],
              [
                -80.1121505,
                26.72648639999997
              ],
              [
                -80.1121117,
                26.7274833
              ]
            ]
          ],
          [
            [
              [
                -80.1097116,
                26.734066899999988
              ],
              [
                -80.1093475,
                26.734051300000015
              ],
              [
                -80.1093745,
                26.733391
              ],
              [
                -80.1097418,
                26.73340239999998
              ],
              [
                -80.1097116,
                26.734066899999988
              ]
            ]
          ],
          [
            [
              [
                -80.1084068,
                26.734429
              ],
              [
                -80.1084086,
                26.7343662
              ],
              [
                -80.1086749,
                26.7343724
              ],
              [
                -80.1086734,
                26.7344247
              ],
              [
                -80.1086731,
                26.7344351
              ],
              [
                -80.1084068,
                26.734429
              ]
            ]
          ],
          [
            [
              [
                -80.1085631,
                26.7345902
              ],
              [
                -80.1086598,
                26.7345931
              ],
              [
                -80.1088898,
                26.7345995
              ],
              [
                -80.1088879,
                26.734661
              ],
              [
                -80.1088589,
                26.7352149
              ],
              [
                -80.1086412,
                26.7352068
              ],
              [
                -80.1086511,
                26.735093599999985
              ],
              [
                -80.10828919999999,
                26.735076699999983
              ],
              [
                -80.1082991,
                26.7349107
              ],
              [
                -80.1085464,
                26.7349168
              ],
              [
                -80.1085631,
                26.7345902
              ]
            ]
          ],
          [
            [
              [
                -80.1095728,
                26.735452399999986
              ],
              [
                -80.1089885,
                26.7354298
              ],
              [
                -80.1090271,
                26.7346334
              ],
              [
                -80.10961150000001,
                26.734656
              ],
              [
                -80.1095728,
                26.735452399999986
              ]
            ]
          ],
          [
            [
              [
                -80.1072304,
                26.735746199999983
              ],
              [
                -80.1072322,
                26.735661
              ],
              [
                -80.1072502,
                26.7355717
              ],
              [
                -80.1072898,
                26.7354848
              ],
              [
                -80.1073853,
                26.73542769999999
              ],
              [
                -80.10748970000002,
                26.7354044
              ],
              [
                -80.107632,
                26.735413200000014
              ],
              [
                -80.1077293,
                26.735435
              ],
              [
                -80.107714,
                26.7358475
              ],
              [
                -80.10769,
                26.735869300000015
              ],
              [
                -80.1072385,
                26.735854
              ],
              [
                -80.1072358,
                26.7358347
              ],
              [
                -80.1072304,
                26.735746199999983
              ]
            ]
          ],
          [
            [
              [
                -80.1085282,
                26.735473399999986
              ],
              [
                -80.1086448,
                26.7354706
              ],
              [
                -80.1087352,
                26.735491199999984
              ],
              [
                -80.1088045,
                26.7355175
              ],
              [
                -80.10878769999998,
                26.735864599999985
              ],
              [
                -80.1087215,
                26.7359274
              ],
              [
                -80.108316,
                26.7359049
              ],
              [
                -80.1083097,
                26.735780099999985
              ],
              [
                -80.1083087,
                26.7356741
              ],
              [
                -80.10834970000002,
                26.735568099999977
              ],
              [
                -80.1084326,
                26.73550529999999
              ],
              [
                -80.1085282,
                26.735473399999986
              ]
            ]
          ],
          [
            [
              [
                -80.1072738,
                26.7462962
              ],
              [
                -80.107162,
                26.7462923
              ],
              [
                -80.1071714,
                26.746078400000012
              ],
              [
                -80.1072833,
                26.746082399999985
              ],
              [
                -80.1072738,
                26.7462962
              ]
            ]
          ],
          [
            [
              [
                -80.1074575,
                26.746301
              ],
              [
                -80.1073456,
                26.7462971
              ],
              [
                -80.10735510000002,
                26.746083299999984
              ],
              [
                -80.1074669,
                26.7460872
              ],
              [
                -80.1074575,
                26.746301
              ]
            ]
          ],
          [
            [
              [
                -80.1094301,
                26.752047
              ],
              [
                -80.10944110000001,
                26.752029699999984
              ],
              [
                -80.109463,
                26.7520009
              ],
              [
                -80.10948779999998,
                26.7519734
              ],
              [
                -80.1094997,
                26.7519612
              ],
              [
                -80.1095132,
                26.75194949999998
              ],
              [
                -80.1095271,
                26.7519385
              ],
              [
                -80.1095426,
                26.751928
              ],
              [
                -80.10956,
                26.7519168
              ],
              [
                -80.109579,
                26.751906099999985
              ],
              [
                -80.1095972,
                26.751897
              ],
              [
                -80.10961690000002,
                26.7518879
              ],
              [
                -80.1096356,
                26.7518806
              ],
              [
                -80.1096548,
                26.7518737
              ],
              [
                -80.1096932,
                26.75186319999999
              ],
              [
                -80.1097333,
                26.7518558
              ],
              [
                -80.1097739,
                26.7518529
              ],
              [
                -80.1098119,
                26.7518528
              ],
              [
                -80.10985,
                26.75185489999998
              ],
              [
                -80.1104324,
                26.7518948
              ],
              [
                -80.1104355,
                26.7519418
              ],
              [
                -80.1104738,
                26.7525157
              ],
              [
                -80.11049079999998,
                26.752771499999987
              ],
              [
                -80.1104899,
                26.7527879
              ],
              [
                -80.110486,
                26.7528043
              ],
              [
                -80.1104809,
                26.75281909999999
              ],
              [
                -80.1104735,
                26.752834
              ],
              [
                -80.110465,
                26.7528486
              ],
              [
                -80.1104529,
                26.7528626
              ],
              [
                -80.1104388,
                26.7528767
              ],
              [
                -80.1104223,
                26.7528897
              ],
              [
                -80.110406,
                26.7528986
              ],
              [
                -80.1103892,
                26.7529068
              ],
              [
                -80.1103708,
                26.7529127
              ],
              [
                -80.1103513,
                26.75291720000001
              ],
              [
                -80.1103286,
                26.752918399999988
              ],
              [
                -80.1103058,
                26.752918199999986
              ],
              [
                -80.1102828,
                26.752916
              ],
              [
                -80.1102598,
                26.7529124
              ],
              [
                -80.1100253,
                26.7528663
              ],
              [
                -80.1093422,
                26.75273180000001
              ],
              [
                -80.1093754,
                26.7523168
              ],
              [
                -80.1093805,
                26.752248599999987
              ],
              [
                -80.109388,
                26.7521805
              ],
              [
                -80.1093902,
                26.752160199999988
              ],
              [
                -80.1093935,
                26.75214
              ],
              [
                -80.1093988,
                26.7521201
              ],
              [
                -80.1094051,
                26.752101
              ],
              [
                -80.1094119,
                26.7520826
              ],
              [
                -80.1094201,
                26.75206469999998
              ],
              [
                -80.1094301,
                26.752047
              ]
            ]
          ],
          [
            [
              [
                -80.1117143,
                26.7520811
              ],
              [
                -80.1117382,
                26.752107899999977
              ],
              [
                -80.1117589,
                26.7521362
              ],
              [
                -80.1117762,
                26.752167
              ],
              [
                -80.1117909,
                26.7521996
              ],
              [
                -80.1118015,
                26.7522327
              ],
              [
                -80.1118091,
                26.7522694
              ],
              [
                -80.1118107,
                26.7523062
              ],
              [
                -80.1118103,
                26.7523432
              ],
              [
                -80.1118086,
                26.7523803
              ],
              [
                -80.111767,
                26.7529012
              ],
              [
                -80.111107,
                26.752939600000015
              ],
              [
                -80.110841,
                26.7529551
              ],
              [
                -80.1108217,
                26.7529546
              ],
              [
                -80.1108023,
                26.75295279999999
              ],
              [
                -80.110783,
                26.7529493
              ],
              [
                -80.1107637,
                26.752945
              ],
              [
                -80.1107444,
                26.7529377
              ],
              [
                -80.1107259,
                26.752928500000017
              ],
              [
                -80.1107084,
                26.7529181
              ],
              [
                -80.1106926,
                26.752905699999985
              ],
              [
                -80.1106759,
                26.7528879
              ],
              [
                -80.1106627,
                26.7528678
              ],
              [
                -80.1106562,
                26.7528457
              ],
              [
                -80.1106532,
                26.75282370000001
              ],
              [
                -80.11065230000001,
                26.7528039
              ],
              [
                -80.1106531,
                26.7527836
              ],
              [
                -80.1106551,
                26.7527633
              ],
              [
                -80.11065890000002,
                26.7527425
              ],
              [
                -80.1107112,
                26.752531
              ],
              [
                -80.1108494,
                26.7519718
              ],
              [
                -80.1108611,
                26.751924599999988
              ],
              [
                -80.1114746,
                26.7519678
              ],
              [
                -80.11151390000002,
                26.7519749
              ],
              [
                -80.1115512,
                26.7519845
              ],
              [
                -80.1115885,
                26.751998
              ],
              [
                -80.1116232,
                26.7520139
              ],
              [
                -80.1116571,
                26.7520344
              ],
              [
                -80.111687,
                26.75205730000001
              ],
              [
                -80.1117143,
                26.7520811
              ]
            ]
          ],
          [
            [
              [
                -80.1131251,
                26.7522491
              ],
              [
                -80.1131636,
                26.752432299999988
              ],
              [
                -80.1131827,
                26.7525232
              ],
              [
                -80.1131467,
                26.752816099999983
              ],
              [
                -80.1131186,
                26.7528491
              ],
              [
                -80.1131505,
                26.7530268
              ],
              [
                -80.1131574,
                26.753065
              ],
              [
                -80.1128771,
                26.7531752
              ],
              [
                -80.1128392,
                26.7531716
              ],
              [
                -80.1128385,
                26.753179200000012
              ],
              [
                -80.11252370000001,
                26.7531495
              ],
              [
                -80.11251410000001,
                26.753123799999987
              ],
              [
                -80.1122608,
                26.753100299999986
              ],
              [
                -80.1119125,
                26.7525698
              ],
              [
                -80.1119477,
                26.7522872
              ],
              [
                -80.1122096,
                26.7522477
              ],
              [
                -80.1122511,
                26.7521979
              ],
              [
                -80.112504,
                26.7520905
              ],
              [
                -80.1129052,
                26.7520366
              ],
              [
                -80.1129336,
                26.752034299999984
              ],
              [
                -80.1129627,
                26.7520363
              ],
              [
                -80.1129906,
                26.7520426
              ],
              [
                -80.1130175,
                26.7520513
              ],
              [
                -80.1130454,
                26.752065399999985
              ],
              [
                -80.1130706,
                26.7520864
              ],
              [
                -80.1130875,
                26.7521134
              ],
              [
                -80.1130999,
                26.752142499999984
              ],
              [
                -80.1131091,
                26.7521728
              ],
              [
                -80.1131251,
                26.7522491
              ]
            ]
          ],
          [
            [
              [
                -80.1144598,
                26.7532051
              ],
              [
                -80.1144688,
                26.7532116
              ],
              [
                -80.1144759,
                26.7532193
              ],
              [
                -80.1144893,
                26.7532364
              ],
              [
                -80.1144969,
                26.753256
              ],
              [
                -80.1145036,
                26.7532777
              ],
              [
                -80.1145735,
                26.753664199999974
              ],
              [
                -80.1140311,
                26.753747199999985
              ],
              [
                -80.113937,
                26.753260500000014
              ],
              [
                -80.114332,
                26.7531985
              ],
              [
                -80.1143687,
                26.7531927
              ],
              [
                -80.1143923,
                26.75319
              ],
              [
                -80.1144034,
                26.7531898
              ],
              [
                -80.1144152,
                26.753190799999988
              ],
              [
                -80.1144267,
                26.7531927
              ],
              [
                -80.1144382,
                26.7531959
              ],
              [
                -80.1144497,
                26.7531999
              ],
              [
                -80.1144598,
                26.7532051
              ]
            ]
          ],
          [
            [
              [
                -80.11034850000001,
                26.7530772
              ],
              [
                -80.1103599,
                26.7530816
              ],
              [
                -80.1103701,
                26.75308749999999
              ],
              [
                -80.11038910000002,
                26.7531007
              ],
              [
                -80.110398,
                26.753107499999984
              ],
              [
                -80.110407,
                26.753115
              ],
              [
                -80.1104154,
                26.7531225
              ],
              [
                -80.1104225,
                26.7531311
              ],
              [
                -80.1104292,
                26.753140599999988
              ],
              [
                -80.1104351,
                26.7531504
              ],
              [
                -80.1104409,
                26.753161399999982
              ],
              [
                -80.1104454,
                26.7531723
              ],
              [
                -80.1104486,
                26.7531835
              ],
              [
                -80.1104509,
                26.75319550000001
              ],
              [
                -80.1104528,
                26.7532078
              ],
              [
                -80.11045380000002,
                26.7532202
              ],
              [
                -80.1104541,
                26.7532325
              ],
              [
                -80.1104531,
                26.7532448
              ],
              [
                -80.1104424,
                26.7532922
              ],
              [
                -80.1103941,
                26.75348719999998
              ],
              [
                -80.110244,
                26.7540923
              ],
              [
                -80.1096294,
                26.7540533
              ],
              [
                -80.10959260000001,
                26.754048599999987
              ],
              [
                -80.1095585,
                26.75404149999997
              ],
              [
                -80.109523,
                26.75403009999998
              ],
              [
                -80.1094911,
                26.754016299999982
              ],
              [
                -80.1094561,
                26.7539988
              ],
              [
                -80.1094246,
                26.7539797
              ],
              [
                -80.1093949,
                26.7539566
              ],
              [
                -80.1093688,
                26.7539335
              ],
              [
                -80.10934479999999,
                26.753905499999988
              ],
              [
                -80.1093234,
                26.7538775
              ],
              [
                -80.1093056,
                26.7538472
              ],
              [
                -80.1092913,
                26.7538168
              ],
              [
                -80.1092786,
                26.753784299999978
              ],
              [
                -80.1092694,
                26.753751799999975
              ],
              [
                -80.1092628,
                26.75371690000002
              ],
              [
                -80.1092616,
                26.753682
              ],
              [
                -80.1093063,
                26.753118399999984
              ],
              [
                -80.1100088,
                26.7530782
              ],
              [
                -80.1102099,
                26.7530667
              ],
              [
                -80.1102651,
                26.75306550000002
              ],
              [
                -80.1102791,
                26.7530653
              ],
              [
                -80.110293,
                26.7530659
              ],
              [
                -80.1103073,
                26.7530673
              ],
              [
                -80.11032160000002,
                26.75307
              ],
              [
                -80.1103354,
                26.7530732
              ],
              [
                -80.11034850000001,
                26.7530772
              ]
            ]
          ],
          [
            [
              [
                -80.1115193,
                26.7541037
              ],
              [
                -80.1114869,
                26.7541239
              ],
              [
                -80.1114515,
                26.754142
              ],
              [
                -80.1114101,
                26.7541539
              ],
              [
                -80.1113649,
                26.7541631
              ],
              [
                -80.1113196,
                26.7541671
              ],
              [
                -80.1112721,
                26.7541676
              ],
              [
                -80.11068,
                26.7541251
              ],
              [
                -80.1106329,
                26.7535036
              ],
              [
                -80.110617,
                26.7532941
              ],
              [
                -80.1106173,
                26.7532701
              ],
              [
                -80.1106188,
                26.753246099999988
              ],
              [
                -80.1106221,
                26.753222199999986
              ],
              [
                -80.1106277,
                26.75319819999999
              ],
              [
                -80.1106352,
                26.7531805
              ],
              [
                -80.1106462,
                26.75316279999996
              ],
              [
                -80.1106601,
                26.7531479
              ],
              [
                -80.1106763,
                26.7531341
              ],
              [
                -80.1106971,
                26.7531208
              ],
              [
                -80.1107202,
                26.7531101
              ],
              [
                -80.1107453,
                26.75310239999997
              ],
              [
                -80.1107716,
                26.7530983
              ],
              [
                -80.1107971,
                26.7530989
              ],
              [
                -80.1108221,
                26.7531016
              ],
              [
                -80.1108738,
                26.753110199999984
              ],
              [
                -80.11108630000001,
                26.7531529
              ],
              [
                -80.1117342,
                26.7532832
              ],
              [
                -80.1116872,
                26.7538532
              ],
              [
                -80.1116824,
                26.7538811
              ],
              [
                -80.1116753,
                26.7539089
              ],
              [
                -80.1116658,
                26.753937
              ],
              [
                -80.1116533,
                26.75396449999998
              ],
              [
                -80.1116377,
                26.7539892
              ],
              [
                -80.111619,
                26.7540126
              ],
              [
                -80.11160030000002,
                26.7540363
              ],
              [
                -80.1115786,
                26.7540593
              ],
              [
                -80.1115493,
                26.7540822
              ],
              [
                -80.1115193,
                26.7541037
              ]
            ]
          ],
          [
            [
              [
                -80.113057,
                26.7535828
              ],
              [
                -80.1131333,
                26.7539887
              ],
              [
                -80.1125902,
                26.754070099999982
              ],
              [
                -80.1125139,
                26.753664299999986
              ],
              [
                -80.113057,
                26.7535828
              ]
            ]
          ],
          [
            [
              [
                -80.1133101,
                26.7547534
              ],
              [
                -80.1133148,
                26.7547818
              ],
              [
                -80.113364,
                26.7550402
              ],
              [
                -80.1133804,
                26.7551264
              ],
              [
                -80.1133617,
                26.755279899999987
              ],
              [
                -80.1133513,
                26.755365699999988
              ],
              [
                -80.113311,
                26.755415
              ],
              [
                -80.1133347,
                26.7555437
              ],
              [
                -80.1133561,
                26.75566
              ],
              [
                -80.113056,
                26.7557388
              ],
              [
                -80.1129412,
                26.755769
              ],
              [
                -80.1125496,
                26.755742099999974
              ],
              [
                -80.11231870000002,
                26.755594
              ],
              [
                -80.1120993,
                26.7552476
              ],
              [
                -80.1121004,
                26.7552392
              ],
              [
                -80.1121453,
                26.7548857
              ],
              [
                -80.1124125,
                26.7548466
              ],
              [
                -80.11245370000002,
                26.7547972
              ],
              [
                -80.1124621,
                26.754806799999987
              ],
              [
                -80.11270630000001,
                26.75470119999999
              ],
              [
                -80.1130803,
                26.7546336
              ],
              [
                -80.1130907,
                26.7546317
              ],
              [
                -80.1131207,
                26.754627
              ],
              [
                -80.1131411,
                26.7546268
              ],
              [
                -80.1131607,
                26.7546275
              ],
              [
                -80.1131799,
                26.754632
              ],
              [
                -80.113198,
                26.7546369
              ],
              [
                -80.1132202,
                26.7546455
              ],
              [
                -80.113238,
                26.7546557
              ],
              [
                -80.11325350000001,
                26.75466660000003
              ],
              [
                -80.11326920000002,
                26.754679899999985
              ],
              [
                -80.1132832,
                26.7546961
              ],
              [
                -80.1132943,
                26.7547133
              ],
              [
                -80.113304,
                26.75473259999998
              ],
              [
                -80.1133101,
                26.7547534
              ]
            ]
          ],
          [
            [
              [
                -80.10919,
                26.7557795
              ],
              [
                -80.1092437,
                26.755243
              ],
              [
                -80.10931121804511,
                26.755146536660625
              ],
              [
                -80.10931121809841,
                26.755146536668786
              ],
              [
                -80.109351,
                26.75508969999998
              ],
              [
                -80.1095656,
                26.7550035
              ],
              [
                -80.11018780000002,
                26.755061
              ],
              [
                -80.11020915273544,
                26.755284366608656
              ],
              [
                -80.1102091528948,
                26.755284366633127
              ],
              [
                -80.11026289999998,
                26.7558466
              ],
              [
                -80.1101664,
                26.75595189999999
              ],
              [
                -80.1099947,
                26.755942399999974
              ],
              [
                -80.10919,
                26.7557795
              ]
            ]
          ],
          [
            [
              [
                -80.1115611,
                26.755358
              ],
              [
                -80.1115075,
                26.7559519
              ],
              [
                -80.1106921,
                26.7560094
              ],
              [
                -80.1105311,
                26.7559711
              ],
              [
                -80.1105311,
                26.75579869999999
              ],
              [
                -80.11065270158895,
                26.75535244986248
              ],
              [
                -80.11065270199964,
                26.755352449925514
              ],
              [
                -80.1107243,
                26.7550897
              ],
              [
                -80.1113144,
                26.7551376
              ],
              [
                -80.111486,
                26.755223899999976
              ],
              [
                -80.1115611,
                26.755358
              ]
            ]
          ],
          [
            [
              [
                -80.1124577,
                26.7562242
              ],
              [
                -80.1124369,
                26.756456799999988
              ],
              [
                -80.1120545,
                26.756429500000024
              ],
              [
                -80.1120752,
                26.7561969
              ],
              [
                -80.1124577,
                26.7562242
              ]
            ]
          ],
          [
            [
              [
                -80.113722,
                26.7565441
              ],
              [
                -80.1133403,
                26.756517599999984
              ],
              [
                -80.1133606,
                26.7562848
              ],
              [
                -80.1137422,
                26.7563114
              ],
              [
                -80.113722,
                26.7565441
              ]
            ]
          ],
          [
            [
              [
                -80.1125802,
                26.7563632
              ],
              [
                -80.1125904,
                26.75636
              ],
              [
                -80.1126008,
                26.756359799999988
              ],
              [
                -80.1131885,
                26.7564004
              ],
              [
                -80.1131954,
                26.756400499999984
              ],
              [
                -80.113202,
                26.7564016
              ],
              [
                -80.1132084,
                26.7564039
              ],
              [
                -80.1132142,
                26.75640680000002
              ],
              [
                -80.1132198,
                26.7564107
              ],
              [
                -80.1132238,
                26.7564154
              ],
              [
                -80.1132273,
                26.7564206
              ],
              [
                -80.1132295,
                26.756426399999974
              ],
              [
                -80.1132307,
                26.7564324
              ],
              [
                -80.1132308,
                26.7564384
              ],
              [
                -80.1131957,
                26.756841199999986
              ],
              [
                -80.1125263,
                26.7567958
              ],
              [
                -80.11254649721369,
                26.756564739195298
              ],
              [
                -80.11254649717911,
                26.756564739189976
              ],
              [
                -80.1125581,
                26.756432
              ],
              [
                -80.1125617,
                26.756391
              ],
              [
                -80.1125629,
                26.7563837
              ],
              [
                -80.1125667,
                26.756376
              ],
              [
                -80.11257159999998,
                26.7563697
              ],
              [
                -80.1125802,
                26.7563632
              ]
            ]
          ],
          [
            [
              [
                -80.1091257,
                26.7568716
              ],
              [
                -80.1091686,
                26.7562681
              ],
              [
                -80.1100269,
                26.756201
              ],
              [
                -80.1101878,
                26.7562298
              ],
              [
                -80.1102093,
                26.7563256
              ],
              [
                -80.1100054,
                26.7571495
              ],
              [
                -80.1093295,
                26.7570824
              ],
              [
                -80.1092008,
                26.7570058
              ],
              [
                -80.1091257,
                26.7568716
              ]
            ]
          ],
          [
            [
              [
                -80.1114753,
                26.756411799999977
              ],
              [
                -80.1114431,
                26.7569674
              ],
              [
                -80.1113144,
                26.7571495
              ],
              [
                -80.1111534,
                26.7572165
              ],
              [
                -80.1105419,
                26.7571686
              ],
              [
                -80.110456,
                26.756344699999985
              ],
              [
                -80.1104882,
                26.7562681
              ],
              [
                -80.11058183989417,
                26.75626317162462
              ],
              [
                -80.11058183969955,
                26.75626317159476
              ],
              [
                -80.1106706,
                26.756258500000015
              ],
              [
                -80.1111649586286,
                26.75635267817542
              ],
              [
                -80.11116493681874,
                26.75635267482775
              ],
              [
                -80.1114753,
                26.756411799999977
              ]
            ]
          ],
          [
            [
              [
                -80.1078653,
                26.75632919999998
              ],
              [
                -80.1079195,
                26.7563174
              ],
              [
                -80.1079744,
                26.7563074
              ],
              [
                -80.10803340000001,
                26.7563002
              ],
              [
                -80.1080924,
                26.7562966
              ],
              [
                -80.1081645,
                26.7562984
              ],
              [
                -80.108238,
                26.756304899999968
              ],
              [
                -80.1083011,
                26.7563161
              ],
              [
                -80.1083641,
                26.75632969999998
              ],
              [
                -80.1084599,
                26.756363899999986
              ],
              [
                -80.1085523,
                26.7564029
              ],
              [
                -80.1085435,
                26.7564262
              ],
              [
                -80.1085129,
                26.7565072
              ],
              [
                -80.10850120000002,
                26.7565383
              ],
              [
                -80.1084553,
                26.7566597
              ],
              [
                -80.1084384,
                26.7567044
              ],
              [
                -80.1084255,
                26.756738499999987
              ],
              [
                -80.10846180000001,
                26.7570559
              ],
              [
                -80.1083542,
                26.7573554
              ],
              [
                -80.1082204,
                26.757417
              ],
              [
                -80.1078762,
                26.7573189
              ],
              [
                -80.1076324,
                26.7571482
              ],
              [
                -80.1074799,
                26.7571018
              ],
              [
                -80.1074324,
                26.7570873
              ],
              [
                -80.1073083,
                26.7570496
              ],
              [
                -80.1072195,
                26.7570226
              ],
              [
                -80.1072313,
                26.7569698
              ],
              [
                -80.1072441,
                26.7569273
              ],
              [
                -80.1072576,
                26.7568854
              ],
              [
                -80.107274,
                26.756836800000016
              ],
              [
                -80.1072945,
                26.7567882
              ],
              [
                -80.1073202,
                26.7567378
              ],
              [
                -80.1073499,
                26.7566881
              ],
              [
                -80.1073837,
                26.7566402
              ],
              [
                -80.10742220000002,
                26.7565942
              ],
              [
                -80.1074506,
                26.75656639999998
              ],
              [
                -80.1074784,
                26.756539199999988
              ],
              [
                -80.10750740000002,
                26.7565124
              ],
              [
                -80.1075385,
                26.7564867
              ],
              [
                -80.1075719,
                26.756463499999985
              ],
              [
                -80.1076066,
                26.7564415
              ],
              [
                -80.1076404,
                26.7564213
              ],
              [
                -80.1076768,
                26.756401699999973
              ],
              [
                -80.1077227,
                26.756381299999983
              ],
              [
                -80.1077694,
                26.7563622
              ],
              [
                -80.1078167,
                26.7563445
              ],
              [
                -80.1078653,
                26.75632919999998
              ]
            ]
          ],
          [
            [
              [
                -80.1071916,
                26.7574116
              ],
              [
                -80.1070384,
                26.757402300000013
              ],
              [
                -80.107056,
                26.757172799999985
              ],
              [
                -80.1072096,
                26.7571823
              ],
              [
                -80.1071916,
                26.7574116
              ]
            ]
          ],
          [
            [
              [
                -80.1072217,
                26.7574129
              ],
              [
                -80.1072393,
                26.7571835
              ],
              [
                -80.1073929,
                26.757193
              ],
              [
                -80.1073749,
                26.7574222
              ],
              [
                -80.1072217,
                26.7574129
              ]
            ]
          ],
          [
            [
              [
                -80.107406,
                26.75742519999998
              ],
              [
                -80.1074236,
                26.7571958
              ],
              [
                -80.1075772,
                26.75720529999999
              ],
              [
                -80.1075592,
                26.757434499999988
              ],
              [
                -80.107406,
                26.75742519999998
              ]
            ]
          ],
          [
            [
              [
                -80.1125958,
                26.7570045
              ],
              [
                -80.1126105,
                26.7570191
              ],
              [
                -80.1126232,
                26.757034
              ],
              [
                -80.1126339,
                26.7570518
              ],
              [
                -80.1126426,
                26.7570709
              ],
              [
                -80.1126492,
                26.75709
              ],
              [
                -80.1126532,
                26.75710840000001
              ],
              [
                -80.1126545,
                26.75712869999998
              ],
              [
                -80.1126524,
                26.75714839999998
              ],
              [
                -80.1126494,
                26.757168
              ],
              [
                -80.11255069999999,
                26.7576316
              ],
              [
                -80.1124675,
                26.7576822
              ],
              [
                -80.1124425,
                26.7579608
              ],
              [
                -80.1120518,
                26.757921300000017
              ],
              [
                -80.1120136,
                26.7579817
              ],
              [
                -80.1116258,
                26.7579132
              ],
              [
                -80.1114018,
                26.757674599999984
              ],
              [
                -80.1114135,
                26.7576235
              ],
              [
                -80.1114089,
                26.7576184
              ],
              [
                -80.1114429,
                26.7574457
              ],
              [
                -80.1114228,
                26.7574232
              ],
              [
                -80.1115071,
                26.7570123
              ],
              [
                -80.1117245,
                26.757027
              ],
              [
                -80.1117521,
                26.7570128
              ],
              [
                -80.111781,
                26.7570009
              ],
              [
                -80.1118079,
                26.756990899999987
              ],
              [
                -80.1118365,
                26.7569824
              ],
              [
                -80.1118666,
                26.7569762
              ],
              [
                -80.1118963,
                26.75697159999999
              ],
              [
                -80.1119578,
                26.7569689
              ],
              [
                -80.1124646,
                26.7569552
              ],
              [
                -80.1124852,
                26.7569552
              ],
              [
                -80.1125058,
                26.7569575
              ],
              [
                -80.1125257,
                26.7569626
              ],
              [
                -80.1125436,
                26.7569701
              ],
              [
                -80.112563,
                26.7569793
              ],
              [
                -80.1125797,
                26.756991
              ],
              [
                -80.1125958,
                26.7570045
              ]
            ]
          ],
          [
            [
              [
                -80.1136717,
                26.758059
              ],
              [
                -80.1136263,
                26.7580645
              ],
              [
                -80.1135809,
                26.7580645
              ],
              [
                -80.1129597,
                26.7580211
              ],
              [
                -80.1129016,
                26.7572074
              ],
              [
                -80.1128997,
                26.7571654
              ],
              [
                -80.1128993,
                26.757144399999987
              ],
              [
                -80.1129012,
                26.75712339999998
              ],
              [
                -80.112904,
                26.7571114
              ],
              [
                -80.112908,
                26.757099399999987
              ],
              [
                -80.1129143,
                26.75708740000001
              ],
              [
                -80.1129207,
                26.7570765
              ],
              [
                -80.1129267,
                26.75706759999999
              ],
              [
                -80.1129339,
                26.75705920000002
              ],
              [
                -80.1129498,
                26.7570428
              ],
              [
                -80.1129606,
                26.757034
              ],
              [
                -80.1129725,
                26.75702569999999
              ],
              [
                -80.11298539999999,
                26.7570183
              ],
              [
                -80.1129989,
                26.757012
              ],
              [
                -80.1130122,
                26.757006900000015
              ],
              [
                -80.1130266,
                26.7570029
              ],
              [
                -80.1130413,
                26.7569997
              ],
              [
                -80.1130559,
                26.75699750000001
              ],
              [
                -80.1130715,
                26.75699659999998
              ],
              [
                -80.1130872,
                26.7569973
              ],
              [
                -80.1131178,
                26.7570013
              ],
              [
                -80.1131743,
                26.7570119
              ],
              [
                -80.1140436,
                26.75718619999999
              ],
              [
                -80.1140061,
                26.757691699999988
              ],
              [
                -80.11400190000002,
                26.757725100000012
              ],
              [
                -80.1139964,
                26.75775859999999
              ],
              [
                -80.1139885,
                26.7577926
              ],
              [
                -80.1139766,
                26.7578254
              ],
              [
                -80.1139595,
                26.7578587
              ],
              [
                -80.113939,
                26.757892
              ],
              [
                -80.1139132,
                26.757923499999986
              ],
              [
                -80.113884,
                26.757953199999974
              ],
              [
                -80.1138526,
                26.75797719999998
              ],
              [
                -80.1138206,
                26.757999399999985
              ],
              [
                -80.1137856,
                26.7580196
              ],
              [
                -80.1137479,
                26.7580373
              ],
              [
                -80.1137105,
                26.7580496
              ],
              [
                -80.1136717,
                26.758059
              ]
            ]
          ],
          [
            [
              [
                -80.1899658,
                26.7113161
              ],
              [
                -80.189633,
                26.7113914
              ],
              [
                -80.1894455,
                26.7114455
              ],
              [
                -80.1890697,
                26.71161659999999
              ],
              [
                -80.1888393,
                26.71174260000001
              ],
              [
                -80.1887642,
                26.711642
              ],
              [
                -80.1893326,
                26.7112955
              ],
              [
                -80.189456,
                26.7111518
              ],
              [
                -80.189425,
                26.7108011
              ],
              [
                -80.1893918,
                26.7104392
              ],
              [
                -80.1894667,
                26.7103515
              ],
              [
                -80.1893379,
                26.7100257
              ],
              [
                -80.1893543,
                26.70963419999999
              ],
              [
                -80.1891773,
                26.7094904
              ],
              [
                -80.1889571,
                26.7094267
              ],
              [
                -80.185331,
                26.7093371
              ],
              [
                -80.1852076,
                26.7093946
              ],
              [
                -80.1851698,
                26.709230199999986
              ],
              [
                -80.1891669,
                26.709340599999983
              ],
              [
                -80.1893326,
                26.7093452
              ],
              [
                -80.1895364,
                26.709345199999987
              ],
              [
                -80.1895632,
                26.70930209999998
              ],
              [
                -80.1896383,
                26.709297299999978
              ],
              [
                -80.1899441,
                26.709282899999987
              ],
              [
                -80.19006210000002,
                26.709263699999987
              ],
              [
                -80.1900782,
                26.7092302
              ],
              [
                -80.1909786103975,
                26.70924835511792
              ],
              [
                -80.19097861119756,
                26.70924835077924
              ],
              [
                -80.1911392966974,
                26.70925159424334
              ],
              [
                -80.19198674725224,
                26.709268673110916
              ],
              [
                -80.19198674303296,
                26.709268695992797
              ],
              [
                -80.1967355,
                26.709364399999988
              ],
              [
                -80.196832,
                26.7094267
              ],
              [
                -80.1978244,
                26.70943619999998
              ],
              [
                -80.1978835,
                26.7094938
              ],
              [
                -80.1978459,
                26.7114058
              ],
              [
                -80.1977067,
                26.7113976
              ],
              [
                -80.19773350000001,
                26.7099984
              ],
              [
                -80.197347,
                26.7095896
              ],
              [
                -80.19102341811133,
                26.70946668474258
              ],
              [
                -80.190443,
                26.7094554
              ],
              [
                -80.1903145,
                26.7094856
              ],
              [
                -80.1902019,
                26.709615
              ],
              [
                -80.19026060000002,
                26.7101311
              ],
              [
                -80.1901533,
                26.710917
              ],
              [
                -80.1901694,
                26.7111374
              ],
              [
                -80.1902338,
                26.711262
              ],
              [
                -80.19045910000001,
                26.711223699999984
              ],
              [
                -80.19060670701568,
                26.71126511804811
              ],
              [
                -80.19060670711946,
                26.71126511748523
              ],
              [
                -80.1912959,
                26.7114585
              ],
              [
                -80.1914518,
                26.7111532
              ],
              [
                -80.191543,
                26.71119159999997
              ],
              [
                -80.1913871,
                26.7114776
              ],
              [
                -80.1913174,
                26.7115208
              ],
              [
                -80.1905559,
                26.7113161
              ],
              [
                -80.1901429,
                26.711316100000026
              ],
              [
                -80.1899658,
                26.7113161
              ]
            ]
          ],
          [
            [
              [
                -80.182744,
                26.7112148
              ],
              [
                -80.1826464,
                26.71121
              ],
              [
                -80.1826567,
                26.711041499999983
              ],
              [
                -80.1827543,
                26.71104629999998
              ],
              [
                -80.182744,
                26.7112148
              ]
            ]
          ],
          [
            [
              [
                -80.1827675,
                26.711406499999967
              ],
              [
                -80.1827768,
                26.7110685
              ],
              [
                -80.1829671,
                26.71107270000001
              ],
              [
                -80.1829579,
                26.7114107
              ],
              [
                -80.1827675,
                26.711406499999967
              ]
            ]
          ],
          [
            [
              [
                -80.2085118,
                26.7730674
              ],
              [
                -80.2085772,
                26.7731022
              ],
              [
                -80.20860140000002,
                26.7731621
              ],
              [
                -80.2085853,
                26.7732148
              ],
              [
                -80.2085477,
                26.7732387
              ],
              [
                -80.2083144,
                26.773301
              ],
              [
                -80.2082543,
                26.7732709
              ],
              [
                -80.2082301,
                26.7731871
              ],
              [
                -80.2082419,
                26.7730567
              ],
              [
                -80.2082865,
                26.773002699999985
              ],
              [
                -80.208375,
                26.77300509999999
              ],
              [
                -80.2085118,
                26.7730674
              ]
            ]
          ],
          [
            [
              [
                -80.138699,
                26.736234199999984
              ],
              [
                -80.1381863,
                26.736226899999988
              ],
              [
                -80.1382013,
                26.7353807
              ],
              [
                -80.1387141,
                26.7353879
              ],
              [
                -80.138699,
                26.736234199999984
              ]
            ]
          ],
          [
            [
              [
                -80.1371197,
                26.7356269
              ],
              [
                -80.1378068,
                26.7358674
              ],
              [
                -80.137866,
                26.735996
              ],
              [
                -80.1375906,
                26.7366113
              ],
              [
                -80.1375019,
                26.7365998
              ],
              [
                -80.1372686,
                26.7365218
              ],
              [
                -80.1371154,
                26.7363965
              ],
              [
                -80.1370081,
                26.7362214
              ],
              [
                -80.1369995,
                26.736002799999987
              ],
              [
                -80.1370439,
                26.7358008
              ],
              [
                -80.1371197,
                26.7356269
              ]
            ]
          ],
          [
            [
              [
                -80.132193,
                26.77861779999998
              ],
              [
                -80.13130264669438,
                26.794053303950886
              ],
              [
                -80.1312604,
                26.7947857
              ],
              [
                -80.13117750875776,
                26.794730384661243
              ],
              [
                -80.13120384588643,
                26.794079897928906
              ],
              [
                -80.1314114977626,
                26.78895082799785
              ],
              [
                -80.13142249793935,
                26.788656828247866
              ],
              [
                -80.13163850166443,
                26.78246283350659
              ],
              [
                -80.13177390625799,
                26.778615819934323
              ],
              [
                -80.13177405624353,
                26.77861155844371
              ],
              [
                -80.132193,
                26.77861779999998
              ]
            ]
          ],
          [
            [
              [
                -80.1702409,
                26.8087804
              ],
              [
                -80.1706424,
                26.8091323
              ],
              [
                -80.170178,
                26.8105755
              ],
              [
                -80.16863880000001,
                26.8105262
              ],
              [
                -80.1697583,
                26.8087034
              ],
              [
                -80.1702409,
                26.8087804
              ]
            ]
          ],
          [
            [
              [
                -80.1754294,
                26.81672879999999
              ],
              [
                -80.17520070000002,
                26.8167778
              ],
              [
                -80.1749972,
                26.81673269999998
              ],
              [
                -80.173938,
                26.81556869999999
              ],
              [
                -80.1739584,
                26.8151708
              ],
              [
                -80.1746476,
                26.81474060000001
              ],
              [
                -80.1746145,
                26.814374399999977
              ],
              [
                -80.1742235,
                26.8133616
              ],
              [
                -80.1740537,
                26.8128463
              ],
              [
                -80.1735338,
                26.812730599999984
              ],
              [
                -80.1724414,
                26.812709899999987
              ],
              [
                -80.1724547,
                26.8124984
              ],
              [
                -80.1726352,
                26.8123989
              ],
              [
                -80.1727157,
                26.8124864
              ],
              [
                -80.1728312,
                26.812385
              ],
              [
                -80.1728786,
                26.8122894
              ],
              [
                -80.17298097601982,
                26.812230384964888
              ],
              [
                -80.1729809760127,
                26.812230385003463
              ],
              [
                -80.1730179,
                26.8122091
              ],
              [
                -80.1732208,
                26.812081600000013
              ],
              [
                -80.1733168,
                26.812108
              ],
              [
                -80.173464,
                26.8121843
              ],
              [
                -80.1736222,
                26.812215199999983
              ],
              [
                -80.173702,
                26.8121332
              ],
              [
                -80.17384120000001,
                26.812136899999967
              ],
              [
                -80.1738888,
                26.811993899999983
              ],
              [
                -80.1740033,
                26.8118815
              ],
              [
                -80.1741701,
                26.81188919999999
              ],
              [
                -80.174181,
                26.8111937
              ],
              [
                -80.174396,
                26.811197299999986
              ],
              [
                -80.1743433,
                26.8128177
              ],
              [
                -80.17440269999999,
                26.8132251
              ],
              [
                -80.1748726,
                26.8145847
              ],
              [
                -80.1747984,
                26.8149605
              ],
              [
                -80.17408660000001,
                26.8154311
              ],
              [
                -80.1754567,
                26.8163788
              ],
              [
                -80.17551130000001,
                26.81653659999999
              ],
              [
                -80.1754294,
                26.81672879999999
              ]
            ]
          ],
          [
            [
              [
                -80.13555925139956,
                26.899712576275764
              ],
              [
                -80.13558751060175,
                26.899780222607927
              ],
              [
                -80.13656184222353,
                26.899432940296755
              ],
              [
                -80.13697534034206,
                26.90036024658484
              ],
              [
                -80.1368811747529,
                26.90036489260827
              ],
              [
                -80.1368899,
                26.900396
              ],
              [
                -80.1365734,
                26.90041520000002
              ],
              [
                -80.1362569,
                26.9004295
              ],
              [
                -80.13604230000001,
                26.9004487
              ],
              [
                -80.1357993,
                26.9004647
              ],
              [
                -80.1354844,
                26.9004869
              ],
              [
                -80.1347982,
                26.90052420000001
              ],
              [
                -80.13479501817558,
                26.90046779932802
              ],
              [
                -80.13479208206206,
                26.900467944132213
              ],
              [
                -80.13475864317394,
                26.89991803145584
              ],
              [
                -80.13476398908695,
                26.899917776739198
              ],
              [
                -80.1347617,
                26.899877199999985
              ],
              [
                -80.1352789,
                26.8998619
              ],
              [
                -80.13534664866788,
                26.89985723345621
              ],
              [
                -80.13548393934107,
                26.899720053905238
              ],
              [
                -80.13555925139956,
                26.899712576275764
              ]
            ]
          ],
          [
            [
              [
                -80.1296612,
                26.9070344
              ],
              [
                -80.1295623,
                26.90679720000001
              ],
              [
                -80.1297008,
                26.9067513
              ],
              [
                -80.1297997,
                26.9069885
              ],
              [
                -80.1296612,
                26.9070344
              ]
            ]
          ],
          [
            [
              [
                -80.12973,
                26.907174300000012
              ],
              [
                -80.1298685,
                26.9071284
              ],
              [
                -80.1299674,
                26.907365599999977
              ],
              [
                -80.1298289,
                26.907411499999988
              ],
              [
                -80.12973,
                26.907174300000012
              ]
            ]
          ],
          [
            [
              [
                -80.1300648,
                26.907226899999984
              ],
              [
                -80.1302033,
                26.907181
              ],
              [
                -80.1303023,
                26.9074182
              ],
              [
                -80.1301638,
                26.9074641
              ],
              [
                -80.1300648,
                26.907226899999984
              ]
            ]
          ],
          [
            [
              [
                -80.129656,
                26.9074713
              ],
              [
                -80.12955710000001,
                26.9072341
              ],
              [
                -80.1296956,
                26.9071881
              ],
              [
                -80.1297945,
                26.9074253
              ],
              [
                -80.129656,
                26.9074713
              ]
            ]
          ],
          [
            [
              [
                -80.13174631566156,
                26.916348073557295
              ],
              [
                -80.1317426,
                26.9162488
              ],
              [
                -80.1324213,
                26.9159245
              ],
              [
                -80.1326723,
                26.9156862
              ],
              [
                -80.1328746,
                26.9154305
              ],
              [
                -80.1331556,
                26.9156635
              ],
              [
                -80.1334127,
                26.91593149999999
              ],
              [
                -80.1334975,
                26.9160285
              ],
              [
                -80.1337207,
                26.91628390000002
              ],
              [
                -80.1339156,
                26.9165778
              ],
              [
                -80.1340608,
                26.9167828
              ],
              [
                -80.13423620000002,
                26.9171095
              ],
              [
                -80.1344345,
                26.9175989
              ],
              [
                -80.1341088,
                26.91766530000001
              ],
              [
                -80.1338384,
                26.91769909999998
              ],
              [
                -80.1332511,
                26.917725400000016
              ],
              [
                -80.1317981,
                26.91773159999998
              ],
              [
                -80.13179646333857,
                26.917687873945923
              ],
              [
                -80.1317418147856,
                26.917688416562946
              ],
              [
                -80.13173876859847,
                26.91744086317253
              ],
              [
                -80.13173545291676,
                26.91717130514848
              ],
              [
                -80.13173342272421,
                26.917006269125984
              ],
              [
                -80.13173139253168,
                26.916841233663117
              ],
              [
                -80.13172688298894,
                26.916474579618836
              ],
              [
                -80.13172538370075,
                26.916352668389088
              ],
              [
                -80.13174631566156,
                26.916348073557295
              ]
            ]
          ],
          [
            [
              [
                -80.1594848,
                26.922792199999982
              ],
              [
                -80.1595331,
                26.9227633
              ],
              [
                -80.1596297,
                26.9227707
              ],
              [
                -80.1596618,
                26.9228135
              ],
              [
                -80.1597048,
                26.9227898
              ],
              [
                -80.15982010000002,
                26.922804200000012
              ],
              [
                -80.1598389,
                26.9228472
              ],
              [
                -80.1598845,
                26.9228233
              ],
              [
                -80.16000780000003,
                26.9228448
              ],
              [
                -80.160032,
                26.922892399999984
              ],
              [
                -80.1599649,
                26.9231581
              ],
              [
                -80.1599193,
                26.9231866
              ],
              [
                -80.1597933,
                26.92316029999999
              ],
              [
                -80.1597933,
                26.923139
              ],
              [
                -80.1597423,
                26.9231462
              ],
              [
                -80.1596028,
                26.923122
              ],
              [
                -80.15958940000002,
                26.9230936
              ],
              [
                -80.1595492,
                26.9231124
              ],
              [
                -80.1594419,
                26.9230861
              ],
              [
                -80.1594204,
                26.9230553
              ],
              [
                -80.1594848,
                26.922792199999982
              ]
            ]
          ],
          [
            [
              [
                -80.1113397,
                26.7574226
              ],
              [
                -80.1113425,
                26.7574322
              ],
              [
                -80.1113439,
                26.7574435
              ],
              [
                -80.11134449999999,
                26.757454499999984
              ],
              [
                -80.1113419,
                26.757486399999983
              ],
              [
                -80.1113092,
                26.7578639
              ],
              [
                -80.1107586,
                26.757826
              ],
              [
                -80.1108035,
                26.7573303
              ],
              [
                -80.1112484,
                26.7573613
              ],
              [
                -80.1112642,
                26.75736270000002
              ],
              [
                -80.1112801,
                26.7573659
              ],
              [
                -80.1112929,
                26.7573714
              ],
              [
                -80.1113031,
                26.7573767
              ],
              [
                -80.1113117,
                26.7573828
              ],
              [
                -80.1113191,
                26.757389799999984
              ],
              [
                -80.111326,
                26.7573981
              ],
              [
                -80.11133129999999,
                26.75740469999998
              ],
              [
                -80.1113361,
                26.7574127
              ],
              [
                -80.1113397,
                26.7574226
              ]
            ]
          ],
          [
            [
              [
                -80.1076166,
                26.7577838
              ],
              [
                -80.1075069,
                26.757777
              ],
              [
                -80.1075235,
                26.757563
              ],
              [
                -80.1076333,
                26.757569799999988
              ],
              [
                -80.1076166,
                26.7577838
              ]
            ]
          ],
          [
            [
              [
                -80.1077635,
                26.757792899999977
              ],
              [
                -80.10765370000003,
                26.7577861
              ],
              [
                -80.1076703,
                26.757572099999987
              ],
              [
                -80.1077801,
                26.7575789
              ],
              [
                -80.1077635,
                26.757792899999977
              ]
            ]
          ],
          [
            [
              [
                -80.10794,
                26.7578035
              ],
              [
                -80.1078303,
                26.7577967
              ],
              [
                -80.1078468,
                26.7575828
              ],
              [
                -80.1079567,
                26.7575895
              ],
              [
                -80.10794,
                26.7578035
              ]
            ]
          ],
          [
            [
              [
                -80.113671,
                26.752771
              ],
              [
                -80.1136466,
                26.752515
              ],
              [
                -80.1136693,
                26.7524218
              ],
              [
                -80.1137123,
                26.7522454
              ],
              [
                -80.1137276,
                26.752182699999988
              ],
              [
                -80.1137387,
                26.7521405
              ],
              [
                -80.1137469,
                26.7521211
              ],
              [
                -80.1137559,
                26.752102399999988
              ],
              [
                -80.1137691,
                26.7520836
              ],
              [
                -80.1137824,
                26.752069700000014
              ],
              [
                -80.1137971,
                26.75206
              ],
              [
                -80.1138142,
                26.7520498
              ],
              [
                -80.1138331,
                26.752040699999988
              ],
              [
                -80.1138562,
                26.752032
              ],
              [
                -80.1138785,
                26.7520273
              ],
              [
                -80.1139004,
                26.752025499999984
              ],
              [
                -80.1139229,
                26.7520258
              ],
              [
                -80.1139447,
                26.75202889999998
              ],
              [
                -80.1139657,
                26.7520327
              ],
              [
                -80.1139859,
                26.752037199999986
              ],
              [
                -80.1143573,
                26.7521055
              ],
              [
                -80.1146373,
                26.75223359999998
              ],
              [
                -80.1146611,
                26.7522672
              ],
              [
                -80.1148929,
                26.752309499999985
              ],
              [
                -80.1149101,
                26.7525878
              ],
              [
                -80.114751,
                26.7528757
              ],
              [
                -80.1147269,
                26.752875599999978
              ],
              [
                -80.1146054,
                26.753080899999965
              ],
              [
                -80.1139422,
                26.7531875
              ],
              [
                -80.1136566,
                26.7530545
              ],
              [
                -80.1136684,
                26.7529935
              ],
              [
                -80.1137035,
                26.752812599999984
              ],
              [
                -80.113671,
                26.752771
              ]
            ]
          ],
          [
            [
              [
                -80.12548185082929,
                26.760476374862325
              ],
              [
                -80.12547319376489,
                26.7604915049243
              ],
              [
                -80.12523385203049,
                26.761103238843482
              ],
              [
                -80.12521274431627,
                26.76115659200119
              ],
              [
                -80.12506795745202,
                26.761352778558212
              ],
              [
                -80.1250213124309,
                26.761456670862277
              ],
              [
                -80.12499026575637,
                26.761546193537843
              ],
              [
                -80.12458476174554,
                26.761534350602542
              ],
              [
                -80.1246021216884,
                26.76105618614541
              ],
              [
                -80.12466357184373,
                26.761056564735956
              ],
              [
                -80.1246655679003,
                26.761001577655673
              ],
              [
                -80.12460411864328,
                26.761001198262857
              ],
              [
                -80.12462408190385,
                26.76045132198415
              ],
              [
                -80.12548185082929,
                26.760476374862325
              ]
            ]
          ],
          [
            [
              [
                -80.12774250401054,
                26.778497835439655
              ],
              [
                -80.12763950395626,
                26.77858683532814
              ],
              [
                -80.12629550395694,
                26.7785638348707
              ],
              [
                -80.12575750397197,
                26.778529834708586
              ],
              [
                -80.12453283526442,
                26.77850341074927
              ],
              [
                -80.12453283526449,
                26.77850341074927
              ],
              [
                -80.12399650397738,
                26.77849183411617
              ],
              [
                -80.12375450400475,
                26.7784418340728
              ],
              [
                -80.12338550400827,
                26.778429833952174
              ],
              [
                -80.12296950400179,
                26.77843383380127
              ],
              [
                -80.12269150399132,
                26.77844683369162
              ],
              [
                -80.12117450400486,
                26.77839883319469
              ],
              [
                -80.11818850402616,
                26.77831283221001
              ],
              [
                -80.11694050402849,
                26.778287831789296
              ],
              [
                -80.1160794536303,
                26.7782587330968
              ],
              [
                -80.1160704549225,
                26.77815771341171
              ],
              [
                -80.12680743630357,
                26.778465039722125
              ],
              [
                -80.12856986147841,
                26.778518573406394
              ],
              [
                -80.12774250401054,
                26.778497835439655
              ]
            ]
          ],
          [
            [
              [
                -80.1197219,
                26.8838705
              ],
              [
                -80.1196914,
                26.8838406
              ],
              [
                -80.11967,
                26.8838306
              ],
              [
                -80.1196304,
                26.8838188
              ],
              [
                -80.11961410000002,
                26.8838052
              ],
              [
                -80.1195908,
                26.88376620000001
              ],
              [
                -80.1195643,
                26.88374360000001
              ],
              [
                -80.1195166,
                26.88373
              ],
              [
                -80.1194922,
                26.8837164
              ],
              [
                -80.1194911,
                26.883685499999988
              ],
              [
                -80.1195094,
                26.8836656
              ],
              [
                -80.119545,
                26.8836665
              ],
              [
                -80.1195908,
                26.88367189999999
              ],
              [
                -80.1196223,
                26.8836611
              ],
              [
                -80.1196507,
                26.88363390000001
              ],
              [
                -80.1196792,
                26.88361659999999
              ],
              [
                -80.1197046,
                26.8836221
              ],
              [
                -80.1197158,
                26.8836447
              ],
              [
                -80.1197229,
                26.88368009999999
              ],
              [
                -80.1197513,
                26.8837191
              ],
              [
                -80.11979810000001,
                26.883758099999973
              ],
              [
                -80.1198022,
                26.8837862
              ],
              [
                -80.1197747,
                26.883819699999975
              ],
              [
                -80.1197595,
                26.8838569
              ],
              [
                -80.1197412,
                26.8838705
              ],
              [
                -80.1197219,
                26.8838705
              ]
            ]
          ],
          [
            [
              [
                -80.1080856,
                26.7578138
              ],
              [
                -80.1079758,
                26.757807
              ],
              [
                -80.1079924,
                26.757593
              ],
              [
                -80.1081022,
                26.757599799999987
              ],
              [
                -80.1080856,
                26.7578138
              ]
            ]
          ],
          [
            [
              [
                -80.108263,
                26.7578241
              ],
              [
                -80.1081532,
                26.7578173
              ],
              [
                -80.1081698,
                26.75760329999998
              ],
              [
                -80.1082796,
                26.7576101
              ],
              [
                -80.108263,
                26.7578241
              ]
            ]
          ],
          [
            [
              [
                -80.1084274,
                26.7576203
              ],
              [
                -80.10841079999999,
                26.7578343
              ],
              [
                -80.108301,
                26.7578275
              ],
              [
                -80.1083176,
                26.7576135
              ],
              [
                -80.1084274,
                26.7576203
              ]
            ]
          ],
          [
            [
              [
                -80.11427740000002,
                26.8855836
              ],
              [
                -80.1141905,
                26.8857642
              ],
              [
                -80.1140742,
                26.8857197
              ],
              [
                -80.1141612,
                26.885539099999985
              ],
              [
                -80.11427740000002,
                26.8855836
              ]
            ]
          ],
          [
            [
              [
                -80.1243074,
                26.8844418
              ],
              [
                -80.1243316,
                26.8843965
              ],
              [
                -80.1243606,
                26.8843792
              ],
              [
                -80.1244082,
                26.884366300000014
              ],
              [
                -80.1244405,
                26.8843627
              ],
              [
                -80.1244607,
                26.8843706
              ],
              [
                -80.1244631,
                26.8843907
              ],
              [
                -80.124455,
                26.8844181
              ],
              [
                -80.1244671,
                26.884444
              ],
              [
                -80.1244598,
                26.884462
              ],
              [
                -80.1244284,
                26.8844706
              ],
              [
                -80.1243969,
                26.8844835
              ],
              [
                -80.124376,
                26.884503700000014
              ],
              [
                -80.1243679,
                26.884540399999988
              ],
              [
                -80.1243881,
                26.88458
              ],
              [
                -80.1243929,
                26.8846059
              ],
              [
                -80.1243663,
                26.8846159
              ],
              [
                -80.124334,
                26.8846073
              ],
              [
                -80.1242929,
                26.884585
              ],
              [
                -80.1242703,
                26.8845591
              ],
              [
                -80.1242679,
                26.884525299999975
              ],
              [
                -80.124284,
                26.8844843
              ],
              [
                -80.1243074,
                26.8844418
              ]
            ]
          ],
          [
            [
              [
                -80.1200743,
                26.8846114
              ],
              [
                -80.1200239,
                26.8845941
              ],
              [
                -80.1199783,
                26.8845708
              ],
              [
                -80.1199579,
                26.884554299999973
              ],
              [
                -80.1199569,
                26.884535299999985
              ],
              [
                -80.1199783,
                26.8845102
              ],
              [
                -80.12002190000001,
                26.884487699999987
              ],
              [
                -80.1200394,
                26.8844678
              ],
              [
                -80.1200695,
                26.8844643
              ],
              [
                -80.1201025,
                26.8844894
              ],
              [
                -80.1201355,
                26.88450149999998
              ],
              [
                -80.1201762,
                26.884511
              ],
              [
                -80.1201927,
                26.8845283
              ],
              [
                -80.1202102,
                26.8845742
              ],
              [
                -80.1202248,
                26.8845959
              ],
              [
                -80.1202578,
                26.8846201
              ],
              [
                -80.12027230000001,
                26.8846391
              ],
              [
                -80.1202655,
                26.884656499999984
              ],
              [
                -80.1202403,
                26.8846591
              ],
              [
                -80.1202121,
                26.8846625
              ],
              [
                -80.1201908,
                26.88467379999997
              ],
              [
                -80.1201733,
                26.884672
              ],
              [
                -80.1201539,
                26.88464349999996
              ],
              [
                -80.1201287,
                26.884623600000012
              ],
              [
                -80.1200743,
                26.8846114
              ]
            ]
          ],
          [
            [
              [
                -80.1254653,
                26.8851953
              ],
              [
                -80.1254349,
                26.8851938
              ],
              [
                -80.1254096,
                26.885178
              ],
              [
                -80.1253885,
                26.8851553
              ],
              [
                -80.1253851,
                26.885136500000012
              ],
              [
                -80.1254138,
                26.8851049
              ],
              [
                -80.1254324,
                26.8850732
              ],
              [
                -80.1254391,
                26.8850559
              ],
              [
                -80.1254527,
                26.8850506
              ],
              [
                -80.1254865,
                26.8850604
              ],
              [
                -80.1255101,
                26.885061199999985
              ],
              [
                -80.1255591,
                26.8850431
              ],
              [
                -80.1255963,
                26.8850295
              ],
              [
                -80.125625,
                26.885025
              ],
              [
                -80.1256402,
                26.88504160000001
              ],
              [
                -80.1256571,
                26.8850717
              ],
              [
                -80.125652,
                26.8850973
              ],
              [
                -80.1256301,
                26.8851154
              ],
              [
                -80.1255861,
                26.885126
              ],
              [
                -80.125549,
                26.8851448
              ],
              [
                -80.1255067,
                26.885178
              ],
              [
                -80.1254653,
                26.8851953
              ]
            ]
          ],
          [
            [
              [
                -80.124968,
                26.885319699999986
              ],
              [
                -80.1249884,
                26.885281
              ],
              [
                -80.1250149,
                26.8852692
              ],
              [
                -80.1250636,
                26.885288099999983
              ],
              [
                -80.1250893,
                26.885285
              ],
              [
                -80.1251282,
                26.8852652
              ],
              [
                -80.1251627,
                26.885255799999985
              ],
              [
                -80.1251892,
                26.8852708
              ],
              [
                -80.1252193,
                26.885311
              ],
              [
                -80.1252361,
                26.8853505
              ],
              [
                -80.1252432,
                26.8853813
              ],
              [
                -80.12523080000001,
                26.8854097
              ],
              [
                -80.1251795,
                26.8854325
              ],
              [
                -80.1251477,
                26.8854333
              ],
              [
                -80.1251123,
                26.885412799999983
              ],
              [
                -80.1250698,
                26.8853931
              ],
              [
                -80.1250123,
                26.8853868
              ],
              [
                -80.1249769,
                26.8853947
              ],
              [
                -80.1249388,
                26.8853805
              ],
              [
                -80.1249309,
                26.8853592
              ],
              [
                -80.124968,
                26.885319699999986
              ]
            ]
          ],
          [
            [
              [
                -80.1214091,
                26.8855297
              ],
              [
                -80.1214281,
                26.8855695
              ],
              [
                -80.1214158,
                26.8855844
              ],
              [
                -80.12138040000002,
                26.8855984
              ],
              [
                -80.1213656,
                26.885604299999986
              ],
              [
                -80.1213422,
                26.8856043
              ],
              [
                -80.1213277,
                26.8855745
              ],
              [
                -80.1213177,
                26.885528699999984
              ],
              [
                -80.12128980000001,
                26.885506899999985
              ],
              [
                -80.1212497,
                26.8854979
              ],
              [
                -80.1212073,
                26.8855009
              ],
              [
                -80.1211928,
                26.885488
              ],
              [
                -80.1211951,
                26.8854432
              ],
              [
                -80.1211862,
                26.8854144
              ],
              [
                -80.1211728,
                26.8853985
              ],
              [
                -80.1211884,
                26.8853856
              ],
              [
                -80.1212352,
                26.885380599999976
              ],
              [
                -80.12126530000002,
                26.8853677
              ],
              [
                -80.1212965,
                26.8853746
              ],
              [
                -80.1213166,
                26.88541539999999
              ],
              [
                -80.1213534,
                26.885435299999976
              ],
              [
                -80.1214024,
                26.8854273
              ],
              [
                -80.1214392,
                26.885430299999985
              ],
              [
                -80.1214548,
                26.88544819999999
              ],
              [
                -80.1214347,
                26.885472100000023
              ],
              [
                -80.1214113,
                26.8855049
              ],
              [
                -80.1214091,
                26.8855297
              ]
            ]
          ],
          [
            [
              [
                -80.1273724,
                26.8860478
              ],
              [
                -80.1274166,
                26.886017
              ],
              [
                -80.1274334,
                26.8859807
              ],
              [
                -80.1274361,
                26.8859262
              ],
              [
                -80.1274458,
                26.885886
              ],
              [
                -80.1274662,
                26.885871
              ],
              [
                -80.1275131,
                26.8858883
              ],
              [
                -80.1275591,
                26.8858931
              ],
              [
                -80.1275715,
                26.8859112
              ],
              [
                -80.1275458,
                26.8859586
              ],
              [
                -80.12752460000002,
                26.886001199999985
              ],
              [
                -80.1275263,
                26.886042199999984
              ],
              [
                -80.1275529,
                26.886085599999987
              ],
              [
                -80.1275653,
                26.886114
              ],
              [
                -80.1275476,
                26.886129
              ],
              [
                -80.1275193,
                26.8861259
              ],
              [
                -80.1274839,
                26.8861093
              ],
              [
                -80.1274547,
                26.8861085
              ],
              [
                -80.1274113,
                26.886110099999975
              ],
              [
                -80.127383,
                26.8860951
              ],
              [
                -80.1273644,
                26.8860683
              ],
              [
                -80.1273724,
                26.8860478
              ]
            ]
          ],
          [
            [
              [
                -80.1215449,
                26.8861122
              ],
              [
                -80.121556,
                26.8860714
              ],
              [
                -80.1215806,
                26.8860565
              ],
              [
                -80.1216162,
                26.886055499999987
              ],
              [
                -80.1216597,
                26.8860386
              ],
              [
                -80.1216954,
                26.886031600000017
              ],
              [
                -80.1217199,
                26.8860525
              ],
              [
                -80.1217233,
                26.8860853
              ],
              [
                -80.1217166,
                26.886118199999988
              ],
              [
                -80.1216798,
                26.8861738
              ],
              [
                -80.1216764,
                26.8862146
              ],
              [
                -80.1216909,
                26.8862464
              ],
              [
                -80.1216876,
                26.8862643
              ],
              [
                -80.1216675,
                26.8862693
              ],
              [
                -80.1216307,
                26.8862653
              ],
              [
                -80.121585,
                26.886281199999974
              ],
              [
                -80.1215583,
                26.8862832
              ],
              [
                -80.1215326,
                26.886271299999986
              ],
              [
                -80.1215148,
                26.886248400000017
              ],
              [
                -80.1215137,
                26.8862136
              ],
              [
                -80.1215404,
                26.88615690000001
              ],
              [
                -80.1215449,
                26.8861122
              ]
            ]
          ],
          [
            [
              [
                -80.1222691,
                26.8862635
              ],
              [
                -80.1222826,
                26.8862364
              ],
              [
                -80.12228680000001,
                26.8861972
              ],
              [
                -80.1222995,
                26.8861791
              ],
              [
                -80.122329,
                26.886179099999985
              ],
              [
                -80.1223764,
                26.886197199999987
              ],
              [
                -80.1224169,
                26.8862311
              ],
              [
                -80.1224507,
                26.8862515
              ],
              [
                -80.1224972,
                26.88626659999998
              ],
              [
                -80.122525,
                26.88628389999998
              ],
              [
                -80.1225394,
                26.886308
              ],
              [
                -80.1225386,
                26.8863366
              ],
              [
                -80.1225276,
                26.8863585
              ],
              [
                -80.12250390000001,
                26.886369
              ],
              [
                -80.1224583,
                26.886369
              ],
              [
                -80.1224186,
                26.8863743
              ],
              [
                -80.1223735,
                26.8863674
              ],
              [
                -80.12232820000001,
                26.8863321
              ],
              [
                -80.1222817,
                26.886305
              ],
              [
                -80.12226479999998,
                26.886286099999985
              ],
              [
                -80.1222691,
                26.8862635
              ]
            ]
          ],
          [
            [
              [
                -80.1236179,
                26.8862096
              ],
              [
                -80.1236636,
                26.886203
              ],
              [
                -80.1236977,
                26.886221
              ],
              [
                -80.1237073,
                26.886259
              ],
              [
                -80.1236828,
                26.8862951
              ],
              [
                -80.1236498,
                26.8863283
              ],
              [
                -80.1236264,
                26.886372
              ],
              [
                -80.1236008,
                26.8864356
              ],
              [
                -80.1235806,
                26.886464099999973
              ],
              [
                -80.1235765,
                26.886465
              ],
              [
                -80.1235529,
                26.8864698
              ],
              [
                -80.1234965,
                26.8864489
              ],
              [
                -80.1234816,
                26.886423299999986
              ],
              [
                -80.1234891,
                26.8863625
              ],
              [
                -80.1235135,
                26.8863103
              ],
              [
                -80.1235178,
                26.8862543
              ],
              [
                -80.12352519999999,
                26.8862182
              ],
              [
                -80.1235593,
                26.886201099999983
              ],
              [
                -80.1236179,
                26.8862096
              ]
            ]
          ],
          [
            [
              [
                -80.1170581,
                26.8865203
              ],
              [
                -80.11716730000002,
                26.88631780000001
              ],
              [
                -80.1172877,
                26.8863694
              ],
              [
                -80.1171784,
                26.886572
              ],
              [
                -80.1170581,
                26.8865203
              ]
            ]
          ],
          [
            [
              [
                -80.1172445,
                26.8865829
              ],
              [
                -80.11732879999998,
                26.886411
              ],
              [
                -80.1174289,
                26.88645
              ],
              [
                -80.1173446,
                26.886622
              ],
              [
                -80.1172445,
                26.8865829
              ]
            ]
          ],
          [
            [
              [
                -80.1176022,
                26.886797
              ],
              [
                -80.11771610000001,
                26.8865672
              ],
              [
                -80.1178361,
                26.886614499999983
              ],
              [
                -80.1177222,
                26.8868443
              ],
              [
                -80.1176022,
                26.886797
              ]
            ]
          ],
          [
            [
              [
                -80.1269933,
                26.8869605
              ],
              [
                -80.126972,
                26.8869663
              ],
              [
                -80.1269516,
                26.886958
              ],
              [
                -80.12692380000001,
                26.886921699999974
              ],
              [
                -80.1268904,
                26.886901
              ],
              [
                -80.1268747,
                26.886882
              ],
              [
                -80.1268719,
                26.886860499999983
              ],
              [
                -80.1268821,
                26.8868275
              ],
              [
                -80.1268821,
                26.8867878
              ],
              [
                -80.1268923,
                26.8867663
              ],
              [
                -80.1269201,
                26.8867539
              ],
              [
                -80.1269636,
                26.8867432
              ],
              [
                -80.1270007,
                26.8867175
              ],
              [
                -80.1270183,
                26.88669689999998
              ],
              [
                -80.1270396,
                26.8866927
              ],
              [
                -80.127048,
                26.886706
              ],
              [
                -80.1270498,
                26.8867506
              ],
              [
                -80.1270656,
                26.88677459999999
              ],
              [
                -80.1270878,
                26.8867952
              ],
              [
                -80.127086,
                26.8868151
              ],
              [
                -80.127047,
                26.8868258
              ],
              [
                -80.1270183,
                26.8868399
              ],
              [
                -80.1269998,
                26.886858
              ],
              [
                -80.1269951,
                26.88689359999998
              ],
              [
                -80.1270035,
                26.8869399
              ],
              [
                -80.1269933,
                26.8869605
              ]
            ]
          ],
          [
            [
              [
                -80.1198357,
                26.888044699999984
              ],
              [
                -80.1198282,
                26.88802
              ],
              [
                -80.119841,
                26.8879868
              ],
              [
                -80.1198612,
                26.8879555
              ],
              [
                -80.1198878,
                26.8879336
              ],
              [
                -80.11994319999998,
                26.887898499999984
              ],
              [
                -80.1199772,
                26.88787
              ],
              [
                -80.1200028,
                26.887833
              ],
              [
                -80.1200251,
                26.8878121
              ],
              [
                -80.1200507,
                26.8878093
              ],
              [
                -80.1200677,
                26.8878273
              ],
              [
                -80.12007620000001,
                26.8878776
              ],
              [
                -80.1200741,
                26.8879279
              ],
              [
                -80.12005490000001,
                26.8879564
              ],
              [
                -80.120007,
                26.8879735
              ],
              [
                -80.1199889,
                26.8879868
              ],
              [
                -80.1199709,
                26.8880143
              ],
              [
                -80.1199623,
                26.88806560000001
              ],
              [
                -80.1199474,
                26.888095
              ],
              [
                -80.1199198,
                26.8881074
              ],
              [
                -80.1198942,
                26.888097899999988
              ],
              [
                -80.1198655,
                26.8880694
              ],
              [
                -80.1198357,
                26.888044699999984
              ]
            ]
          ],
          [
            [
              [
                -80.1214343,
                26.8892604
              ],
              [
                -80.1213915,
                26.8892277
              ],
              [
                -80.121389,
                26.8891928
              ],
              [
                -80.1214123,
                26.8891677
              ],
              [
                -80.1214587,
                26.889155700000018
              ],
              [
                -80.1215003,
                26.8891415
              ],
              [
                -80.1215455,
                26.88915239999998
              ],
              [
                -80.1215932,
                26.8891928
              ],
              [
                -80.1216214,
                26.8892364
              ],
              [
                -80.121647,
                26.889304
              ],
              [
                -80.1216874,
                26.8893443
              ],
              [
                -80.1217045,
                26.8893825
              ],
              [
                -80.12168,
                26.8894239
              ],
              [
                -80.1216764,
                26.8894905
              ],
              [
                -80.1216678,
                26.8895101
              ],
              [
                -80.1216458,
                26.8895101
              ],
              [
                -80.121603,
                26.8894774
              ],
              [
                -80.12157,
                26.8894174
              ],
              [
                -80.1215358,
                26.8893422
              ],
              [
                -80.12150280000002,
                26.88930620000001
              ],
              [
                -80.1214343,
                26.8892604
              ]
            ]
          ],
          [
            [
              [
                -80.1167127,
                26.88968069999998
              ],
              [
                -80.1161415,
                26.8900033
              ],
              [
                -80.1160617,
                26.8898823
              ],
              [
                -80.1159827,
                26.8897098
              ],
              [
                -80.1159761,
                26.8895571
              ],
              [
                -80.116017,
                26.889428299999977
              ],
              [
                -80.1161186,
                26.889220100000014
              ],
              [
                -80.1161964,
                26.88924970000001
              ],
              [
                -80.1162751,
                26.8892796
              ],
              [
                -80.1164923,
                26.889362200000015
              ],
              [
                -80.1167127,
                26.88968069999998
              ]
            ]
          ],
          [
            [
              [
                -80.12332520000001,
                26.8899535
              ],
              [
                -80.1232836,
                26.8899527
              ],
              [
                -80.1232548,
                26.8899622
              ],
              [
                -80.1232314,
                26.8899779
              ],
              [
                -80.123219,
                26.8899818
              ],
              [
                -80.1232049,
                26.88997319999998
              ],
              [
                -80.1231889,
                26.8899305
              ],
              [
                -80.1231668,
                26.88989350000001
              ],
              [
                -80.1231659,
                26.889861899999982
              ],
              [
                -80.1231969,
                26.8898367
              ],
              [
                -80.1232455,
                26.8898312
              ],
              [
                -80.1233093,
                26.889843
              ],
              [
                -80.1233756,
                26.8898446
              ],
              [
                -80.1234252,
                26.8898509
              ],
              [
                -80.1234579,
                26.8898738
              ],
              [
                -80.1234721,
                26.889905299999985
              ],
              [
                -80.1234667,
                26.889939299999988
              ],
              [
                -80.1234535,
                26.8899787
              ],
              [
                -80.1234375,
                26.89000479999999
              ],
              [
                -80.1234137,
                26.8900079
              ],
              [
                -80.1233898,
                26.8899929
              ],
              [
                -80.1233588,
                26.8899653
              ],
              [
                -80.12332520000001,
                26.8899535
              ]
            ]
          ],
          [
            [
              [
                -80.1203693,
                26.8900341
              ],
              [
                -80.120386,
                26.8900101
              ],
              [
                -80.1204082,
                26.8900077
              ],
              [
                -80.1204305,
                26.890025
              ],
              [
                -80.1204601,
                26.89007129999998
              ],
              [
                -80.1205009,
                26.8900895
              ],
              [
                -80.1205481,
                26.89008620000001
              ],
              [
                -80.1205917,
                26.89008620000001
              ],
              [
                -80.1206278,
                26.8901019
              ],
              [
                -80.120638,
                26.8901341
              ],
              [
                -80.1206399,
                26.8901845
              ],
              [
                -80.1206454,
                26.8902093
              ],
              [
                -80.1206251,
                26.89022670000001
              ],
              [
                -80.1206056,
                26.890226699999985
              ],
              [
                -80.1205639,
                26.8902027
              ],
              [
                -80.120499,
                26.8901903
              ],
              [
                -80.1204425,
                26.890163
              ],
              [
                -80.1203962,
                26.8901258
              ],
              [
                -80.1203739,
                26.8900845
              ],
              [
                -80.1203693,
                26.8900341
              ]
            ]
          ],
          [
            [
              [
                -80.1266234,
                26.89097519999999
              ],
              [
                -80.1265778,
                26.8909562
              ],
              [
                -80.12655450000001,
                26.89094580000001
              ],
              [
                -80.1265448,
                26.8909276
              ],
              [
                -80.1265671,
                26.890905099999987
              ],
              [
                -80.1266322,
                26.89088
              ],
              [
                -80.1266642,
                26.8908514
              ],
              [
                -80.12669040000002,
                26.89084629999999
              ],
              [
                -80.1267156,
                26.8908644
              ],
              [
                -80.1267438,
                26.890918099999983
              ],
              [
                -80.1267797,
                26.890957
              ],
              [
                -80.1268146,
                26.8909761
              ],
              [
                -80.1268515,
                26.890989900000022
              ],
              [
                -80.126866,
                26.8910081
              ],
              [
                -80.1268602,
                26.8910358
              ],
              [
                -80.1268457,
                26.8910678
              ],
              [
                -80.1268301,
                26.891083400000014
              ],
              [
                -80.1268098,
                26.8910834
              ],
              [
                -80.1267661,
                26.891061799999985
              ],
              [
                -80.126736,
                26.8910548
              ],
              [
                -80.1267059,
                26.891052300000013
              ],
              [
                -80.1266884,
                26.8910419
              ],
              [
                -80.1266584,
                26.890996899999983
              ],
              [
                -80.1266234,
                26.89097519999999
              ]
            ]
          ],
          [
            [
              [
                -80.1274138,
                26.8909826
              ],
              [
                -80.1274186,
                26.890932399999983
              ],
              [
                -80.1274293,
                26.8908978
              ],
              [
                -80.1274633,
                26.89086660000001
              ],
              [
                -80.1275079,
                26.890845
              ],
              [
                -80.1275516,
                26.8908398
              ],
              [
                -80.1275846,
                26.890876099999982
              ],
              [
                -80.1276059,
                26.8909194
              ],
              [
                -80.1276021,
                26.8909497
              ],
              [
                -80.1275759,
                26.8909696
              ],
              [
                -80.1275361,
                26.8909869
              ],
              [
                -80.1275157,
                26.891000799999983
              ],
              [
                -80.12749630000002,
                26.8910319
              ],
              [
                -80.1274963,
                26.8910761
              ],
              [
                -80.1274837,
                26.89109769999999
              ],
              [
                -80.1274419,
                26.8911167
              ],
              [
                -80.1274109,
                26.891115
              ],
              [
                -80.1273837,
                26.891089
              ],
              [
                -80.1273701,
                26.891056200000023
              ],
              [
                -80.1273818,
                26.891021500000015
              ],
              [
                -80.1274138,
                26.8909826
              ]
            ]
          ],
          [
            [
              [
                -80.1165692,
                26.891714
              ],
              [
                -80.1164598,
                26.8917652
              ],
              [
                -80.1160469,
                26.89167979999998
              ],
              [
                -80.1159293,
                26.8916457
              ],
              [
                -80.1158609,
                26.8916066
              ],
              [
                -80.11580080000002,
                26.8915432
              ],
              [
                -80.1156257,
                26.8912822
              ],
              [
                -80.1155984,
                26.89120660000001
              ],
              [
                -80.1155929,
                26.891131
              ],
              [
                -80.1157242,
                26.8906676
              ],
              [
                -80.1158417,
                26.8906058
              ],
              [
                -80.1160178,
                26.8906437
              ],
              [
                -80.1161577,
                26.890565899999988
              ],
              [
                -80.1168226,
                26.890708799999988
              ],
              [
                -80.116855,
                26.8907268
              ],
              [
                -80.116891,
                26.890753799999988
              ],
              [
                -80.1169118,
                26.8907901
              ],
              [
                -80.1169239,
                26.8908317
              ],
              [
                -80.11692389999999,
                26.8908606
              ],
              [
                -80.1167895,
                26.8913487
              ],
              [
                -80.1167552,
                26.8914579
              ],
              [
                -80.1166267,
                26.8915286
              ],
              [
                -80.1166109,
                26.8915721
              ],
              [
                -80.1165969,
                26.8916238
              ],
              [
                -80.1165692,
                26.891714
              ]
            ]
          ],
          [
            [
              [
                -80.1239316,
                26.8927784
              ],
              [
                -80.1239728,
                26.892816199999988
              ],
              [
                -80.1239973,
                26.89284609999999
              ],
              [
                -80.123994,
                26.8928799
              ],
              [
                -80.123965,
                26.8929017
              ],
              [
                -80.12389250000001,
                26.8929395
              ],
              [
                -80.1238591,
                26.892968299999982
              ],
              [
                -80.1238357,
                26.8930171
              ],
              [
                -80.1238137,
                26.893042
              ],
              [
                -80.12379,
                26.8930399
              ],
              [
                -80.1237655,
                26.8930061
              ],
              [
                -80.1237465,
                26.8929594
              ],
              [
                -80.1237554,
                26.8929206
              ],
              [
                -80.12379,
                26.892885799999984
              ],
              [
                -80.1238323,
                26.892852
              ],
              [
                -80.123868,
                26.8928053
              ],
              [
                -80.1238948,
                26.8927775
              ],
              [
                -80.1239316,
                26.8927784
              ]
            ]
          ],
          [
            [
              [
                -80.1222088,
                26.893452700000015
              ],
              [
                -80.1221826,
                26.8934198
              ],
              [
                -80.1221797,
                26.89338689999999
              ],
              [
                -80.1222137,
                26.8933497
              ],
              [
                -80.1222321,
                26.893315099999985
              ],
              [
                -80.1222534,
                26.8932952
              ],
              [
                -80.1222855,
                26.893293499999974
              ],
              [
                -80.122334,
                26.893322899999987
              ],
              [
                -80.1223689,
                26.89332979999999
              ],
              [
                -80.1224514,
                26.8933281
              ],
              [
                -80.1224718,
                26.8933454
              ],
              [
                -80.1224728,
                26.89340860000001
              ],
              [
                -80.1224611,
                26.893432
              ],
              [
                -80.1224388,
                26.8934397
              ],
              [
                -80.1223806,
                26.8934389
              ],
              [
                -80.1223418,
                26.8934501
              ],
              [
                -80.12230879999998,
                26.89348909999999
              ],
              [
                -80.1222826,
                26.8934995
              ],
              [
                -80.1222593,
                26.8934908
              ],
              [
                -80.1222088,
                26.893452700000015
              ]
            ]
          ],
          [
            [
              [
                -80.1254626,
                26.8934619
              ],
              [
                -80.1254524,
                26.8934964
              ],
              [
                -80.125428,
                26.893511799999988
              ],
              [
                -80.1253925,
                26.8935109
              ],
              [
                -80.1253539,
                26.8934855
              ],
              [
                -80.1253173,
                26.893438400000022
              ],
              [
                -80.1252593,
                26.8934067
              ],
              [
                -80.1252197,
                26.8933795
              ],
              [
                -80.1251983,
                26.8933432
              ],
              [
                -80.12520240000002,
                26.8933106
              ],
              [
                -80.125242,
                26.8932861
              ],
              [
                -80.1252929,
                26.8932816
              ],
              [
                -80.1253284,
                26.893306
              ],
              [
                -80.1253772,
                26.893374
              ],
              [
                -80.1254433,
                26.893426599999987
              ],
              [
                -80.1254626,
                26.8934619
              ]
            ]
          ],
          [
            [
              [
                -80.1195089,
                26.8931773
              ],
              [
                -80.1198628,
                26.89370919999998
              ],
              [
                -80.1202302,
                26.894244899999986
              ],
              [
                -80.1198285,
                26.8944608
              ],
              [
                -80.1191072,
                26.8933932
              ],
              [
                -80.1195089,
                26.8931773
              ]
            ]
          ],
          [
            [
              [
                -80.1208798,
                26.8985736
              ],
              [
                -80.1206807,
                26.8985896
              ],
              [
                -80.1205179,
                26.898525699999986
              ],
              [
                -80.1202897,
                26.898234899999977
              ],
              [
                -80.1207282,
                26.89798780000001
              ],
              [
                -80.12085810000002,
                26.8980063
              ],
              [
                -80.1211694,
                26.89843079999999
              ],
              [
                -80.1208798,
                26.8985736
              ]
            ]
          ],
          [
            [
              [
                -80.1195293,
                26.8986592
              ],
              [
                -80.1200119,
                26.8983909
              ],
              [
                -80.1201658,
                26.8986523
              ],
              [
                -80.1201793,
                26.898830099999984
              ],
              [
                -80.1201041,
                26.8989739
              ],
              [
                -80.11977320000001,
                26.899171
              ],
              [
                -80.1195057,
                26.8987747
              ],
              [
                -80.1195293,
                26.8986592
              ]
            ]
          ],
          [
            [
              [
                -80.1252839,
                26.9068992
              ],
              [
                -80.1249763,
                26.9068201
              ],
              [
                -80.1246642,
                26.906661799999977
              ],
              [
                -80.1251084,
                26.905985700000016
              ],
              [
                -80.12531840000001,
                26.9054457
              ],
              [
                -80.1254265,
                26.9048701
              ],
              [
                -80.1254267,
                26.9044472
              ],
              [
                -80.1254211,
                26.903785499999984
              ],
              [
                -80.1254654,
                26.9028426
              ],
              [
                -80.12548020000001,
                26.9025553
              ],
              [
                -80.1255803,
                26.9020028
              ],
              [
                -80.1256317,
                26.9022633
              ],
              [
                -80.12566570000001,
                26.9026462
              ],
              [
                -80.1256465,
                26.9030671
              ],
              [
                -80.1256012,
                26.9040329
              ],
              [
                -80.125599,
                26.9043572
              ],
              [
                -80.1256521,
                26.9048487
              ],
              [
                -80.1256557,
                26.9052414
              ],
              [
                -80.1256413,
                26.9064104
              ],
              [
                -80.1255759,
                26.9069403
              ],
              [
                -80.1252839,
                26.9068992
              ]
            ]
          ],
          [
            [
              [
                -80.1296303,
                26.907054099999975
              ],
              [
                -80.1294918,
                26.907100100000015
              ],
              [
                -80.1293929,
                26.906862900000018
              ],
              [
                -80.1295314,
                26.9068169
              ],
              [
                -80.1296303,
                26.907054099999975
              ]
            ]
          ],
          [
            [
              [
                -80.129319,
                26.9071573
              ],
              [
                -80.1292201,
                26.90692010000001
              ],
              [
                -80.1293586,
                26.906874199999983
              ],
              [
                -80.1294575,
                26.907111399999984
              ],
              [
                -80.129319,
                26.9071573
              ]
            ]
          ],
          [
            [
              [
                -80.1294869,
                26.9075322
              ],
              [
                -80.129388,
                26.907295
              ],
              [
                -80.12952649999998,
                26.9072491
              ],
              [
                -80.1296254,
                26.9074862
              ],
              [
                -80.1294869,
                26.9075322
              ]
            ]
          ],
          [
            [
              [
                -80.129245,
                26.9076001
              ],
              [
                -80.1291541,
                26.9073835
              ],
              [
                -80.1293041,
                26.9073334
              ],
              [
                -80.129395,
                26.90755
              ],
              [
                -80.129245,
                26.9076001
              ]
            ]
          ],
          [
            [
              [
                -80.1174097,
                26.9047074
              ],
              [
                -80.1174032,
                26.905052699999985
              ],
              [
                -80.1173897,
                26.906459299999987
              ],
              [
                -80.1173527,
                26.9067498
              ],
              [
                -80.1172658,
                26.907146500000014
              ],
              [
                -80.1171139,
                26.90751979999999
              ],
              [
                -80.1169519,
                26.9078044
              ],
              [
                -80.1165374,
                26.9084515
              ],
              [
                -80.1165117,
                26.9085041
              ],
              [
                -80.1167695,
                26.9087335
              ],
              [
                -80.1169757,
                26.90890729999998
              ],
              [
                -80.117122,
                26.909116
              ],
              [
                -80.1167325,
                26.9090596
              ],
              [
                -80.1164574,
                26.9089766
              ],
              [
                -80.1162457,
                26.9089062
              ],
              [
                -80.1158383,
                26.9095278
              ],
              [
                -80.1155614,
                26.9100082
              ],
              [
                -80.1154646,
                26.910206899999984
              ],
              [
                -80.1154003,
                26.9103642
              ],
              [
                -80.1153671,
                26.910410699999986
              ],
              [
                -80.1153036,
                26.9104995
              ],
              [
                -80.1152888,
                26.91040459999999
              ],
              [
                -80.1152796,
                26.910345499999988
              ],
              [
                -80.1153231,
                26.9100763
              ],
              [
                -80.11545922007713,
                26.90981649357406
              ],
              [
                -80.11545921943944,
                26.909816493476374
              ],
              [
                -80.1156439,
                26.909464
              ],
              [
                -80.11595391539323,
                26.908971083783825
              ],
              [
                -80.11595391608411,
                26.908971083889657
              ],
              [
                -80.1160568,
                26.908807499999988
              ],
              [
                -80.1157403,
                26.90862790000001
              ],
              [
                -80.115459,
                26.908410499999988
              ],
              [
                -80.1151887,
                26.9083025
              ],
              [
                -80.1156497,
                26.90828929999997
              ],
              [
                -80.1160056,
                26.90835920000001
              ],
              [
                -80.116299,
                26.908455499999985
              ],
              [
                -80.1167861,
                26.907708
              ],
              [
                -80.1168812,
                26.9075491
              ],
              [
                -80.117042,
                26.907204
              ],
              [
                -80.1171327,
                26.906837299999985
              ],
              [
                -80.1171777,
                26.906523600000014
              ],
              [
                -80.1171766,
                26.9058859
              ],
              [
                -80.1171834,
                26.905238
              ],
              [
                -80.117184,
                26.90496430000002
              ],
              [
                -80.11717040000002,
                26.904709699999984
              ],
              [
                -80.1174097,
                26.9047074
              ]
            ]
          ],
          [
            [
              [
                -80.1293256,
                26.9084399
              ],
              [
                -80.1291618,
                26.9080124
              ],
              [
                -80.1294978,
                26.90791
              ],
              [
                -80.1296617,
                26.908337400000015
              ],
              [
                -80.1293256,
                26.9084399
              ]
            ]
          ],
          [
            [
              [
                -80.1252754,
                26.9145686
              ],
              [
                -80.1252858,
                26.9142811
              ],
              [
                -80.12546539999998,
                26.9142863
              ],
              [
                -80.1256501,
                26.9142916
              ],
              [
                -80.1256396,
                26.9145791
              ],
              [
                -80.1252754,
                26.9145686
              ]
            ]
          ],
          [
            [
              [
                -80.1286623,
                26.9236498
              ],
              [
                -80.12865,
                26.9241582
              ],
              [
                -80.1286808,
                26.924282799999986
              ],
              [
                -80.1268206,
                26.92470859999998
              ],
              [
                -80.1268675,
                26.9235958
              ],
              [
                -80.1286623,
                26.9236498
              ]
            ]
          ],
          [
            [
              [
                -80.1141491,
                26.9227364
              ],
              [
                -80.1140618,
                26.9224711
              ],
              [
                -80.1141937,
                26.92243660000001
              ],
              [
                -80.114281,
                26.92270189999999
              ],
              [
                -80.1141491,
                26.9227364
              ]
            ]
          ],
          [
            [
              [
                -80.1139763,
                26.92278369999999
              ],
              [
                -80.113889,
                26.9225183
              ],
              [
                -80.1140209,
                26.9224838
              ],
              [
                -80.1141082,
                26.9227492
              ],
              [
                -80.1139763,
                26.92278369999999
              ]
            ]
          ],
          [
            [
              [
                -80.1139497,
                26.92285760000001
              ],
              [
                -80.1138178,
                26.92289210000003
              ],
              [
                -80.1137305,
                26.9226267
              ],
              [
                -80.1138624,
                26.92259219999998
              ],
              [
                -80.1139497,
                26.92285760000001
              ]
            ]
          ],
          [
            [
              [
                -80.1104662,
                26.9253812
              ],
              [
                -80.1108781,
                26.925398
              ],
              [
                -80.11100110000001,
                26.92545679999998
              ],
              [
                -80.1112218,
                26.9256163
              ],
              [
                -80.1115257,
                26.92587209999999
              ],
              [
                -80.1116708,
                26.9260643
              ],
              [
                -80.1116758,
                26.9262628
              ],
              [
                -80.1112681,
                26.926259899999987
              ],
              [
                -80.1112499,
                26.9263495
              ],
              [
                -80.11129763051214,
                26.92644496117343
              ],
              [
                -80.11137192732167,
                26.926470006488017
              ],
              [
                -80.11133429505273,
                26.92651829019297
              ],
              [
                -80.1113525,
                26.9265547
              ],
              [
                -80.1113071,
                26.9265783
              ],
              [
                -80.1112898,
                26.9266284
              ],
              [
                -80.11125938257373,
                26.92661440567588
              ],
              [
                -80.11121241886656,
                26.926674661699987
              ],
              [
                -80.11119872315174,
                26.926655077454583
              ],
              [
                -80.11118932497725,
                26.92664710823875
              ],
              [
                -80.11117856495676,
                26.926640667189687
              ],
              [
                -80.11117109456686,
                26.92663743144745
              ],
              [
                -80.11108213799754,
                26.92660140737807
              ],
              [
                -80.11103854365513,
                26.926581727008767
              ],
              [
                -80.11099909952931,
                26.92656270659972
              ],
              [
                -80.11096021774885,
                26.926542781940928
              ],
              [
                -80.11095211203147,
                26.926538375347093
              ],
              [
                -80.1109341,
                26.9265373
              ],
              [
                -80.1108912,
                26.9265325
              ],
              [
                -80.11084560000002,
                26.926525299999977
              ],
              [
                -80.1107839,
                26.9265062
              ],
              [
                -80.11072080000001,
                26.9264908
              ],
              [
                -80.1106457,
                26.9264453
              ],
              [
                -80.1106203,
                26.9264225
              ],
              [
                -80.1104862,
                26.926365100000016
              ],
              [
                -80.11040217297891,
                26.9263325440127
              ],
              [
                -80.110318339139,
                26.92630728273138
              ],
              [
                -80.11031830070938,
                26.92630084574238
              ],
              [
                -80.11006920000001,
                26.9262947
              ],
              [
                -80.1100335,
                26.927504
              ],
              [
                -80.1092566,
                26.9275029
              ],
              [
                -80.1092604,
                26.927265400000017
              ],
              [
                -80.1089271,
                26.927251
              ],
              [
                -80.1089497,
                26.9263526
              ],
              [
                -80.1088113,
                26.926178
              ],
              [
                -80.1091894,
                26.925986800000018
              ],
              [
                -80.1105153,
                26.924543499999974
              ],
              [
                -80.1104662,
                26.9253812
              ]
            ]
          ],
          [
            [
              [
                -80.12652927836574,
                26.926589024251747
              ],
              [
                -80.1255906610647,
                26.92655898549354
              ],
              [
                -80.12474244751894,
                26.92653183487039
              ],
              [
                -80.12474236807832,
                26.92651009553976
              ],
              [
                -80.12460390000001,
                26.926504
              ],
              [
                -80.12460270000001,
                26.925764499999982
              ],
              [
                -80.1240203,
                26.9257674
              ],
              [
                -80.1237471,
                26.925725499999977
              ],
              [
                -80.1235577,
                26.92572210000002
              ],
              [
                -80.1235625,
                26.9255551
              ],
              [
                -80.12361840000001,
                26.9251966
              ],
              [
                -80.1237037,
                26.924942
              ],
              [
                -80.12512934710746,
                26.924724638041187
              ],
              [
                -80.12513151236007,
                26.924724298610094
              ],
              [
                -80.12528265660156,
                26.924700606004574
              ],
              [
                -80.12536226979361,
                26.924688124954894
              ],
              [
                -80.12560537906232,
                26.924650014614187
              ],
              [
                -80.12561921401604,
                26.924647845667526
              ],
              [
                -80.12584713636653,
                26.924612115708953
              ],
              [
                -80.12599830037097,
                26.924588418274265
              ],
              [
                -80.12614946347709,
                26.92456472083455
              ],
              [
                -80.12630060682027,
                26.924541028195577
              ],
              [
                -80.12661395356442,
                26.924491904859465
              ],
              [
                -80.12654453714916,
                26.926211152029502
              ],
              [
                -80.12654161403123,
                26.926283511166407
              ],
              [
                -80.12653230119669,
                26.926514166418034
              ],
              [
                -80.12652927836574,
                26.926589024251747
              ]
            ]
          ],
          [
            [
              [
                -80.1254964,
                26.9269694
              ],
              [
                -80.12548609999999,
                26.9272531
              ],
              [
                -80.1252098,
                26.9272451
              ],
              [
                -80.1252201,
                26.9269615
              ],
              [
                -80.1254964,
                26.9269694
              ]
            ]
          ],
          [
            [
              [
                -80.1275341,
                26.927340599999983
              ],
              [
                -80.1275358,
                26.9272887
              ],
              [
                -80.1276653,
                26.9272919
              ],
              [
                -80.1276637,
                26.9273425
              ],
              [
                -80.12770990000001,
                26.9273436
              ],
              [
                -80.1277038,
                26.927537399999988
              ],
              [
                -80.1273575,
                26.9275287
              ],
              [
                -80.1273635,
                26.9273363
              ],
              [
                -80.1275341,
                26.927340599999983
              ]
            ]
          ],
          [
            [
              [
                -80.1271516,
                26.937025299999988
              ],
              [
                -80.1271968,
                26.934985
              ],
              [
                -80.1279424,
                26.9347312
              ],
              [
                -80.1280877,
                26.93467
              ],
              [
                -80.1283236,
                26.9346013
              ],
              [
                -80.12913890000003,
                26.9346826
              ],
              [
                -80.1293302,
                26.934702
              ],
              [
                -80.1295295,
                26.934715
              ],
              [
                -80.1296189,
                26.9347209
              ],
              [
                -80.1296049,
                26.935128
              ],
              [
                -80.1296028,
                26.9351887
              ],
              [
                -80.1296023,
                26.935231
              ],
              [
                -80.1295921,
                26.93615259999999
              ],
              [
                -80.1295436,
                26.936152499999988
              ],
              [
                -80.12906490000002,
                26.9361517
              ],
              [
                -80.12905,
                26.937042799999986
              ],
              [
                -80.1271516,
                26.937025299999988
              ]
            ]
          ],
          [
            [
              [
                -80.096459,
                26.886936899999984
              ],
              [
                -80.09696910000001,
                26.8869409
              ],
              [
                -80.09698240000002,
                26.8872459
              ],
              [
                -80.0964523,
                26.8872449
              ],
              [
                -80.096459,
                26.886936899999984
              ]
            ]
          ],
          [
            [
              [
                -80.0990312,
                26.8916221
              ],
              [
                -80.0990574,
                26.891637200000027
              ],
              [
                -80.0990836,
                26.8916591
              ],
              [
                -80.0991005,
                26.8916784
              ],
              [
                -80.0991036,
                26.891712699999974
              ],
              [
                -80.0990913,
                26.8917375
              ],
              [
                -80.0990651,
                26.8917581
              ],
              [
                -80.099022,
                26.8917718
              ],
              [
                -80.0989927,
                26.891774599999987
              ],
              [
                -80.0989588,
                26.891770399999988
              ],
              [
                -80.09892180000003,
                26.891824
              ],
              [
                -80.0988294,
                26.89178009999998
              ],
              [
                -80.0988864,
                26.8916907
              ],
              [
                -80.0988802,
                26.8916715
              ],
              [
                -80.09888949999998,
                26.8916482
              ],
              [
                -80.098908,
                26.89163029999999
              ],
              [
                -80.0989341,
                26.891620699999972
              ],
              [
                -80.098965,
                26.891616600000013
              ],
              [
                -80.0990004,
                26.8916193
              ],
              [
                -80.0990312,
                26.8916221
              ]
            ]
          ],
          [
            [
              [
                -80.09945540000001,
                26.896563199999974
              ],
              [
                -80.0994274,
                26.8965632
              ],
              [
                -80.0993923,
                26.896554899999984
              ],
              [
                -80.0993666,
                26.8965133
              ],
              [
                -80.0993596,
                26.8964695
              ],
              [
                -80.0993643,
                26.89641329999999
              ],
              [
                -80.0993807,
                26.896367500000014
              ],
              [
                -80.0993993,
                26.8963425
              ],
              [
                -80.0994414,
                26.896338300000025
              ],
              [
                -80.0994764,
                26.896355
              ],
              [
                -80.0994951,
                26.8963821
              ],
              [
                -80.0995067,
                26.896425800000017
              ],
              [
                -80.0995067,
                26.8964716
              ],
              [
                -80.0994951,
                26.8965133
              ],
              [
                -80.0994787,
                26.8965445
              ],
              [
                -80.09945540000001,
                26.896563199999974
              ]
            ]
          ],
          [
            [
              [
                -80.098386,
                26.8979555
              ],
              [
                -80.0983574,
                26.89793470000001
              ],
              [
                -80.0983228,
                26.897921099999984
              ],
              [
                -80.0982898,
                26.897903799999987
              ],
              [
                -80.0982755,
                26.8978849
              ],
              [
                -80.0982738,
                26.8978593
              ],
              [
                -80.0982848,
                26.8978344
              ],
              [
                -80.0983101,
                26.8978201
              ],
              [
                -80.0983414,
                26.89781639999999
              ],
              [
                -80.0983955,
                26.8978239
              ],
              [
                -80.0984478,
                26.8978382
              ],
              [
                -80.0984909,
                26.897854800000026
              ],
              [
                -80.0985256,
                26.8978751
              ],
              [
                -80.0985526,
                26.897906
              ],
              [
                -80.0985754,
                26.897946699999988
              ],
              [
                -80.09859570000002,
                26.897985100000025
              ],
              [
                -80.09859740000002,
                26.898013
              ],
              [
                -80.0985889,
                26.8980296
              ],
              [
                -80.09856610000001,
                26.8980447
              ],
              [
                -80.098534,
                26.89804919999998
              ],
              [
                -80.0984935,
                26.8980386
              ],
              [
                -80.0984546,
                26.8980182
              ],
              [
                -80.0984242,
                26.8979948
              ],
              [
                -80.098386,
                26.8979555
              ]
            ]
          ],
          [
            [
              [
                -80.1006272,
                26.8980974
              ],
              [
                -80.1005882,
                26.89810369999999
              ],
              [
                -80.10054310000001,
                26.898087899999982
              ],
              [
                -80.1005121,
                26.898063399999984
              ],
              [
                -80.1004927,
                26.8980342
              ],
              [
                -80.1004763,
                26.8979924
              ],
              [
                -80.1004595,
                26.89795969999998
              ],
              [
                -80.1004387,
                26.8979329
              ],
              [
                -80.1004129,
                26.8979052
              ],
              [
                -80.1003969,
                26.8978794
              ],
              [
                -80.1003945,
                26.8978549
              ],
              [
                -80.10040220000002,
                26.897837199999973
              ],
              [
                -80.1004272,
                26.8978212
              ],
              [
                -80.1004541,
                26.897818399999988
              ],
              [
                -80.1004887,
                26.897822399999985
              ],
              [
                -80.1005085,
                26.8978224
              ],
              [
                -80.1005322,
                26.8978201
              ],
              [
                -80.100554,
                26.8978247
              ],
              [
                -80.1005725,
                26.897837799999987
              ],
              [
                -80.1005834,
                26.89785949999999
              ],
              [
                -80.1005917,
                26.8978977
              ],
              [
                -80.100602,
                26.89793089999998
              ],
              [
                -80.10060534242513,
                26.897937564715182
              ],
              [
                -80.10060534242481,
                26.897937564716994
              ],
              [
                -80.1006186,
                26.897964
              ],
              [
                -80.100641,
                26.897996
              ],
              [
                -80.1006583,
                26.8980216
              ],
              [
                -80.1006608,
                26.898054
              ],
              [
                -80.1006502,
                26.89808
              ],
              [
                -80.1006272,
                26.8980974
              ]
            ]
          ],
          [
            [
              [
                -80.0997989,
                26.8983375
              ],
              [
                -80.0997757,
                26.8983494
              ],
              [
                -80.0997511,
                26.898351899999987
              ],
              [
                -80.0997188,
                26.8983432
              ],
              [
                -80.0996844,
                26.898323700000013
              ],
              [
                -80.0996458,
                26.8983068
              ],
              [
                -80.0996043,
                26.898294299999986
              ],
              [
                -80.099565,
                26.8982855
              ],
              [
                -80.0995278,
                26.8982699
              ],
              [
                -80.0995067,
                26.898249800000013
              ],
              [
                -80.0994969,
                26.8982229
              ],
              [
                -80.0994927,
                26.8981947
              ],
              [
                -80.0994969,
                26.8981715
              ],
              [
                -80.0995081,
                26.8981534
              ],
              [
                -80.0995278,
                26.8981427
              ],
              [
                -80.09955314132986,
                26.89814169306035
              ],
              [
                -80.09955314132998,
                26.898141693059728
              ],
              [
                -80.099558,
                26.8981415
              ],
              [
                -80.09959030000002,
                26.8981478
              ],
              [
                -80.099624,
                26.8981634
              ],
              [
                -80.0996626,
                26.898174699999988
              ],
              [
                -80.0997019,
                26.89818089999999
              ],
              [
                -80.0997448,
                26.898191
              ],
              [
                -80.09976940000001,
                26.8982016
              ],
              [
                -80.0997904,
                26.8982242
              ],
              [
                -80.0998066,
                26.898256099999983
              ],
              [
                -80.0998129,
                26.8982862
              ],
              [
                -80.0998122,
                26.8983137
              ],
              [
                -80.0997989,
                26.8983375
              ]
            ]
          ],
          [
            [
              [
                -80.0983292,
                26.9007799
              ],
              [
                -80.0983014,
                26.900776399999987
              ],
              [
                -80.0982843,
                26.9007657
              ],
              [
                -80.098268,
                26.9007361
              ],
              [
                -80.0982504,
                26.90069569999999
              ],
              [
                -80.0982245,
                26.9006593
              ],
              [
                -80.0981957,
                26.9006304
              ],
              [
                -80.0981781,
                26.9005998
              ],
              [
                -80.0981716,
                26.900569199999985
              ],
              [
                -80.0981818,
                26.900537799999977
              ],
              [
                -80.0982068,
                26.9005122
              ],
              [
                -80.0982356,
                26.900507200000018
              ],
              [
                -80.0982699,
                26.9005122
              ],
              [
                -80.0983032,
                26.90052539999998
              ],
              [
                -80.0983394,
                26.90055269999998
              ],
              [
                -80.0983644,
                26.9005924
              ],
              [
                -80.0983857,
                26.900649399999985
              ],
              [
                -80.0983977,
                26.900708
              ],
              [
                -80.0983987,
                26.9007428
              ],
              [
                -80.0983866,
                26.90076009999999
              ],
              [
                -80.0983644,
                26.9007725
              ],
              [
                -80.0983292,
                26.9007799
              ]
            ]
          ],
          [
            [
              [
                -80.1004258,
                26.9016453
              ],
              [
                -80.1004008,
                26.901663099999986
              ],
              [
                -80.1003635,
                26.901675599999983
              ],
              [
                -80.1003361,
                26.90167560000001
              ],
              [
                -80.10029890000001,
                26.90167
              ],
              [
                -80.1002666,
                26.901674400000026
              ],
              [
                -80.1002399,
                26.901679400000013
              ],
              [
                -80.1002254,
                26.9016788
              ],
              [
                -80.1002101,
                26.901672
              ],
              [
                -80.1001964,
                26.9016593
              ],
              [
                -80.1001816,
                26.9016405
              ],
              [
                -80.1001767,
                26.9016199
              ],
              [
                -80.1001831,
                26.9015986
              ],
              [
                -80.1001992,
                26.9015817
              ],
              [
                -80.1002238,
                26.9015698
              ],
              [
                -80.1002652,
                26.901558499999982
              ],
              [
                -80.1003059,
                26.9015453
              ],
              [
                -80.1003404,
                26.9015278
              ],
              [
                -80.1003649,
                26.901504
              ],
              [
                -80.10037970000002,
                26.901483299999988
              ],
              [
                -80.1003937,
                26.9014702
              ],
              [
                -80.1004127,
                26.9014621
              ],
              [
                -80.1004338,
                26.90146329999998
              ],
              [
                -80.1004583,
                26.9014777
              ],
              [
                -80.1004787,
                26.9014996
              ],
              [
                -80.1004913,
                26.9015259
              ],
              [
                -80.1004899,
                26.901554
              ],
              [
                -80.1004803,
                26.90157749999998
              ],
              [
                -80.1004534,
                26.90161369999998
              ],
              [
                -80.1004258,
                26.9016453
              ]
            ]
          ],
          [
            [
              [
                -80.09756470000002,
                26.9017368
              ],
              [
                -80.0975732,
                26.901761299999986
              ],
              [
                -80.097572,
                26.9017881
              ],
              [
                -80.09756470000002,
                26.901812
              ],
              [
                -80.0975494,
                26.9018349
              ],
              [
                -80.0975304,
                26.9018453
              ],
              [
                -80.0975047,
                26.901846899999985
              ],
              [
                -80.09748150000001,
                26.9018377
              ],
              [
                -80.097465,
                26.901823500000013
              ],
              [
                -80.0974485,
                26.901793
              ],
              [
                -80.0974406,
                26.9017586
              ],
              [
                -80.0974454,
                26.9017324
              ],
              [
                -80.0974638,
                26.9017085
              ],
              [
                -80.0974919,
                26.9016937
              ],
              [
                -80.0975151,
                26.9016932
              ],
              [
                -80.0975414,
                26.9017079
              ],
              [
                -80.09756470000002,
                26.9017368
              ]
            ]
          ],
          [
            [
              [
                -80.0972107,
                26.9018917
              ],
              [
                -80.0972254,
                26.9019124
              ],
              [
                -80.0972296,
                26.901934199999985
              ],
              [
                -80.0972229,
                26.90196090000001
              ],
              [
                -80.0971979,
                26.9019898
              ],
              [
                -80.09717950000001,
                26.90201
              ],
              [
                -80.0971563,
                26.9020231
              ],
              [
                -80.0971349,
                26.902028
              ],
              [
                -80.0971196,
                26.9020242
              ],
              [
                -80.0971092,
                26.9020127
              ],
              [
                -80.097108,
                26.9019996
              ],
              [
                -80.0971141,
                26.9019789
              ],
              [
                -80.0971318,
                26.901957099999983
              ],
              [
                -80.0971355,
                26.9019293
              ],
              [
                -80.0971453,
                26.9019037
              ],
              [
                -80.0971648,
                26.90189
              ],
              [
                -80.0971905,
                26.9018862
              ],
              [
                -80.0972107,
                26.9018917
              ]
            ]
          ],
          [
            [
              [
                -80.0975274,
                26.90188069999999
              ],
              [
                -80.0975573,
                26.90189549999998
              ],
              [
                -80.0975744,
                26.901926
              ],
              [
                -80.0975787,
                26.9019647
              ],
              [
                -80.09756590000002,
                26.9019969
              ],
              [
                -80.0975439,
                26.902023
              ],
              [
                -80.0975109,
                26.9020361
              ],
              [
                -80.0974705,
                26.90203829999998
              ],
              [
                -80.097432,
                26.9020274
              ],
              [
                -80.0974082,
                26.902006099999987
              ],
              [
                -80.0973929,
                26.901975100000012
              ],
              [
                -80.0973935,
                26.9019413
              ],
              [
                -80.0974082,
                26.9019178
              ],
              [
                -80.0974412,
                26.9019064
              ],
              [
                -80.0974644,
                26.9018878
              ],
              [
                -80.0974901,
                26.9018764
              ],
              [
                -80.0975274,
                26.90188069999999
              ]
            ]
          ],
          [
            [
              [
                -80.09752130000001,
                26.9022931
              ],
              [
                -80.0975484,
                26.9022822
              ],
              [
                -80.0975825,
                26.902286
              ],
              [
                -80.0976144,
                26.902300699999973
              ],
              [
                -80.0976395,
                26.902322
              ],
              [
                -80.0976522,
                26.902347699999986
              ],
              [
                -80.0976528,
                26.9023724
              ],
              [
                -80.0976442,
                26.902397499999974
              ],
              [
                -80.0976261,
                26.9024236
              ],
              [
                -80.09761179999998,
                26.9024502
              ],
              [
                -80.0975974,
                26.9024606
              ],
              [
                -80.0975751,
                26.9024616
              ],
              [
                -80.09755220000001,
                26.902453499999986
              ],
              [
                -80.0975399,
                26.90243739999998
              ],
              [
                -80.0975389,
                26.90241130000001
              ],
              [
                -80.0975293,
                26.902388
              ],
              [
                -80.0975101,
                26.9023624
              ],
              [
                -80.0975043,
                26.9023396
              ],
              [
                -80.09750480000001,
                26.902313
              ],
              [
                -80.09752130000001,
                26.9022931
              ]
            ]
          ],
          [
            [
              [
                -80.1000755,
                26.902340299999985
              ],
              [
                -80.1000994,
                26.90233389999998
              ],
              [
                -80.1001436,
                26.902336299999988
              ],
              [
                -80.1001764,
                26.9023276
              ],
              [
                -80.100202,
                26.902314200000013
              ],
              [
                -80.10023040000002,
                26.902292900000017
              ],
              [
                -80.1002578,
                26.90227870000001
              ],
              [
                -80.1002923,
                26.9022795
              ],
              [
                -80.10031879999998,
                26.90229130000002
              ],
              [
                -80.10033740000002,
                26.90231659999998
              ],
              [
                -80.10034270000001,
                26.902348099999987
              ],
              [
                -80.1003268,
                26.9023829
              ],
              [
                -80.1002896,
                26.9024223
              ],
              [
                -80.1002374,
                26.90245619999999
              ],
              [
                -80.1001843,
                26.9024705
              ],
              [
                -80.100133,
                26.9024673
              ],
              [
                -80.1000888,
                26.9024491
              ],
              [
                -80.1000596,
                26.902416
              ],
              [
                -80.1000525,
                26.9023852
              ],
              [
                -80.10005780000002,
                26.902356
              ],
              [
                -80.1000755,
                26.902340299999985
              ]
            ]
          ],
          [
            [
              [
                -80.0969676,
                26.902502
              ],
              [
                -80.0969593,
                26.9024805
              ],
              [
                -80.0969607,
                26.902459
              ],
              [
                -80.0969737,
                26.9024338
              ],
              [
                -80.0970019,
                26.9024251
              ],
              [
                -80.097026,
                26.9024293
              ],
              [
                -80.0970459,
                26.9024437
              ],
              [
                -80.0970552,
                26.90246150000002
              ],
              [
                -80.0970533,
                26.902479299999985
              ],
              [
                -80.0970455,
                26.90249779999998
              ],
              [
                -80.09703060000001,
                26.9025098
              ],
              [
                -80.0970075,
                26.9025152
              ],
              [
                -80.096982,
                26.9025111
              ],
              [
                -80.0969676,
                26.902502
              ]
            ]
          ],
          [
            [
              [
                -80.0975256,
                26.9026163
              ],
              [
                -80.0975,
                26.902618699999987
              ],
              [
                -80.097467,
                26.9026101
              ],
              [
                -80.0974431,
                26.9025921
              ],
              [
                -80.0974271,
                26.902567
              ],
              [
                -80.0974223,
                26.9025352
              ],
              [
                -80.09742979999999,
                26.9025076
              ],
              [
                -80.0974553,
                26.9024882
              ],
              [
                -80.09749039999998,
                26.902482
              ],
              [
                -80.0975213,
                26.9024825
              ],
              [
                -80.0975463,
                26.90250049999998
              ],
              [
                -80.0975607,
                26.9025285
              ],
              [
                -80.0975639,
                26.90256169999999
              ],
              [
                -80.0975564,
                26.9025888
              ],
              [
                -80.0975447,
                26.9026054
              ],
              [
                -80.0975256,
                26.9026163
              ]
            ]
          ],
          [
            [
              [
                -80.0972434,
                26.90270129999998
              ],
              [
                -80.0972652,
                26.902727
              ],
              [
                -80.0972631,
                26.9027546
              ],
              [
                -80.0972525,
                26.902784
              ],
              [
                -80.0972265,
                26.902813400000014
              ],
              [
                -80.09719780000002,
                26.9028322
              ],
              [
                -80.0971816,
                26.9028623
              ],
              [
                -80.09715,
                26.9028717
              ],
              [
                -80.0971086,
                26.902857900000015
              ],
              [
                -80.0970931,
                26.90283159999998
              ],
              [
                -80.0970868,
                26.9027834
              ],
              [
                -80.0970994,
                26.90273330000002
              ],
              [
                -80.0971275,
                26.9027032
              ],
              [
                -80.0971669,
                26.9026832
              ],
              [
                -80.0972111,
                26.9026844
              ],
              [
                -80.0972434,
                26.90270129999998
              ]
            ]
          ],
          [
            [
              [
                -80.0904089,
                26.8913499
              ],
              [
                -80.090373,
                26.8913769
              ],
              [
                -80.0903348,
                26.891385899999985
              ],
              [
                -80.0902973,
                26.8913747
              ],
              [
                -80.0902829,
                26.8913474
              ],
              [
                -80.0902927,
                26.8913092
              ],
              [
                -80.0903184,
                26.891277299999985
              ],
              [
                -80.0903602,
                26.8912453
              ],
              [
                -80.0903793,
                26.891209
              ],
              [
                -80.0903838,
                26.8911587
              ],
              [
                -80.090404,
                26.8911318
              ],
              [
                -80.0904464,
                26.891119299999986
              ],
              [
                -80.0904941,
                26.8911296
              ],
              [
                -80.0905334,
                26.8911563
              ],
              [
                -80.0905438,
                26.891203399999988
              ],
              [
                -80.0905285,
                26.891246599999977
              ],
              [
                -80.0904976,
                26.8912888
              ],
              [
                -80.0904391,
                26.8913176
              ],
              [
                -80.0904089,
                26.8913499
              ]
            ]
          ],
          [
            [
              [
                -80.0894236,
                26.891358400000012
              ],
              [
                -80.0894417,
                26.891338
              ],
              [
                -80.08947,
                26.891326799999984
              ],
              [
                -80.0895101,
                26.891328
              ],
              [
                -80.0895511,
                26.8913338
              ],
              [
                -80.0895959,
                26.891346
              ],
              [
                -80.0896463,
                26.8913748
              ],
              [
                -80.0896902,
                26.89141569999999
              ],
              [
                -80.0897023,
                26.891449499999986
              ],
              [
                -80.0896967,
                26.8914837
              ],
              [
                -80.089679,
                26.8915045
              ],
              [
                -80.0896546,
                26.891508300000012
              ],
              [
                -80.0896306,
                26.8915017
              ],
              [
                -80.0896096,
                26.8914881
              ],
              [
                -80.08958180000002,
                26.8914615
              ],
              [
                -80.0895482,
                26.8914405
              ],
              [
                -80.0895009,
                26.891427899999986
              ],
              [
                -80.0894594,
                26.8914251
              ],
              [
                -80.0894357,
                26.8914133
              ],
              [
                -80.08941950000002,
                26.8914003
              ],
              [
                -80.0894155,
                26.8913796
              ],
              [
                -80.0894236,
                26.891358400000012
              ]
            ]
          ],
          [
            [
              [
                -80.0934386,
                26.892203099999985
              ],
              [
                -80.0934424,
                26.8921778
              ],
              [
                -80.0934572,
                26.8921634
              ],
              [
                -80.0934925,
                26.8921509
              ],
              [
                -80.0935249,
                26.892148299999985
              ],
              [
                -80.0935522,
                26.892136200000017
              ],
              [
                -80.09358319999998,
                26.8921149
              ],
              [
                -80.0936103,
                26.892111
              ],
              [
                -80.0936398,
                26.892117900000017
              ],
              [
                -80.0936606,
                26.8921418
              ],
              [
                -80.0936618,
                26.89217479999998
              ],
              [
                -80.0936439,
                26.8921962
              ],
              [
                -80.0936163,
                26.892214899999985
              ],
              [
                -80.0935902,
                26.8922398
              ],
              [
                -80.093573,
                26.8922866
              ],
              [
                -80.0935486,
                26.8923217
              ],
              [
                -80.0934971,
                26.892348300000013
              ],
              [
                -80.0934523,
                26.8923741
              ],
              [
                -80.0934245,
                26.892376300000013
              ],
              [
                -80.0934037,
                26.8923694
              ],
              [
                -80.0933914,
                26.8923552
              ],
              [
                -80.0933911,
                26.8923312
              ],
              [
                -80.093404,
                26.8923111
              ],
              [
                -80.0934229,
                26.8922926
              ],
              [
                -80.093434,
                26.8922682
              ],
              [
                -80.0934391,
                26.8922438
              ],
              [
                -80.0934386,
                26.892203099999985
              ]
            ]
          ],
          [
            [
              [
                -80.0910781,
                26.8924205
              ],
              [
                -80.0910452,
                26.892455599999984
              ],
              [
                -80.0910102,
                26.8924639
              ],
              [
                -80.0909817,
                26.8924572
              ],
              [
                -80.0909631,
                26.8924384
              ],
              [
                -80.0909634,
                26.8923997
              ],
              [
                -80.0909665,
                26.892361
              ],
              [
                -80.0909567,
                26.892327
              ],
              [
                -80.0909327,
                26.892303
              ],
              [
                -80.0909153,
                26.8922732
              ],
              [
                -80.0909121,
                26.892231
              ],
              [
                -80.09092490000003,
                26.892199599999987
              ],
              [
                -80.0909525,
                26.8921678
              ],
              [
                -80.0909844,
                26.8921512
              ],
              [
                -80.0910126,
                26.892149299999986
              ],
              [
                -80.0910359,
                26.8921626
              ],
              [
                -80.0910561,
                26.8921808
              ],
              [
                -80.0910653,
                26.8922188
              ],
              [
                -80.0910621,
                26.892251899999984
              ],
              [
                -80.0910719,
                26.8922861
              ],
              [
                -80.0910933,
                26.89231950000001
              ],
              [
                -80.0911035,
                26.892351099999985
              ],
              [
                -80.091097,
                26.892384
              ],
              [
                -80.0910781,
                26.8924205
              ]
            ]
          ],
          [
            [
              [
                -80.0873637,
                26.895953
              ],
              [
                -80.0873803,
                26.895922500000033
              ],
              [
                -80.087416,
                26.8958875
              ],
              [
                -80.0874542,
                26.8958345
              ],
              [
                -80.0874888,
                26.8958137
              ],
              [
                -80.0875189,
                26.8958103
              ],
              [
                -80.0875429,
                26.8958254
              ],
              [
                -80.0875507,
                26.89584839999997
              ],
              [
                -80.0875435,
                26.8958874
              ],
              [
                -80.08752859999998,
                26.8959403
              ],
              [
                -80.0875257,
                26.8959917
              ],
              [
                -80.087537,
                26.8960434
              ],
              [
                -80.0875337,
                26.89607319999998
              ],
              [
                -80.0875097,
                26.8960962
              ],
              [
                -80.0874796,
                26.8961016
              ],
              [
                -80.08745560000001,
                26.8960934
              ],
              [
                -80.0874301,
                26.8960688
              ],
              [
                -80.0874005,
                26.896025
              ],
              [
                -80.0873754,
                26.896001800000015
              ],
              [
                -80.0873619,
                26.89598479999998
              ],
              [
                -80.0873637,
                26.895953
              ]
            ]
          ],
          [
            [
              [
                -80.0928966,
                26.8961779
              ],
              [
                -80.0929239,
                26.8961583
              ],
              [
                -80.0929456,
                26.8961338
              ],
              [
                -80.0929724,
                26.896115
              ],
              [
                -80.0929943,
                26.89611759999998
              ],
              [
                -80.0930211,
                26.8961373
              ],
              [
                -80.0930384,
                26.8961674
              ],
              [
                -80.093043,
                26.8961901
              ],
              [
                -80.0930339,
                26.8962219
              ],
              [
                -80.0930027,
                26.8962503
              ],
              [
                -80.0929853,
                26.89627539999998
              ],
              [
                -80.0929796,
                26.8963137
              ],
              [
                -80.0929517,
                26.8963452
              ],
              [
                -80.0929145,
                26.896369300000014
              ],
              [
                -80.0928737,
                26.8963712
              ],
              [
                -80.0928416,
                26.8963599
              ],
              [
                -80.0928239,
                26.8963327
              ],
              [
                -80.0928104,
                26.89630719999999
              ],
              [
                -80.0927697,
                26.8962912
              ],
              [
                -80.0927448,
                26.89626820000002
              ],
              [
                -80.0927463,
                26.8962417
              ],
              [
                -80.092753,
                26.8962223
              ],
              [
                -80.0927773,
                26.8962092
              ],
              [
                -80.0928235,
                26.8962001
              ],
              [
                -80.0928651,
                26.8961916
              ],
              [
                -80.0928966,
                26.8961779
              ]
            ]
          ],
          [
            [
              [
                -80.0906061,
                26.8962092
              ],
              [
                -80.090641,
                26.89622269999999
              ],
              [
                -80.09067550000002,
                26.8962553
              ],
              [
                -80.0907297,
                26.8963409
              ],
              [
                -80.0907353,
                26.8963758
              ],
              [
                -80.0907204,
                26.8963979
              ],
              [
                -80.0906896,
                26.896408199999986
              ],
              [
                -80.0906537,
                26.896406699999964
              ],
              [
                -80.0906225,
                26.8963988
              ],
              [
                -80.0905952,
                26.896383300000014
              ],
              [
                -80.0905681,
                26.8963596
              ],
              [
                -80.09053,
                26.8963321
              ],
              [
                -80.0904886,
                26.8963262
              ],
              [
                -80.0904445,
                26.896319600000012
              ],
              [
                -80.090406,
                26.8962973
              ],
              [
                -80.090389,
                26.8962591
              ],
              [
                -80.0904026,
                26.89622270000001
              ],
              [
                -80.09043910000001,
                26.8962013
              ],
              [
                -80.090495,
                26.89619480000001
              ],
              [
                -80.0906061,
                26.8962092
              ]
            ]
          ],
          [
            [
              [
                -80.0940211,
                26.8966085
              ],
              [
                -80.0940114,
                26.896642799999988
              ],
              [
                -80.0939883,
                26.8966707
              ],
              [
                -80.09396249999999,
                26.8966875
              ],
              [
                -80.0939221,
                26.8966966
              ],
              [
                -80.0938906,
                26.8967112
              ],
              [
                -80.09386560000002,
                26.8967322
              ],
              [
                -80.0938319,
                26.8967457
              ],
              [
                -80.0937912,
                26.896740399999977
              ],
              [
                -80.0937552,
                26.89671909999998
              ],
              [
                -80.0937371,
                26.8966957
              ],
              [
                -80.0937376,
                26.8966592
              ],
              [
                -80.093751,
                26.8966324
              ],
              [
                -80.0937812,
                26.8966207
              ],
              [
                -80.0938318,
                26.8966129
              ],
              [
                -80.09386560000002,
                26.89660369999999
              ],
              [
                -80.0939033,
                26.8965802
              ],
              [
                -80.0939276,
                26.8965603
              ],
              [
                -80.0939529,
                26.8965541
              ],
              [
                -80.0939841,
                26.8965585
              ],
              [
                -80.09400789999998,
                26.896576
              ],
              [
                -80.0940211,
                26.8966085
              ]
            ]
          ],
          [
            [
              [
                -80.0913894,
                26.896744599999987
              ],
              [
                -80.0913423,
                26.8967213
              ],
              [
                -80.0913109,
                26.8966862
              ],
              [
                -80.0913037,
                26.8966471
              ],
              [
                -80.0913169,
                26.896601400000023
              ],
              [
                -80.09134849999998,
                26.896583499999984
              ],
              [
                -80.0913929,
                26.8965755
              ],
              [
                -80.091437,
                26.8965943
              ],
              [
                -80.0914815,
                26.896647699999985
              ],
              [
                -80.0915371,
                26.8966608
              ],
              [
                -80.0915952,
                26.8966763
              ],
              [
                -80.0916292,
                26.8967056
              ],
              [
                -80.0916417,
                26.8967385
              ],
              [
                -80.0916367,
                26.8967715
              ],
              [
                -80.0916209,
                26.896797
              ],
              [
                -80.0915962,
                26.8968149
              ],
              [
                -80.0915643,
                26.8968252
              ],
              [
                -80.0915267,
                26.8968194
              ],
              [
                -80.0914836,
                26.89678389999999
              ],
              [
                -80.0914471,
                26.896759
              ],
              [
                -80.0913894,
                26.896744599999987
              ]
            ]
          ],
          [
            [
              [
                -80.096192,
                26.8998731
              ],
              [
                -80.0961675,
                26.8998862
              ],
              [
                -80.0961351,
                26.8998862
              ],
              [
                -80.0961027,
                26.899871399999974
              ],
              [
                -80.0960795,
                26.8998485
              ],
              [
                -80.0960654,
                26.8998235
              ],
              [
                -80.0960508,
                26.89979289999998
              ],
              [
                -80.09603360000001,
                26.8997679
              ],
              [
                -80.0960239,
                26.899745
              ],
              [
                -80.096019,
                26.8997188
              ],
              [
                -80.0960211,
                26.8997023
              ],
              [
                -80.0960282,
                26.8996911
              ],
              [
                -80.0960413,
                26.8996825
              ],
              [
                -80.096063,
                26.899677299999972
              ],
              [
                -80.0960834,
                26.8996703
              ],
              [
                -80.09610330000001,
                26.89965659999999
              ],
              [
                -80.0961174,
                26.899643
              ],
              [
                -80.0961443,
                26.8996337
              ],
              [
                -80.0961706,
                26.899635900000025
              ],
              [
                -80.0961926,
                26.89964569999998
              ],
              [
                -80.0962067,
                26.8996632
              ],
              [
                -80.0962134,
                26.899685
              ],
              [
                -80.0962122,
                26.8997117
              ],
              [
                -80.0962067,
                26.8997433
              ],
              [
                -80.0962079,
                26.89977
              ],
              [
                -80.09621460000001,
                26.8998
              ],
              [
                -80.0962171,
                26.8998262
              ],
              [
                -80.0962085,
                26.899854
              ],
              [
                -80.096192,
                26.8998731
              ]
            ]
          ],
          [
            [
              [
                -80.0960335,
                26.9007014
              ],
              [
                -80.0960264,
                26.900659699999988
              ],
              [
                -80.0960091,
                26.9006153
              ],
              [
                -80.0959807,
                26.9005808
              ],
              [
                -80.0959695,
                26.9005537
              ],
              [
                -80.0959746,
                26.900525599999977
              ],
              [
                -80.0959959,
                26.90050380000001
              ],
              [
                -80.0960213,
                26.90049289999999
              ],
              [
                -80.096062,
                26.90049930000001
              ],
              [
                -80.0961036,
                26.9005237
              ],
              [
                -80.0961331,
                26.900548199999985
              ],
              [
                -80.09616260000001,
                26.9005818
              ],
              [
                -80.0961758,
                26.9006171
              ],
              [
                -80.0961748,
                26.9006497
              ],
              [
                -80.0961657,
                26.90068690000001
              ],
              [
                -80.0961616,
                26.9007204
              ],
              [
                -80.0961661,
                26.9007515
              ],
              [
                -80.0961724,
                26.9007805
              ],
              [
                -80.0961701,
                26.900806499999984
              ],
              [
                -80.0961423,
                26.9008265
              ],
              [
                -80.0961087,
                26.9008292
              ],
              [
                -80.0960732,
                26.900812
              ],
              [
                -80.0960498,
                26.900783
              ],
              [
                -80.0960386,
                26.900754
              ],
              [
                -80.0960335,
                26.9007014
              ]
            ]
          ],
          [
            [
              [
                -80.0957801,
                26.9019827
              ],
              [
                -80.0957389,
                26.9019741
              ],
              [
                -80.095717,
                26.9019653
              ],
              [
                -80.0957062,
                26.901953
              ],
              [
                -80.0957026,
                26.901941
              ],
              [
                -80.0956986,
                26.901897099999985
              ],
              [
                -80.0957051,
                26.9018619
              ],
              [
                -80.0957236,
                26.9018302
              ],
              [
                -80.0957438,
                26.9018072
              ],
              [
                -80.0957664,
                26.90180139999999
              ],
              [
                -80.0957914,
                26.9018036
              ],
              [
                -80.0958148,
                26.9018201
              ],
              [
                -80.0958406,
                26.9018396
              ],
              [
                -80.0958728,
                26.90185539999998
              ],
              [
                -80.0959172,
                26.9018662
              ],
              [
                -80.0959567,
                26.901868299999986
              ],
              [
                -80.0959914,
                26.9018762
              ],
              [
                -80.0960076,
                26.9018957
              ],
              [
                -80.09600919999998,
                26.9019259
              ],
              [
                -80.0959995,
                26.9019518
              ],
              [
                -80.0959753,
                26.9019813
              ],
              [
                -80.095939,
                26.902001399999982
              ],
              [
                -80.095897,
                26.9020122
              ],
              [
                -80.0958607,
                26.9020108
              ],
              [
                -80.0958277,
                26.90199779999997
              ],
              [
                -80.0957801,
                26.9019827
              ]
            ]
          ],
          [
            [
              [
                -80.09598,
                26.9070496
              ],
              [
                -80.0959552,
                26.9070307
              ],
              [
                -80.0959446,
                26.9070015
              ],
              [
                -80.0959455,
                26.906966
              ],
              [
                -80.0959694,
                26.906941499999984
              ],
              [
                -80.0960056,
                26.906933600000013
              ],
              [
                -80.0960437,
                26.906943899999984
              ],
              [
                -80.0960693,
                26.9069675
              ],
              [
                -80.0960977,
                26.9070046
              ],
              [
                -80.09613570000002,
                26.9070346
              ],
              [
                -80.0961817,
                26.9070543
              ],
              [
                -80.0962136,
                26.9070843
              ],
              [
                -80.096233,
                26.9071293
              ],
              [
                -80.0962313,
                26.9071695
              ],
              [
                -80.0962012,
                26.9071987
              ],
              [
                -80.0961667,
                26.9072129
              ],
              [
                -80.0961251,
                26.9072137
              ],
              [
                -80.0960809,
                26.907197099999987
              ],
              [
                -80.0960499,
                26.9071609
              ],
              [
                -80.096026,
                26.90712139999998
              ],
              [
                -80.0960092,
                26.9070843
              ],
              [
                -80.09598,
                26.9070496
              ]
            ]
          ],
          [
            [
              [
                -80.0958248,
                26.90798779999998
              ],
              [
                -80.095776,
                26.907983299999984
              ],
              [
                -80.0957445,
                26.907967
              ],
              [
                -80.0957313,
                26.90794430000001
              ],
              [
                -80.0957272,
                26.9079063
              ],
              [
                -80.0957272,
                26.90787
              ],
              [
                -80.095714,
                26.9078356
              ],
              [
                -80.0956896,
                26.9078057
              ],
              [
                -80.09566110000002,
                26.9077839
              ],
              [
                -80.0956408,
                26.9077458
              ],
              [
                -80.0956337,
                26.9077014
              ],
              [
                -80.0956388,
                26.90765520000001
              ],
              [
                -80.09566110000002,
                26.9076208
              ],
              [
                -80.0956957,
                26.9076026
              ],
              [
                -80.09573839999999,
                26.9075999
              ],
              [
                -80.0957831,
                26.90761619999999
              ],
              [
                -80.09581460000001,
                26.9076443
              ],
              [
                -80.09583590000001,
                26.90768059999997
              ],
              [
                -80.0958451,
                26.90772319999998
              ],
              [
                -80.095838,
                26.9077558
              ],
              [
                -80.0958227,
                26.90780110000002
              ],
              [
                -80.09582070000003,
                26.9078383
              ],
              [
                -80.0958329,
                26.9078736
              ],
              [
                -80.0958583,
                26.90790440000001
              ],
              [
                -80.0958756,
                26.9079149
              ],
              [
                -80.095886,
                26.907933699999987
              ],
              [
                -80.0958827,
                26.907954300000018
              ],
              [
                -80.0958644,
                26.907976
              ],
              [
                -80.0958248,
                26.90798779999998
              ]
            ]
          ],
          [
            [
              [
                -80.0862297,
                26.909120600000012
              ],
              [
                -80.0858666,
                26.9091198
              ],
              [
                -80.0858676,
                26.90879610000001
              ],
              [
                -80.0862306,
                26.9087969
              ],
              [
                -80.0862297,
                26.909120600000012
              ]
            ]
          ],
          [
            [
              [
                -80.0862223,
                26.90949229999998
              ],
              [
                -80.0858592,
                26.9094914
              ],
              [
                -80.0858602,
                26.909167699999976
              ],
              [
                -80.0862232,
                26.9091685
              ],
              [
                -80.0862223,
                26.90949229999998
              ]
            ]
          ],
          [
            [
              [
                -80.101062,
                26.9004106
              ],
              [
                -80.1010458,
                26.900392
              ],
              [
                -80.1010412,
                26.9003659
              ],
              [
                -80.1010481,
                26.90033909999997
              ],
              [
                -80.1010674,
                26.9003075
              ],
              [
                -80.101082,
                26.9002787
              ],
              [
                -80.1010928,
                26.9002498
              ],
              [
                -80.10110239999999,
                26.9002289
              ],
              [
                -80.1011152,
                26.9002164
              ],
              [
                -80.1011354,
                26.900205799999988
              ],
              [
                -80.1011659,
                26.9001929
              ],
              [
                -80.10119530000001,
                26.9001736
              ],
              [
                -80.1012307,
                26.900153
              ],
              [
                -80.1012684,
                26.900144
              ],
              [
                -80.1013016,
                26.9001509
              ],
              [
                -80.10132,
                26.900169500000015
              ],
              [
                -80.1013254,
                26.900199700000012
              ],
              [
                -80.1013154,
                26.9002299
              ],
              [
                -80.10129,
                26.9002615
              ],
              [
                -80.1012561,
                26.900286899999987
              ],
              [
                -80.1012222,
                26.9003123
              ],
              [
                -80.1012022,
                26.9003316
              ],
              [
                -80.10118060000002,
                26.9003611
              ],
              [
                -80.1011552,
                26.9004009
              ],
              [
                -80.1011321,
                26.90042019999999
              ],
              [
                -80.1011067,
                26.900428399999985
              ],
              [
                -80.1010828,
                26.900425
              ],
              [
                -80.101062,
                26.9004106
              ]
            ]
          ],
          [
            [
              [
                -80.1019779,
                26.9015174
              ],
              [
                -80.1019596,
                26.9014994
              ],
              [
                -80.1019467,
                26.901464
              ],
              [
                -80.1019223,
                26.9014258
              ],
              [
                -80.1018917,
                26.90139590000001
              ],
              [
                -80.10185690000002,
                26.9013724
              ],
              [
                -80.10183120000002,
                26.90135439999998
              ],
              [
                -80.1018269,
                26.9013321
              ],
              [
                -80.1018348,
                26.901307500000016
              ],
              [
                -80.10185559999998,
                26.9012912
              ],
              [
                -80.1018972,
                26.9012754
              ],
              [
                -80.1019369,
                26.9012661
              ],
              [
                -80.1019742,
                26.9012694
              ],
              [
                -80.1019999,
                26.90128569999998
              ],
              [
                -80.1020225,
                26.9013103
              ],
              [
                -80.1020525,
                26.901337
              ],
              [
                -80.1020849,
                26.90135719999998
              ],
              [
                -80.1021051,
                26.901373499999984
              ],
              [
                -80.1021191,
                26.901397
              ],
              [
                -80.1021222,
                26.90141879999998
              ],
              [
                -80.10211,
                26.9014433
              ],
              [
                -80.1020629,
                26.9014776
              ],
              [
                -80.1020384,
                26.9014984
              ],
              [
                -80.102025,
                26.9015131
              ],
              [
                -80.1020024,
                26.9015218
              ],
              [
                -80.1019779,
                26.9015174
              ]
            ]
          ],
          [
            [
              [
                -80.1014662,
                26.9030193
              ],
              [
                -80.1014815,
                26.9029803
              ],
              [
                -80.1014967,
                26.9029241
              ],
              [
                -80.1015171,
                26.9028933
              ],
              [
                -80.1015628,
                26.9028733
              ],
              [
                -80.1016176,
                26.902863399999983
              ],
              [
                -80.1016735,
                26.902863399999987
              ],
              [
                -80.1016982,
                26.902871399999984
              ],
              [
                -80.101716,
                26.902890799999984
              ],
              [
                -80.1017183,
                26.9029159
              ],
              [
                -80.1016979,
                26.9029558
              ],
              [
                -80.1016705,
                26.9029993
              ],
              [
                -80.1016481,
                26.9030292
              ],
              [
                -80.1016156,
                26.903056399999983
              ],
              [
                -80.10159330000002,
                26.90309
              ],
              [
                -80.1015729,
                26.9031362
              ],
              [
                -80.1015445,
                26.903164299999986
              ],
              [
                -80.1015028,
                26.9031752
              ],
              [
                -80.1014713,
                26.9031688
              ],
              [
                -80.1014428,
                26.9031471
              ],
              [
                -80.1014256,
                26.9031235
              ],
              [
                -80.1014256,
                26.9030872
              ],
              [
                -80.1014408,
                26.9030537
              ],
              [
                -80.1014662,
                26.9030193
              ]
            ]
          ],
          [
            [
              [
                -80.1022056,
                26.905679
              ],
              [
                -80.1021717,
                26.905670399999984
              ],
              [
                -80.1021354,
                26.9056495
              ],
              [
                -80.1021145,
                26.9056373
              ],
              [
                -80.1020846,
                26.9056236
              ],
              [
                -80.1020652,
                26.905603499999984
              ],
              [
                -80.102054,
                26.9055797
              ],
              [
                -80.102054,
                26.9055517
              ],
              [
                -80.1020652,
                26.90552429999998
              ],
              [
                -80.1020822,
                26.90549629999998
              ],
              [
                -80.102087,
                26.9054682
              ],
              [
                -80.1020798,
                26.9054279
              ],
              [
                -80.1020814,
                26.905400600000018
              ],
              [
                -80.1020959,
                26.9053848
              ],
              [
                -80.1021201,
                26.9053797
              ],
              [
                -80.1021459,
                26.9053898
              ],
              [
                -80.1021645,
                26.905415
              ],
              [
                -80.1021879,
                26.9054682
              ],
              [
                -80.1022072,
                26.9055164
              ],
              [
                -80.10222580000001,
                26.9055387
              ],
              [
                -80.1022532,
                26.9055625
              ],
              [
                -80.102275,
                26.9055848
              ],
              [
                -80.1022855,
                26.9056071
              ],
              [
                -80.1022806,
                26.905633
              ],
              [
                -80.1022677,
                26.905659599999968
              ],
              [
                -80.10224510000002,
                26.9056732
              ],
              [
                -80.1022056,
                26.905679
              ]
            ]
          ],
          [
            [
              [
                -80.100856,
                26.9028673
              ],
              [
                -80.1008059,
                26.902854300000012
              ],
              [
                -80.1007559,
                26.902846699999984
              ],
              [
                -80.1007235,
                26.9028344
              ],
              [
                -80.10070960000002,
                26.902811
              ],
              [
                -80.100715,
                26.9027815
              ],
              [
                -80.1007404,
                26.9027588
              ],
              [
                -80.1007797,
                26.90274229999999
              ],
              [
                -80.1008221,
                26.9027375
              ],
              [
                -80.1008491,
                26.902727899999984
              ],
              [
                -80.1008768,
                26.90271279999999
              ],
              [
                -80.1009099,
                26.9027059
              ],
              [
                -80.100943,
                26.902713500000022
              ],
              [
                -80.1009823,
                26.9027382
              ],
              [
                -80.1010185,
                26.902759499999984
              ],
              [
                -80.1010563,
                26.902776
              ],
              [
                -80.10107549999998,
                26.902792499999983
              ],
              [
                -80.1010794,
                26.9028151
              ],
              [
                -80.1010755,
                26.902831599999985
              ],
              [
                -80.1010624,
                26.9028453
              ],
              [
                -80.1010177,
                26.90287419999999
              ],
              [
                -80.1009754,
                26.9028879
              ],
              [
                -80.1009361,
                26.9028914
              ],
              [
                -80.1008984,
                26.902883099999983
              ],
              [
                -80.100856,
                26.9028673
              ]
            ]
          ],
          [
            [
              [
                -80.0968958,
                26.9028573
              ],
              [
                -80.0969323,
                26.9028541
              ],
              [
                -80.096959,
                26.9028704
              ],
              [
                -80.0969744,
                26.902904199999977
              ],
              [
                -80.0969723,
                26.902944299999987
              ],
              [
                -80.09695689999998,
                26.9029857
              ],
              [
                -80.0969267,
                26.903008199999988
              ],
              [
                -80.0968874,
                26.90300759999997
              ],
              [
                -80.0968543,
                26.9029838
              ],
              [
                -80.0968368,
                26.902945600000013
              ],
              [
                -80.0968361,
                26.9029092
              ],
              [
                -80.0968607,
                26.9028754
              ],
              [
                -80.0968958,
                26.9028573
              ]
            ]
          ],
          [
            [
              [
                -80.0970327,
                26.9029423
              ],
              [
                -80.0970374,
                26.902934
              ],
              [
                -80.0970409,
                26.902917299999988
              ],
              [
                -80.0970514,
                26.9029043
              ],
              [
                -80.0970776,
                26.902898599999975
              ],
              [
                -80.097101,
                26.902902200000025
              ],
              [
                -80.0971273,
                26.902911599999978
              ],
              [
                -80.0971446,
                26.902921299999985
              ],
              [
                -80.0971521,
                26.9029325
              ],
              [
                -80.0971529,
                26.9029434
              ],
              [
                -80.0971436,
                26.9029668
              ],
              [
                -80.0971395,
                26.9029881
              ],
              [
                -80.0971314,
                26.9030019
              ],
              [
                -80.0971179,
                26.9030095
              ],
              [
                -80.0970916,
                26.903016799999985
              ],
              [
                -80.097059,
                26.9030162
              ],
              [
                -80.0970362,
                26.9030089
              ],
              [
                -80.097021,
                26.9029886
              ],
              [
                -80.0970158,
                26.9029673
              ],
              [
                -80.097021,
                26.902953400000012
              ],
              [
                -80.0970327,
                26.9029423
              ]
            ]
          ],
          [
            [
              [
                -80.0975276,
                26.9032002
              ],
              [
                -80.097517,
                26.9031942
              ],
              [
                -80.0974978,
                26.9031765
              ],
              [
                -80.0974895,
                26.903153100000022
              ],
              [
                -80.0974907,
                26.903130299999983
              ],
              [
                -80.0974953,
                26.9031135
              ],
              [
                -80.09750720000001,
                26.9030976
              ],
              [
                -80.097524,
                26.9030823
              ],
              [
                -80.0975464,
                26.9030566
              ],
              [
                -80.0975554,
                26.9030304
              ],
              [
                -80.0975663,
                26.9030035
              ],
              [
                -80.0975861,
                26.902985299999987
              ],
              [
                -80.097615,
                26.902976700000014
              ],
              [
                -80.0976412,
                26.9029807
              ],
              [
                -80.0976611,
                26.90299609999998
              ],
              [
                -80.09767640000001,
                26.9030212
              ],
              [
                -80.09768670000001,
                26.9030515
              ],
              [
                -80.09768860000001,
                26.9030806
              ],
              [
                -80.0976796,
                26.9031034
              ],
              [
                -80.0976636,
                26.9031217
              ],
              [
                -80.0976246,
                26.90314509999999
              ],
              [
                -80.097599,
                26.9031634
              ],
              [
                -80.0975746,
                26.9031805
              ],
              [
                -80.0975573,
                26.903195400000012
              ],
              [
                -80.0975419,
                26.9032005
              ],
              [
                -80.0975276,
                26.9032002
              ]
            ]
          ],
          [
            [
              [
                -80.098355,
                26.903560599999988
              ],
              [
                -80.0983198,
                26.903584
              ],
              [
                -80.0982839,
                26.9036041
              ],
              [
                -80.0982419,
                26.9036163
              ],
              [
                -80.0981828,
                26.90362570000001
              ],
              [
                -80.0981475,
                26.9036274
              ],
              [
                -80.0981239,
                26.9036205
              ],
              [
                -80.098104,
                26.9036063
              ],
              [
                -80.0980918,
                26.90358739999999
              ],
              [
                -80.0980861,
                26.903565699999984
              ],
              [
                -80.098088,
                26.903552
              ],
              [
                -80.0980982,
                26.9035406
              ],
              [
                -80.09812,
                26.9035286
              ],
              [
                -80.0981328,
                26.9035138
              ],
              [
                -80.0981379,
                26.9034961
              ],
              [
                -80.0981527,
                26.9034789
              ],
              [
                -80.0981764,
                26.9034641
              ],
              [
                -80.0982084,
                26.9034572
              ],
              [
                -80.098241,
                26.9034584
              ],
              [
                -80.0982762,
                26.9034652
              ],
              [
                -80.0983082,
                26.9034698
              ],
              [
                -80.0983319,
                26.9034692
              ],
              [
                -80.0983524,
                26.903463
              ],
              [
                -80.0983691,
                26.903451
              ],
              [
                -80.0983881,
                26.9034467
              ],
              [
                -80.09840819999998,
                26.9034496
              ],
              [
                -80.0984229,
                26.90346220000001
              ],
              [
                -80.0984273,
                26.9034846
              ],
              [
                -80.0984241,
                26.9035052
              ],
              [
                -80.09840690000001,
                26.90353029999998
              ],
              [
                -80.0983876,
                26.9035446
              ],
              [
                -80.098355,
                26.903560599999988
              ]
            ]
          ],
          [
            [
              [
                -80.0963547,
                26.9037909
              ],
              [
                -80.0963758,
                26.90376219999998
              ],
              [
                -80.0964096,
                26.9037412
              ],
              [
                -80.0964417,
                26.9037434
              ],
              [
                -80.096467,
                26.9037668
              ],
              [
                -80.0964932,
                26.9038142
              ],
              [
                -80.09650670000002,
                26.9038662
              ],
              [
                -80.09650590000001,
                26.9039152
              ],
              [
                -80.0964898,
                26.90394679999999
              ],
              [
                -80.0964603,
                26.903975499999984
              ],
              [
                -80.0964147,
                26.903998799999982
              ],
              [
                -80.096369,
                26.9040094
              ],
              [
                -80.0963243,
                26.9040079
              ],
              [
                -80.0962998,
                26.9039935
              ],
              [
                -80.0962862,
                26.9039619
              ],
              [
                -80.0962879,
                26.9039205
              ],
              [
                -80.0963014,
                26.9038722
              ],
              [
                -80.0963327,
                26.903827
              ],
              [
                -80.0963547,
                26.9037909
              ]
            ]
          ],
          [
            [
              [
                -80.098309,
                26.903828199999985
              ],
              [
                -80.0983421,
                26.9038347
              ],
              [
                -80.0983655,
                26.9038498
              ],
              [
                -80.0983857,
                26.9038735
              ],
              [
                -80.0983961,
                26.903903
              ],
              [
                -80.0983929,
                26.903926
              ],
              [
                -80.0983695,
                26.9039606
              ],
              [
                -80.098351,
                26.9039965
              ],
              [
                -80.0983332,
                26.9040224
              ],
              [
                -80.098309,
                26.90403760000002
              ],
              [
                -80.0982816,
                26.9040404
              ],
              [
                -80.0982542,
                26.90403249999999
              ],
              [
                -80.098238,
                26.904016
              ],
              [
                -80.0982292,
                26.90398
              ],
              [
                -80.09823,
                26.9039311
              ],
              [
                -80.0982364,
                26.9038886
              ],
              [
                -80.0982518,
                26.9038548
              ],
              [
                -80.0982743,
                26.9038354
              ],
              [
                -80.098309,
                26.903828199999985
              ]
            ]
          ],
          [
            [
              [
                -80.0962715,
                26.9055912
              ],
              [
                -80.0962796,
                26.9055577
              ],
              [
                -80.0962826,
                26.9055262
              ],
              [
                -80.09629360000001,
                26.905502
              ],
              [
                -80.0963157,
                26.905478399999986
              ],
              [
                -80.0963495,
                26.90545869999998
              ],
              [
                -80.0963877,
                26.905452099999987
              ],
              [
                -80.0964157,
                26.9054659
              ],
              [
                -80.09644439999998,
                26.9054987
              ],
              [
                -80.0964583,
                26.905542
              ],
              [
                -80.0964583,
                26.905582
              ],
              [
                -80.09644510000001,
                26.9056253
              ],
              [
                -80.0964186,
                26.9056666
              ],
              [
                -80.0963855,
                26.9057059
              ],
              [
                -80.0963576,
                26.9057335
              ],
              [
                -80.0963223,
                26.9057551
              ],
              [
                -80.0962877,
                26.9057571
              ],
              [
                -80.0962649,
                26.9057414
              ],
              [
                -80.0962487,
                26.9057145
              ],
              [
                -80.0962399,
                26.9056889
              ],
              [
                -80.0962392,
                26.9056574
              ],
              [
                -80.0962517,
                26.905627199999984
              ],
              [
                -80.0962715,
                26.9055912
              ]
            ]
          ],
          [
            [
              [
                -80.1018269,
                26.906034900000023
              ],
              [
                -80.1018103,
                26.9060058
              ],
              [
                -80.1018064,
                26.9059778
              ],
              [
                -80.1018154,
                26.905955
              ],
              [
                -80.1018416,
                26.905931
              ],
              [
                -80.1019025,
                26.9059127
              ],
              [
                -80.1019601,
                26.905910399999986
              ],
              [
                -80.1019985,
                26.90591729999998
              ],
              [
                -80.102026,
                26.9059344
              ],
              [
                -80.1020651,
                26.9059573
              ],
              [
                -80.1021054,
                26.9059738
              ],
              [
                -80.1021291,
                26.9059932
              ],
              [
                -80.1021419,
                26.9060252
              ],
              [
                -80.1021438,
                26.906052
              ],
              [
                -80.102131,
                26.9060817
              ],
              [
                -80.102099,
                26.9061029
              ],
              [
                -80.10206,
                26.9061086
              ],
              [
                -80.10203050000001,
                26.9061023
              ],
              [
                -80.1019908,
                26.9060869
              ],
              [
                -80.10194530000001,
                26.9060749
              ],
              [
                -80.1018922,
                26.9060663
              ],
              [
                -80.1018532,
                26.906055499999983
              ],
              [
                -80.1018269,
                26.906034900000023
              ]
            ]
          ],
          [
            [
              [
                -80.1019249,
                26.9085715
              ],
              [
                -80.1019152,
                26.908547799999983
              ],
              [
                -80.1019193,
                26.9085233
              ],
              [
                -80.1019378,
                26.9084996
              ],
              [
                -80.1019669,
                26.9084852
              ],
              [
                -80.10201280000001,
                26.9084723
              ],
              [
                -80.1020403,
                26.90845709999999
              ],
              [
                -80.1020661,
                26.908432
              ],
              [
                -80.1020863,
                26.9083967
              ],
              [
                -80.1021056,
                26.90837870000001
              ],
              [
                -80.10213630000001,
                26.9083708
              ],
              [
                -80.1021685,
                26.90837439999998
              ],
              [
                -80.1021927,
                26.908396
              ],
              [
                -80.1022065,
                26.908430499999987
              ],
              [
                -80.102225,
                26.9084658
              ],
              [
                -80.1022339,
                26.908499599999985
              ],
              [
                -80.1022266,
                26.9085291
              ],
              [
                -80.1022089,
                26.9085679
              ],
              [
                -80.1021929,
                26.908598100000017
              ],
              [
                -80.102174,
                26.9086214
              ],
              [
                -80.1021492,
                26.9086294
              ],
              [
                -80.1021268,
                26.9086254
              ],
              [
                -80.10209510000001,
                26.908615400000027
              ],
              [
                -80.1020612,
                26.908611099999977
              ],
              [
                -80.10201040000001,
                26.9086104
              ],
              [
                -80.1019669,
                26.908604600000018
              ],
              [
                -80.1019427,
                26.908590899999986
              ],
              [
                -80.1019249,
                26.9085715
              ]
            ]
          ],
          [
            [
              [
                -80.101911,
                26.90916059999999
              ],
              [
                -80.1018552,
                26.9091164
              ],
              [
                -80.1018207,
                26.9090786
              ],
              [
                -80.1017933,
                26.909029599999982
              ],
              [
                -80.101788,
                26.9090052
              ],
              [
                -80.1017995,
                26.908987
              ],
              [
                -80.1018322,
                26.90897359999999
              ],
              [
                -80.10187820000002,
                26.90897359999999
              ],
              [
                -80.1019313,
                26.9089886
              ],
              [
                -80.1019685,
                26.909008299999982
              ],
              [
                -80.1020083,
                26.909037499999982
              ],
              [
                -80.1020349,
                26.909069099999986
              ],
              [
                -80.1020605,
                26.9091172
              ],
              [
                -80.1020791,
                26.9091582
              ],
              [
                -80.10209769999999,
                26.909193
              ],
              [
                -80.1021039,
                26.909210299999987
              ],
              [
                -80.1021021,
                26.9092419
              ],
              [
                -80.1020809,
                26.9092656
              ],
              [
                -80.1020534,
                26.909275
              ],
              [
                -80.1020189,
                26.9092711
              ],
              [
                -80.1019888,
                26.9092482
              ],
              [
                -80.1019464,
                26.909195299999983
              ],
              [
                -80.101911,
                26.90916059999999
              ]
            ]
          ],
          [
            [
              [
                -80.1017106,
                26.909642099999978
              ],
              [
                -80.1016746,
                26.909614800000014
              ],
              [
                -80.101633,
                26.9095908
              ],
              [
                -80.1015878,
                26.9095761
              ],
              [
                -80.1015645,
                26.90956579999999
              ],
              [
                -80.1015517,
                26.9095456
              ],
              [
                -80.1015566,
                26.9095232
              ],
              [
                -80.1015786,
                26.909508
              ],
              [
                -80.101625,
                26.9094911
              ],
              [
                -80.1016764,
                26.909478499999988
              ],
              [
                -80.1017143,
                26.909474199999984
              ],
              [
                -80.1017345,
                26.909481799999988
              ],
              [
                -80.1017528,
                26.9095096
              ],
              [
                -80.1017754,
                26.90953690000002
              ],
              [
                -80.1018182,
                26.909566300000012
              ],
              [
                -80.1018555,
                26.909581
              ],
              [
                -80.1018873,
                26.909596299999986
              ],
              [
                -80.1019093,
                26.909617
              ],
              [
                -80.1019173,
                26.909641
              ],
              [
                -80.1019044,
                26.9096688
              ],
              [
                -80.1018788,
                26.9096819
              ],
              [
                -80.1018329,
                26.909687899999987
              ],
              [
                -80.1017852,
                26.90968409999997
              ],
              [
                -80.1017437,
                26.909666100000017
              ],
              [
                -80.1017106,
                26.909642099999978
              ]
            ]
          ],
          [
            [
              [
                -80.098627,
                26.9058144
              ],
              [
                -80.0985831,
                26.9058323
              ],
              [
                -80.0985461,
                26.9058398
              ],
              [
                -80.0985161,
                26.905836400000013
              ],
              [
                -80.0984976,
                26.9058226
              ],
              [
                -80.0984892,
                26.9058062
              ],
              [
                -80.0984876,
                26.905780100000012
              ],
              [
                -80.0984976,
                26.905751899999984
              ],
              [
                -80.0985123,
                26.90573129999999
              ],
              [
                -80.0985331,
                26.9057148
              ],
              [
                -80.09856,
                26.905692100000014
              ],
              [
                -80.0985777,
                26.9056708
              ],
              [
                -80.0985908,
                26.9056351
              ],
              [
                -80.0986039,
                26.905607
              ],
              [
                -80.0986247,
                26.9055884
              ],
              [
                -80.0986578,
                26.9055747
              ],
              [
                -80.0986879,
                26.90557259999998
              ],
              [
                -80.0987233,
                26.905581599999977
              ],
              [
                -80.0987518,
                26.905596
              ],
              [
                -80.0987718,
                26.9056166
              ],
              [
                -80.09878030000002,
                26.9056399
              ],
              [
                -80.0987734,
                26.905664
              ],
              [
                -80.0987595,
                26.9056791
              ],
              [
                -80.0987318,
                26.9056949
              ],
              [
                -80.0987071,
                26.905712699999977
              ],
              [
                -80.0986925,
                26.9057327
              ],
              [
                -80.0986817,
                26.9057615
              ],
              [
                -80.0986578,
                26.90579239999998
              ],
              [
                -80.098627,
                26.9058144
              ]
            ]
          ],
          [
            [
              [
                -80.1000386,
                26.90799009999998
              ],
              [
                -80.1000062,
                26.9079809
              ],
              [
                -80.0999864,
                26.9079672
              ],
              [
                -80.0999768,
                26.907942199999976
              ],
              [
                -80.0999841,
                26.9079081
              ],
              [
                -80.1000055,
                26.9078845
              ],
              [
                -80.1000533,
                26.9078648
              ],
              [
                -80.1000996,
                26.9078648
              ],
              [
                -80.1001401,
                26.907878
              ],
              [
                -80.1001754,
                26.9078819
              ],
              [
                -80.1002364,
                26.9078799
              ],
              [
                -80.100285,
                26.90788580000002
              ],
              [
                -80.10031580000002,
                26.907903499999982
              ],
              [
                -80.1003342,
                26.907935
              ],
              [
                -80.1003482,
                26.9079613
              ],
              [
                -80.1003673,
                26.907985499999977
              ],
              [
                -80.1003703,
                26.908011799999983
              ],
              [
                -80.1003541,
                26.90803210000002
              ],
              [
                -80.1003188,
                26.9080511
              ],
              [
                -80.1002805,
                26.908055700000013
              ],
              [
                -80.1002313,
                26.9080491
              ],
              [
                -80.100179,
                26.9080308
              ],
              [
                -80.10013789999998,
                26.9080098
              ],
              [
                -80.1000974,
                26.907996
              ],
              [
                -80.1000386,
                26.90799009999998
              ]
            ]
          ],
          [
            [
              [
                -80.0974373,
                26.9088374
              ],
              [
                -80.0974711,
                26.9088308
              ],
              [
                -80.0975093,
                26.9088374
              ],
              [
                -80.0975424,
                26.9088485
              ],
              [
                -80.09756218550838,
                26.908848500001532
              ],
              [
                -80.09756218550868,
                26.9088485
              ],
              [
                -80.0975785,
                26.908848499999987
              ],
              [
                -80.097627,
                26.908836
              ],
              [
                -80.0976689,
                26.90882619999999
              ],
              [
                -80.0977204,
                26.9088275
              ],
              [
                -80.097755,
                26.9088374
              ],
              [
                -80.0977829,
                26.908861599999977
              ],
              [
                -80.0977918,
                26.9088938
              ],
              [
                -80.0977807,
                26.90893379999997
              ],
              [
                -80.0977498,
                26.908971799999982
              ],
              [
                -80.09771090000001,
                26.908996100000017
              ],
              [
                -80.0976755,
                26.9090072
              ],
              [
                -80.0976439,
                26.909007199999987
              ],
              [
                -80.0976086,
                26.9089934
              ],
              [
                -80.0975763,
                26.908986199999987
              ],
              [
                -80.0975233,
                26.9089849
              ],
              [
                -80.0974696,
                26.9089751
              ],
              [
                -80.0974255,
                26.90896
              ],
              [
                -80.097402,
                26.9089436
              ],
              [
                -80.0973924,
                26.908911499999984
              ],
              [
                -80.09739750000001,
                26.9088787
              ],
              [
                -80.0974145,
                26.9088498
              ],
              [
                -80.0974373,
                26.9088374
              ]
            ]
          ],
          [
            [
              [
                -80.0967163,
                26.91003819999998
              ],
              [
                -80.0967854,
                26.910048
              ],
              [
                -80.0968251,
                26.910066400000023
              ],
              [
                -80.096845,
                26.9100953
              ],
              [
                -80.0968472,
                26.910123499999987
              ],
              [
                -80.0968303,
                26.91014770000001
              ],
              [
                -80.0967847,
                26.9101766
              ],
              [
                -80.09674570000001,
                26.910189
              ],
              [
                -80.0966905,
                26.9101956
              ],
              [
                -80.0966508,
                26.9102035
              ],
              [
                -80.0966229,
                26.91021789999999
              ],
              [
                -80.0965912,
                26.910242199999978
              ],
              [
                -80.0965552,
                26.910254
              ],
              [
                -80.0965184,
                26.910248699999983
              ],
              [
                -80.0964905,
                26.9102264
              ],
              [
                -80.096478,
                26.910188399999985
              ],
              [
                -80.096489,
                26.910143099999974
              ],
              [
                -80.09652649999998,
                26.910103099999986
              ],
              [
                -80.0965853,
                26.9100664
              ],
              [
                -80.0966523,
                26.9100467
              ],
              [
                -80.0967163,
                26.91003819999998
              ]
            ]
          ],
          [
            [
              [
                -80.103904,
                26.9125421
              ],
              [
                -80.1040842,
                26.912543
              ],
              [
                -80.1040818,
                26.9129117
              ],
              [
                -80.1039016,
                26.91291079999998
              ],
              [
                -80.103904,
                26.9125421
              ]
            ]
          ],
          [
            [
              [
                -80.104139,
                26.912752600000015
              ],
              [
                -80.1044845,
                26.9127542
              ],
              [
                -80.1044835,
                26.9129142
              ],
              [
                -80.104138,
                26.912912500000022
              ],
              [
                -80.104139,
                26.912752600000015
              ]
            ]
          ],
          [
            [
              [
                -80.1033534,
                26.9298001
              ],
              [
                -80.1026292,
                26.9298096
              ],
              [
                -80.1026614,
                26.9294987
              ],
              [
                -80.1028653,
                26.9292548
              ],
              [
                -80.1031603,
                26.92914959999998
              ],
              [
                -80.1033695,
                26.9291161
              ],
              [
                -80.1033534,
                26.9298001
              ]
            ]
          ],
          [
            [
              [
                -80.1021846,
                26.9297332
              ],
              [
                -80.1021911,
                26.929517
              ],
              [
                -80.1023035,
                26.9295196
              ],
              [
                -80.102297,
                26.9297359
              ],
              [
                -80.1021846,
                26.9297332
              ]
            ]
          ],
          [
            [
              [
                -80.1023718,
                26.9297362
              ],
              [
                -80.10237730000001,
                26.9295203
              ],
              [
                -80.1024877,
                26.9295226
              ],
              [
                -80.1024823,
                26.9297384
              ],
              [
                -80.1023718,
                26.9297362
              ]
            ]
          ],
          [
            [
              [
                -80.1041356,
                26.9303986
              ],
              [
                -80.1041187,
                26.9294087
              ],
              [
                -80.10461040000001,
                26.929402
              ],
              [
                -80.1046274,
                26.9303919
              ],
              [
                -80.1041356,
                26.9303986
              ]
            ]
          ],
          [
            [
              [
                -80.1021811,
                26.929871699999982
              ],
              [
                -80.1022917,
                26.92987379999998
              ],
              [
                -80.1022866,
                26.9300894
              ],
              [
                -80.102176,
                26.930087300000014
              ],
              [
                -80.1021811,
                26.929871699999982
              ]
            ]
          ],
          [
            [
              [
                -80.1024716,
                26.9300938
              ],
              [
                -80.1023616,
                26.930091099999988
              ],
              [
                -80.1023683,
                26.9298774
              ],
              [
                -80.1024783,
                26.9298801
              ],
              [
                -80.1024716,
                26.9300938
              ]
            ]
          ],
          [
            [
              [
                -80.1021668,
                26.9304452
              ],
              [
                -80.1021731,
                26.93023050000001
              ],
              [
                -80.1022841,
                26.9302331
              ],
              [
                -80.1022778,
                26.9304478
              ],
              [
                -80.1021668,
                26.9304452
              ]
            ]
          ],
          [
            [
              [
                -80.1024629,
                26.930451499999972
              ],
              [
                -80.1023507,
                26.9304493
              ],
              [
                -80.102356,
                26.9302326
              ],
              [
                -80.1024682,
                26.9302348
              ],
              [
                -80.1024629,
                26.930451499999972
              ]
            ]
          ],
          [
            [
              [
                -80.1032086,
                26.93002009999998
              ],
              [
                -80.10328910000001,
                26.9299292
              ],
              [
                -80.1035948,
                26.9299292
              ],
              [
                -80.10369139999999,
                26.93002479999997
              ],
              [
                -80.1036807,
                26.9302783
              ],
              [
                -80.1036056,
                26.930374
              ],
              [
                -80.1036216,
                26.9308331
              ],
              [
                -80.1026024,
                26.930842699999985
              ],
              [
                -80.102597,
                26.9300105
              ],
              [
                -80.1032086,
                26.93002009999998
              ]
            ]
          ],
          [
            [
              [
                -80.1021574,
                26.9308017
              ],
              [
                -80.1021634,
                26.930585899999976
              ],
              [
                -80.1022736,
                26.9305883
              ],
              [
                -80.1022677,
                26.9308041
              ],
              [
                -80.1021574,
                26.9308017
              ]
            ]
          ],
          [
            [
              [
                -80.1594795,
                26.9234855
              ],
              [
                -80.1593588,
                26.9234618
              ],
              [
                -80.15934,
                26.923426
              ],
              [
                -80.1592863,
                26.9234523
              ],
              [
                -80.159179,
                26.923430499999988
              ],
              [
                -80.1591576,
                26.9233997
              ],
              [
                -80.1592139,
                26.923127
              ],
              [
                -80.1592837,
                26.92310069999999
              ],
              [
                -80.1593668,
                26.9231151
              ],
              [
                -80.1593909,
                26.9231627
              ],
              [
                -80.1594339,
                26.92313419999997
              ],
              [
                -80.1595519,
                26.923151
              ],
              [
                -80.159576,
                26.9231962
              ],
              [
                -80.1596162,
                26.923162900000012
              ],
              [
                -80.1597316,
                26.923194
              ],
              [
                -80.1597664,
                26.9232179
              ],
              [
                -80.1597101,
                26.9234951
              ],
              [
                -80.1596484,
                26.9235214
              ],
              [
                -80.1595331,
                26.9234927
              ],
              [
                -80.1595009,
                26.9234616
              ],
              [
                -80.1594795,
                26.9234855
              ]
            ]
          ],
          [
            [
              [
                -80.1592845,
                26.9246077
              ],
              [
                -80.1592216,
                26.9246308
              ],
              [
                -80.1591536,
                26.92463329999999
              ],
              [
                -80.1590888,
                26.9246149
              ],
              [
                -80.1590565,
                26.9245959
              ],
              [
                -80.1590119,
                26.9245501
              ],
              [
                -80.1589875,
                26.9244935
              ],
              [
                -80.1589863,
                26.9244329
              ],
              [
                -80.1590085,
                26.9243756
              ],
              [
                -80.1590513,
                26.9243285
              ],
              [
                -80.1591095,
                26.9242972
              ],
              [
                -80.1591616,
                26.9242864
              ],
              [
                -80.1592294,
                26.9242914
              ],
              [
                -80.1592912,
                26.924316699999988
              ],
              [
                -80.1593395,
                26.9243593
              ],
              [
                -80.1593686,
                26.9244141
              ],
              [
                -80.1593749,
                26.924474499999988
              ],
              [
                -80.1593576,
                26.9245332
              ],
              [
                -80.1593347,
                26.9245669
              ],
              [
                -80.1592845,
                26.9246077
              ]
            ]
          ],
          [
            [
              [
                -80.16740284848191,
                26.918706426662286
              ],
              [
                -80.16745618224873,
                26.9167178762294
              ],
              [
                -80.16745624872406,
                26.91671594422527
              ],
              [
                -80.16746395119665,
                26.916524953589935
              ],
              [
                -80.16746041742041,
                26.916666742349427
              ],
              [
                -80.16745941739094,
                26.91671374231237
              ],
              [
                -80.16743541686077,
                26.91755974164199
              ],
              [
                -80.16741223375078,
                26.91839890453594
              ],
              [
                -80.1671942651499,
                26.92628785173207
              ],
              [
                -80.16717241089677,
                26.927078734098636
              ],
              [
                -80.1671063990453,
                26.928418758046956
              ],
              [
                -80.16710241001012,
                26.928499732953163
              ],
              [
                -80.16688340710931,
                26.933148729209417
              ],
              [
                -80.16684770854957,
                26.93374996665025
              ],
              [
                -80.16692926643569,
                26.932062173536206
              ],
              [
                -80.16712611227278,
                26.927772986044122
              ],
              [
                -80.16740284848191,
                26.918706426662286
              ]
            ]
          ],
          [
            [
              [
                -80.12996852963495,
                26.926814832481313
              ],
              [
                -80.12982891886338,
                26.92681156710978
              ],
              [
                -80.12966635074643,
                26.92680776351657
              ],
              [
                -80.1296954480768,
                26.926807520035336
              ],
              [
                -80.12972453372906,
                26.92680705469783
              ],
              [
                -80.12975360321165,
                26.92680613443492
              ],
              [
                -80.12978265382962,
                26.926804761649237
              ],
              [
                -80.12981167300659,
                26.926802933137193
              ],
              [
                -80.12984065175934,
                26.92680065130143
              ],
              [
                -80.12986958110474,
                26.926797916942927
              ],
              [
                -80.12989845205966,
                26.92679473166351
              ],
              [
                -80.12992725833587,
                26.92679109145842
              ],
              [
                -80.12995598825529,
                26.926787004336926
              ],
              [
                -80.12998463552968,
                26.9267824662944
              ],
              [
                -80.13001318758268,
                26.92677748293718
              ],
              [
                -80.13004163992268,
                26.926772052663395
              ],
              [
                -80.1300699817699,
                26.926766177074843
              ],
              [
                -80.13009820503947,
                26.926759860176045
              ],
              [
                -80.13012630164665,
                26.92675310276791
              ],
              [
                -80.13015426170985,
                26.926745905651206
              ],
              [
                -80.1301820771443,
                26.926738274432385
              ],
              [
                -80.1302097398652,
                26.9267302075095
              ],
              [
                -80.13023724178758,
                26.92672170888709
              ],
              [
                -80.13026457303009,
                26.926712781768778
              ],
              [
                -80.13029172820282,
                26.926703428557147
              ],
              [
                -80.13031869472934,
                26.926693652455867
              ],
              [
                -80.13034546901638,
                26.926683455867618
              ],
              [
                -80.13037204028417,
                26.92667284199598
              ],
              [
                -80.13039839954956,
                26.92666181324359
              ],
              [
                -80.13042454142264,
                26.926650373614972
              ],
              [
                -80.13045045602195,
                26.92663852791558
              ],
              [
                -80.13047613616098,
                26.926626278548035
              ],
              [
                -80.13050157285656,
                26.926613628715877
              ],
              [
                -80.13052675982051,
                26.92660058242369
              ],
              [
                -80.13055168986627,
                26.926587144476855
              ],
              [
                -80.13056685858797,
                26.926578641892714
              ],
              [
                -80.1305723,
                26.9264943
              ],
              [
                -80.1307895,
                26.926335199999983
              ],
              [
                -80.1310316,
                26.92607179999999
              ],
              [
                -80.1310909,
                26.925977599999985
              ],
              [
                -80.1312429,
                26.925728
              ],
              [
                -80.1314797,
                26.9254789
              ],
              [
                -80.1317223,
                26.9253041
              ],
              [
                -80.1319574,
                26.9251846
              ],
              [
                -80.1320543,
                26.9253845
              ],
              [
                -80.13206895836367,
                26.925418077934346
              ],
              [
                -80.13218052052933,
                26.92564800038685
              ],
              [
                -80.13229497218472,
                26.925883879012442
              ],
              [
                -80.13237452968123,
                26.926047841618384
              ],
              [
                -80.13245408807606,
                26.926211803985954
              ],
              [
                -80.13253364557256,
                26.926375766916202
              ],
              [
                -80.13261320396738,
                26.926539728807217
              ],
              [
                -80.13277819114649,
                26.92687975357385
              ],
              [
                -80.13277641469976,
                26.92687971345687
              ],
              [
                -80.13185841481116,
                26.926857712920196
              ],
              [
                -80.13054541497014,
                26.926826712152334
              ],
              [
                -80.13054535597317,
                26.9268283247101
              ],
              [
                -80.13038724876193,
                26.926824644613685
              ],
              [
                -80.13024769907581,
                26.92682140246931
              ],
              [
                -80.13010811435538,
                26.92681810345916
              ],
              [
                -80.12996852963495,
                26.926814832481313
              ]
            ]
          ],
          [
            [
              [
                -80.1388839859744,
                26.933104812038273
              ],
              [
                -80.13958930942488,
                26.933078445467412
              ],
              [
                -80.13958817388925,
                26.93311245049338
              ],
              [
                -80.13888330181842,
                26.933126096692618
              ],
              [
                -80.1388839859744,
                26.933104812038273
              ]
            ]
          ],
          [
            [
              [
                -80.16819440612339,
                26.934480728984337
              ],
              [
                -80.1682324061172,
                26.93448372900549
              ],
              [
                -80.16829840610659,
                26.934488729042354
              ],
              [
                -80.168504406072,
                26.93450672915563
              ],
              [
                -80.16857540605956,
                26.934513729194023
              ],
              [
                -80.16876440602624,
                26.93453272929605
              ],
              [
                -80.1688484060111,
                26.93454172934096
              ],
              [
                -80.16897440598675,
                26.934557729406414
              ],
              [
                -80.1689954857206,
                26.93456016639729
              ],
              [
                -80.16914740595459,
                26.93457772949776
              ],
              [
                -80.16916240595164,
                26.934579729505487
              ],
              [
                -80.1692274059386,
                26.93458872953867
              ],
              [
                -80.16936840591005,
                26.934608729610314
              ],
              [
                -80.1694147016262,
                26.93461519743999
              ],
              [
                -80.1695044058827,
                26.93462772967966
              ],
              [
                -80.1695364380348,
                26.934632763349587
              ],
              [
                -80.16971440583815,
                26.934660729783864
              ],
              [
                -80.16977740582472,
                26.93467072981506
              ],
              [
                -80.16988340580136,
                26.93468872986667
              ],
              [
                -80.17009135709904,
                26.93472653942167
              ],
              [
                -80.16987282463617,
                26.934689547434104
              ],
              [
                -80.16959828331566,
                26.93464307298873
              ],
              [
                -80.1694960643702,
                26.93462755182507
              ],
              [
                -80.1689774,
                26.934560599999983
              ],
              [
                -80.1685682,
                26.9345246
              ],
              [
                -80.1682349,
                26.9345029
              ],
              [
                -80.1668252,
                26.9344362
              ],
              [
                -80.16682529846241,
                26.934434145155432
              ],
              [
                -80.16681464949026,
                26.934434083506023
              ],
              [
                -80.16681489950994,
                26.934428909699815
              ],
              [
                -80.16682553698232,
                26.93442916740408
              ],
              [
                -80.16767440620161,
                26.934449728687312
              ],
              [
                -80.16779709065133,
                26.93445625957298
              ],
              [
                -80.1679374061631,
                26.934463728838846
              ],
              [
                -80.16819440612339,
                26.934480728984337
              ]
            ]
          ],
          [
            [
              [
                -80.17085240556852,
                26.93488373031514
              ],
              [
                -80.17091940555082,
                26.93489973034422
              ],
              [
                -80.17108840550576,
                26.93494073041712
              ],
              [
                -80.1711674054848,
                26.93495973045134
              ],
              [
                -80.17124232348581,
                26.934979229723975
              ],
              [
                -80.17089920105225,
                26.93490209069392
              ],
              [
                -80.17061206265652,
                26.934837536740638
              ],
              [
                -80.17044305811055,
                26.934798839589142
              ],
              [
                -80.17029990741823,
                26.934766062310064
              ],
              [
                -80.170318405701,
                26.934769730072947
              ],
              [
                -80.17059440563375,
                26.934826730199568
              ],
              [
                -80.1706414056221,
                26.934836730220923
              ],
              [
                -80.17071540560362,
                26.934852730254327
              ],
              [
                -80.17085240556852,
                26.93488373031514
              ]
            ]
          ],
          [
            [
              [
                -80.1334078,
                26.93472889999999
              ],
              [
                -80.1340157,
                26.9347369
              ],
              [
                -80.1338852,
                26.936551
              ],
              [
                -80.1321506,
                26.9365357
              ],
              [
                -80.1322039,
                26.934708699999977
              ],
              [
                -80.1328818,
                26.9346993
              ],
              [
                -80.1334078,
                26.93472889999999
              ]
            ]
          ],
          [
            [
              [
                -80.17422240446898,
                26.93601473153368
              ],
              [
                -80.17428151949176,
                26.93603843107344
              ],
              [
                -80.17325306302008,
                26.935632470693584
              ],
              [
                -80.1729836,
                26.935533
              ],
              [
                -80.17231717964957,
                26.93529522560599
              ],
              [
                -80.17209733627396,
                26.935221298062718
              ],
              [
                -80.17210840521042,
                26.93522473082962
              ],
              [
                -80.17221554026636,
                26.935258960840695
              ],
              [
                -80.17234940513427,
                26.93530173091963
              ],
              [
                -80.17249540508666,
                26.935350730972356
              ],
              [
                -80.17261040504889,
                26.935389731013625
              ],
              [
                -80.17284344272103,
                26.93547219064677
              ],
              [
                -80.17287040496103,
                26.935481731104048
              ],
              [
                -80.17289601040459,
                26.93549152894198
              ],
              [
                -80.17337740478035,
                26.935675731269367
              ],
              [
                -80.17346812614389,
                26.93571185930159
              ],
              [
                -80.17349040473896,
                26.935720731304915
              ],
              [
                -80.17363940468393,
                26.93578073135129
              ],
              [
                -80.17392340458049,
                26.935892731441616
              ],
              [
                -80.17409740451495,
                26.935964731494416
              ],
              [
                -80.17412340450566,
                26.93597473150288
              ],
              [
                -80.17422240446898,
                26.93601473153368
              ]
            ]
          ],
          [
            [
              [
                -80.130833,
                26.9382237
              ],
              [
                -80.1308315,
                26.9385149
              ],
              [
                -80.130421,
                26.9385133
              ],
              [
                -80.1304224,
                26.938222
              ],
              [
                -80.130833,
                26.9382237
              ]
            ]
          ],
          [
            [
              [
                -80.1788994909714,
                26.93832068968341
              ],
              [
                -80.17961531799715,
                26.938497830485883
              ],
              [
                -80.17976443524779,
                26.938535685344192
              ],
              [
                -80.17976340222462,
                26.938536733065046
              ],
              [
                -80.1795644022797,
                26.938486732978614
              ],
              [
                -80.17889940246286,
                26.938320732689103
              ],
              [
                -80.17883152871156,
                26.938320086412762
              ],
              [
                -80.1788994909714,
                26.93832068968341
              ]
            ]
          ],
          [
            [
              [
                -80.1548042,
                26.9513633
              ],
              [
                -80.1548022,
                26.9515785
              ],
              [
                -80.15469,
                26.9515776
              ],
              [
                -80.1546921,
                26.95136239999997
              ],
              [
                -80.1548042,
                26.9513633
              ]
            ]
          ],
          [
            [
              [
                -80.1549191,
                26.95136329999998
              ],
              [
                -80.1550313,
                26.9513642
              ],
              [
                -80.1550292,
                26.951579399999986
              ],
              [
                -80.154917,
                26.9515785
              ],
              [
                -80.1549191,
                26.95136329999998
              ]
            ]
          ],
          [
            [
              [
                -80.1549259,
                26.951705
              ],
              [
                -80.1549261,
                26.95196
              ],
              [
                -80.1547709,
                26.9519601
              ],
              [
                -80.1547707,
                26.951705100000016
              ],
              [
                -80.1549259,
                26.951705
              ]
            ]
          ],
          [
            [
              [
                -80.1385125,
                26.96155539999998
              ],
              [
                -80.1384072,
                26.9615885
              ],
              [
                -80.1383272,
                26.9613861
              ],
              [
                -80.1384326,
                26.961353
              ],
              [
                -80.1385125,
                26.96155539999998
              ]
            ]
          ],
          [
            [
              [
                -80.1385557,
                26.9619668
              ],
              [
                -80.1384757,
                26.9617644
              ],
              [
                -80.1385811,
                26.9617313
              ],
              [
                -80.138661,
                26.96193369999999
              ],
              [
                -80.1385557,
                26.9619668
              ]
            ]
          ],
          [
            [
              [
                -80.2067024,
                26.7755974
              ],
              [
                -80.206704,
                26.775490799999986
              ],
              [
                -80.20672540000001,
                26.7754333
              ],
              [
                -80.2067469,
                26.7753974
              ],
              [
                -80.20681229999998,
                26.7753771
              ],
              [
                -80.2068874,
                26.7754394
              ],
              [
                -80.20705,
                26.7756919
              ],
              [
                -80.2071261,
                26.7757699
              ],
              [
                -80.2071519,
                26.7758284
              ],
              [
                -80.2071288,
                26.775892
              ],
              [
                -80.20706980000001,
                26.7759159
              ],
              [
                -80.2069438,
                26.7759159
              ],
              [
                -80.2068204,
                26.775913499999984
              ],
              [
                -80.2067211,
                26.7758441
              ],
              [
                -80.2066932,
                26.775759
              ],
              [
                -80.2067024,
                26.7755974
              ]
            ]
          ],
          [
            [
              [
                -80.1983787,
                26.8085868
              ],
              [
                -80.1983349,
                26.8082856
              ],
              [
                -80.1984744,
                26.8082731
              ],
              [
                -80.1985036,
                26.808298599999983
              ],
              [
                -80.1985357,
                26.8085612
              ],
              [
                -80.1985135,
                26.8085769
              ],
              [
                -80.1983787,
                26.8085868
              ]
            ]
          ],
          [
            [
              [
                -80.3237623,
                27.5602604
              ],
              [
                -80.323536,
                27.5601877
              ],
              [
                -80.3235749,
                27.56009249999997
              ],
              [
                -80.3238013,
                27.5601653
              ],
              [
                -80.3237623,
                27.5602604
              ]
            ]
          ],
          [
            [
              [
                -80.32921697655219,
                27.56201787510214
              ],
              [
                -80.32920934938673,
                27.56202459756848
              ],
              [
                -80.32912284252316,
                27.562037086974026
              ],
              [
                -80.32907894400638,
                27.562031981496943
              ],
              [
                -80.3290543,
                27.5620345
              ],
              [
                -80.3287329,
                27.562043299999985
              ],
              [
                -80.32870078342683,
                27.562042703613187
              ],
              [
                -80.32865359405979,
                27.56206207454092
              ],
              [
                -80.32517018340783,
                27.56206159114699
              ],
              [
                -80.32498085447855,
                27.56164441501901
              ],
              [
                -80.32480087880799,
                27.561248027382643
              ],
              [
                -80.32462648796357,
                27.560863522609505
              ],
              [
                -80.3251477257503,
                27.5608654689225
              ],
              [
                -80.32521520000002,
                27.5608536
              ],
              [
                -80.32536296447572,
                27.560866271878158
              ],
              [
                -80.327620728231,
                27.560874668116632
              ],
              [
                -80.3284129,
                27.5608632
              ],
              [
                -80.32848691474089,
                27.56087933833692
              ],
              [
                -80.32861325431364,
                27.560880362739493
              ],
              [
                -80.32866643817172,
                27.561071320362757
              ],
              [
                -80.32863454438589,
                27.56118372275228
              ],
              [
                -80.32862702458863,
                27.561362444409152
              ],
              [
                -80.3286136630471,
                27.561539750626626
              ],
              [
                -80.3287220142434,
                27.56166892246512
              ],
              [
                -80.3289690141156,
                27.561689954554417
              ],
              [
                -80.32897123643578,
                27.56173962925082
              ],
              [
                -80.3289959,
                27.5617412
              ],
              [
                -80.3291895,
                27.56174980000002
              ],
              [
                -80.3292146,
                27.5617696
              ],
              [
                -80.3292255,
                27.561797
              ],
              [
                -80.3292032,
                27.561822299999985
              ],
              [
                -80.32919934922909,
                27.56182371582649
              ],
              [
                -80.32920333965747,
                27.56182551865695
              ],
              [
                -80.32926067642711,
                27.561883609656867
              ],
              [
                -80.32926325705827,
                27.561918606497375
              ],
              [
                -80.329288,
                27.5619263
              ],
              [
                -80.3293042,
                27.5619753
              ],
              [
                -80.3292774,
                27.5620117
              ],
              [
                -80.32921697655219,
                27.56201787510214
              ]
            ]
          ],
          [
            [
              [
                -80.32307886230728,
                27.562116703616116
              ],
              [
                -80.32305087259965,
                27.56204028756815
              ],
              [
                -80.32302165758996,
                27.561933927292447
              ],
              [
                -80.32299830049425,
                27.56184051345648
              ],
              [
                -80.32295781701767,
                27.561743135221516
              ],
              [
                -80.32291559260605,
                27.56163724053361
              ],
              [
                -80.32287153832621,
                27.561549496595017
              ],
              [
                -80.32285270334965,
                27.561457465726637
              ],
              [
                -80.322835232914,
                27.5613701564627
              ],
              [
                -80.32281329874971,
                27.561294798272364
              ],
              [
                -80.32277606358119,
                27.561185433359313
              ],
              [
                -80.32274441593371,
                27.56107594649224
              ],
              [
                -80.32272391278568,
                27.56099729350348
              ],
              [
                -80.32264408848954,
                27.560838150917327
              ],
              [
                -80.3235748383453,
                27.560843237361134
              ],
              [
                -80.32419524632155,
                27.560845331029565
              ],
              [
                -80.32424529056772,
                27.560845483137058
              ],
              [
                -80.32429114622381,
                27.560952985368427
              ],
              [
                -80.3243307,
                27.5609545
              ],
              [
                -80.3246872,
                27.5616829
              ],
              [
                -80.32484559999999,
                27.561954
              ],
              [
                -80.32472603346456,
                27.561972502206938
              ],
              [
                -80.325118513211,
                27.562892577212917
              ],
              [
                -80.32508643167725,
                27.5628926297727
              ],
              [
                -80.32323208704696,
                27.56289806731587
              ],
              [
                -80.32322980712276,
                27.562772599999978
              ],
              [
                -80.32321066582068,
                27.562620199595614
              ],
              [
                -80.32317156305469,
                27.562457631816972
              ],
              [
                -80.32313215665812,
                27.562310099147474
              ],
              [
                -80.323106729844,
                27.562202758808407
              ],
              [
                -80.32307886230728,
                27.562116703616116
              ]
            ]
          ],
          [
            [
              [
                -80.327212,
                27.5749652
              ],
              [
                -80.3272115,
                27.575180199999984
              ],
              [
                -80.3271017,
                27.57518
              ],
              [
                -80.32710219999998,
                27.574965
              ],
              [
                -80.327212,
                27.5749652
              ]
            ]
          ],
          [
            [
              [
                -80.32833379999998,
                27.5830315
              ],
              [
                -80.3292713,
                27.5830193
              ],
              [
                -80.3292022,
                27.583294300000016
              ],
              [
                -80.3289842,
                27.5838065
              ],
              [
                -80.3289128,
                27.5840816
              ],
              [
                -80.32874150000002,
                27.58405529999998
              ],
              [
                -80.32856990000002,
                27.5840672
              ],
              [
                -80.3282061,
                27.584116
              ],
              [
                -80.3280007,
                27.58309559999999
              ],
              [
                -80.32833379999998,
                27.5830315
              ]
            ]
          ],
          [
            [
              [
                -80.3432922,
                27.590917
              ],
              [
                -80.3436181,
                27.5909
              ],
              [
                -80.343639,
                27.591215
              ],
              [
                -80.3433131,
                27.591232
              ],
              [
                -80.3432922,
                27.590917
              ]
            ]
          ],
          [
            [
              [
                -80.3395918,
                27.598354599999986
              ],
              [
                -80.3395944,
                27.5985691
              ],
              [
                -80.3394828,
                27.59857010000001
              ],
              [
                -80.3394803,
                27.598355599999987
              ],
              [
                -80.3395918,
                27.598354599999986
              ]
            ]
          ],
          [
            [
              [
                -80.3402677,
                27.598572199999985
              ],
              [
                -80.3401561,
                27.5985732
              ],
              [
                -80.3401536,
                27.5983587
              ],
              [
                -80.3402651,
                27.598357699999987
              ],
              [
                -80.3402677,
                27.598572199999985
              ]
            ]
          ],
          [
            [
              [
                -80.3400828,
                27.5985744
              ],
              [
                -80.3399713,
                27.5985755
              ],
              [
                -80.3399688,
                27.598361
              ],
              [
                -80.3400803,
                27.59836
              ],
              [
                -80.3400828,
                27.5985744
              ]
            ]
          ],
          [
            [
              [
                -80.3398965,
                27.5983609
              ],
              [
                -80.339899,
                27.5985753
              ],
              [
                -80.3397875,
                27.598576399999985
              ],
              [
                -80.3397849,
                27.5983619
              ],
              [
                -80.3398965,
                27.5983609
              ]
            ]
          ],
          [
            [
              [
                -80.339242,
                27.5987682
              ],
              [
                -80.339179,
                27.5987686
              ],
              [
                -80.339178,
                27.598646
              ],
              [
                -80.339241,
                27.5986455
              ],
              [
                -80.339242,
                27.5987682
              ]
            ]
          ],
          [
            [
              [
                -80.33914110000002,
                27.5987709
              ],
              [
                -80.339078,
                27.5987713
              ],
              [
                -80.339077,
                27.5986487
              ],
              [
                -80.33914,
                27.5986483
              ],
              [
                -80.33914110000002,
                27.5987709
              ]
            ]
          ],
          [
            [
              [
                -80.3395998,
                27.5988966
              ],
              [
                -80.3394883,
                27.5988977
              ],
              [
                -80.3394857,
                27.59868319999997
              ],
              [
                -80.3395973,
                27.598682100000012
              ],
              [
                -80.3395998,
                27.5988966
              ]
            ]
          ],
          [
            [
              [
                -80.339414,
                27.59889929999999
              ],
              [
                -80.3393024,
                27.598900400000016
              ],
              [
                -80.3392999,
                27.59868589999997
              ],
              [
                -80.33941139999999,
                27.5986848
              ],
              [
                -80.339414,
                27.59889929999999
              ]
            ]
          ],
          [
            [
              [
                -80.339789,
                27.5986868
              ],
              [
                -80.3399006,
                27.59868569999997
              ],
              [
                -80.3399031,
                27.5989002
              ],
              [
                -80.33979159999998,
                27.5989013
              ],
              [
                -80.339789,
                27.5986868
              ]
            ]
          ],
          [
            [
              [
                -80.3402697,
                27.5989002
              ],
              [
                -80.34015820000002,
                27.5989013
              ],
              [
                -80.3401556,
                27.5986868
              ],
              [
                -80.3402672,
                27.598685699999987
              ],
              [
                -80.3402697,
                27.5989002
              ]
            ]
          ],
          [
            [
              [
                -80.3400874,
                27.598900199999978
              ],
              [
                -80.3399759,
                27.5989013
              ],
              [
                -80.3399734,
                27.5986868
              ],
              [
                -80.3400849,
                27.5986857
              ],
              [
                -80.3400874,
                27.598900199999978
              ]
            ]
          ],
          [
            [
              [
                -80.3392442,
                27.5989354
              ],
              [
                -80.3391812,
                27.5989358
              ],
              [
                -80.3391802,
                27.5988132
              ],
              [
                -80.3392432,
                27.5988128
              ],
              [
                -80.3392442,
                27.5989354
              ]
            ]
          ],
          [
            [
              [
                -80.3391398,
                27.5989367
              ],
              [
                -80.33907680000002,
                27.598937200000016
              ],
              [
                -80.3390757,
                27.598814499999975
              ],
              [
                -80.3391388,
                27.59881409999998
              ],
              [
                -80.3391398,
                27.5989367
              ]
            ]
          ],
          [
            [
              [
                -80.3388193,
                27.599432499999985
              ],
              [
                -80.33812480000002,
                27.599428
              ],
              [
                -80.3381278,
                27.5990643
              ],
              [
                -80.33882240000001,
                27.599068699999982
              ],
              [
                -80.3388193,
                27.599432499999985
              ]
            ]
          ],
          [
            [
              [
                -80.34007180000002,
                27.59968160000001
              ],
              [
                -80.3389909,
                27.59968339999999
              ],
              [
                -80.3389899,
                27.5991872
              ],
              [
                -80.3400708,
                27.5991854
              ],
              [
                -80.34007180000002,
                27.59968160000001
              ]
            ]
          ],
          [
            [
              [
                -80.3403083,
                27.5996561
              ],
              [
                -80.3404639,
                27.5996537
              ],
              [
                -80.34129,
                27.5997939
              ],
              [
                -80.3412605,
                27.60055219999998
              ],
              [
                -80.3411827,
                27.60060449999998
              ],
              [
                -80.3403217,
                27.6005878
              ],
              [
                -80.340193,
                27.6002051
              ],
              [
                -80.3401796,
                27.599765399999985
              ],
              [
                -80.3403083,
                27.5996561
              ]
            ]
          ],
          [
            [
              [
                -80.3401289,
                27.6004883
              ],
              [
                -80.3396568,
                27.60049019999999
              ],
              [
                -80.3396536,
                27.5998841
              ],
              [
                -80.3401257,
                27.5998821
              ],
              [
                -80.3401289,
                27.6004883
              ]
            ]
          ],
          [
            [
              [
                -80.3395797,
                27.6003462
              ],
              [
                -80.3393932,
                27.600345799999985
              ],
              [
                -80.3393941,
                27.6000511
              ],
              [
                -80.3395805,
                27.60005149999999
              ],
              [
                -80.3395797,
                27.6003462
              ]
            ]
          ],
          [
            [
              [
                -80.3408244,
                27.6010859
              ],
              [
                -80.340008,
                27.60107060000001
              ],
              [
                -80.3400175,
                27.6006748
              ],
              [
                -80.3408339,
                27.60069029999999
              ],
              [
                -80.3408244,
                27.6010859
              ]
            ]
          ],
          [
            [
              [
                -80.4405419,
                27.7342981
              ],
              [
                -80.440552,
                27.7343177
              ],
              [
                -80.4404273,
                27.7343295
              ],
              [
                -80.4403559,
                27.734303700000012
              ],
              [
                -80.44018430000001,
                27.734277600000013
              ],
              [
                -80.4399986,
                27.7342004
              ],
              [
                -80.439856,
                27.734098
              ],
              [
                -80.4396556,
                27.73410989999999
              ],
              [
                -80.4394689,
                27.734236499999984
              ],
              [
                -80.4393397,
                27.734312399999983
              ],
              [
                -80.4392257,
                27.7342228
              ],
              [
                -80.4392553,
                27.7340319
              ],
              [
                -80.4393078,
                27.7339724
              ],
              [
                -80.43935610000001,
                27.7339177
              ],
              [
                -80.4394541,
                27.7338205
              ],
              [
                -80.441475,
                27.73384
              ],
              [
                -80.4415321,
                27.7338408
              ],
              [
                -80.4415492,
                27.7338847
              ],
              [
                -80.4413892,
                27.73388070000001
              ],
              [
                -80.4413725,
                27.7339953
              ],
              [
                -80.4413719,
                27.7341243
              ],
              [
                -80.4412423,
                27.734267
              ],
              [
                -80.4410557,
                27.734306099999973
              ],
              [
                -80.4410289,
                27.7342237
              ],
              [
                -80.4409718,
                27.73419159999999
              ],
              [
                -80.4407858,
                27.7341973
              ],
              [
                -80.4406712,
                27.734203199999985
              ],
              [
                -80.44057090000001,
                27.734234599999986
              ],
              [
                -80.4405419,
                27.7342981
              ]
            ]
          ],
          [
            [
              [
                -80.45571275129198,
                27.757710883718946
              ],
              [
                -80.45571275129222,
                27.75771151494749
              ],
              [
                -80.4548957508981,
                27.75770251672162
              ],
              [
                -80.45475039947488,
                27.757700905347992
              ],
              [
                -80.45467447356884,
                27.757700063549994
              ],
              [
                -80.45363375028923,
                27.757688519462093
              ],
              [
                -80.45364274787732,
                27.755868865373504
              ],
              [
                -80.4544611554569,
                27.755879138452496
              ],
              [
                -80.4536807,
                27.75584659999998
              ],
              [
                -80.4536822,
                27.755789099999987
              ],
              [
                -80.4554137,
                27.7558723
              ],
              [
                -80.4555855,
                27.755873
              ],
              [
                -80.455607,
                27.755779599999983
              ],
              [
                -80.45561424867466,
                27.755893601945854
              ],
              [
                -80.45567797136546,
                27.755894400866968
              ],
              [
                -80.45570868117176,
                27.755894553498294
              ],
              [
                -80.45570999810198,
                27.75645239258122
              ],
              [
                -80.45571117669161,
                27.756998879350693
              ],
              [
                -80.45571275129198,
                27.757710883718946
              ]
            ]
          ],
          [
            [
              [
                -80.664868,
                28.0884272
              ],
              [
                -80.66404850000002,
                28.08782749999999
              ],
              [
                -80.6646273,
                28.0876411
              ],
              [
                -80.664742,
                28.087531
              ],
              [
                -80.6648419,
                28.0875868
              ],
              [
                -80.6650362,
                28.0875032
              ],
              [
                -80.6651374,
                28.0874845
              ],
              [
                -80.6652436,
                28.087478200000017
              ],
              [
                -80.665598,
                28.08753580000002
              ],
              [
                -80.6660338,
                28.0873666
              ],
              [
                -80.6660095,
                28.08787350000001
              ],
              [
                -80.66582,
                28.0880535
              ],
              [
                -80.664868,
                28.0884272
              ]
            ]
          ],
          [
            [
              [
                -80.65891670466162,
                28.092552330498044
              ],
              [
                -80.65891536828666,
                28.092552343497598
              ],
              [
                -80.65891728120755,
                28.092411954086124
              ],
              [
                -80.65891670466162,
                28.092552330498044
              ]
            ]
          ],
          [
            [
              [
                -81.81938574807889,
                28.176152100812235
              ],
              [
                -81.81931388421405,
                28.17626193161208
              ],
              [
                -81.81889585278584,
                28.17689926329796
              ],
              [
                -81.81873502919713,
                28.176816421305997
              ],
              [
                -81.81915119890532,
                28.176182152977958
              ],
              [
                -81.81920036639576,
                28.176107180780235
              ],
              [
                -81.81924555165456,
                28.17602197049566
              ],
              [
                -81.81925921323341,
                28.176063520485503
              ],
              [
                -81.81929423315644,
                28.176088293207137
              ],
              [
                -81.81938270104226,
                28.17610966565354
              ],
              [
                -81.81944771661094,
                28.176089247405034
              ],
              [
                -81.81939113173121,
                28.176152484968853
              ],
              [
                -81.81938593857053,
                28.176151864146753
              ],
              [
                -81.8193857814052,
                28.176152104230503
              ],
              [
                -81.81938574807889,
                28.176152100812235
              ]
            ]
          ],
          [
            [
              [
                -81.84419826876177,
                28.179394725809406
              ],
              [
                -81.84415121085442,
                28.179675550630304
              ],
              [
                -81.8433446997991,
                28.179597723924516
              ],
              [
                -81.84337706879374,
                28.17931382059168
              ],
              [
                -81.84413241031206,
                28.179387930005465
              ],
              [
                -81.84413173612782,
                28.179388234279184
              ],
              [
                -81.84419826876177,
                28.179394725809406
              ]
            ]
          ],
          [
            [
              [
                -80.66020321521768,
                28.18894046089506
              ],
              [
                -80.65955262923778,
                28.187251394089635
              ],
              [
                -80.6599847161945,
                28.18713355061602
              ],
              [
                -80.66063039288137,
                28.188805433888867
              ],
              [
                -80.66020321521768,
                28.18894046089506
              ]
            ]
          ],
          [
            [
              [
                -80.6602566,
                28.195272
              ],
              [
                -80.6592338,
                28.195268
              ],
              [
                -80.6592338,
                28.1949868
              ],
              [
                -80.6602611,
                28.1949749
              ],
              [
                -80.6602566,
                28.195272
              ]
            ]
          ],
          [
            [
              [
                -81.6647771,
                29.4759703
              ],
              [
                -81.6647229,
                29.4760667
              ],
              [
                -81.664607,
                29.4761563
              ],
              [
                -81.6645203,
                29.4762333
              ],
              [
                -81.6644191,
                29.4763483
              ],
              [
                -81.6642317,
                29.476444899999983
              ],
              [
                -81.6640109,
                29.4764819
              ],
              [
                -81.6639106,
                29.47645269999998
              ],
              [
                -81.6638084,
                29.4764151
              ],
              [
                -81.6636922,
                29.476441
              ],
              [
                -81.6636842,
                29.4764467
              ],
              [
                -81.6636198,
                29.4764923
              ],
              [
                -81.6635329,
                29.4765437
              ],
              [
                -81.663513,
                29.4757163
              ],
              [
                -81.6633093,
                29.4757173
              ],
              [
                -81.6632126,
                29.4757179
              ],
              [
                -81.6623192,
                29.475723299999977
              ],
              [
                -81.6622053,
                29.4757269
              ],
              [
                -81.66214168630735,
                29.475713152028174
              ],
              [
                -81.6632255005415,
                29.475690675165033
              ],
              [
                -81.66492550301184,
                29.47565367454336
              ],
              [
                -81.665305485297,
                29.475642633827672
              ],
              [
                -81.66525840000001,
                29.4756566
              ],
              [
                -81.6651133,
                29.4757083
              ],
              [
                -81.6649528,
                29.475795900000012
              ],
              [
                -81.6649249,
                29.4758111
              ],
              [
                -81.6648234,
                29.475888
              ],
              [
                -81.6647771,
                29.4759703
              ]
            ]
          ],
          [
            [
              [
                -81.6662678,
                29.479337099999977
              ],
              [
                -81.6663217,
                29.4796219
              ],
              [
                -81.6663906,
                29.48006419999998
              ],
              [
                -81.6664403,
                29.4803765
              ],
              [
                -81.6651189,
                29.48041759999999
              ],
              [
                -81.6650968,
                29.4793547
              ],
              [
                -81.6662678,
                29.479337099999977
              ]
            ]
          ],
          [
            [
              [
                -81.6669987,
                29.4806027
              ],
              [
                -81.66655059999998,
                29.4806399
              ],
              [
                -81.6665181,
                29.480420799999987
              ],
              [
                -81.6669751,
                29.4803761
              ],
              [
                -81.6669987,
                29.4806027
              ]
            ]
          ],
          [
            [
              [
                -81.6664511,
                29.480446200000014
              ],
              [
                -81.6665209,
                29.4809162
              ],
              [
                -81.6662492,
                29.48092
              ],
              [
                -81.6662531,
                29.4809221
              ],
              [
                -81.6661096,
                29.480916400000016
              ],
              [
                -81.6661009,
                29.4808573
              ],
              [
                -81.6660499,
                29.4804586
              ],
              [
                -81.6664511,
                29.480446200000014
              ]
            ]
          ],
          [
            [
              [
                -81.6695609,
                29.482428
              ],
              [
                -81.6702914,
                29.4823641
              ],
              [
                -81.6703386,
                29.4835984
              ],
              [
                -81.670203,
                29.483611
              ],
              [
                -81.6697035,
                29.483643
              ],
              [
                -81.6696939,
                29.483561
              ],
              [
                -81.6695609,
                29.482428
              ]
            ]
          ]
        ]
      }
    }
  ]
}