{
  "type": "FeatureCollection",
  "name": "Hays",
  "crs": {
    "type": "name",
    "properties": {
      "name": "urn:ogc:def:crs:OGC:1.3:CRS84"
    }
  },
  "features": [
    {
      "type": "Feature",
      "properties": {
        "largest_city": "Hays",
        "all_cities": "Alton, Ashland, Bazine, Bogue, Bucklin, Burdett, Catharine, Cawker City, Coldwater, Downs, Ellis, Esbon, Ford, Gove City, Grainfield, Greensburg, Grinnell, Hanston, Haviland, Hays, Healy, Hill City, Hillsboro, Hoxie, Hunter, Iuka, Jetmore, Leoti, Lucas, Morland, Mullinville, Natoma, Ness City, Nicodemus, Oakley, Osborne, Plainville, Portis, Pratt, Protection, Ransom, Rexford, Rozel, Russell, Selden, Stockton, Tipton, WaKeeney, Weskan",
        "total_area_ft2": 19964867.70880162
      },
      "geometry": {
        "type": "MultiPolygon",
        "coordinates": [
          [
            [
              [
                -99.33457348069037,
                37.26224925579241
              ],
              [
                -99.33357179999999,
                37.2622342
              ],
              [
                -99.3336248,
                37.26180689999999
              ],
              [
                -99.33450301291934,
                37.260383170776365
              ],
              [
                -99.3345734832149,
                37.26038153964673
              ],
              [
                -99.33457348330633,
                37.26038153964461
              ],
              [
                -99.33457669230764,
                37.26038161856368
              ],
              [
                -99.33469548315752,
                37.26038453993079
              ],
              [
                -99.33472352913998,
                37.26038550710025
              ],
              [
                -99.33472448312173,
                37.26038553999832
              ],
              [
                -99.3350174827744,
                37.26038554069877
              ],
              [
                -99.33501740302057,
                37.26038911611521
              ],
              [
                -99.33501148240505,
                37.260654540194025
              ],
              [
                -99.33498248102596,
                37.26166453828354
              ],
              [
                -99.3348514811808,
                37.26166453797089
              ],
              [
                -99.33470448135452,
                37.261664537620064
              ],
              [
                -99.33457248151193,
                37.26166353730682
              ],
              [
                -99.33457348147013,
                37.26169253725637
              ],
              [
                -99.33457348069037,
                37.26224925579241
              ]
            ]
          ],
          [
            [
              [
                -99.33366248010387,
                37.263433531915695
              ],
              [
                -99.33354866975247,
                37.26343221591893
              ],
              [
                -99.33354549999999,
                37.2633355
              ],
              [
                -99.33457347914705,
                37.26335114421062
              ],
              [
                -99.33457347901066,
                37.263448534057524
              ],
              [
                -99.33366248010387,
                37.263433531915695
              ]
            ]
          ],
          [
            [
              [
                -99.33726247567436,
                37.263571712495626
              ],
              [
                -99.33726247566347,
                37.26357954022032
              ],
              [
                -99.3372574753531,
                37.26380653979299
              ],
              [
                -99.33725746634433,
                37.263806991265234
              ],
              [
                -99.33724251925706,
                37.26455605127685
              ],
              [
                -99.33478879999998,
                37.26546789999996
              ],
              [
                -99.33478093118313,
                37.26412715196887
              ],
              [
                -99.33478247781547,
                37.26412653331962
              ],
              [
                -99.33492547772023,
                37.26407453375458
              ],
              [
                -99.33567647722619,
                37.26379653604862
              ],
              [
                -99.3361264769288,
                37.2636305374228
              ],
              [
                -99.3363034768141,
                37.263563537966554
              ],
              [
                -99.33727047617785,
                37.26320354092749
              ],
              [
                -99.33726747600446,
                37.26333054068793
              ],
              [
                -99.33726247568573,
                37.2635635402496
              ],
              [
                -99.33726247567436,
                37.263571712495626
              ]
            ]
          ],
          [
            [
              [
                -99.3335867,
                37.2645926
              ],
              [
                -99.33358577995413,
                37.2645645274351
              ],
              [
                -99.33365247855811,
                37.26454352987304
              ],
              [
                -99.33413947823736,
                37.264364531356755
              ],
              [
                -99.33419925852849,
                37.264342364634295
              ],
              [
                -99.3335867,
                37.2645926
              ]
            ]
          ],
          [
            [
              [
                -99.33201879999999,
                37.2680061
              ],
              [
                -99.332001,
                37.26892829999998
              ],
              [
                -99.3301753,
                37.26890609999998
              ],
              [
                -99.33019309999999,
                37.2679837
              ],
              [
                -99.33201879999999,
                37.2680061
              ]
            ]
          ],
          [
            [
              [
                -99.3265338,
                37.26987029999999
              ],
              [
                -99.32615649999998,
                37.26987079999998
              ],
              [
                -99.3261556,
                37.26946509999998
              ],
              [
                -99.326533,
                37.2694646
              ],
              [
                -99.3265338,
                37.26987029999999
              ]
            ]
          ],
          [
            [
              [
                -99.3223192,
                37.271638
              ],
              [
                -99.3223151,
                37.271959
              ],
              [
                -99.3219806,
                37.2719563
              ],
              [
                -99.32198469999999,
                37.271635299999986
              ],
              [
                -99.3223192,
                37.271638
              ]
            ]
          ],
          [
            [
              [
                -99.3214902,
                37.27275479999999
              ],
              [
                -99.32098849999998,
                37.2727457
              ],
              [
                -99.3210139,
                37.2718598
              ],
              [
                -99.32151579999999,
                37.271869
              ],
              [
                -99.3214902,
                37.27275479999999
              ]
            ]
          ],
          [
            [
              [
                -99.3217429,
                37.27296859999997
              ],
              [
                -99.32175320000002,
                37.27255440000001
              ],
              [
                -99.3219121,
                37.27253180000001
              ],
              [
                -99.3220322,
                37.2725328
              ],
              [
                -99.3222311,
                37.2725863
              ],
              [
                -99.3223396,
                37.2727003
              ],
              [
                -99.32237059999999,
                37.2728484
              ],
              [
                -99.3223719,
                37.2730159
              ],
              [
                -99.3217997,
                37.273019
              ],
              [
                -99.3217429,
                37.27296859999997
              ]
            ]
          ],
          [
            [
              [
                -99.3159773,
                38.85866279999997
              ],
              [
                -99.31608769999998,
                38.85848259999999
              ],
              [
                -99.31630349999999,
                38.8585628
              ],
              [
                -99.3161931,
                38.858743
              ],
              [
                -99.3159773,
                38.85866279999997
              ]
            ]
          ],
          [
            [
              [
                -99.3376047,
                38.86618229999998
              ],
              [
                -99.3372726,
                38.8655851
              ],
              [
                -99.3372457,
                38.86553669999997
              ],
              [
                -99.3379499,
                38.8652993
              ],
              [
                -99.3382173,
                38.86578019999996
              ],
              [
                -99.338019,
                38.865847
              ],
              [
                -99.33811059999998,
                38.8660118
              ],
              [
                -99.3376047,
                38.86618229999998
              ]
            ]
          ],
          [
            [
              [
                -99.3306529,
                38.86592449999998
              ],
              [
                -99.33092595858734,
                38.86558137095122
              ],
              [
                -99.33095280627695,
                38.86554223377631
              ],
              [
                -99.33093729999999,
                38.86553150000001
              ],
              [
                -99.33108567845832,
                38.865348539574796
              ],
              [
                -99.33151116577103,
                38.86472828615195
              ],
              [
                -99.33530237157868,
                38.864814842937804
              ],
              [
                -99.33509915700122,
                38.86509463124608
              ],
              [
                -99.334611,
                38.865944
              ],
              [
                -99.33450825047676,
                38.86590819855467
              ],
              [
                -99.33450604562204,
                38.865911234225536
              ],
              [
                -99.3344589382645,
                38.8658910164947
              ],
              [
                -99.33329539999998,
                38.8654856
              ],
              [
                -99.3331023,
                38.86546889999999
              ],
              [
                -99.33306619520877,
                38.8654503668974
              ],
              [
                -99.33260755777867,
                38.86600933176809
              ],
              [
                -99.33409634198725,
                38.866592151523705
              ],
              [
                -99.33368663655583,
                38.86719228020871
              ],
              [
                -99.33361162094141,
                38.86720382361056
              ],
              [
                -99.33065713473547,
                38.865997791669464
              ],
              [
                -99.33068483635357,
                38.86593777327893
              ],
              [
                -99.3306529,
                38.86592449999998
              ]
            ]
          ],
          [
            [
              [
                -99.3159234,
                38.8641833
              ],
              [
                -99.31782709999999,
                38.86497619999997
              ],
              [
                -99.3177976,
                38.86531239999998
              ],
              [
                -99.31778868629003,
                38.86530868559362
              ],
              [
                -99.31778427761236,
                38.86535056812647
              ],
              [
                -99.31396785339975,
                38.863735928354366
              ],
              [
                -99.31394950620837,
                38.86360748974793
              ],
              [
                -99.315848929255,
                38.86429164292257
              ],
              [
                -99.3159234,
                38.8641833
              ]
            ]
          ],
          [
            [
              [
                -99.2961047,
                38.8668701
              ],
              [
                -99.29696839999998,
                38.8675655
              ],
              [
                -99.29656330000002,
                38.86787049999999
              ],
              [
                -99.2956996,
                38.8671751
              ],
              [
                -99.2961047,
                38.8668701
              ]
            ]
          ],
          [
            [
              [
                -99.3135641945285,
                38.86722208364022
              ],
              [
                -99.31633477134127,
                38.86722208364022
              ],
              [
                -99.31653602322052,
                38.86770285317772
              ],
              [
                -99.3167006,
                38.8677613
              ],
              [
                -99.3177764,
                38.867823899999976
              ],
              [
                -99.31778069999999,
                38.868326
              ],
              [
                -99.3172209,
                38.86819559999997
              ],
              [
                -99.31672042971945,
                38.86821046419599
              ],
              [
                -99.31675678009881,
                38.86834132420643
              ],
              [
                -99.31393431593466,
                38.86829321304849
              ],
              [
                -99.31367550000002,
                38.8683009
              ],
              [
                -99.31367490647176,
                38.868288791206815
              ],
              [
                -99.31352749655252,
                38.868286278486906
              ],
              [
                -99.3135641945285,
                38.86722208364022
              ]
            ]
          ],
          [
            [
              [
                -99.30032479999997,
                38.86786159999997
              ],
              [
                -99.3003237,
                38.8679082
              ],
              [
                -99.30035520000001,
                38.867908599999986
              ],
              [
                -99.30034969999997,
                38.8681448
              ],
              [
                -99.3002133,
                38.8681428
              ],
              [
                -99.30020639999998,
                38.8684361
              ],
              [
                -99.29995,
                38.86843240000001
              ],
              [
                -99.2999483,
                38.8685045
              ],
              [
                -99.2998225,
                38.86850279999998
              ],
              [
                -99.29982553140165,
                38.8683725644197
              ],
              [
                -99.29982553139473,
                38.86837256441969
              ],
              [
                -99.29983309999999,
                38.86804739999999
              ],
              [
                -99.2999513,
                38.8680491
              ],
              [
                -99.29995869999998,
                38.86772759999999
              ],
              [
                -99.3002119,
                38.8677311
              ],
              [
                -99.3002089,
                38.86786
              ],
              [
                -99.30032479999997,
                38.86786159999997
              ]
            ]
          ],
          [
            [
              [
                -98.7310655,
                37.6449905
              ],
              [
                -98.731087,
                37.64501279999999
              ],
              [
                -98.73099179999998,
                37.6450713
              ],
              [
                -98.730631,
                37.6452114
              ],
              [
                -98.7305747,
                37.64516889999997
              ],
              [
                -98.7306189,
                37.64490449999998
              ],
              [
                -98.7306753,
                37.6449088
              ],
              [
                -98.730859,
                37.644974599999976
              ],
              [
                -98.73096089999999,
                37.64498739999998
              ],
              [
                -98.7310655,
                37.6449905
              ]
            ]
          ],
          [
            [
              [
                -98.7440201,
                37.64581329999998
              ],
              [
                -98.7435352,
                37.64581050000001
              ],
              [
                -98.74353524729224,
                37.645805572281056
              ],
              [
                -98.74352104891402,
                37.64580551025244
              ],
              [
                -98.74353220688818,
                37.64506456194104
              ],
              [
                -98.7440388198775,
                37.645071258067965
              ],
              [
                -98.74403212203873,
                37.64580774298382
              ],
              [
                -98.74402003314397,
                37.645807690170926
              ],
              [
                -98.7440201,
                37.64581329999998
              ]
            ]
          ],
          [
            [
              [
                -98.7342061239839,
                37.64585881056093
              ],
              [
                -98.73420391861987,
                37.6458257271739
              ],
              [
                -98.73421053561025,
                37.64503174351322
              ],
              [
                -98.73422156243038,
                37.645007481240434
              ],
              [
                -98.73424582412956,
                37.64498983827405
              ],
              [
                -98.73426787687147,
                37.64498983827405
              ],
              [
                -98.73482366902932,
                37.64499204257805
              ],
              [
                -98.73482318580606,
                37.6450422961125
              ],
              [
                -98.73482359999998,
                37.645042299999986
              ],
              [
                -98.73482306453643,
                37.64505490773292
              ],
              [
                -98.73481484667494,
                37.64590953668546
              ],
              [
                -98.73426126257603,
                37.645907331697266
              ],
              [
                -98.73422597405673,
                37.64588968752204
              ],
              [
                -98.7342061239839,
                37.64585881056093
              ]
            ]
          ],
          [
            [
              [
                -98.73039001764211,
                37.645404687830094
              ],
              [
                -98.7303947,
                37.6453975
              ],
              [
                -98.73040471348979,
                37.645391462015105
              ],
              [
                -98.73041416898128,
                37.64538295236097
              ],
              [
                -98.73042740375254,
                37.64537778012533
              ],
              [
                -98.7304617,
                37.6453571
              ],
              [
                -98.73053149999998,
                37.645335899999985
              ],
              [
                -98.73053717678204,
                37.64533488010354
              ],
              [
                -98.73056950027033,
                37.64532224787177
              ],
              [
                -98.73070340584152,
                37.6452829681771
              ],
              [
                -98.73098014533954,
                37.64517048643171
              ],
              [
                -98.73101228256884,
                37.64519012524447
              ],
              [
                -98.73102835073432,
                37.645220478971865
              ],
              [
                -98.73105156230295,
                37.64531689041938
              ],
              [
                -98.73101228256884,
                37.645349028014955
              ],
              [
                -98.7309926444984,
                37.64539366369931
              ],
              [
                -98.73098550199357,
                37.64546865156028
              ],
              [
                -98.73096050637079,
                37.6454918616838
              ],
              [
                -98.73090694342366,
                37.64550435905662
              ],
              [
                -98.73087837699762,
                37.645529355218535
              ],
              [
                -98.73087837699762,
                37.64555613670961
              ],
              [
                -98.73087659114684,
                37.64586144232275
              ],
              [
                -98.73027312000696,
                37.64584180439873
              ],
              [
                -98.7302481252825,
                37.64581323696797
              ],
              [
                -98.73024991113327,
                37.645743605454335
              ],
              [
                -98.73026419344798,
                37.64564540638011
              ],
              [
                -98.73029811742637,
                37.645540067247104
              ],
              [
                -98.73036060693248,
                37.64543115657233
              ],
              [
                -98.73039001764211,
                37.645404687830094
              ]
            ]
          ],
          [
            [
              [
                -99.296642,
                37.60045909999998
              ],
              [
                -99.2966504,
                37.60136609999998
              ],
              [
                -99.2955991,
                37.60137219999998
              ],
              [
                -99.2955907,
                37.6004652
              ],
              [
                -99.296642,
                37.60045909999998
              ]
            ]
          ],
          [
            [
              [
                -99.29428179999998,
                37.60311729999998
              ],
              [
                -99.2954019,
                37.603111
              ],
              [
                -99.29541,
                37.604018
              ],
              [
                -99.29428989999998,
                37.60402429999997
              ],
              [
                -99.29428179999998,
                37.60311729999998
              ]
            ]
          ],
          [
            [
              [
                -99.2999357,
                37.60496449999997
              ],
              [
                -99.2999328,
                37.604850499999955
              ],
              [
                -99.3000457,
                37.6048487
              ],
              [
                -99.3000486,
                37.6049627
              ],
              [
                -99.2999357,
                37.60496449999997
              ]
            ]
          ],
          [
            [
              [
                -99.31566429999998,
                38.85872709999999
              ],
              [
                -99.3158398,
                38.85845119999997
              ],
              [
                -99.316036,
                38.858526599999976
              ],
              [
                -99.315861,
                38.85880139999998
              ],
              [
                -99.31566429999998,
                38.85872709999999
              ]
            ]
          ],
          [
            [
              [
                -98.73204089999999,
                37.72884939999997
              ],
              [
                -98.73175139999998,
                37.72885119999999
              ],
              [
                -98.73175139999998,
                37.728718299999976
              ],
              [
                -98.73191710000002,
                37.728635199999985
              ],
              [
                -98.73204089999999,
                37.7285687
              ],
              [
                -98.73210159999998,
                37.7285207
              ],
              [
                -98.73222770000001,
                37.72850589999997
              ],
              [
                -98.73231639999999,
                37.72849849999998
              ],
              [
                -98.7323515,
                37.72849669999999
              ],
              [
                -98.7323515,
                37.7287552
              ],
              [
                -98.73203859999998,
                37.72875889999999
              ],
              [
                -98.73204089999999,
                37.72884939999997
              ]
            ]
          ],
          [
            [
              [
                -98.8526879235862,
                38.89032101370036
              ],
              [
                -98.85432296160788,
                38.89032101300114
              ],
              [
                -98.8543379625748,
                38.89108603065679
              ],
              [
                -98.85270292365482,
                38.89110103189406
              ],
              [
                -98.8526879235862,
                38.89032101370036
              ]
            ]
          ],
          [
            [
              [
                -98.8509254,
                38.8934087
              ],
              [
                -98.8509245,
                38.8943993
              ],
              [
                -98.8503612,
                38.894399
              ],
              [
                -98.8503622,
                38.89340839999997
              ],
              [
                -98.8509254,
                38.8934087
              ]
            ]
          ],
          [
            [
              [
                -98.8507817,
                38.89476989999997
              ],
              [
                -98.850895,
                38.894953
              ],
              [
                -98.85078879999999,
                38.89499429999998
              ],
              [
                -98.8506349,
                38.89499569999999
              ],
              [
                -98.8505251,
                38.8949585
              ],
              [
                -98.85063129999999,
                38.894768499999984
              ],
              [
                -98.8507817,
                38.89476989999997
              ]
            ]
          ],
          [
            [
              [
                -99.29321979999999,
                38.86545450000001
              ],
              [
                -99.2933492,
                38.8653882
              ],
              [
                -99.294207,
                38.8652918
              ],
              [
                -99.29435489999999,
                38.8659899
              ],
              [
                -99.2943623,
                38.8662318
              ],
              [
                -99.2942681,
                38.866310899999974
              ],
              [
                -99.2938706,
                38.8663253
              ],
              [
                -99.29309229999998,
                38.866292199999975
              ],
              [
                -99.2931144,
                38.86561709999999
              ],
              [
                -99.2931551,
                38.8655192
              ],
              [
                -99.29321979999999,
                38.86545450000001
              ]
            ]
          ],
          [
            [
              [
                -99.294025,
                38.869199
              ],
              [
                -99.2939323,
                38.8692697
              ],
              [
                -99.2937361,
                38.8691137
              ],
              [
                -99.29382879999999,
                38.869043
              ],
              [
                -99.294025,
                38.869199
              ]
            ]
          ],
          [
            [
              [
                -99.293889,
                38.86930369999998
              ],
              [
                -99.29379629999998,
                38.86937439999998
              ],
              [
                -99.2936002,
                38.86921839999999
              ],
              [
                -99.29369289999998,
                38.8691477
              ],
              [
                -99.293889,
                38.86930369999998
              ]
            ]
          ],
          [
            [
              [
                -99.2937509,
                38.8694068
              ],
              [
                -99.2936582,
                38.86947750000002
              ],
              [
                -99.293462,
                38.8693215
              ],
              [
                -99.2935548,
                38.8692508
              ],
              [
                -99.2937509,
                38.8694068
              ]
            ]
          ],
          [
            [
              [
                -99.33908739999998,
                38.8670901
              ],
              [
                -99.33904709999999,
                38.8670525
              ],
              [
                -99.338449,
                38.8661962
              ],
              [
                -99.3384222,
                38.866133599999976
              ],
              [
                -99.3390015,
                38.865895499999986
              ],
              [
                -99.3390552,
                38.8659394
              ],
              [
                -99.3396426,
                38.8667789
              ],
              [
                -99.33966669999998,
                38.866841599999965
              ],
              [
                -99.33908739999998,
                38.8670901
              ]
            ]
          ],
          [
            [
              [
                -99.332532,
                38.8669244
              ],
              [
                -99.3326257,
                38.86696389999998
              ],
              [
                -99.332566,
                38.8670493
              ],
              [
                -99.3325135,
                38.86702709999998
              ],
              [
                -99.3324722,
                38.86700959999999
              ],
              [
                -99.332532,
                38.8669244
              ]
            ]
          ],
          [
            [
              [
                -99.3309231,
                38.87076429999998
              ],
              [
                -99.33092929999998,
                38.870755499999966
              ],
              [
                -99.3311672,
                38.8708564
              ],
              [
                -99.3310786,
                38.8709862
              ],
              [
                -99.33083889999997,
                38.8708847
              ],
              [
                -99.3309231,
                38.87076429999998
              ]
            ]
          ],
          [
            [
              [
                -99.3307283,
                38.871630299999964
              ],
              [
                -99.3294353,
                38.87110469999999
              ],
              [
                -99.329583,
                38.87088439999999
              ],
              [
                -99.33087610000001,
                38.87141
              ],
              [
                -99.3307534,
                38.8715929
              ],
              [
                -99.3307283,
                38.871630299999964
              ]
            ]
          ],
          [
            [
              [
                -99.30061129999999,
                38.8723555
              ],
              [
                -99.300617,
                38.871654499999984
              ],
              [
                -99.3014111,
                38.87165839999997
              ],
              [
                -99.3014054,
                38.8723594
              ],
              [
                -99.30061129999999,
                38.8723555
              ]
            ]
          ],
          [
            [
              [
                -99.3131328,
                38.8732794
              ],
              [
                -99.31314349999998,
                38.87325890000001
              ],
              [
                -99.3132,
                38.8732296
              ],
              [
                -99.3138377,
                38.8732314
              ],
              [
                -99.313893,
                38.87324849999999
              ],
              [
                -99.31390832556002,
                38.87327395986819
              ],
              [
                -99.3139138835158,
                38.8732782829965
              ],
              [
                -99.31444065410027,
                38.87415830043578
              ],
              [
                -99.31462779999998,
                38.87446920000002
              ],
              [
                -99.31462897502513,
                38.87447290740695
              ],
              [
                -99.31464056847834,
                38.874492275308846
              ],
              [
                -99.31463767838332,
                38.874500368002565
              ],
              [
                -99.3146394,
                38.8745058
              ],
              [
                -99.31463338227198,
                38.87451239775
              ],
              [
                -99.31462632029964,
                38.87453217231752
              ],
              [
                -99.31461534613781,
                38.87453217230673
              ],
              [
                -99.3146145,
                38.87453309999998
              ],
              [
                -99.31458939999999,
                38.874542299999966
              ],
              [
                -99.3132002,
                38.8745469
              ],
              [
                -99.3131297,
                38.87451169999998
              ],
              [
                -99.3131328,
                38.8732794
              ]
            ]
          ],
          [
            [
              [
                -99.31576519999999,
                38.8746218
              ],
              [
                -99.31576519999997,
                38.8747638
              ],
              [
                -99.3154085,
                38.8747638
              ],
              [
                -99.3154085,
                38.8746218
              ],
              [
                -99.31576519999999,
                38.8746218
              ]
            ]
          ],
          [
            [
              [
                -99.30746739999998,
                38.873748099999986
              ],
              [
                -99.3074939,
                38.8737825
              ],
              [
                -99.307514,
                38.8738251
              ],
              [
                -99.3075591,
                38.873939
              ],
              [
                -99.30760929999998,
                38.8740628
              ],
              [
                -99.30767459999998,
                38.874180199999984
              ],
              [
                -99.3077653,
                38.874289
              ],
              [
                -99.30787449999998,
                38.8743888
              ],
              [
                -99.307971,
                38.8744505
              ],
              [
                -99.3080876,
                38.874514
              ],
              [
                -99.3082035,
                38.87455749999998
              ],
              [
                -99.30830839999999,
                38.874583
              ],
              [
                -99.3084381,
                38.874601700000014
              ],
              [
                -99.3085665,
                38.8746077
              ],
              [
                -99.30858320000002,
                38.8746076
              ],
              [
                -99.308681,
                38.874607
              ],
              [
                -99.3086616,
                38.876026
              ],
              [
                -99.30857219999999,
                38.8760253
              ],
              [
                -99.308402,
                38.876024
              ],
              [
                -99.3081697,
                38.87602229999999
              ],
              [
                -99.3081704,
                38.87595019999998
              ],
              [
                -99.3072053,
                38.8759439
              ],
              [
                -99.30720429999998,
                38.8760367
              ],
              [
                -99.3063311,
                38.87603149999998
              ],
              [
                -99.30633179999998,
                38.87578779999996
              ],
              [
                -99.3063422,
                38.875326
              ],
              [
                -99.3063345,
                38.8752105
              ],
              [
                -99.3063214,
                38.8751456
              ],
              [
                -99.3063021,
                38.875084199999975
              ],
              [
                -99.30627389999998,
                38.87501739999998
              ],
              [
                -99.3062273,
                38.8749398
              ],
              [
                -99.3061729,
                38.8748706
              ],
              [
                -99.3061124,
                38.8748014
              ],
              [
                -99.30588579999998,
                38.8745654
              ],
              [
                -99.30583530000001,
                38.8745127
              ],
              [
                -99.3066974,
                38.874001599999986
              ],
              [
                -99.3070897,
                38.87376729999998
              ],
              [
                -99.30720609999999,
                38.87373009999999
              ],
              [
                -99.30727430000002,
                38.87371449999998
              ],
              [
                -99.30733069999998,
                38.87370449999999
              ],
              [
                -99.307377,
                38.87370280000002
              ],
              [
                -99.3074107,
                38.8737096
              ],
              [
                -99.307443,
                38.873723899999966
              ],
              [
                -99.30746739999998,
                38.873748099999986
              ]
            ]
          ],
          [
            [
              [
                -99.3467746,
                38.8699401
              ],
              [
                -99.34672769999999,
                38.869728
              ],
              [
                -99.3468563,
                38.8697107
              ],
              [
                -99.34690319999999,
                38.86992279999998
              ],
              [
                -99.3467746,
                38.8699401
              ]
            ]
          ],
          [
            [
              [
                -99.3465889,
                38.8699672
              ],
              [
                -99.3465419,
                38.86975510000001
              ],
              [
                -99.34667060000001,
                38.8697379
              ],
              [
                -99.34671749999998,
                38.86995
              ],
              [
                -99.3465889,
                38.8699672
              ]
            ]
          ],
          [
            [
              [
                -99.3489305,
                38.872024
              ],
              [
                -99.348883,
                38.872010199999984
              ],
              [
                -99.3484678,
                38.87216869999999
              ],
              [
                -99.348454,
                38.8722026
              ],
              [
                -99.3481831,
                38.8721333
              ],
              [
                -99.347889,
                38.8716762
              ],
              [
                -99.3480071,
                38.87144869999999
              ],
              [
                -99.3480704,
                38.87146569999997
              ],
              [
                -99.3484137,
                38.87132789999997
              ],
              [
                -99.3484792,
                38.8712691
              ],
              [
                -99.34872090000002,
                38.8713329
              ],
              [
                -99.348711,
                38.87135439999998
              ],
              [
                -99.34874460000002,
                38.87136369999999
              ],
              [
                -99.3489977,
                38.8717978
              ],
              [
                -99.3490214,
                38.8718101
              ],
              [
                -99.3489305,
                38.872024
              ]
            ]
          ],
          [
            [
              [
                -99.34027539999998,
                38.87842279999999
              ],
              [
                -99.3401591,
                38.87832739999998
              ],
              [
                -99.34006309999998,
                38.87823490000001
              ],
              [
                -99.3400012,
                38.87815719999997
              ],
              [
                -99.3399772,
                38.878083400000016
              ],
              [
                -99.3399873,
                38.877986
              ],
              [
                -99.3400012,
                38.87785219999998
              ],
              [
                -99.3400492,
                38.8777263
              ],
              [
                -99.3401351,
                38.8775945
              ],
              [
                -99.3402223,
                38.8774912
              ],
              [
                -99.3404573,
                38.87731119999999
              ],
              [
                -99.3414177,
                38.8777234
              ],
              [
                -99.34145059999999,
                38.87781979999998
              ],
              [
                -99.34095389999999,
                38.8786097
              ],
              [
                -99.340772,
                38.8785861
              ],
              [
                -99.3405963,
                38.87854570000001
              ],
              [
                -99.3404472,
                38.8785025
              ],
              [
                -99.34027539999998,
                38.87842279999999
              ]
            ]
          ],
          [
            [
              [
                -99.3170012,
                38.873815
              ],
              [
                -99.3170032,
                38.873671399999985
              ],
              [
                -99.317306,
                38.873674
              ],
              [
                -99.317304,
                38.87381749999999
              ],
              [
                -99.3170012,
                38.873815
              ]
            ]
          ],
          [
            [
              [
                -99.3331675,
                38.8745974
              ],
              [
                -99.33329419999998,
                38.8746507
              ],
              [
                -99.3331457,
                38.87486490000002
              ],
              [
                -99.333019,
                38.8748117
              ],
              [
                -99.3328835,
                38.8747548
              ],
              [
                -99.333032,
                38.8745404
              ],
              [
                -99.3331675,
                38.8745974
              ]
            ]
          ],
          [
            [
              [
                -99.3240158,
                38.87549989999999
              ],
              [
                -99.3225237,
                38.87488739999998
              ],
              [
                -99.32276823658565,
                38.874527518747705
              ],
              [
                -99.3230046769859,
                38.87416364655606
              ],
              [
                -99.32301695745775,
                38.87416147953651
              ],
              [
                -99.32302169999997,
                38.87415449999998
              ],
              [
                -99.32303217287104,
                38.87415879461538
              ],
              [
                -99.3230552404583,
                38.87415472409486
              ],
              [
                -99.32446804516015,
                38.87474661415938
              ],
              [
                -99.32446810138522,
                38.874747626529754
              ],
              [
                -99.3245112,
                38.87476529999998
              ],
              [
                -99.3240158,
                38.87549989999999
              ]
            ]
          ],
          [
            [
              [
                -99.3377585,
                38.87463089999997
              ],
              [
                -99.3388022,
                38.87507339999995
              ],
              [
                -99.338177,
                38.8759672
              ],
              [
                -99.3371333,
                38.87552479999998
              ],
              [
                -99.3377585,
                38.87463089999997
              ]
            ]
          ],
          [
            [
              [
                -99.31601780000001,
                38.877679399999984
              ],
              [
                -99.316012,
                38.877969499999985
              ],
              [
                -99.31576129999998,
                38.877967699999985
              ],
              [
                -99.3157675,
                38.87767739999999
              ],
              [
                -99.31601780000001,
                38.877679399999984
              ]
            ]
          ],
          [
            [
              [
                -99.33964109999998,
                38.8780006
              ],
              [
                -99.3397465,
                38.87799709999999
              ],
              [
                -99.3399198,
                38.87801589999998
              ],
              [
                -99.33984390000002,
                38.87858489999998
              ],
              [
                -99.33978489999998,
                38.87861550000002
              ],
              [
                -99.3390621,
                38.87855839999998
              ],
              [
                -99.33905489999998,
                38.87850069999999
              ],
              [
                -99.339071,
                38.878429
              ],
              [
                -99.3390942,
                38.878358099999986
              ],
              [
                -99.3391452,
                38.878280899999986
              ],
              [
                -99.3392175,
                38.8781939
              ],
              [
                -99.3392926,
                38.878131299999986
              ],
              [
                -99.33937839999999,
                38.8780819
              ],
              [
                -99.339507,
                38.87803459999997
              ],
              [
                -99.33964109999998,
                38.8780006
              ]
            ]
          ],
          [
            [
              [
                -99.327924,
                38.8782614
              ],
              [
                -99.32813430000003,
                38.87834579999996
              ],
              [
                -99.3281506,
                38.87839030000002
              ],
              [
                -99.3279145,
                38.87872419999997
              ],
              [
                -99.32755619999999,
                38.87858489999998
              ],
              [
                -99.32776229999999,
                38.87827379999999
              ],
              [
                -99.3278567,
                38.8782327
              ],
              [
                -99.327924,
                38.8782614
              ]
            ]
          ],
          [
            [
              [
                -99.33900219999998,
                38.8789
              ],
              [
                -99.339012,
                38.878752499999976
              ],
              [
                -99.3397599,
                38.878788
              ],
              [
                -99.3398019,
                38.878829
              ],
              [
                -99.33973219999999,
                38.879398
              ],
              [
                -99.33964549999999,
                38.87939589999997
              ],
              [
                -99.3395401,
                38.8793813
              ],
              [
                -99.339423,
                38.8793549
              ],
              [
                -99.3393149,
                38.87930759999997
              ],
              [
                -99.339214,
                38.87924709999998
              ],
              [
                -99.33914959999998,
                38.879187899999984
              ],
              [
                -99.3391014,
                38.8791316
              ],
              [
                -99.3390576,
                38.8790634
              ],
              [
                -99.339021,
                38.8789786
              ],
              [
                -99.33900219999998,
                38.8789
              ]
            ]
          ],
          [
            [
              [
                -99.30705349999998,
                38.87766939999999
              ],
              [
                -99.3071552,
                38.8778594
              ],
              [
                -99.3071497,
                38.87805220000001
              ],
              [
                -99.3065193,
                38.8780522
              ],
              [
                -99.306523,
                38.87752549999998
              ],
              [
                -99.3066505,
                38.8775226
              ],
              [
                -99.30684829999998,
                38.877542799999986
              ],
              [
                -99.30705349999998,
                38.87766939999999
              ]
            ]
          ],
          [
            [
              [
                -99.30800189999998,
                38.877668
              ],
              [
                -99.30817389999999,
                38.8776435
              ],
              [
                -99.3082922,
                38.87764059999998
              ],
              [
                -99.3083495,
                38.878055099999976
              ],
              [
                -99.30776349999998,
                38.878053699999974
              ],
              [
                -99.3077727,
                38.87787810000001
              ],
              [
                -99.3078485,
                38.87776870000002
              ],
              [
                -99.30800189999998,
                38.877668
              ]
            ]
          ],
          [
            [
              [
                -99.30959889999998,
                38.8845396
              ],
              [
                -99.3092213,
                38.8845418
              ],
              [
                -99.30903970000001,
                38.8845518
              ],
              [
                -99.3088787,
                38.8845668
              ],
              [
                -99.3088311,
                38.8845785
              ],
              [
                -99.30881469999999,
                38.88454049999998
              ],
              [
                -99.30877539999999,
                38.884451099999986
              ],
              [
                -99.3087519,
                38.88439729999999
              ],
              [
                -99.3087704699894,
                38.88439385524717
              ],
              [
                -99.30864057876191,
                38.88407237280371
              ],
              [
                -99.30874051454063,
                38.88405809591891
              ],
              [
                -99.3089356313153,
                38.88402002444511
              ],
              [
                -99.30901177341708,
                38.883967676047895
              ],
              [
                -99.3090879164172,
                38.88391056910653
              ],
              [
                -99.30927827391747,
                38.883924846020975
              ],
              [
                -99.30940200516977,
                38.88387725676112
              ],
              [
                -99.30951145949724,
                38.88379635508606
              ],
              [
                -99.309616156347,
                38.88355365020736
              ],
              [
                -99.3097065762719,
                38.88327287472326
              ],
              [
                -99.30975416542239,
                38.883039687283045
              ],
              [
                -99.30988265684738,
                38.8826446959939
              ],
              [
                -99.3101253618742,
                38.88273511545072
              ],
              [
                -99.31004445959972,
                38.883001614564286
              ],
              [
                -99.3100206650245,
                38.88363930998364
              ],
              [
                -99.3100033885695,
                38.88445132047213
              ],
              [
                -99.310009,
                38.884469
              ],
              [
                -99.3100096,
                38.8845442
              ],
              [
                -99.30959889999998,
                38.8845396
              ]
            ]
          ],
          [
            [
              [
                -99.30571130916432,
                38.88506891143495
              ],
              [
                -99.3056486723345,
                38.88522550165981
              ],
              [
                -99.30561213425862,
                38.885392532763824
              ],
              [
                -99.30539290760007,
                38.88540819180043
              ],
              [
                -99.30541169246155,
                38.88442387462407
              ],
              [
                -99.3054084,
                38.884006
              ],
              [
                -99.3054615,
                38.8839722
              ],
              [
                -99.3057340609845,
                38.88397225654202
              ],
              [
                -99.30573406098449,
                38.88397225942253
              ],
              [
                -99.3083538,
                38.8839728
              ],
              [
                -99.3084091,
                38.88397959999998
              ],
              [
                -99.30843963737043,
                38.8840087872972
              ],
              [
                -99.30845687238799,
                38.884014532417424
              ],
              [
                -99.30845947779589,
                38.88403602715061
              ],
              [
                -99.3084893,
                38.8841503
              ],
              [
                -99.3085355,
                38.8842885
              ],
              [
                -99.30851913748694,
                38.8842961617017
              ],
              [
                -99.30855082628524,
                38.884379911464215
              ],
              [
                -99.3085821451493,
                38.884473864174204
              ],
              [
                -99.30827940211877,
                38.88452084327966
              ],
              [
                -99.30799753773206,
                38.884515622603615
              ],
              [
                -99.30733985595974,
                38.88452084258038
              ],
              [
                -99.30670827204305,
                38.88454172108508
              ],
              [
                -99.3063950896906,
                38.88454172248362
              ],
              [
                -99.30618630235395,
                38.88476094990897
              ],
              [
                -99.30598273333078,
                38.88486012346542
              ],
              [
                -99.30585746056947,
                38.88494885839247
              ],
              [
                -99.30571130916432,
                38.88506891143495
              ]
            ]
          ],
          [
            [
              [
                -99.3271117,
                38.884544
              ],
              [
                -99.3268864,
                38.884445899999974
              ],
              [
                -99.32694869999999,
                38.8843593
              ],
              [
                -99.327174,
                38.8844574
              ],
              [
                -99.3271117,
                38.884544
              ]
            ]
          ],
          [
            [
              [
                -99.3223627,
                38.88677870000002
              ],
              [
                -99.32236259999998,
                38.88670149999999
              ],
              [
                -99.3225218,
                38.8867015
              ],
              [
                -99.3226113,
                38.8867015
              ],
              [
                -99.322714,
                38.88670149999996
              ],
              [
                -99.32271409999998,
                38.88698439999998
              ],
              [
                -99.32222559999998,
                38.88698449999998
              ],
              [
                -99.32222559999998,
                38.8868078
              ],
              [
                -99.3222616,
                38.886807799999985
              ],
              [
                -99.3223627,
                38.886807799999985
              ],
              [
                -99.3223627,
                38.88677870000002
              ]
            ]
          ],
          [
            [
              [
                -99.3263224,
                38.8896633
              ],
              [
                -99.32572270000001,
                38.8896616
              ],
              [
                -99.3259791,
                38.889049499999985
              ],
              [
                -99.3260595,
                38.8889326
              ],
              [
                -99.3261507,
                38.8888428
              ],
              [
                -99.3262258,
                38.8887698
              ],
              [
                -99.3263009,
                38.8887322
              ],
              [
                -99.32632769999998,
                38.8887551
              ],
              [
                -99.3263224,
                38.8896633
              ]
            ]
          ],
          [
            [
              [
                -99.32363750000002,
                38.8901038
              ],
              [
                -99.3223608,
                38.8901038
              ],
              [
                -99.3223608,
                38.889561
              ],
              [
                -99.32363750000002,
                38.889561
              ],
              [
                -99.32363750000002,
                38.8901038
              ]
            ]
          ],
          [
            [
              [
                -99.3400493,
                38.878941799999964
              ],
              [
                -99.3403424,
                38.8787402
              ],
              [
                -99.3406849,
                38.878692
              ],
              [
                -99.34119290000001,
                38.8787343
              ],
              [
                -99.341318,
                38.8793422
              ],
              [
                -99.3413041,
                38.87966579999998
              ],
              [
                -99.3412004,
                38.8797406
              ],
              [
                -99.340786,
                38.8797367
              ],
              [
                -99.34000249999998,
                38.87962159999998
              ],
              [
                -99.3399987,
                38.8791386
              ],
              [
                -99.3400493,
                38.878941799999964
              ]
            ]
          ],
          [
            [
              [
                -99.34430479999999,
                38.8964216
              ],
              [
                -99.3441184,
                38.89642319999997
              ],
              [
                -99.34411689999999,
                38.896317
              ],
              [
                -99.34430330000002,
                38.89631539999996
              ],
              [
                -99.34430479999999,
                38.8964216
              ]
            ]
          ],
          [
            [
              [
                -99.347467,
                38.90197679999998
              ],
              [
                -99.34747901205611,
                38.9024743763237
              ],
              [
                -99.34678102708186,
                38.90247721137928
              ],
              [
                -99.346771,
                38.90206439999998
              ],
              [
                -99.34723309999998,
                38.9020575
              ],
              [
                -99.34738689999999,
                38.9020219
              ],
              [
                -99.347467,
                38.90197679999998
              ]
            ]
          ],
          [
            [
              [
                -99.290259,
                37.59578009999997
              ],
              [
                -99.2907351,
                37.59577560000001
              ],
              [
                -99.29074809999999,
                37.59663740000001
              ],
              [
                -99.2902721,
                37.59664189999998
              ],
              [
                -99.290259,
                37.59578009999997
              ]
            ]
          ],
          [
            [
              [
                -99.28995039999998,
                37.600029899999974
              ],
              [
                -99.2899507,
                37.6002438
              ],
              [
                -99.28982749999999,
                37.600244
              ],
              [
                -99.2898271,
                37.60003
              ],
              [
                -99.28995039999998,
                37.600029899999974
              ]
            ]
          ],
          [
            [
              [
                -99.289761,
                37.600030099999984
              ],
              [
                -99.2897613,
                37.600244
              ],
              [
                -99.2896381,
                37.6002442
              ],
              [
                -99.2896377,
                37.6000302
              ],
              [
                -99.289761,
                37.600030099999984
              ]
            ]
          ],
          [
            [
              [
                -99.28945930000002,
                37.60024429999998
              ],
              [
                -99.28933609999999,
                37.60024449999999
              ],
              [
                -99.28933569999998,
                37.6000305
              ],
              [
                -99.289459,
                37.6000304
              ],
              [
                -99.28945930000002,
                37.60024429999998
              ]
            ]
          ],
          [
            [
              [
                -99.2892751,
                37.6002472
              ],
              [
                -99.2891519,
                37.60024739999998
              ],
              [
                -99.28915150000002,
                37.6000334
              ],
              [
                -99.2892748,
                37.6000333
              ],
              [
                -99.2892751,
                37.6002472
              ]
            ]
          ],
          [
            [
              [
                -99.2852979,
                37.6075491
              ],
              [
                -99.28492839999998,
                37.6075509
              ],
              [
                -99.2849259,
                37.6072322
              ],
              [
                -99.28529539999998,
                37.607230399999985
              ],
              [
                -99.2852979,
                37.6075491
              ]
            ]
          ],
          [
            [
              [
                -99.28528579999998,
                37.6076444
              ],
              [
                -99.2853766,
                37.6084725
              ],
              [
                -99.2853201,
                37.60853010000002
              ],
              [
                -99.28504679999999,
                37.6085567
              ],
              [
                -99.2849935,
                37.6085619
              ],
              [
                -99.2842545,
                37.608634
              ],
              [
                -99.28425249999998,
                37.6083798
              ],
              [
                -99.28429079999998,
                37.6082024
              ],
              [
                -99.2843675,
                37.60799929999998
              ],
              [
                -99.28447449999999,
                37.607913
              ],
              [
                -99.28491239999998,
                37.60768429999999
              ],
              [
                -99.28528579999998,
                37.6076444
              ]
            ]
          ],
          [
            [
              [
                -99.283867,
                37.608050499999976
              ],
              [
                -99.28400220000002,
                37.60816239999998
              ],
              [
                -99.2841011,
                37.60829829999997
              ],
              [
                -99.2841576,
                37.60845179999998
              ],
              [
                -99.28418989999999,
                37.608698
              ],
              [
                -99.28324540000001,
                37.60871559999997
              ],
              [
                -99.2831647,
                37.60869
              ],
              [
                -99.2831102,
                37.608642
              ],
              [
                -99.28309,
                37.60856529999999
              ],
              [
                -99.283088,
                37.60784419999999
              ],
              [
                -99.2833201,
                37.60784739999997
              ],
              [
                -99.28352189999998,
                37.6078778
              ],
              [
                -99.2836914,
                37.6079418
              ],
              [
                -99.283867,
                37.608050499999976
              ]
            ]
          ],
          [
            [
              [
                -99.1116699,
                37.616970299999984
              ],
              [
                -99.1116777,
                37.617798
              ],
              [
                -99.1111673,
                37.61780109999998
              ],
              [
                -99.1111592,
                37.6169734
              ],
              [
                -99.1116699,
                37.616970299999984
              ]
            ]
          ],
          [
            [
              [
                -99.110899,
                37.6178121
              ],
              [
                -99.1109064,
                37.6181329
              ],
              [
                -99.110576,
                37.6181377
              ],
              [
                -99.1105686,
                37.61781689999998
              ],
              [
                -99.110899,
                37.6178121
              ]
            ]
          ],
          [
            [
              [
                -99.110353,
                37.6193655
              ],
              [
                -99.1106127,
                37.6193343
              ],
              [
                -99.1108009,
                37.61934709999997
              ],
              [
                -99.1109621,
                37.61938969999998
              ],
              [
                -99.11115019999998,
                37.61945779999998
              ],
              [
                -99.11127919999998,
                37.6195372
              ],
              [
                -99.11137779999999,
                37.6196678
              ],
              [
                -99.11144579999998,
                37.6198267
              ],
              [
                -99.11147089999999,
                37.6199133
              ],
              [
                -99.1114745,
                37.6200694
              ],
              [
                -99.1114423,
                37.62019
              ],
              [
                -99.1106647,
                37.6202
              ],
              [
                -99.1105017,
                37.62018579999999
              ],
              [
                -99.11043,
                37.6201531
              ],
              [
                -99.1104013,
                37.620085
              ],
              [
                -99.110353,
                37.6193655
              ]
            ]
          ],
          [
            [
              [
                -99.10498349999999,
                37.621702599999985
              ],
              [
                -99.10499379999999,
                37.6224045
              ],
              [
                -99.10384809999998,
                37.622415099999984
              ],
              [
                -99.10383779999998,
                37.6217131
              ],
              [
                -99.10498349999999,
                37.621702599999985
              ]
            ]
          ],
          [
            [
              [
                -98.73034611890357,
                37.643796859873824
              ],
              [
                -98.73037854927479,
                37.64154616875792
              ],
              [
                -98.7303881,
                37.64078219999998
              ],
              [
                -98.7308727017604,
                37.64078684434426
              ],
              [
                -98.73161113816477,
                37.64078160790948
              ],
              [
                -98.73153733718344,
                37.64365166796035
              ],
              [
                -98.7315369,
                37.6437923
              ],
              [
                -98.73153372172334,
                37.64379227025891
              ],
              [
                -98.73153315810991,
                37.64381418872608
              ],
              [
                -98.73034611890357,
                37.643796859873824
              ]
            ]
          ],
          [
            [
              [
                -98.73166274727616,
                37.64286700403637
              ],
              [
                -98.73206821307296,
                37.642869719200746
              ],
              [
                -98.7336364,
                37.642867099999975
              ],
              [
                -98.73389451410566,
                37.64288194885749
              ],
              [
                -98.73415644894531,
                37.64288370288003
              ],
              [
                -98.73415088118719,
                37.64384667266664
              ],
              [
                -98.73165161445485,
                37.64380770801179
              ],
              [
                -98.73165671414844,
                37.643376792801114
              ],
              [
                -98.73166059999998,
                37.6428704
              ],
              [
                -98.73166270712807,
                37.64287039648063
              ],
              [
                -98.73166274727616,
                37.64286700403637
              ]
            ]
          ],
          [
            [
              [
                -98.7427964,
                37.64323869999997
              ],
              [
                -98.74409189999999,
                37.64323790000001
              ],
              [
                -98.7440923,
                37.6436574
              ],
              [
                -98.7427968,
                37.643658099999975
              ],
              [
                -98.7427964,
                37.64323869999997
              ]
            ]
          ],
          [
            [
              [
                -98.730864,
                37.64400759999999
              ],
              [
                -98.73112060000001,
                37.6440244
              ],
              [
                -98.73124619999999,
                37.6441898
              ],
              [
                -98.731294,
                37.64439009999999
              ],
              [
                -98.7312109,
                37.64457229999998
              ],
              [
                -98.7311365,
                37.6446381
              ],
              [
                -98.73101619999998,
                37.64466620000001
              ],
              [
                -98.73075079999998,
                37.6446507
              ],
              [
                -98.73075079999998,
                37.644463
              ],
              [
                -98.7306287,
                37.6444392
              ],
              [
                -98.7306393,
                37.644245799999986
              ],
              [
                -98.730657,
                37.644236
              ],
              [
                -98.73066579999998,
                37.644143499999984
              ],
              [
                -98.730864,
                37.64400759999999
              ]
            ]
          ],
          [
            [
              [
                -98.7402995852023,
                37.638219272461015
              ],
              [
                -98.74029357816798,
                37.63840546078128
              ],
              [
                -98.7396929690606,
                37.63840546220401
              ],
              [
                -98.73969296995891,
                37.63776280976218
              ],
              [
                -98.74090620044566,
                37.63779283858553
              ],
              [
                -98.74090019341136,
                37.63821927317233
              ],
              [
                -98.7402995852023,
                37.638219272461015
              ]
            ]
          ],
          [
            [
              [
                -98.7510689,
                37.639229599999986
              ],
              [
                -98.75068709999998,
                37.63923529999999
              ],
              [
                -98.75067570000002,
                37.6387555
              ],
              [
                -98.7510574,
                37.63874979999995
              ],
              [
                -98.7510689,
                37.639229599999986
              ]
            ]
          ],
          [
            [
              [
                -98.7097469,
                37.63967489999998
              ],
              [
                -98.709748,
                37.6406657
              ],
              [
                -98.70918459999999,
                37.640666
              ],
              [
                -98.7091838,
                37.639675199999985
              ],
              [
                -98.7097469,
                37.63967489999998
              ]
            ]
          ],
          [
            [
              [
                -98.7422154,
                37.64171080000003
              ],
              [
                -98.74167,
                37.6417096
              ],
              [
                -98.74167239999998,
                37.6409742
              ],
              [
                -98.7422178,
                37.6409753
              ],
              [
                -98.7422154,
                37.64171080000003
              ]
            ]
          ],
          [
            [
              [
                -98.73143414669761,
                37.650699674078346
              ],
              [
                -98.73141117587748,
                37.65160715252477
              ],
              [
                -98.73139739033113,
                37.65163472342519
              ],
              [
                -98.73137671380823,
                37.651643911115194
              ],
              [
                -98.73085520225992,
                37.65164391182637
              ],
              [
                -98.7308552013616,
                37.65069048556026
              ],
              [
                -98.73143414669761,
                37.650699674078346
              ]
            ]
          ],
          [
            [
              [
                -98.71204359999999,
                37.653323899999975
              ],
              [
                -98.7121506,
                37.65327829999997
              ],
              [
                -98.7124365,
                37.6532457
              ],
              [
                -98.71263810000002,
                37.6532375
              ],
              [
                -98.71317509999999,
                37.65325060000003
              ],
              [
                -98.71311750000001,
                37.6538793
              ],
              [
                -98.7130393,
                37.6538776
              ],
              [
                -98.7130146,
                37.654073099999984
              ],
              [
                -98.7131031,
                37.6540764
              ],
              [
                -98.7130846,
                37.654209899999984
              ],
              [
                -98.7128932,
                37.6543239
              ],
              [
                -98.7124242,
                37.6542897
              ],
              [
                -98.7117186,
                37.6542278
              ],
              [
                -98.7117391,
                37.6537539
              ],
              [
                -98.7117885,
                37.65358939999998
              ],
              [
                -98.7118441,
                37.65349819999998
              ],
              [
                -98.7119243,
                37.6533988
              ],
              [
                -98.71204359999999,
                37.653323899999975
              ]
            ]
          ],
          [
            [
              [
                -98.72780632737216,
                37.65525878987754
              ],
              [
                -98.72879276918226,
                37.65526626313471
              ],
              [
                -98.72878280506914,
                37.656088297628294
              ],
              [
                -98.7275298259277,
                37.656083315749186
              ],
              [
                -98.72753480798427,
                37.655435651546526
              ],
              [
                -98.72780881929874,
                37.65543814286345
              ],
              [
                -98.72780632737216,
                37.65525878987754
              ]
            ]
          ],
          [
            [
              [
                -98.73900679999998,
                37.728446499999976
              ],
              [
                -98.73887829999998,
                37.7285827
              ],
              [
                -98.73872919999998,
                37.72869249999999
              ],
              [
                -98.7385826,
                37.728765699999975
              ],
              [
                -98.7383821,
                37.728816499999986
              ],
              [
                -98.7381507,
                37.72883689999998
              ],
              [
                -98.73806839999999,
                37.72820450000001
              ],
              [
                -98.73806589999998,
                37.728054
              ],
              [
                -98.7381301,
                37.7280032
              ],
              [
                -98.7390711,
                37.72808859999997
              ],
              [
                -98.73905829999998,
                37.7283671
              ],
              [
                -98.73900679999998,
                37.728446499999976
              ]
            ]
          ],
          [
            [
              [
                -97.2061465,
                38.336078399999984
              ],
              [
                -97.2063181,
                38.336044699999974
              ],
              [
                -97.2063782,
                38.3359707
              ],
              [
                -97.2063096,
                38.3359236
              ],
              [
                -97.2061207,
                38.3358091
              ],
              [
                -97.20618939999999,
                38.33557349999999
              ],
              [
                -97.206301,
                38.335432099999984
              ],
              [
                -97.20651559999999,
                38.3352772
              ],
              [
                -97.2068417,
                38.33527719999997
              ],
              [
                -97.20687058412665,
                38.33527487926223
              ],
              [
                -97.20754414027462,
                38.33528225574194
              ],
              [
                -97.2076314,
                38.3353244
              ],
              [
                -97.20774860000002,
                38.3354324
              ],
              [
                -97.20776489999999,
                38.335485
              ],
              [
                -97.2077344,
                38.335950499999974
              ],
              [
                -97.20752840000002,
                38.3360851
              ],
              [
                -97.20724509999998,
                38.3361996
              ],
              [
                -97.20700480000002,
                38.3362804
              ],
              [
                -97.2069962,
                38.33653620000002
              ],
              [
                -97.2066872,
                38.33652269999999
              ],
              [
                -97.20618939999999,
                38.33650929999995
              ],
              [
                -97.2061465,
                38.336078399999984
              ]
            ]
          ],
          [
            [
              [
                -97.2088458,
                38.33835040000001
              ],
              [
                -97.20822349999999,
                38.3382579
              ],
              [
                -97.20790159999999,
                38.33830840000001
              ],
              [
                -97.2069253,
                38.3383
              ],
              [
                -97.20667849999998,
                38.3383
              ],
              [
                -97.20654919999998,
                38.33831189999999
              ],
              [
                -97.20653940000001,
                38.338289299999985
              ],
              [
                -97.20652959999998,
                38.33841709999999
              ],
              [
                -97.2066436,
                38.338601399999966
              ],
              [
                -97.2064634,
                38.3387293
              ],
              [
                -97.2061403,
                38.338736699999984
              ],
              [
                -97.2061286,
                38.33806959999998
              ],
              [
                -97.2095704,
                38.33811
              ],
              [
                -97.2091241,
                38.3383792
              ],
              [
                -97.20920139999998,
                38.33857449999998
              ],
              [
                -97.2092529,
                38.33877639999998
              ],
              [
                -97.2092786,
                38.339039
              ],
              [
                -97.20921,
                38.3392073
              ],
              [
                -97.2090557,
                38.339438499999986
              ],
              [
                -97.20949069999999,
                38.33978729999997
              ],
              [
                -97.209395,
                38.339866399999984
              ],
              [
                -97.2092268,
                38.340005699999985
              ],
              [
                -97.2090938,
                38.34005180000002
              ],
              [
                -97.20933009999999,
                38.3403316
              ],
              [
                -97.2098451,
                38.340688399999976
              ],
              [
                -97.209167,
                38.340688399999976
              ],
              [
                -97.2089868,
                38.34062779999998
              ],
              [
                -97.2089762,
                38.34011059999999
              ],
              [
                -97.2089175,
                38.33999269999999
              ],
              [
                -97.2089316,
                38.3397558
              ],
              [
                -97.208921,
                38.33952309999999
              ],
              [
                -97.2090174,
                38.33908259999998
              ],
              [
                -97.2088458,
                38.33835040000001
              ]
            ]
          ],
          [
            [
              [
                -97.1981963,
                38.3425176
              ],
              [
                -97.19830779999998,
                38.34264079999998
              ],
              [
                -97.1989057,
                38.3428514
              ],
              [
                -97.1987943,
                38.3441193
              ],
              [
                -97.1983787,
                38.34422259999998
              ],
              [
                -97.1979379,
                38.344314
              ],
              [
                -97.1971727,
                38.3442703
              ],
              [
                -97.19700039999998,
                38.34414310000001
              ],
              [
                -97.1970308,
                38.342219499999985
              ],
              [
                -97.1982723,
                38.342136
              ],
              [
                -97.1981963,
                38.3425176
              ]
            ]
          ],
          [
            [
              [
                -97.2014287,
                38.34561159999998
              ],
              [
                -97.20062,
                38.34560879999998
              ],
              [
                -97.2006259,
                38.344523399999986
              ],
              [
                -97.2014346,
                38.344526100000024
              ],
              [
                -97.2014287,
                38.34561159999998
              ]
            ]
          ],
          [
            [
              [
                -97.19897359999999,
                38.3456771
              ],
              [
                -97.1983989,
                38.3456839
              ],
              [
                -97.19838,
                38.344694099999984
              ],
              [
                -97.1989547,
                38.3446874
              ],
              [
                -97.19897359999999,
                38.3456771
              ]
            ]
          ],
          [
            [
              [
                -97.2033669,
                38.34559689999998
              ],
              [
                -97.20402540000002,
                38.3455916
              ],
              [
                -97.2040406,
                38.346070200000014
              ],
              [
                -97.2037721,
                38.3461542
              ],
              [
                -97.2033719,
                38.346157299999966
              ],
              [
                -97.2033669,
                38.34559689999998
              ]
            ]
          ],
          [
            [
              [
                -97.2006214,
                38.346573399999976
              ],
              [
                -97.20062059999998,
                38.3456657
              ],
              [
                -97.2014333,
                38.345665299999986
              ],
              [
                -97.2014341,
                38.3465729
              ],
              [
                -97.2006214,
                38.346573399999976
              ]
            ]
          ],
          [
            [
              [
                -97.1992805,
                38.34660259999997
              ],
              [
                -97.1992725,
                38.3465669
              ],
              [
                -97.1992725,
                38.34599470000001
              ],
              [
                -97.1993449,
                38.34594
              ],
              [
                -97.19968819999998,
                38.3459379
              ],
              [
                -97.1998492,
                38.3459
              ],
              [
                -97.2003293,
                38.3458958
              ],
              [
                -97.2004124,
                38.3459568
              ],
              [
                -97.20040710000002,
                38.346297599999986
              ],
              [
                -97.2003051,
                38.3466468
              ],
              [
                -97.2002944,
                38.34690339999999
              ],
              [
                -97.1994978,
                38.3469034
              ],
              [
                -97.19943340000002,
                38.3468803
              ],
              [
                -97.19936639999999,
                38.346813
              ],
              [
                -97.19930729999999,
                38.34669939999997
              ],
              [
                -97.1992805,
                38.34660259999997
              ]
            ]
          ],
          [
            [
              [
                -97.1988188,
                38.346342
              ],
              [
                -97.19882980000001,
                38.34680820000003
              ],
              [
                -97.1987813,
                38.346808899999964
              ],
              [
                -97.1987829,
                38.34687719999997
              ],
              [
                -97.198474,
                38.3468817
              ],
              [
                -97.19846139999999,
                38.3463472
              ],
              [
                -97.1988188,
                38.346342
              ]
            ]
          ],
          [
            [
              [
                -97.19970910000002,
                38.34707009999999
              ],
              [
                -97.1997084,
                38.3472866
              ],
              [
                -97.1995818,
                38.3472864
              ],
              [
                -97.19958250000002,
                38.34706989999998
              ],
              [
                -97.19970910000002,
                38.34707009999999
              ]
            ]
          ],
          [
            [
              [
                -97.19974040000001,
                38.347071200000016
              ],
              [
                -97.199867,
                38.3470714
              ],
              [
                -97.1998663,
                38.347287899999976
              ],
              [
                -97.19973979999999,
                38.34728769999997
              ],
              [
                -97.19974040000001,
                38.347071200000016
              ]
            ]
          ],
          [
            [
              [
                -97.19990839999998,
                38.34707149999998
              ],
              [
                -97.2000349,
                38.34707169999999
              ],
              [
                -97.2000343,
                38.3472882
              ],
              [
                -97.1999077,
                38.347288
              ],
              [
                -97.19990839999998,
                38.34707149999998
              ]
            ]
          ],
          [
            [
              [
                -97.2000639,
                38.34728879999998
              ],
              [
                -97.2000646,
                38.347072300000015
              ],
              [
                -97.20019109999998,
                38.34707249999999
              ],
              [
                -97.20019050000002,
                38.347289
              ],
              [
                -97.2000639,
                38.34728879999998
              ]
            ]
          ],
          [
            [
              [
                -97.199234,
                38.3476025
              ],
              [
                -97.19922819999998,
                38.3473815
              ],
              [
                -97.19940449999999,
                38.34737869999998
              ],
              [
                -97.19941029999998,
                38.34759959999998
              ],
              [
                -97.199234,
                38.3476025
              ]
            ]
          ],
          [
            [
              [
                -97.20194509999999,
                38.3493451
              ],
              [
                -97.2019448,
                38.34966329999999
              ],
              [
                -97.2019472,
                38.34990730000001
              ],
              [
                -97.2019501,
                38.3501934
              ],
              [
                -97.2019493,
                38.3502726
              ],
              [
                -97.20184579999999,
                38.35027330000001
              ],
              [
                -97.2015601,
                38.35025739999998
              ],
              [
                -97.20156269999998,
                38.3498116
              ],
              [
                -97.2015521,
                38.34968819999997
              ],
              [
                -97.2014012,
                38.34965930000003
              ],
              [
                -97.2014194,
                38.349307
              ],
              [
                -97.2018873,
                38.349304099999976
              ],
              [
                -97.20192619999999,
                38.3493188
              ],
              [
                -97.20194509999999,
                38.3493451
              ]
            ]
          ],
          [
            [
              [
                -97.2057633,
                38.35247559999998
              ],
              [
                -97.2057638,
                38.352529899999986
              ],
              [
                -97.2057644,
                38.35258729999999
              ],
              [
                -97.20567549999998,
                38.3525879
              ],
              [
                -97.20558709999999,
                38.35258839999999
              ],
              [
                -97.205586,
                38.3524767
              ],
              [
                -97.2057633,
                38.35247559999998
              ]
            ]
          ],
          [
            [
              [
                -97.20157029999997,
                38.35394759999997
              ],
              [
                -97.201572,
                38.3538821
              ],
              [
                -97.20178469999998,
                38.35388540000001
              ],
              [
                -97.20177849999997,
                38.3541274
              ],
              [
                -97.2015672,
                38.354124099999986
              ],
              [
                -97.20157009999997,
                38.3540103
              ],
              [
                -97.20151340000001,
                38.35400939999998
              ],
              [
                -97.201515,
                38.35394669999998
              ],
              [
                -97.20157029999997,
                38.35394759999997
              ]
            ]
          ],
          [
            [
              [
                -97.20057256103574,
                38.35634546411101
              ],
              [
                -97.20057519999999,
                38.3565241
              ],
              [
                -97.1993326,
                38.3565354
              ],
              [
                -97.19931529999998,
                38.355361699999975
              ],
              [
                -97.19991659999998,
                38.35535619999998
              ],
              [
                -97.199922,
                38.3557177
              ],
              [
                -97.2005632,
                38.3557118
              ],
              [
                -97.20057256101292,
                38.35634546411101
              ],
              [
                -97.20057256103574,
                38.35634546411101
              ]
            ]
          ],
          [
            [
              [
                -97.2048418,
                38.35838309999998
              ],
              [
                -97.20484969999998,
                38.357913899999986
              ],
              [
                -97.20599789999999,
                38.3579258
              ],
              [
                -97.20607579999998,
                38.3579862
              ],
              [
                -97.2060765,
                38.35860119999999
              ],
              [
                -97.2057011,
                38.3586014
              ],
              [
                -97.20547389999999,
                38.3586016
              ],
              [
                -97.2053623,
                38.358467
              ],
              [
                -97.20518209999999,
                38.35838670000001
              ],
              [
                -97.2048418,
                38.35838309999998
              ]
            ]
          ],
          [
            [
              [
                -98.536847,
                39.05462829999998
              ],
              [
                -98.537784,
                39.054641
              ],
              [
                -98.5379374,
                39.0547682
              ],
              [
                -98.5379299,
                39.0556485
              ],
              [
                -98.5374577,
                39.0556103
              ],
              [
                -98.53696019999998,
                39.0555004
              ],
              [
                -98.5368038,
                39.055346599999986
              ],
              [
                -98.536847,
                39.05462829999998
              ]
            ]
          ],
          [
            [
              [
                -98.3964145,
                39.2379933
              ],
              [
                -98.3964667,
                39.23802149999999
              ],
              [
                -98.3965,
                39.23807550000003
              ],
              [
                -98.396492,
                39.2386273
              ],
              [
                -98.39639860000001,
                39.2386297
              ],
              [
                -98.3962656,
                39.2386163
              ],
              [
                -98.39613740000001,
                39.2385868
              ],
              [
                -98.3960266,
                39.23854149999998
              ],
              [
                -98.3959173,
                39.2384838
              ],
              [
                -98.3958476,
                39.238425
              ],
              [
                -98.39576690000001,
                39.238336699999984
              ],
              [
                -98.395721,
                39.2382533
              ],
              [
                -98.3956988,
                39.238149
              ],
              [
                -98.3956956,
                39.2379749
              ],
              [
                -98.3964145,
                39.2379933
              ]
            ]
          ],
          [
            [
              [
                -98.46777170000001,
                39.33758269999998
              ],
              [
                -98.46756459999999,
                39.337581599999965
              ],
              [
                -98.4673079,
                39.337247699999985
              ],
              [
                -98.4673021,
                39.3371589
              ],
              [
                -98.467372,
                39.3370619
              ],
              [
                -98.4674224,
                39.336954
              ],
              [
                -98.46742149999999,
                39.3362788
              ],
              [
                -98.46798850000002,
                39.33628749999997
              ],
              [
                -98.4679887,
                39.33695609999996
              ],
              [
                -98.4680825,
                39.33708029999997
              ],
              [
                -98.4680859,
                39.33720009999998
              ],
              [
                -98.4680284,
                39.3372728
              ],
              [
                -98.46777170000001,
                39.33758269999998
              ]
            ]
          ],
          [
            [
              [
                -98.54369509999998,
                39.50271530000001
              ],
              [
                -98.54360119999998,
                39.502588
              ],
              [
                -98.543595,
                39.5024862
              ],
              [
                -98.54430519999998,
                39.5024605
              ],
              [
                -98.54429989999998,
                39.5027235
              ],
              [
                -98.54369509999998,
                39.50271530000001
              ]
            ]
          ],
          [
            [
              [
                -98.5407983,
                39.5082399
              ],
              [
                -98.54210049999999,
                39.5082528
              ],
              [
                -98.5420932,
                39.50868869999997
              ],
              [
                -98.542404,
                39.5086918
              ],
              [
                -98.5423957,
                39.5091852
              ],
              [
                -98.53929069999998,
                39.509154299999985
              ],
              [
                -98.5393142,
                39.5077515
              ],
              [
                -98.5408062,
                39.5077664
              ],
              [
                -98.5407983,
                39.5082399
              ]
            ]
          ],
          [
            [
              [
                -99.2935224,
                38.8695819
              ],
              [
                -99.29332619999998,
                38.8694259
              ],
              [
                -99.293419,
                38.86935519999998
              ],
              [
                -99.29361509999998,
                38.869511199999984
              ],
              [
                -99.2935224,
                38.8695819
              ]
            ]
          ],
          [
            [
              [
                -98.85908280551502,
                38.870527971178504
              ],
              [
                -98.85974429614417,
                38.87052797327669
              ],
              [
                -98.85974429704247,
                38.871008623691345
              ],
              [
                -98.85908280641335,
                38.870999106349934
              ],
              [
                -98.85908280551502,
                38.870527971178504
              ]
            ]
          ],
          [
            [
              [
                -99.2916293627879,
                38.87396074945607
              ],
              [
                -99.28993313242741,
                38.873920933252904
              ],
              [
                -99.28994885595858,
                38.873702114248964
              ],
              [
                -99.2899478,
                38.8737021
              ],
              [
                -99.28998909999999,
                38.87149019999998
              ],
              [
                -99.29010788430514,
                38.871488971158314
              ],
              [
                -99.29012425708896,
                38.87126111672727
              ],
              [
                -99.29012425708896,
                38.871030174785865
              ],
              [
                -99.29159750762962,
                38.87103813807247
              ],
              [
                -99.29170103397453,
                38.871101847130205
              ],
              [
                -99.29168510774286,
                38.87334755913032
              ],
              [
                -99.29166121614956,
                38.87394482353695
              ],
              [
                -99.2916293627879,
                38.87396074945607
              ]
            ]
          ],
          [
            [
              [
                -98.86294734798584,
                38.88876074185068
              ],
              [
                -98.86294362985888,
                38.889173429116084
              ],
              [
                -98.86238966128106,
                38.88917714683838
              ],
              [
                -98.86238222592544,
                38.88745203635682
              ],
              [
                -98.86242998482112,
                38.88745164064925
              ],
              [
                -98.86243059999998,
                38.8873998
              ],
              [
                -98.863656,
                38.8874086
              ],
              [
                -98.8636556119314,
                38.887441485683674
              ],
              [
                -98.86372810793526,
                38.88744088501612
              ],
              [
                -98.86375041400208,
                38.888173312793846
              ],
              [
                -98.8642114365924,
                38.88816215946869
              ],
              [
                -98.86420771936376,
                38.888392667458696
              ],
              [
                -98.86364410007904,
                38.88841702233485
              ],
              [
                -98.8636405,
                38.8887221
              ],
              [
                -98.86361238758045,
                38.888721900403354
              ],
              [
                -98.86361285318597,
                38.8887421531282
              ],
              [
                -98.86294734798584,
                38.88876074185068
              ]
            ]
          ],
          [
            [
              [
                -99.30585420222948,
                38.88666890935149
              ],
              [
                -99.30537020267306,
                38.88666790956654
              ],
              [
                -99.30502707750841,
                38.88666698737837
              ],
              [
                -99.30502752594309,
                38.8866660905016
              ],
              [
                -99.30586902458212,
                38.88666609050162
              ],
              [
                -99.30586902458212,
                38.887627801196956
              ],
              [
                -99.30527886194825,
                38.88796599092337
              ],
              [
                -99.30584920100833,
                38.88761391053127
              ],
              [
                -99.30585420222948,
                38.88666890935149
              ]
            ]
          ],
          [
            [
              [
                -99.30336456379081,
                38.887547660359914
              ],
              [
                -99.30372520593635,
                38.88740741000659
              ],
              [
                -99.30374765396971,
                38.887406932486314
              ],
              [
                -99.30339020331495,
                38.88756091155634
              ],
              [
                -99.30340020304179,
                38.88776291180188
              ],
              [
                -99.30343020213093,
                38.888438912625126
              ],
              [
                -99.30336456295656,
                38.88851521130495
              ],
              [
                -99.30336456379081,
                38.887547660359914
              ]
            ]
          ],
          [
            [
              [
                -99.30397587878285,
                38.88890621747159
              ],
              [
                -99.303983201203,
                38.88876591278678
              ],
              [
                -99.3040550262714,
                38.88872154086641
              ],
              [
                -99.30397587878285,
                38.88890621747159
              ]
            ]
          ],
          [
            [
              [
                -99.30401028068763,
                38.889427077212304
              ],
              [
                -99.30401028842137,
                38.88942708694189
              ],
              [
                -99.30395220045592,
                38.889359913536595
              ],
              [
                -99.30395220073758,
                38.88935990813981
              ],
              [
                -99.3039522087666,
                38.889359754297764
              ],
              [
                -99.30397453429227,
                38.88893197915908
              ],
              [
                -99.30402154586099,
                38.88944010419975
              ],
              [
                -99.30401028068763,
                38.889427077212304
              ]
            ]
          ],
          [
            [
              [
                -98.85975209999998,
                38.89545319999997
              ],
              [
                -98.8596942932098,
                38.895453947113594
              ],
              [
                -98.85969415757492,
                38.89547116396954
              ],
              [
                -98.85875639816497,
                38.89547863161487
              ],
              [
                -98.85876538760601,
                38.89535443480354
              ],
              [
                -98.85969647433001,
                38.89517708591944
              ],
              [
                -98.85969630207568,
                38.89519895107808
              ],
              [
                -98.85974649999999,
                38.89518780000003
              ],
              [
                -98.85975209999998,
                38.89545319999997
              ]
            ]
          ],
          [
            [
              [
                -98.86368439999998,
                38.90013029999999
              ],
              [
                -98.8636856,
                38.90052239999998
              ],
              [
                -98.86309989999998,
                38.90052339999997
              ],
              [
                -98.86309980228957,
                38.90049147312188
              ],
              [
                -98.86305712121525,
                38.90049162015601
              ],
              [
                -98.86304332758407,
                38.90014075983033
              ],
              [
                -98.8630987289337,
                38.90014075409102
              ],
              [
                -98.8630987,
                38.9001313
              ],
              [
                -98.86368439999998,
                38.90013029999999
              ]
            ]
          ],
          [
            [
              [
                -99.215202,
                38.928296
              ],
              [
                -99.21469,
                38.927266
              ],
              [
                -99.215831,
                38.926887
              ],
              [
                -99.216358,
                38.927929
              ],
              [
                -99.215202,
                38.928296
              ]
            ]
          ],
          [
            [
              [
                -99.02374639999998,
                39.187151399999976
              ],
              [
                -99.024767,
                39.1874654
              ],
              [
                -99.0247978,
                39.18749759999998
              ],
              [
                -99.0247978,
                39.187534
              ],
              [
                -99.02463559999998,
                39.187878
              ],
              [
                -99.0235385,
                39.1875423
              ],
              [
                -99.02374639999998,
                39.187151399999976
              ]
            ]
          ],
          [
            [
              [
                -98.8499809,
                38.89567650000003
              ],
              [
                -98.8493174,
                38.8957194
              ],
              [
                -98.8490002,
                38.8955866
              ],
              [
                -98.848852,
                38.8953264
              ],
              [
                -98.8488779,
                38.89482869999998
              ],
              [
                -98.84965,
                38.8946637
              ],
              [
                -98.8500705,
                38.894657
              ],
              [
                -98.850174,
                38.8947509
              ],
              [
                -98.8501826,
                38.8950742
              ],
              [
                -98.8499809,
                38.89567650000003
              ]
            ]
          ],
          [
            [
              [
                -98.70024379999998,
                39.4372992
              ],
              [
                -98.6998683,
                39.43729509999997
              ],
              [
                -98.699874,
                39.4369885
              ],
              [
                -98.70024949999998,
                39.43699269999998
              ],
              [
                -98.70024379999998,
                39.4372992
              ]
            ]
          ],
          [
            [
              [
                -98.68652649999999,
                39.4372348
              ],
              [
                -98.6866577,
                39.4371894
              ],
              [
                -98.68684949999998,
                39.43714779999998
              ],
              [
                -98.6870144,
                39.43714
              ],
              [
                -98.6872061,
                39.43717249999997
              ],
              [
                -98.68704969999999,
                39.43775320000002
              ],
              [
                -98.68694879999998,
                39.4377948
              ],
              [
                -98.68620859999999,
                39.4376142
              ],
              [
                -98.6862389,
                39.437522
              ],
              [
                -98.6863095,
                39.43741929999997
              ],
              [
                -98.6864256,
                39.43730759999998
              ],
              [
                -98.68652649999999,
                39.4372348
              ]
            ]
          ],
          [
            [
              [
                -98.69729069999997,
                39.4394101
              ],
              [
                -98.69729339999998,
                39.4390828
              ],
              [
                -98.6976617,
                39.43908459999998
              ],
              [
                -98.69765909999997,
                39.43941189999999
              ],
              [
                -98.69729069999997,
                39.4394101
              ]
            ]
          ],
          [
            [
              [
                -98.692923,
                39.44570030000003
              ],
              [
                -98.6918551,
                39.44568560000001
              ],
              [
                -98.6918629,
                39.4453503
              ],
              [
                -98.6929308,
                39.4453651
              ],
              [
                -98.692923,
                39.44570030000003
              ]
            ]
          ],
          [
            [
              [
                -98.6964725,
                39.4485782
              ],
              [
                -98.69484449999999,
                39.4485715
              ],
              [
                -98.6948553,
                39.44701809999999
              ],
              [
                -98.6964832,
                39.4470248
              ],
              [
                -98.6964725,
                39.4485782
              ]
            ]
          ],
          [
            [
              [
                -98.5461293,
                39.50320260000002
              ],
              [
                -98.54595149999999,
                39.50320119999998
              ],
              [
                -98.5459555,
                39.50288959999999
              ],
              [
                -98.5461334,
                39.5028909
              ],
              [
                -98.5461293,
                39.50320260000002
              ]
            ]
          ],
          [
            [
              [
                -98.54522009999998,
                39.5032617
              ],
              [
                -98.54522049999999,
                39.50320319999998
              ],
              [
                -98.5452224,
                39.502871099999986
              ],
              [
                -98.5456699,
                39.50287269999997
              ],
              [
                -98.54566759999999,
                39.50326329999998
              ],
              [
                -98.5452987,
                39.503262
              ],
              [
                -98.54522009999998,
                39.5032617
              ]
            ]
          ],
          [
            [
              [
                -98.54563459999999,
                39.5037374
              ],
              [
                -98.54512619999998,
                39.503733599999975
              ],
              [
                -98.5451317,
                39.50329619999998
              ],
              [
                -98.5456401,
                39.5033
              ],
              [
                -98.54563459999999,
                39.5037374
              ]
            ]
          ],
          [
            [
              [
                -98.5448821,
                39.50889289999995
              ],
              [
                -98.5448844,
                39.508551699999984
              ],
              [
                -98.54596119999998,
                39.50855589999996
              ],
              [
                -98.545959,
                39.50889719999998
              ],
              [
                -98.5448821,
                39.50889289999995
              ]
            ]
          ],
          [
            [
              [
                -98.6912756,
                39.5607851
              ],
              [
                -98.6917198,
                39.5607839
              ],
              [
                -98.69172339999999,
                39.5616178
              ],
              [
                -98.69127910000002,
                39.56161889999998
              ],
              [
                -98.6912756,
                39.5607851
              ]
            ]
          ],
          [
            [
              [
                -98.4329821,
                39.510064399999976
              ],
              [
                -98.43298870000001,
                39.5104619
              ],
              [
                -98.4318132,
                39.510473699999984
              ],
              [
                -98.4318066,
                39.510076
              ],
              [
                -98.4329821,
                39.510064399999976
              ]
            ]
          ],
          [
            [
              [
                -98.43609729999999,
                39.51310029999997
              ],
              [
                -98.43622089999998,
                39.5130855
              ],
              [
                -98.4363604,
                39.51312259999996
              ],
              [
                -98.43650959999998,
                39.513208
              ],
              [
                -98.4365417,
                39.51331069999998
              ],
              [
                -98.43653689999998,
                39.5134196
              ],
              [
                -98.4364663,
                39.513516199999984
              ],
              [
                -98.4360989,
                39.51351489999998
              ],
              [
                -98.43599949999998,
                39.5134357
              ],
              [
                -98.4360027,
                39.513132499999976
              ],
              [
                -98.43609729999999,
                39.51310029999997
              ]
            ]
          ],
          [
            [
              [
                -98.4358266,
                39.8230394
              ],
              [
                -98.4358306,
                39.82281259999998
              ],
              [
                -98.43630429999999,
                39.8228175
              ],
              [
                -98.4363003,
                39.8230443
              ],
              [
                -98.4358266,
                39.8230394
              ]
            ]
          ],
          [
            [
              [
                -98.43579510084815,
                39.82506703900009
              ],
              [
                -98.4357964,
                39.8249034
              ],
              [
                -98.4359857,
                39.8249042
              ],
              [
                -98.43598440996172,
                39.82506674482133
              ],
              [
                -98.43579510084815,
                39.82506703900009
              ]
            ]
          ]
        ]
      }
    }
  ]
}