{
  "type": "FeatureCollection",
  "name": "Columbia_1",
  "crs": {
    "type": "name",
    "properties": {
      "name": "urn:ogc:def:crs:OGC:1.3:CRS84"
    }
  },
  "features": [
    {
      "type": "Feature",
      "properties": {
        "largest_city": "Columbia_1",
        "all_cities": "Columbia_1",
        "total_area_ft2": 19966464.053339083
      },
      "geometry": {
        "type": "MultiPolygon",
        "coordinates": [
          [
            [
              [
                -92.2923182,
                38.9314626
              ],
              [
                -92.2923589,
                38.9314788
              ],
              [
                -92.2924047,
                38.9315057
              ],
              [
                -92.2924367,
                38.9315582
              ],
              [
                -92.2924436,
                38.931624800000016
              ],
              [
                -92.2924194,
                38.9316753
              ],
              [
                -92.2923667,
                38.9317271
              ],
              [
                -92.2923347,
                38.9317412
              ],
              [
                -92.2922992,
                38.9317378
              ],
              [
                -92.2922776,
                38.9317768
              ],
              [
                -92.2922698,
                38.9318125
              ],
              [
                -92.2922706,
                38.931836099999984
              ],
              [
                -92.2921462,
                38.9318537
              ],
              [
                -92.2921479,
                38.9318609
              ],
              [
                -92.2921334,
                38.93186409999997
              ],
              [
                -92.2920309,
                38.9318779
              ],
              [
                -92.2920275,
                38.93186269999997
              ],
              [
                -92.2918642,
                38.9318847
              ],
              [
                -92.2918525,
                38.93183230000001
              ],
              [
                -92.291862,
                38.931831
              ],
              [
                -92.2918311,
                38.93169330000001
              ],
              [
                -92.2918244,
                38.9316625
              ],
              [
                -92.29188320000002,
                38.93165369999998
              ],
              [
                -92.29195070000002,
                38.93162679999997
              ],
              [
                -92.2919991,
                38.9315844
              ],
              [
                -92.2920492,
                38.9315669
              ],
              [
                -92.2920916,
                38.931497
              ],
              [
                -92.2921453,
                38.9314667
              ],
              [
                -92.29221190000001,
                38.9314478
              ],
              [
                -92.2922776,
                38.9314519
              ],
              [
                -92.2923182,
                38.9314626
              ]
            ]
          ],
          [
            [
              [
                -92.29321239999999,
                38.9359189
              ],
              [
                -92.2931836,
                38.93592349999999
              ],
              [
                -92.2931528,
                38.9359285
              ],
              [
                -92.2931472,
                38.9360271
              ],
              [
                -92.2929833,
                38.93602629999997
              ],
              [
                -92.29298670000001,
                38.935901399999985
              ],
              [
                -92.2929912,
                38.93586649999998
              ],
              [
                -92.2929744,
                38.93578789999999
              ],
              [
                -92.29293850000002,
                38.9357102
              ],
              [
                -92.2929373,
                38.9356831
              ],
              [
                -92.2929643,
                38.9356447
              ],
              [
                -92.2929979,
                38.9355862
              ],
              [
                -92.2930159,
                38.9355382
              ],
              [
                -92.293017,
                38.9354998
              ],
              [
                -92.2930215,
                38.935405500000016
              ],
              [
                -92.2932168,
                38.9354055
              ],
              [
                -92.2932191,
                38.93545959999999
              ],
              [
                -92.29326840000002,
                38.9354623
              ],
              [
                -92.2932707,
                38.935553100000014
              ],
              [
                -92.2933021,
                38.9355784
              ],
              [
                -92.2933515,
                38.93558620000001
              ],
              [
                -92.2933611,
                38.93562229999998
              ],
              [
                -92.2933648,
                38.93563639999997
              ],
              [
                -92.2933455,
                38.9356358
              ],
              [
                -92.2933418,
                38.9357096
              ],
              [
                -92.2933057,
                38.93570850000001
              ],
              [
                -92.2933011,
                38.9358008
              ],
              [
                -92.2933435,
                38.935802
              ],
              [
                -92.293343,
                38.935811
              ],
              [
                -92.293218,
                38.9358072
              ],
              [
                -92.29321239999999,
                38.9359189
              ]
            ]
          ],
          [
            [
              [
                -92.2961993,
                38.93666609999998
              ],
              [
                -92.2959262,
                38.93664439999998
              ],
              [
                -92.2956167,
                38.9366187
              ],
              [
                -92.2956469,
                38.9363064
              ],
              [
                -92.2956651,
                38.9362999
              ],
              [
                -92.2956907,
                38.9362889
              ],
              [
                -92.2957211,
                38.9362784
              ],
              [
                -92.295751,
                38.9362692
              ],
              [
                -92.2959605,
                38.9362815
              ],
              [
                -92.2962468,
                38.9363027
              ],
              [
                -92.2961993,
                38.93666609999998
              ]
            ]
          ],
          [
            [
              [
                -92.30717673675254,
                38.93762825380146
              ],
              [
                -92.30708614435106,
                38.937625796343056
              ],
              [
                -92.30711163494558,
                38.93755807121557
              ],
              [
                -92.30716626419296,
                38.93741133053904
              ],
              [
                -92.30721721573754,
                38.93728717425142
              ],
              [
                -92.30731544381892,
                38.93706144578845
              ],
              [
                -92.30743176127518,
                38.93683009590277
              ],
              [
                -92.30753340385294,
                38.93667778680701
              ],
              [
                -92.3076386837093,
                38.93651701205204
              ],
              [
                -92.30770897598197,
                38.936558441510165
              ],
              [
                -92.30779519538463,
                38.93678534546651
              ],
              [
                -92.30776957183944,
                38.936824396938654
              ],
              [
                -92.30773731872749,
                38.93687527184608
              ],
              [
                -92.30770607801685,
                38.93692653102629
              ],
              [
                -92.30767586048731,
                38.93697816259971
              ],
              [
                -92.30764667063049,
                38.937030153289435
              ],
              [
                -92.3076185174295,
                38.93708249331226
              ],
              [
                -92.30759140807083,
                38.93713516519893
              ],
              [
                -92.30756534614781,
                38.93718816196124
              ],
              [
                -92.30754034244019,
                38.937241466828624
              ],
              [
                -92.30751639874461,
                38.93729506792188
              ],
              [
                -92.3074935240442,
                38.93734895336174
              ],
              [
                -92.30747172193229,
                38.937403109172784
              ],
              [
                -92.30745099779868,
                38.93745752347583
              ],
              [
                -92.30743435920299,
                38.93750360807805
              ],
              [
                -92.30717673675254,
                38.93762825380146
              ]
            ]
          ],
          [
            [
              [
                -92.2958371,
                38.93763349999995
              ],
              [
                -92.2960616,
                38.9377013
              ],
              [
                -92.2962091,
                38.93770279999998
              ],
              [
                -92.2961882,
                38.9385408
              ],
              [
                -92.2961603,
                38.93966359999999
              ],
              [
                -92.2955217,
                38.93964559999997
              ],
              [
                -92.29518720945627,
                38.93963616818037
              ],
              [
                -92.29489958752862,
                38.93963369033905
              ],
              [
                -92.29498416570925,
                38.93885523949654
              ],
              [
                -92.29503808079595,
                38.93839335281626
              ],
              [
                -92.29502724801196,
                38.93752963258207
              ],
              [
                -92.29515958002342,
                38.93744401155418
              ],
              [
                -92.2952342,
                38.9373797
              ],
              [
                -92.2952401,
                38.93735
              ],
              [
                -92.2953787,
                38.937373399999984
              ],
              [
                -92.2958371,
                38.93763349999995
              ]
            ]
          ],
          [
            [
              [
                -92.2988191,
                38.942947299999986
              ],
              [
                -92.2989997,
                38.9429502
              ],
              [
                -92.2989929,
                38.94321079999999
              ],
              [
                -92.2988123,
                38.943208
              ],
              [
                -92.2988191,
                38.942947299999986
              ]
            ]
          ],
          [
            [
              [
                -92.31433703899897,
                38.94467262993607
              ],
              [
                -92.31440298612061,
                38.94467248111988
              ],
              [
                -92.31439575468258,
                38.94512820590895
              ],
              [
                -92.31438368042684,
                38.945548563752475
              ],
              [
                -92.31438196733959,
                38.94566168145198
              ],
              [
                -92.31437982126438,
                38.94580282767944
              ],
              [
                -92.31437971885644,
                38.9458096353884
              ],
              [
                -92.31435904053691,
                38.945803070113264
              ],
              [
                -92.31390175314154,
                38.945657910795006
              ],
              [
                -92.31387339512465,
                38.94564891138119
              ],
              [
                -92.31382612307945,
                38.94563390769789
              ],
              [
                -92.31372430083863,
                38.94578529209683
              ],
              [
                -92.31332326055646,
                38.94576403057264
              ],
              [
                -92.31333185923036,
                38.945707684568326
              ],
              [
                -92.31333420922313,
                38.945654701160244
              ],
              [
                -92.31333162387173,
                38.945584644592316
              ],
              [
                -92.31319380613749,
                38.94558469070378
              ],
              [
                -92.31319353754122,
                38.9455795304105
              ],
              [
                -92.31319200771027,
                38.94555003582706
              ],
              [
                -92.31316688812,
                38.945398853537284
              ],
              [
                -92.31315572745089,
                38.94532818468928
              ],
              [
                -92.3131321357214,
                38.94517881259475
              ],
              [
                -92.3130606,
                38.9451777
              ],
              [
                -92.3130644,
                38.94446220000001
              ],
              [
                -92.31334140000001,
                38.94446950000001
              ],
              [
                -92.3127763,
                38.9437233
              ],
              [
                -92.3127641,
                38.9433059
              ],
              [
                -92.31235946165488,
                38.94329827440135
              ],
              [
                -92.31235069592084,
                38.944064415456694
              ],
              [
                -92.31219554249823,
                38.94406452375113
              ],
              [
                -92.31219675612218,
                38.94381770706661
              ],
              [
                -92.31219979871604,
                38.94352938032035
              ],
              [
                -92.31220283771663,
                38.9432419942245
              ],
              [
                -92.31220456877018,
                38.942876943935126
              ],
              [
                -92.31221106269139,
                38.942138785983836
              ],
              [
                -92.3122486397532,
                38.94213914959392
              ],
              [
                -92.3122486,
                38.942135100000016
              ],
              [
                -92.31310632319466,
                38.94214671613456
              ],
              [
                -92.31350372311388,
                38.94214953467071
              ],
              [
                -92.31401251272113,
                38.9421502948482
              ],
              [
                -92.31425713665976,
                38.942151396259476
              ],
              [
                -92.31512290000002,
                38.9419082
              ],
              [
                -92.3154436,
                38.9418413
              ],
              [
                -92.3158585,
                38.9418024
              ],
              [
                -92.3160398,
                38.9418035
              ],
              [
                -92.31603670000001,
                38.942191
              ],
              [
                -92.31527146219629,
                38.942427898474826
              ],
              [
                -92.31527409323142,
                38.942738645319025
              ],
              [
                -92.3152315112903,
                38.94276533584592
              ],
              [
                -92.31520295403435,
                38.94278879901681
              ],
              [
                -92.3152038,
                38.94286309999998
              ],
              [
                -92.3148535,
                38.9432082
              ],
              [
                -92.3142464,
                38.94262339999998
              ],
              [
                -92.3138331,
                38.94274140000001
              ],
              [
                -92.3134986881788,
                38.94266150908161
              ],
              [
                -92.31349864942915,
                38.942746269388245
              ],
              [
                -92.31349752563673,
                38.943172145575765
              ],
              [
                -92.31349724985394,
                38.94327480850512
              ],
              [
                -92.31349807001578,
                38.943284633363035
              ],
              [
                -92.31349640453925,
                38.943301116651625
              ],
              [
                -92.3135017315489,
                38.943324838970206
              ],
              [
                -92.31351924869692,
                38.94337457595412
              ],
              [
                -92.31354218538108,
                38.94341323812595
              ],
              [
                -92.31357007357907,
                38.94345114709994
              ],
              [
                -92.31372566627785,
                38.94364753172181
              ],
              [
                -92.31388710611083,
                38.94385153975005
              ],
              [
                -92.31412348432374,
                38.94414847952402
              ],
              [
                -92.3143161,
                38.944375
              ],
              [
                -92.31431614796216,
                38.944392166450534
              ],
              [
                -92.31445066600097,
                38.94456316958684
              ],
              [
                -92.31432259678418,
                38.94455943101021
              ],
              [
                -92.31433703899897,
                38.94467262993607
              ]
            ]
          ],
          [
            [
              [
                -92.3393847,
                38.9353821
              ],
              [
                -92.3401889,
                38.9353877
              ],
              [
                -92.340178,
                38.936341599999984
              ],
              [
                -92.3393738,
                38.936336
              ],
              [
                -92.3393847,
                38.9353821
              ]
            ]
          ],
          [
            [
              [
                -92.3386437,
                38.9364401
              ],
              [
                -92.3383177,
                38.9364335
              ],
              [
                -92.3382839,
                38.9364576
              ],
              [
                -92.3381241,
                38.9364546
              ],
              [
                -92.3377295,
                38.9363477
              ],
              [
                -92.33755760000001,
                38.9362084
              ],
              [
                -92.3374472,
                38.93593179999998
              ],
              [
                -92.3374333,
                38.9354759
              ],
              [
                -92.3383404,
                38.93541959999999
              ],
              [
                -92.3383302,
                38.9353088
              ],
              [
                -92.338689,
                38.9352923
              ],
              [
                -92.3386988,
                38.93525
              ],
              [
                -92.338839,
                38.935292
              ],
              [
                -92.3389465,
                38.93537419999997
              ],
              [
                -92.3389961,
                38.9354943
              ],
              [
                -92.3389381,
                38.93549980000002
              ],
              [
                -92.338904,
                38.93574379999997
              ],
              [
                -92.3387713,
                38.9357338
              ],
              [
                -92.3387863,
                38.935610799999985
              ],
              [
                -92.3387648,
                38.9356095
              ],
              [
                -92.33873830000002,
                38.93578449999996
              ],
              [
                -92.3387571,
                38.935786
              ],
              [
                -92.33876040000001,
                38.93576329999997
              ],
              [
                -92.3389284,
                38.93577939999999
              ],
              [
                -92.3388963,
                38.9360394
              ],
              [
                -92.3389321,
                38.936039399999984
              ],
              [
                -92.3389167,
                38.936158
              ],
              [
                -92.3389005,
                38.9361571
              ],
              [
                -92.3388986,
                38.9364256
              ],
              [
                -92.3388027,
                38.9364247
              ],
              [
                -92.3388031,
                38.93653430000001
              ],
              [
                -92.3386394,
                38.936534
              ],
              [
                -92.3386437,
                38.9364401
              ]
            ]
          ],
          [
            [
              [
                -92.3372087,
                38.936601900000014
              ],
              [
                -92.3370741,
                38.93658320000002
              ],
              [
                -92.3370716,
                38.9365972
              ],
              [
                -92.3365889,
                38.9365917
              ],
              [
                -92.3365674,
                38.93651879999999
              ],
              [
                -92.3365237,
                38.9365127
              ],
              [
                -92.3365345,
                38.93644769999999
              ],
              [
                -92.3364046,
                38.9361824
              ],
              [
                -92.3365836,
                38.93618940000001
              ],
              [
                -92.3366831,
                38.9356888
              ],
              [
                -92.3367402,
                38.9356951
              ],
              [
                -92.3367482,
                38.9356461
              ],
              [
                -92.3373335,
                38.9357198
              ],
              [
                -92.3373212,
                38.93576909999999
              ],
              [
                -92.33737640000001,
                38.9357761
              ],
              [
                -92.3372087,
                38.936601900000014
              ]
            ]
          ],
          [
            [
              [
                -92.3373947,
                38.9365809
              ],
              [
                -92.337963,
                38.93659039999998
              ],
              [
                -92.3379355,
                38.9375873
              ],
              [
                -92.3373672,
                38.9375778
              ],
              [
                -92.3373947,
                38.9365809
              ]
            ]
          ],
          [
            [
              [
                -92.3326919,
                38.93622279999999
              ],
              [
                -92.3331802,
                38.935291800000016
              ],
              [
                -92.3337202,
                38.9354631
              ],
              [
                -92.3332322,
                38.9363942
              ],
              [
                -92.3326919,
                38.93622279999999
              ]
            ]
          ],
          [
            [
              [
                -92.3283538,
                38.9413184
              ],
              [
                -92.3283447,
                38.941282
              ],
              [
                -92.3283625,
                38.940400499999974
              ],
              [
                -92.3283732,
                38.9403607
              ],
              [
                -92.3283916,
                38.940338
              ],
              [
                -92.3284177,
                38.94032089999998
              ],
              [
                -92.3284505,
                38.9403079
              ],
              [
                -92.32848759999999,
                38.940301800000015
              ],
              [
                -92.3300206,
                38.9403205
              ],
              [
                -92.3300638,
                38.9403281
              ],
              [
                -92.3300922,
                38.940345
              ],
              [
                -92.3301126,
                38.94036610000002
              ],
              [
                -92.33012320000002,
                38.9403865
              ],
              [
                -92.3301306,
                38.9404231
              ],
              [
                -92.3301043,
                38.9409524
              ],
              [
                -92.33008620000001,
                38.941315
              ],
              [
                -92.3300765,
                38.9413446
              ],
              [
                -92.3300615,
                38.9413649
              ],
              [
                -92.33004,
                38.9413825
              ],
              [
                -92.33000880000002,
                38.94139759999998
              ],
              [
                -92.3299707,
                38.94140569999996
              ],
              [
                -92.3285321,
                38.9413834
              ],
              [
                -92.32844960000001,
                38.9413829
              ],
              [
                -92.3284051,
                38.9413654
              ],
              [
                -92.3283731,
                38.9413432
              ],
              [
                -92.3283538,
                38.9413184
              ]
            ]
          ],
          [
            [
              [
                -92.3278792,
                38.94115519999998
              ],
              [
                -92.3278857,
                38.9406566
              ],
              [
                -92.3282774,
                38.9406616
              ],
              [
                -92.32826460000001,
                38.9411621
              ],
              [
                -92.3278792,
                38.94115519999998
              ]
            ]
          ],
          [
            [
              [
                -92.3271584,
                38.94088659999998
              ],
              [
                -92.3271619,
                38.94079779999998
              ],
              [
                -92.3274314,
                38.94080419999999
              ],
              [
                -92.3274255,
                38.9409533
              ],
              [
                -92.32748070000001,
                38.9409546
              ],
              [
                -92.3274577,
                38.94154310000001
              ],
              [
                -92.3274521,
                38.941685
              ],
              [
                -92.327439,
                38.942021
              ],
              [
                -92.3270456,
                38.9420117
              ],
              [
                -92.327049,
                38.9419242
              ],
              [
                -92.3270095,
                38.941922
              ],
              [
                -92.3260565,
                38.9419098
              ],
              [
                -92.3260583,
                38.94182409999997
              ],
              [
                -92.326085,
                38.9418244
              ],
              [
                -92.3260871,
                38.9416413
              ],
              [
                -92.3260433,
                38.9416403
              ],
              [
                -92.3260442,
                38.9416163
              ],
              [
                -92.32599369999998,
                38.94161510000003
              ],
              [
                -92.3259914,
                38.9416736
              ],
              [
                -92.3259444,
                38.9416724
              ],
              [
                -92.3259428,
                38.9417054
              ],
              [
                -92.3258588,
                38.9417029
              ],
              [
                -92.3258604,
                38.94167080000001
              ],
              [
                -92.3257432,
                38.9416673
              ],
              [
                -92.3256697,
                38.941665099999966
              ],
              [
                -92.3256674,
                38.941711399999974
              ],
              [
                -92.3255848,
                38.9417089
              ],
              [
                -92.3255924,
                38.941552299999984
              ],
              [
                -92.32560530000002,
                38.9412885
              ],
              [
                -92.3256348,
                38.94128939999998
              ],
              [
                -92.3259626,
                38.94129909999997
              ],
              [
                -92.3259837,
                38.94130060000002
              ],
              [
                -92.3259791,
                38.94113320000001
              ],
              [
                -92.3258993,
                38.9411307
              ],
              [
                -92.3259043,
                38.941016800000014
              ],
              [
                -92.325942,
                38.94101869999998
              ],
              [
                -92.3260276,
                38.94102309999999
              ],
              [
                -92.3260339,
                38.94086
              ],
              [
                -92.3270638,
                38.94088439999998
              ],
              [
                -92.3271584,
                38.94088659999998
              ]
            ]
          ],
          [
            [
              [
                -92.3286315,
                38.94230239999999
              ],
              [
                -92.329258,
                38.942349
              ],
              [
                -92.3291784,
                38.9442883
              ],
              [
                -92.3290103,
                38.944270299999985
              ],
              [
                -92.3287169,
                38.9442388
              ],
              [
                -92.3285406,
                38.9442199
              ],
              [
                -92.3285445,
                38.9437471
              ],
              [
                -92.3285568,
                38.9422968
              ],
              [
                -92.3286315,
                38.94230239999999
              ]
            ]
          ],
          [
            [
              [
                -92.3269123,
                38.9439083
              ],
              [
                -92.3269158,
                38.94395439999998
              ],
              [
                -92.3261,
                38.943950899999976
              ],
              [
                -92.3260996,
                38.9439036
              ],
              [
                -92.326021,
                38.94390379999999
              ],
              [
                -92.3260195,
                38.94388319999998
              ],
              [
                -92.3259569,
                38.943885399999985
              ],
              [
                -92.3257579,
                38.9438808
              ],
              [
                -92.3257582,
                38.943873199999985
              ],
              [
                -92.3257639,
                38.9437479
              ],
              [
                -92.3258029,
                38.94367649999999
              ],
              [
                -92.325866,
                38.943654699999975
              ],
              [
                -92.3262092,
                38.9436583
              ],
              [
                -92.3262707,
                38.9436094
              ],
              [
                -92.32628589999999,
                38.942948899999976
              ],
              [
                -92.3263107,
                38.9429496
              ],
              [
                -92.3263923,
                38.942952
              ],
              [
                -92.3271149,
                38.94297319999998
              ],
              [
                -92.3271427,
                38.94297409999997
              ],
              [
                -92.3271776,
                38.942975199999985
              ],
              [
                -92.327139,
                38.9437501
              ],
              [
                -92.3271334,
                38.9438875
              ],
              [
                -92.32706560000001,
                38.9438881
              ],
              [
                -92.3269914,
                38.9438883
              ],
              [
                -92.3269935,
                38.9439087
              ],
              [
                -92.3269123,
                38.9439083
              ]
            ]
          ],
          [
            [
              [
                -92.3290862,
                38.9455736
              ],
              [
                -92.3291639,
                38.94560779999997
              ],
              [
                -92.3292692,
                38.94567769999998
              ],
              [
                -92.329231,
                38.9468267
              ],
              [
                -92.3291646,
                38.94683869999999
              ],
              [
                -92.3291083,
                38.94686369999998
              ],
              [
                -92.3290426,
                38.9469075
              ],
              [
                -92.3289789,
                38.946971699999985
              ],
              [
                -92.3289232,
                38.9470405
              ],
              [
                -92.3288439,
                38.947148800000015
              ],
              [
                -92.3288007,
                38.947135599999974
              ],
              [
                -92.3287539,
                38.9471291
              ],
              [
                -92.3287039,
                38.94713570000001
              ],
              [
                -92.3286599,
                38.947152399999986
              ],
              [
                -92.3286206,
                38.9471801
              ],
              [
                -92.3286041,
                38.9472032
              ],
              [
                -92.3285971,
                38.9472234
              ],
              [
                -92.3285651,
                38.9472261
              ],
              [
                -92.3282706,
                38.9472121
              ],
              [
                -92.3283215,
                38.9464602
              ],
              [
                -92.3283323,
                38.94625710000001
              ],
              [
                -92.32834910000001,
                38.9459406
              ],
              [
                -92.3283599,
                38.945741599999984
              ],
              [
                -92.3284143,
                38.94563949999998
              ],
              [
                -92.328465,
                38.945595
              ],
              [
                -92.3285224,
                38.945564
              ],
              [
                -92.3286046,
                38.94555109999999
              ],
              [
                -92.3287149,
                38.94554569999995
              ],
              [
                -92.3288167,
                38.9455482
              ],
              [
                -92.328989,
                38.94555230000001
              ],
              [
                -92.3290862,
                38.9455736
              ]
            ]
          ],
          [
            [
              [
                -92.3289027,
                38.9472832
              ],
              [
                -92.3290625,
                38.9472895
              ],
              [
                -92.3290531,
                38.9474885
              ],
              [
                -92.32970020000002,
                38.9474916
              ],
              [
                -92.3296939,
                38.9476898
              ],
              [
                -92.3298656,
                38.94773150000001
              ],
              [
                -92.3299729,
                38.947865
              ],
              [
                -92.33005340000001,
                38.9479234
              ],
              [
                -92.3302787,
                38.94791089999997
              ],
              [
                -92.3303645,
                38.94782330000001
              ],
              [
                -92.330681,
                38.9478066
              ],
              [
                -92.330895,
                38.94771449999999
              ],
              [
                -92.33089,
                38.94788349999999
              ],
              [
                -92.3308728,
                38.94846
              ],
              [
                -92.3308699,
                38.94855819999999
              ],
              [
                -92.329892,
                38.9485495
              ],
              [
                -92.32872,
                38.94852889999998
              ],
              [
                -92.3287209,
                38.9484827
              ],
              [
                -92.32872450000002,
                38.94830579999998
              ],
              [
                -92.3287341,
                38.9478335
              ],
              [
                -92.3287405,
                38.9474516
              ],
              [
                -92.3287988,
                38.947406700000016
              ],
              [
                -92.3289027,
                38.9472832
              ]
            ]
          ],
          [
            [
              [
                -92.31018464756504,
                38.946964323479165
              ],
              [
                -92.31009304994879,
                38.94704111640997
              ],
              [
                -92.3098520059069,
                38.9472409060512
              ],
              [
                -92.30909810468617,
                38.94712196208889
              ],
              [
                -92.30916546395945,
                38.9468137694942
              ],
              [
                -92.30950468667535,
                38.94686395675311
              ],
              [
                -92.3097310881781,
                38.946897409316776
              ],
              [
                -92.31018464756504,
                38.946964323479165
              ]
            ]
          ],
          [
            [
              [
                -92.3236399,
                38.94841
              ],
              [
                -92.32363944211217,
                38.94842265265584
              ],
              [
                -92.32365247776546,
                38.94842278459613
              ],
              [
                -92.32365010172151,
                38.948502277548954
              ],
              [
                -92.32364860872153,
                38.94855227987288
              ],
              [
                -92.32345602968755,
                38.94854912206775
              ],
              [
                -92.32338357517,
                38.94854793369899
              ],
              [
                -92.32338452738419,
                38.948702896535174
              ],
              [
                -92.32308467423393,
                38.94870113040369
              ],
              [
                -92.32287468135819,
                38.94870023825571
              ],
              [
                -92.32287469662954,
                38.948698980725375
              ],
              [
                -92.32287493468307,
                38.94868006397266
              ],
              [
                -92.3227182711925,
                38.94864121045439
              ],
              [
                -92.32267567487833,
                38.948585909091584
              ],
              [
                -92.32267619500288,
                38.9485340686969
              ],
              [
                -92.3227181669879,
                38.948534369107676
              ],
              [
                -92.32272050260764,
                38.94841310995727
              ],
              [
                -92.32272060501558,
                38.94837262009844
              ],
              [
                -92.32272061130378,
                38.9483695188744
              ],
              [
                -92.32272510557516,
                38.94819833305468
              ],
              [
                -92.32272907954807,
                38.948198352422324
              ],
              [
                -92.3227291,
                38.94819709999998
              ],
              [
                -92.3227586,
                38.9481974
              ],
              [
                -92.32291258941311,
                38.94819900043221
              ],
              [
                -92.32292722022586,
                38.94819880672779
              ],
              [
                -92.32295005360376,
                38.948198505617
              ],
              [
                -92.32295277280413,
                38.948198469986714
              ],
              [
                -92.32295275685418,
                38.94819941789771
              ],
              [
                -92.3229799,
                38.9481997
              ],
              [
                -92.3229754,
                38.9484012
              ],
              [
                -92.3233341,
                38.948406
              ],
              [
                -92.3236399,
                38.94841
              ]
            ]
          ],
          [
            [
              [
                -92.3144436,
                38.9524414
              ],
              [
                -92.3165968,
                38.95247469999999
              ],
              [
                -92.3166834,
                38.9524761
              ],
              [
                -92.316681,
                38.9525331
              ],
              [
                -92.3166481,
                38.953185199999986
              ],
              [
                -92.3166244,
                38.95387990000002
              ],
              [
                -92.3149856,
                38.953859
              ],
              [
                -92.31497541655494,
                38.95347583598345
              ],
              [
                -92.314739597434,
                38.95347415109999
              ],
              [
                -92.31441594970849,
                38.95347184089282
              ],
              [
                -92.31441051669763,
                38.952456062680795
              ],
              [
                -92.31444350348265,
                38.952456542831
              ],
              [
                -92.3144436,
                38.9524414
              ]
            ]
          ],
          [
            [
              [
                -92.3122437,
                38.95383219999999
              ],
              [
                -92.3123349,
                38.9538242
              ],
              [
                -92.3122841,
                38.95243880000001
              ],
              [
                -92.3126894,
                38.952438299999976
              ],
              [
                -92.3132246,
                38.9525201
              ],
              [
                -92.3136829,
                38.9525659
              ],
              [
                -92.3141438,
                38.952729799999965
              ],
              [
                -92.3142146,
                38.95380369999999
              ],
              [
                -92.3137435,
                38.95372539999999
              ],
              [
                -92.3137307,
                38.95370549999998
              ],
              [
                -92.3131856,
                38.953592
              ],
              [
                -92.3131536,
                38.953727399999984
              ],
              [
                -92.3130741,
                38.9537605
              ],
              [
                -92.3124221,
                38.953816699999976
              ],
              [
                -92.3128963,
                38.9541943
              ],
              [
                -92.3129494,
                38.954269799999985
              ],
              [
                -92.312941,
                38.9545398
              ],
              [
                -92.3129029,
                38.954539
              ],
              [
                -92.3129009,
                38.95460289999997
              ],
              [
                -92.3129351,
                38.9546035
              ],
              [
                -92.3129273,
                38.9548605
              ],
              [
                -92.312868,
                38.9548588
              ],
              [
                -92.3128672,
                38.9548811
              ],
              [
                -92.3128108,
                38.95492070000001
              ],
              [
                -92.3124405,
                38.954912600000014
              ],
              [
                -92.3123187,
                38.95491
              ],
              [
                -92.3122135,
                38.95483990000002
              ],
              [
                -92.3122437,
                38.95383219999999
              ]
            ]
          ],
          [
            [
              [
                -92.24895786062724,
                38.949236321468476
              ],
              [
                -92.24895625314102,
                38.94921470357499
              ],
              [
                -92.2492085,
                38.949158
              ],
              [
                -92.24928460508173,
                38.949216770191285
              ],
              [
                -92.24940090114488,
                38.94920868041162
              ],
              [
                -92.24973310801842,
                38.94945813029052
              ],
              [
                -92.25015805786019,
                38.94923952670489
              ],
              [
                -92.25019731693307,
                38.94918533312673
              ],
              [
                -92.2503651204315,
                38.94895369723983
              ],
              [
                -92.2504008545152,
                38.94890436937316
              ],
              [
                -92.25040124438402,
                38.94890436238688
              ],
              [
                -92.25071088865666,
                38.948898023217176
              ],
              [
                -92.2507692,
                38.9488297
              ],
              [
                -92.25137340000002,
                38.9487905
              ],
              [
                -92.25137565812881,
                38.94889731190319
              ],
              [
                -92.25136386199108,
                38.949279324574505
              ],
              [
                -92.25138360204143,
                38.94927306497264
              ],
              [
                -92.25138408622676,
                38.949295967126425
              ],
              [
                -92.25208377902973,
                38.949070498940976
              ],
              [
                -92.2525528325587,
                38.94895131632418
              ],
              [
                -92.25257796652201,
                38.948929021783485
              ],
              [
                -92.25258342825238,
                38.94892417712784
              ],
              [
                -92.25258686193726,
                38.9489233242606
              ],
              [
                -92.25262999380203,
                38.9488859432438
              ],
              [
                -92.2526346250636,
                38.94888627146512
              ],
              [
                -92.25279735544699,
                38.948897809050514
              ],
              [
                -92.2529891,
                38.94882039999998
              ],
              [
                -92.2534861,
                38.9488397
              ],
              [
                -92.2546512,
                38.9488397
              ],
              [
                -92.25447269390128,
                38.948951936667214
              ],
              [
                -92.25459230290106,
                38.94895203940155
              ],
              [
                -92.25455464552432,
                38.94896628856581
              ],
              [
                -92.25429151255032,
                38.94906585541362
              ],
              [
                -92.25427840000002,
                38.94907409999996
              ],
              [
                -92.25426905711213,
                38.94907435232362
              ],
              [
                -92.25422385888727,
                38.94909145487337
              ],
              [
                -92.25418733338782,
                38.949105277150345
              ],
              [
                -92.25401052158371,
                38.94910511227506
              ],
              [
                -92.25396018269012,
                38.94910506337138
              ],
              [
                -92.25381871118974,
                38.949104931356466
              ],
              [
                -92.2535421,
                38.9491393
              ],
              [
                -92.2533707736374,
                38.9491536234613
              ],
              [
                -92.25333904618019,
                38.94915951340579
              ],
              [
                -92.25298740605211,
                38.94922478925825
              ],
              [
                -92.25295056434567,
                38.94923162737795
              ],
              [
                -92.25294720734146,
                38.94923244616382
              ],
              [
                -92.25268791402459,
                38.949295655424955
              ],
              [
                -92.25264636245112,
                38.94930578404763
              ],
              [
                -92.2524113937155,
                38.9493808411625
              ],
              [
                -92.25237129471786,
                38.949393651081024
              ],
              [
                -92.25214032797685,
                38.949472461091595
              ],
              [
                -92.25210063861097,
                38.94948600384621
              ],
              [
                -92.2518011259222,
                38.9495881993381
              ],
              [
                -92.25175690275907,
                38.94960328881324
              ],
              [
                -92.25147251500475,
                38.949813364656855
              ],
              [
                -92.25146488792582,
                38.949818998810265
              ],
              [
                -92.25144650000001,
                38.9501987
              ],
              [
                -92.2514736,
                38.9506504
              ],
              [
                -92.2512959,
                38.9506505
              ],
              [
                -92.25122190000002,
                38.95064439999999
              ],
              [
                -92.25123319939651,
                38.95029820986889
              ],
              [
                -92.25110277434747,
                38.95029569678405
              ],
              [
                -92.25100056493737,
                38.95030093274452
              ],
              [
                -92.25099549601262,
                38.95046128482752
              ],
              [
                -92.2509934,
                38.950647400000015
              ],
              [
                -92.2507657,
                38.95063630000003
              ],
              [
                -92.25076577411792,
                38.9506325269039
              ],
              [
                -92.25076145443991,
                38.95063244365783
              ],
              [
                -92.25076248390921,
                38.95059985703639
              ],
              [
                -92.25077229980035,
                38.95028932733509
              ],
              [
                -92.25054241912251,
                38.95028489673564
              ],
              [
                -92.2505262332777,
                38.95028458445588
              ],
              [
                -92.25029283030565,
                38.95028008539209
              ],
              [
                -92.25028016406014,
                38.95027984157641
              ],
              [
                -92.25021272609237,
                38.95027854136037
              ],
              [
                -92.2500505,
                38.950285499999985
              ],
              [
                -92.25004803904525,
                38.950285860026405
              ],
              [
                -92.2500464107451,
                38.95028672151107
              ],
              [
                -92.25003352441236,
                38.950293538570016
              ],
              [
                -92.24990907360953,
                38.950359376459154
              ],
              [
                -92.24984873556853,
                38.95033011091333
              ],
              [
                -92.24984204222133,
                38.95032686516231
              ],
              [
                -92.24972000377562,
                38.95026767284811
              ],
              [
                -92.249415,
                38.9501421
              ],
              [
                -92.24936271258893,
                38.950117338426324
              ],
              [
                -92.2491479023232,
                38.950030959768704
              ],
              [
                -92.24914579846882,
                38.95003045676601
              ],
              [
                -92.24886305193651,
                38.94996302223488
              ],
              [
                -92.24885714371688,
                38.94996161173012
              ],
              [
                -92.2485652235889,
                38.949948452606435
              ],
              [
                -92.24855103110572,
                38.949947811975846
              ],
              [
                -92.24858080217255,
                38.95019412876763
              ],
              [
                -92.24858407114188,
                38.95022117417747
              ],
              [
                -92.24858333901491,
                38.95022122797072
              ],
              [
                -92.24851314555693,
                38.95022847747732
              ],
              [
                -92.24850755983249,
                38.95020278318808
              ],
              [
                -92.24845430231255,
                38.94995777283756
              ],
              [
                -92.24818445648606,
                38.950019522743844
              ],
              [
                -92.24815900990899,
                38.950025346398085
              ],
              [
                -92.24792206286948,
                38.95013102271363
              ],
              [
                -92.2479009,
                38.9501454
              ],
              [
                -92.24750930000002,
                38.9504934
              ],
              [
                -92.24685832801306,
                38.951335512255305
              ],
              [
                -92.24690081357865,
                38.95135691554509
              ],
              [
                -92.2471395,
                38.95144950000002
              ],
              [
                -92.2470815,
                38.9515208
              ],
              [
                -92.24676943158128,
                38.95137993024066
              ],
              [
                -92.246643137003,
                38.95153278208417
              ],
              [
                -92.2466431230095,
                38.95153279902184
              ],
              [
                -92.24665685702466,
                38.95118432292501
              ],
              [
                -92.24665785703257,
                38.95114532280563
              ],
              [
                -92.24666185705077,
                38.95107032258022
              ],
              [
                -92.24666185705442,
                38.95104832251177
              ],
              [
                -92.24668985719129,
                38.950465320753175
              ],
              [
                -92.2466928572052,
                38.95040732057864
              ],
              [
                -92.24740885832287,
                38.94983632023844
              ],
              [
                -92.24751185848339,
                38.949753320186225
              ],
              [
                -92.24783585898697,
                38.9494963200338
              ],
              [
                -92.24788794160855,
                38.949454846911365
              ],
              [
                -92.24789297864542,
                38.94945371465704
              ],
              [
                -92.24794459283045,
                38.94941255506817
              ],
              [
                -92.24842380720361,
                38.94933078632785
              ],
              [
                -92.24849039419462,
                38.94931942412998
              ],
              [
                -92.24854344210976,
                38.94930749971239
              ],
              [
                -92.24895786062724,
                38.949236321468476
              ]
            ]
          ],
          [
            [
              [
                -92.28393279194502,
                38.95563196557655
              ],
              [
                -92.28394472516526,
                38.955343915313314
              ],
              [
                -92.28395607537887,
                38.95506991551953
              ],
              [
                -92.2839563062459,
                38.955060637874524
              ],
              [
                -92.28532833551867,
                38.955141110454534
              ],
              [
                -92.28532627048108,
                38.95515229762997
              ],
              [
                -92.2853541,
                38.955153799999984
              ],
              [
                -92.2853234,
                38.9557851
              ],
              [
                -92.2850541,
                38.9571958
              ],
              [
                -92.28487342739004,
                38.957145962168326
              ],
              [
                -92.28485932870208,
                38.957142950773466
              ],
              [
                -92.28483405011,
                38.95713791915539
              ],
              [
                -92.28480866372007,
                38.95713323331664
              ],
              [
                -92.28478317671883,
                38.95712889465438
              ],
              [
                -92.2847575953945,
                38.957124904565795
              ],
              [
                -92.28473192873018,
                38.95712126235236
              ],
              [
                -92.28469728969283,
                38.95711691600536
              ],
              [
                -92.28462484865001,
                38.95710829595932
              ],
              [
                -92.28452994433519,
                38.95709963469805
              ],
              [
                -92.28445097613351,
                38.95709326396564
              ],
              [
                -92.28432635195584,
                38.95708737732448
              ],
              [
                -92.28418071259038,
                38.95708145226292
              ],
              [
                -92.28402129486514,
                38.95707832906651
              ],
              [
                -92.28383270345269,
                38.95707696830008
              ],
              [
                -92.28385517840279,
                38.956782110270346
              ],
              [
                -92.28387717365251,
                38.95649354915136
              ],
              [
                -92.28389877993173,
                38.95621006604338
              ],
              [
                -92.28392082369048,
                38.955920856429934
              ],
              [
                -92.28393279194502,
                38.95563196557655
              ]
            ]
          ],
          [
            [
              [
                -92.2610512,
                38.9624231
              ],
              [
                -92.2609254,
                38.9625127
              ],
              [
                -92.2605119,
                38.96237749999999
              ],
              [
                -92.2606115,
                38.96219350000001
              ],
              [
                -92.2610906,
                38.9623503
              ],
              [
                -92.2610512,
                38.9624231
              ]
            ]
          ],
          [
            [
              [
                -92.26858028032743,
                38.970668746071176
              ],
              [
                -92.26924830000002,
                38.9706921
              ],
              [
                -92.2692247,
                38.9711468
              ],
              [
                -92.2692011,
                38.971171199999986
              ],
              [
                -92.2692010612978,
                38.97117121001127
              ],
              [
                -92.26920064047438,
                38.97117947671379
              ],
              [
                -92.26917679331851,
                38.97117748753274
              ],
              [
                -92.2691694,
                38.9711794
              ],
              [
                -92.2683624,
                38.97113339999998
              ],
              [
                -92.2683877,
                38.9707902
              ],
              [
                -92.2671957,
                38.970703200000024
              ],
              [
                -92.26719463472598,
                38.970662172200555
              ],
              [
                -92.26719166883424,
                38.97066200598541
              ],
              [
                -92.26719182737341,
                38.97055405025506
              ],
              [
                -92.2671632,
                38.969451499999984
              ],
              [
                -92.2685129,
                38.96956849999998
              ],
              [
                -92.26851290228156,
                38.96956855130472
              ],
              [
                -92.26859144706614,
                38.96957139803622
              ],
              [
                -92.26859026398492,
                38.96965725852111
              ],
              [
                -92.2685823111997,
                38.970118859075086
              ],
              [
                -92.269212455117,
                38.97014474798549
              ],
              [
                -92.26921176161758,
                38.97019425243362
              ],
              [
                -92.26857729410884,
                38.97016873230514
              ],
              [
                -92.26857852659741,
                38.97037498622331
              ],
              [
                -92.26857901797588,
                38.9704574877621
              ],
              [
                -92.26857976627251,
                38.97058260354008
              ],
              [
                -92.26858028032743,
                38.970668746071176
              ]
            ]
          ],
          [
            [
              [
                -92.31428020000001,
                38.9542213
              ],
              [
                -92.3142772,
                38.9546649
              ],
              [
                -92.3142748,
                38.9549355
              ],
              [
                -92.3137163,
                38.9549309
              ],
              [
                -92.3136622,
                38.9545386
              ],
              [
                -92.3136165,
                38.95415959999997
              ],
              [
                -92.3135695,
                38.9537863
              ],
              [
                -92.3142833,
                38.9539191
              ],
              [
                -92.31428020000001,
                38.9542213
              ]
            ]
          ],
          [
            [
              [
                -92.312907,
                38.9562698
              ],
              [
                -92.3129008,
                38.95653979999998
              ],
              [
                -92.3121486,
                38.956529300000014
              ],
              [
                -92.3121764,
                38.956005199999986
              ],
              [
                -92.312205,
                38.9560063
              ],
              [
                -92.3122079,
                38.955945200000016
              ],
              [
                -92.3121798,
                38.95594519999996
              ],
              [
                -92.3121856,
                38.9557689
              ],
              [
                -92.3122136,
                38.9557697
              ],
              [
                -92.3122132,
                38.95570410000001
              ],
              [
                -92.3121859,
                38.9557031
              ],
              [
                -92.3121917,
                38.95552759999999
              ],
              [
                -92.31221990000002,
                38.955528199999975
              ],
              [
                -92.3122216,
                38.9554632
              ],
              [
                -92.3121937,
                38.955462799999985
              ],
              [
                -92.31219980000002,
                38.955285899999986
              ],
              [
                -92.3122277,
                38.95528609999999
              ],
              [
                -92.3122301,
                38.95522850000001
              ],
              [
                -92.3122019,
                38.9552278
              ],
              [
                -92.3122085,
                38.9550949
              ],
              [
                -92.3123102,
                38.955023
              ],
              [
                -92.312435,
                38.95502589999998
              ],
              [
                -92.31280780000002,
                38.95503460000001
              ],
              [
                -92.3128471,
                38.9550655
              ],
              [
                -92.3128471,
                38.95508339999997
              ],
              [
                -92.3128949,
                38.9550841
              ],
              [
                -92.3128809,
                38.955748799999974
              ],
              [
                -92.3128381,
                38.955746
              ],
              [
                -92.312907,
                38.9562698
              ]
            ]
          ],
          [
            [
              [
                -92.3188382,
                38.9559285
              ],
              [
                -92.31883609999998,
                38.9556475
              ],
              [
                -92.3193207,
                38.955654699999975
              ],
              [
                -92.3192642,
                38.9559276
              ],
              [
                -92.3188382,
                38.9559285
              ]
            ]
          ],
          [
            [
              [
                -92.3184318,
                38.975622
              ],
              [
                -92.3178574,
                38.9760032
              ],
              [
                -92.3174920312053,
                38.97605325539152
              ],
              [
                -92.31721379667832,
                38.97617019383355
              ],
              [
                -92.31639731073007,
                38.97616348331928
              ],
              [
                -92.31638581678601,
                38.97616338904108
              ],
              [
                -92.31638646185174,
                38.976129508744556
              ],
              [
                -92.316349,
                38.97613029999998
              ],
              [
                -92.31641645440584,
                38.974566477509846
              ],
              [
                -92.31642053667174,
                38.97435617600579
              ],
              [
                -92.3164406535442,
                38.9743563862167
              ],
              [
                -92.31715794302721,
                38.97436312553557
              ],
              [
                -92.31812054265139,
                38.97437453488666
              ],
              [
                -92.31871935961978,
                38.97438190483631
              ],
              [
                -92.31903631489641,
                38.974385806656144
              ],
              [
                -92.31912249746814,
                38.97438686678898
              ],
              [
                -92.3193380616953,
                38.974388813857814
              ],
              [
                -92.31933756571371,
                38.97443042929723
              ],
              [
                -92.3194079,
                38.9744312
              ],
              [
                -92.3193947,
                38.9749214
              ],
              [
                -92.31938976031537,
                38.975103898893956
              ],
              [
                -92.31960121686957,
                38.97522690955213
              ],
              [
                -92.31954634645622,
                38.97525681483171
              ],
              [
                -92.3196741,
                38.9753643
              ],
              [
                -92.3188381,
                38.97575269999998
              ],
              [
                -92.31871132120529,
                38.97571191735547
              ],
              [
                -92.3186643431985,
                38.9757375211434
              ],
              [
                -92.31857785456039,
                38.97566898334
              ],
              [
                -92.3184318,
                38.975622
              ]
            ]
          ],
          [
            [
              [
                -92.2198149,
                38.972661
              ],
              [
                -92.21886010000001,
                38.9726464
              ],
              [
                -92.2188735,
                38.971518299999985
              ],
              [
                -92.2189566,
                38.9714453
              ],
              [
                -92.21979080000001,
                38.971462
              ],
              [
                -92.2198605,
                38.9715621
              ],
              [
                -92.2198149,
                38.972661
              ]
            ]
          ],
          [
            [
              [
                -92.222644,
                38.97255410000001
              ],
              [
                -92.2223364,
                38.972551
              ],
              [
                -92.2222993,
                38.972522199999965
              ],
              [
                -92.222304,
                38.972244899999986
              ],
              [
                -92.2223424,
                38.972217199999974
              ],
              [
                -92.222655,
                38.9722204
              ],
              [
                -92.2226901,
                38.97224879999999
              ],
              [
                -92.2226854,
                38.97252539999999
              ],
              [
                -92.222644,
                38.97255410000001
              ]
            ]
          ],
          [
            [
              [
                -92.2231282,
                38.972557499999986
              ],
              [
                -92.2228206,
                38.972554299999985
              ],
              [
                -92.2227835,
                38.9725256
              ],
              [
                -92.2227882,
                38.9722483
              ],
              [
                -92.2228266,
                38.9722206
              ],
              [
                -92.2231392,
                38.97222369999999
              ],
              [
                -92.2231743,
                38.972252199999986
              ],
              [
                -92.22316960000002,
                38.972528699999984
              ],
              [
                -92.2231282,
                38.972557499999986
              ]
            ]
          ],
          [
            [
              [
                -92.22368960000001,
                38.9725651
              ],
              [
                -92.2233821,
                38.972562
              ],
              [
                -92.223345,
                38.972533300000016
              ],
              [
                -92.2233496,
                38.97225589999997
              ],
              [
                -92.223388,
                38.9722283
              ],
              [
                -92.2237007,
                38.9722314
              ],
              [
                -92.2237357,
                38.97225979999998
              ],
              [
                -92.2237311,
                38.9725364
              ],
              [
                -92.22368960000001,
                38.9725651
              ]
            ]
          ],
          [
            [
              [
                -92.2238652,
                38.97256749999998
              ],
              [
                -92.2238281,
                38.9725388
              ],
              [
                -92.2238328,
                38.9722614
              ],
              [
                -92.2238712,
                38.9722338
              ],
              [
                -92.2241838,
                38.972236899999984
              ],
              [
                -92.2242189,
                38.9722654
              ],
              [
                -92.2242142,
                38.9725419
              ],
              [
                -92.2241728,
                38.972570599999976
              ],
              [
                -92.2238652,
                38.97256749999998
              ]
            ]
          ],
          [
            [
              [
                -92.2214906,
                38.9731218
              ],
              [
                -92.2208845,
                38.9731164
              ],
              [
                -92.2208996,
                38.97209219999998
              ],
              [
                -92.2215057,
                38.972097599999984
              ],
              [
                -92.2214906,
                38.9731218
              ]
            ]
          ],
          [
            [
              [
                -92.2238921,
                38.972901799999974
              ],
              [
                -92.2238977,
                38.97283349999998
              ],
              [
                -92.2246728,
                38.97280929999999
              ],
              [
                -92.2247223,
                38.97285439999998
              ],
              [
                -92.2247167,
                38.97309449999998
              ],
              [
                -92.2246756,
                38.9734581
              ],
              [
                -92.2245509,
                38.97345920000003
              ],
              [
                -92.2244432,
                38.97344039999997
              ],
              [
                -92.2243384,
                38.973414
              ],
              [
                -92.2242208,
                38.9733589
              ],
              [
                -92.2241188,
                38.9732961
              ],
              [
                -92.2240451,
                38.973231100000014
              ],
              [
                -92.2239898,
                38.973175
              ],
              [
                -92.2239516,
                38.9731078
              ],
              [
                -92.2239247,
                38.973039499999985
              ],
              [
                -92.2238935,
                38.9729602
              ],
              [
                -92.2238921,
                38.972901799999974
              ]
            ]
          ],
          [
            [
              [
                -92.2204122,
                38.973723200000016
              ],
              [
                -92.2199028,
                38.973726
              ],
              [
                -92.2184395,
                38.9737342
              ],
              [
                -92.2184512,
                38.9726947
              ],
              [
                -92.2198899,
                38.97270449999998
              ],
              [
                -92.2198892,
                38.97276489999997
              ],
              [
                -92.22044260000001,
                38.97276880000001
              ],
              [
                -92.2204634,
                38.97331449999999
              ],
              [
                -92.2204705,
                38.9734125
              ],
              [
                -92.2204773,
                38.9736736
              ],
              [
                -92.2204122,
                38.973723200000016
              ]
            ]
          ],
          [
            [
              [
                -92.3657469,
                38.94439
              ],
              [
                -92.3657561,
                38.9443647
              ],
              [
                -92.3657732,
                38.94431760000002
              ],
              [
                -92.3658217,
                38.94429789999999
              ],
              [
                -92.3658857,
                38.944311699999986
              ],
              [
                -92.3659797,
                38.9443313
              ],
              [
                -92.3659507,
                38.944416
              ],
              [
                -92.36594029990695,
                38.944420481501446
              ],
              [
                -92.366205,
                38.9444622
              ],
              [
                -92.3661873,
                38.9446267
              ],
              [
                -92.3656792,
                38.944558100000016
              ],
              [
                -92.3657469,
                38.94439
              ]
            ]
          ],
          [
            [
              [
                -92.3671196,
                38.9558418
              ],
              [
                -92.3671392,
                38.9558114
              ],
              [
                -92.3691273,
                38.9558278
              ],
              [
                -92.3691228,
                38.9572347
              ],
              [
                -92.36694210000002,
                38.9570116
              ],
              [
                -92.3669838,
                38.95597389999997
              ],
              [
                -92.3670038,
                38.9559274
              ],
              [
                -92.3670277,
                38.955909799999986
              ],
              [
                -92.3670656,
                38.9558914
              ],
              [
                -92.3671001,
                38.9558672
              ],
              [
                -92.3671196,
                38.9558418
              ]
            ]
          ],
          [
            [
              [
                -92.387397,
                38.959389799999975
              ],
              [
                -92.3873569,
                38.959421
              ],
              [
                -92.3872977,
                38.9594514
              ],
              [
                -92.3872249,
                38.9594793
              ],
              [
                -92.3871605,
                38.959499
              ],
              [
                -92.3870897,
                38.9595056
              ],
              [
                -92.3870116,
                38.959499
              ],
              [
                -92.3869482,
                38.959481
              ],
              [
                -92.3868764,
                38.959451399999985
              ],
              [
                -92.38680780000001,
                38.95940789999998
              ],
              [
                -92.3867476,
                38.959356200000016
              ],
              [
                -92.3867086,
                38.959308599999986
              ],
              [
                -92.3866864,
                38.95925439999998
              ],
              [
                -92.38667580000002,
                38.9591854
              ],
              [
                -92.3866801,
                38.9591312
              ],
              [
                -92.386698,
                38.9590762
              ],
              [
                -92.3867265,
                38.95902689999998
              ],
              [
                -92.3872471,
                38.958329099999986
              ],
              [
                -92.3872977,
                38.958282300000015
              ],
              [
                -92.3873706,
                38.95823629999997
              ],
              [
                -92.3874477,
                38.9582026
              ],
              [
                -92.3875205,
                38.9581862
              ],
              [
                -92.3875913,
                38.958186199999965
              ],
              [
                -92.3876504,
                38.9581944
              ],
              [
                -92.3877116,
                38.958213299999976
              ],
              [
                -92.3877824,
                38.95824369999997
              ],
              [
                -92.387851,
                38.95828309999998
              ],
              [
                -92.3879251,
                38.958351299999975
              ],
              [
                -92.3879671,
                38.9584033
              ],
              [
                -92.387992,
                38.9584673
              ],
              [
                -92.38799450000002,
                38.958524
              ],
              [
                -92.3879748,
                38.958589299999986
              ],
              [
                -92.3879422,
                38.9586593
              ],
              [
                -92.3874392,
                38.95934469999999
              ],
              [
                -92.387397,
                38.959389799999975
              ]
            ]
          ],
          [
            [
              [
                -92.3862788,
                38.9594152
              ],
              [
                -92.3863426,
                38.95954409999998
              ],
              [
                -92.3860213,
                38.9596403
              ],
              [
                -92.3859574,
                38.95951139999998
              ],
              [
                -92.3862788,
                38.9594152
              ]
            ]
          ],
          [
            [
              [
                -92.38685361460911,
                38.963043074699904
              ],
              [
                -92.38684042939796,
                38.96304835230019
              ],
              [
                -92.38682637795027,
                38.963053030064415
              ],
              [
                -92.386812555573,
                38.9630563213327
              ],
              [
                -92.38679917876011,
                38.963058571157646
              ],
              [
                -92.38678067616021,
                38.96305976976034
              ],
              [
                -92.38676218254344,
                38.963059058701134
              ],
              [
                -92.38674056907772,
                38.96305538675781
              ],
              [
                -92.38671984853737,
                38.96304945241649
              ],
              [
                -92.38669557246513,
                38.963038998866224
              ],
              [
                -92.38667642217989,
                38.963026633556176
              ],
              [
                -92.38667431403717,
                38.96302479557304
              ],
              [
                -92.3863948,
                38.96299630000003
              ],
              [
                -92.38644478240045,
                38.96285713765292
              ],
              [
                -92.38619055578206,
                38.962798770044955
              ],
              [
                -92.38622702917922,
                38.962714717320516
              ],
              [
                -92.3862788547846,
                38.96261155448768
              ],
              [
                -92.38636070298509,
                38.96244781337443
              ],
              [
                -92.38649173754064,
                38.96218382533833
              ],
              [
                -92.38663111115697,
                38.96190627498494
              ],
              [
                -92.38673651228589,
                38.96170055101718
              ],
              [
                -92.3867550795645,
                38.96163236832009
              ],
              [
                -92.38677344112891,
                38.96156490990313
              ],
              [
                -92.38685872179208,
                38.961259394611346
              ],
              [
                -92.38699187547338,
                38.96121788109859
              ],
              [
                -92.3870744002695,
                38.96110413860418
              ],
              [
                -92.3871632,
                38.9608569
              ],
              [
                -92.38736960000001,
                38.9609685
              ],
              [
                -92.3873946,
                38.9609841
              ],
              [
                -92.38749,
                38.96104359999999
              ],
              [
                -92.38799650000001,
                38.9613605
              ],
              [
                -92.388237,
                38.9615074
              ],
              [
                -92.3884963,
                38.961664
              ],
              [
                -92.3886621,
                38.9617448
              ],
              [
                -92.3886848,
                38.9617538
              ],
              [
                -92.3887167,
                38.9617663
              ],
              [
                -92.38885110000001,
                38.9618134
              ],
              [
                -92.3897036,
                38.96193239999999
              ],
              [
                -92.3896607,
                38.96320879999998
              ],
              [
                -92.38959888938174,
                38.963207300884164
              ],
              [
                -92.38959801747001,
                38.9632649275015
              ],
              [
                -92.38916248457589,
                38.963258212272024
              ],
              [
                -92.38916202751693,
                38.96319670551157
              ],
              [
                -92.3881104,
                38.963171199999984
              ],
              [
                -92.38807784117832,
                38.96316788073097
              ],
              [
                -92.38791791815706,
                38.963164567793356
              ],
              [
                -92.38757245753983,
                38.963157409714576
              ],
              [
                -92.38730184904365,
                38.96310186752514
              ],
              [
                -92.38729958798407,
                38.96310140442894
              ],
              [
                -92.387175065064,
                38.96307584555822
              ],
              [
                -92.38685361460911,
                38.963043074699904
              ]
            ]
          ],
          [
            [
              [
                -92.3696834,
                38.9635879
              ],
              [
                -92.3696842,
                38.96355689999996
              ],
              [
                -92.369746,
                38.9635158
              ],
              [
                -92.36977760000002,
                38.96351880000001
              ],
              [
                -92.3697856,
                38.9635196
              ],
              [
                -92.3705356,
                38.9635908
              ],
              [
                -92.3705132,
                38.96391009999997
              ],
              [
                -92.3701798,
                38.9641393
              ],
              [
                -92.3696696,
                38.96412189999999
              ],
              [
                -92.369678,
                38.96379959999999
              ],
              [
                -92.3696834,
                38.9635879
              ]
            ]
          ],
          [
            [
              [
                -92.4152315,
                38.9692366
              ],
              [
                -92.4147745,
                38.96932239999999
              ],
              [
                -92.4147416,
                38.969216399999986
              ],
              [
                -92.4151986,
                38.9691306
              ],
              [
                -92.4152315,
                38.9692366
              ]
            ]
          ],
          [
            [
              [
                -92.4146448,
                38.9696784
              ],
              [
                -92.41459570000002,
                38.96963010000001
              ],
              [
                -92.4145736,
                38.9695958
              ],
              [
                -92.4145656,
                38.969549
              ],
              [
                -92.4145857,
                38.9695038
              ],
              [
                -92.4146308,
                38.96946249999998
              ],
              [
                -92.4147631,
                38.9693932
              ],
              [
                -92.4147822,
                38.9694002
              ],
              [
                -92.4148212,
                38.96943839999998
              ],
              [
                -92.4148583,
                38.9694906
              ],
              [
                -92.4148804,
                38.96956149999997
              ],
              [
                -92.4148854,
                38.9696293
              ],
              [
                -92.4148493,
                38.9697041
              ],
              [
                -92.4146448,
                38.9696784
              ]
            ]
          ],
          [
            [
              [
                -92.4139697,
                38.9699758
              ],
              [
                -92.4139358,
                38.96985059999997
              ],
              [
                -92.4139506,
                38.9697879
              ],
              [
                -92.4139994,
                38.96968409999999
              ],
              [
                -92.4141096,
                38.9696066
              ],
              [
                -92.414205,
                38.96957039999998
              ],
              [
                -92.414275,
                38.9696297
              ],
              [
                -92.414345,
                38.96975169999999
              ],
              [
                -92.4144298,
                38.9698506
              ],
              [
                -92.4144404,
                38.96988849999999
              ],
              [
                -92.4143831,
                38.9699165
              ],
              [
                -92.4140333,
                38.9699874
              ],
              [
                -92.4139697,
                38.9699758
              ]
            ]
          ],
          [
            [
              [
                -92.4124311,
                38.97038230000001
              ],
              [
                -92.4122258,
                38.970353799999984
              ],
              [
                -92.4119982,
                38.970278
              ],
              [
                -92.4120551,
                38.97009780000002
              ],
              [
                -92.4120937,
                38.9698908
              ],
              [
                -92.4120856,
                38.96965839999997
              ],
              [
                -92.4121466,
                38.9696
              ],
              [
                -92.4123356,
                38.9695873
              ],
              [
                -92.4130125,
                38.96954779999999
              ],
              [
                -92.4135166,
                38.9694467
              ],
              [
                -92.4136406,
                38.9694783
              ],
              [
                -92.4136386,
                38.9698765
              ],
              [
                -92.4135898,
                38.970112
              ],
              [
                -92.4135349,
                38.9703507
              ],
              [
                -92.4131812,
                38.9704502
              ],
              [
                -92.41282350000002,
                38.9704392
              ],
              [
                -92.4124311,
                38.97038230000001
              ]
            ]
          ],
          [
            [
              [
                -92.3860673,
                38.9725054
              ],
              [
                -92.3860667,
                38.9726191
              ],
              [
                -92.3861061,
                38.972704399999984
              ],
              [
                -92.3861725,
                38.97278249999998
              ],
              [
                -92.3862506,
                38.9728101
              ],
              [
                -92.3863499,
                38.97282519999999
              ],
              [
                -92.3865426,
                38.972848
              ],
              [
                -92.3864982,
                38.9733896
              ],
              [
                -92.3868127,
                38.9733366
              ],
              [
                -92.3880361,
                38.97339629999997
              ],
              [
                -92.3880088,
                38.97356
              ],
              [
                -92.3871654,
                38.9735122
              ],
              [
                -92.38691430000002,
                38.9735076
              ],
              [
                -92.3867176,
                38.97352139999999
              ],
              [
                -92.3864431,
                38.973567899999985
              ],
              [
                -92.385896,
                38.9736885
              ],
              [
                -92.3854189,
                38.9737999
              ],
              [
                -92.3851167,
                38.9737986
              ],
              [
                -92.3848125,
                38.9738
              ],
              [
                -92.384885,
                38.9722815
              ],
              [
                -92.3860915,
                38.97225179999998
              ],
              [
                -92.3860673,
                38.9725054
              ]
            ]
          ],
          [
            [
              [
                -92.37315417640283,
                38.97949450010227
              ],
              [
                -92.37315384684946,
                38.9794944669802
              ],
              [
                -92.37318953961062,
                38.979258813536
              ],
              [
                -92.37327150010051,
                38.978717701852275
              ],
              [
                -92.37329566118841,
                38.9785581816856
              ],
              [
                -92.3733043362191,
                38.978500907133125
              ],
              [
                -92.3733162730326,
                38.978422102871086
              ],
              [
                -92.37332574144128,
                38.978422998453205
              ],
              [
                -92.37332960000002,
                38.9783989
              ],
              [
                -92.37544744061387,
                38.97862413511654
              ],
              [
                -92.3755959852213,
                38.97863855704504
              ],
              [
                -92.37595916690412,
                38.97867381795514
              ],
              [
                -92.37625709496474,
                38.9787027421818
              ],
              [
                -92.37625621517837,
                38.97871014934827
              ],
              [
                -92.3763526,
                38.97872039999998
              ],
              [
                -92.3762335,
                38.9796493
              ],
              [
                -92.3762151,
                38.9798134
              ],
              [
                -92.3731536,
                38.9794981
              ],
              [
                -92.37315417640283,
                38.97949450010227
              ]
            ]
          ],
          [
            [
              [
                -92.3511524,
                38.9380789
              ],
              [
                -92.35116206750622,
                38.938147430873514
              ],
              [
                -92.35117927364068,
                38.93822179423999
              ],
              [
                -92.35119655183684,
                38.93829315772234
              ],
              [
                -92.35124185926654,
                38.93846781219343
              ],
              [
                -92.3512431611425,
                38.93850189924842
              ],
              [
                -92.3512539,
                38.93852459999998
              ],
              [
                -92.35125239427258,
                38.93856579670217
              ],
              [
                -92.35130255483702,
                38.93865844402511
              ],
              [
                -92.35119332957993,
                38.93868458828625
              ],
              [
                -92.35117805542082,
                38.938687651206095
              ],
              [
                -92.3511339,
                38.9387142
              ],
              [
                -92.3510336,
                38.938739
              ],
              [
                -92.3509513,
                38.9387518
              ],
              [
                -92.3508591,
                38.9387508
              ],
              [
                -92.3506232,
                38.9388109
              ],
              [
                -92.3496255,
                38.93866489999998
              ],
              [
                -92.3481396,
                38.9385969
              ],
              [
                -92.3484177,
                38.938425500000015
              ],
              [
                -92.3484992,
                38.938373900000016
              ],
              [
                -92.3486113,
                38.93830619999998
              ],
              [
                -92.3492283,
                38.9378147
              ],
              [
                -92.3497189,
                38.9371787
              ],
              [
                -92.3501102,
                38.936695
              ],
              [
                -92.3502715,
                38.9368218
              ],
              [
                -92.3503791722202,
                38.936934901071645
              ],
              [
                -92.35038215087836,
                38.93693104421372
              ],
              [
                -92.3505614447276,
                38.93709691954788
              ],
              [
                -92.35067757263933,
                38.9372167523585
              ],
              [
                -92.35079973722976,
                38.93742154400965
              ],
              [
                -92.35083017125328,
                38.9374701028689
              ],
              [
                -92.35084007068771,
                38.93748589575809
              ],
              [
                -92.35097120585456,
                38.93771275831639
              ],
              [
                -92.35103290933479,
                38.93780482863752
              ],
              [
                -92.3511248563957,
                38.93799456228277
              ],
              [
                -92.35113878386771,
                38.938049180993254
              ],
              [
                -92.3511524,
                38.9380789
              ]
            ]
          ],
          [
            [
              [
                -92.357733,
                38.93875339999999
              ],
              [
                -92.3576157,
                38.938804199999986
              ],
              [
                -92.357513,
                38.93887879999998
              ],
              [
                -92.3574267,
                38.93895339999997
              ],
              [
                -92.3569844,
                38.9392736
              ],
              [
                -92.3569296,
                38.9393001
              ],
              [
                -92.3562046,
                38.9396248
              ],
              [
                -92.356022,
                38.939677900000014
              ],
              [
                -92.35600900233447,
                38.93960460614148
              ],
              [
                -92.35580359231417,
                38.93962789517724
              ],
              [
                -92.3558160887781,
                38.93869750005548
              ],
              [
                -92.35597831553525,
                38.93865734003654
              ],
              [
                -92.35611909133031,
                38.93862227838684
              ],
              [
                -92.3563037,
                38.938564699999986
              ],
              [
                -92.35658713627345,
                38.9385051652641
              ],
              [
                -92.35670577125234,
                38.93847539200324
              ],
              [
                -92.3569248389091,
                38.93841986191188
              ],
              [
                -92.35715538973012,
                38.93836534074294
              ],
              [
                -92.35729910041267,
                38.93832765753444
              ],
              [
                -92.35740830860173,
                38.938301385273974
              ],
              [
                -92.35752197333296,
                38.938283086918325
              ],
              [
                -92.35766980368938,
                38.93826590932219
              ],
              [
                -92.35781502084663,
                38.93825436419209
              ],
              [
                -92.35781454195633,
                38.93840390395102
              ],
              [
                -92.3578648,
                38.938717099999984
              ],
              [
                -92.357733,
                38.93875339999999
              ]
            ]
          ],
          [
            [
              [
                -92.3443702,
                38.9415638
              ],
              [
                -92.34458,
                38.94157329999997
              ],
              [
                -92.3445546,
                38.94191229999997
              ],
              [
                -92.3443449,
                38.9419028
              ],
              [
                -92.3443702,
                38.9415638
              ]
            ]
          ],
          [
            [
              [
                -92.3549265,
                38.95863929999999
              ],
              [
                -92.35507746214546,
                38.95778463769813
              ],
              [
                -92.3550774627946,
                38.957784624736846
              ],
              [
                -92.3552166,
                38.9569969
              ],
              [
                -92.35627924938345,
                38.95706298682602
              ],
              [
                -92.35627924913231,
                38.95706299184222
              ],
              [
                -92.3574388,
                38.957135100000016
              ],
              [
                -92.3573923,
                38.9588738
              ],
              [
                -92.3561919,
                38.9587596
              ],
              [
                -92.355433,
                38.95868749999998
              ],
              [
                -92.3553156,
                38.95867629999998
              ],
              [
                -92.3549265,
                38.95863929999999
              ]
            ]
          ],
          [
            [
              [
                -92.3420464,
                38.9513996
              ],
              [
                -92.341953,
                38.9511909
              ],
              [
                -92.3419114,
                38.95112360000001
              ],
              [
                -92.3415985,
                38.95078
              ],
              [
                -92.3415634,
                38.950710299999976
              ],
              [
                -92.3415476,
                38.9506327
              ],
              [
                -92.3415431,
                38.95031909999999
              ],
              [
                -92.3415961,
                38.9492164
              ],
              [
                -92.3415815,
                38.9486103
              ],
              [
                -92.3415126,
                38.9484862
              ],
              [
                -92.3414392,
                38.9483848
              ],
              [
                -92.3413284,
                38.94828849999997
              ],
              [
                -92.3409969,
                38.9480881
              ],
              [
                -92.3391555,
                38.94802109999998
              ],
              [
                -92.3392116,
                38.9470241
              ],
              [
                -92.3406801,
                38.9471638
              ],
              [
                -92.3423474,
                38.9473187
              ],
              [
                -92.34237310000002,
                38.9473265
              ],
              [
                -92.3423627,
                38.9474327
              ],
              [
                -92.3425061,
                38.947798299999974
              ],
              [
                -92.3425083,
                38.9478782
              ],
              [
                -92.3424812,
                38.94941209999998
              ],
              [
                -92.3424505,
                38.9504484
              ],
              [
                -92.34222440000002,
                38.951144599999985
              ],
              [
                -92.3421644,
                38.951391199999975
              ],
              [
                -92.3420464,
                38.9513996
              ]
            ]
          ],
          [
            [
              [
                -92.336411,
                38.95115730000001
              ],
              [
                -92.3359307,
                38.95114750000001
              ],
              [
                -92.3359396,
                38.9508822
              ],
              [
                -92.3359465,
                38.95065049999998
              ],
              [
                -92.33630109999999,
                38.95065690000001
              ],
              [
                -92.3364278,
                38.95065949999997
              ],
              [
                -92.336411,
                38.95115730000001
              ]
            ]
          ],
          [
            [
              [
                -92.3363564,
                38.963008599999974
              ],
              [
                -92.3358949,
                38.9629976
              ],
              [
                -92.33589539893465,
                38.96298505535728
              ],
              [
                -92.33584891964931,
                38.962984456817594
              ],
              [
                -92.33585729104942,
                38.96262722163579
              ],
              [
                -92.33590956508735,
                38.9626280680784
              ],
              [
                -92.3359098,
                38.9626229
              ],
              [
                -92.3364056,
                38.962634799999975
              ],
              [
                -92.3363917,
                38.96298609999999
              ],
              [
                -92.3363701,
                38.963005399999986
              ],
              [
                -92.3363624,
                38.9630055
              ],
              [
                -92.3363564,
                38.963008599999974
              ]
            ]
          ],
          [
            [
              [
                -92.3403295,
                38.975419
              ],
              [
                -92.3403173,
                38.9753479
              ],
              [
                -92.34032340000002,
                38.97525779999999
              ],
              [
                -92.3403501,
                38.97518740000002
              ],
              [
                -92.34036,
                38.97516139999997
              ],
              [
                -92.34040680000001,
                38.9751014
              ],
              [
                -92.3404596,
                38.9750303
              ],
              [
                -92.3405511,
                38.97497649999997
              ],
              [
                -92.3406405,
                38.9749386
              ],
              [
                -92.3407239,
                38.97492910000001
              ],
              [
                -92.340856,
                38.9749307
              ],
              [
                -92.3409271,
                38.9749433
              ],
              [
                -92.3410064,
                38.974956
              ],
              [
                -92.3410654,
                38.9749702
              ],
              [
                -92.3409841,
                38.9759895
              ],
              [
                -92.3402421,
                38.97597840000001
              ],
              [
                -92.34033970000002,
                38.9759405
              ],
              [
                -92.3403742,
                38.975567499999975
              ],
              [
                -92.3403519,
                38.97550120000004
              ],
              [
                -92.34034170000001,
                38.9754806
              ],
              [
                -92.3403295,
                38.975419
              ]
            ]
          ],
          [
            [
              [
                -92.34501908735962,
                38.959759396881424
              ],
              [
                -92.34503707612316,
                38.959620947492176
              ],
              [
                -92.34505466603476,
                38.95948562022431
              ],
              [
                -92.3450729350727,
                38.95934499020965
              ],
              [
                -92.34509125711124,
                38.95920405256513
              ],
              [
                -92.34512627083065,
                38.959207395293994
              ],
              [
                -92.3451796,
                38.958768699999986
              ],
              [
                -92.3454548,
                38.9587979
              ],
              [
                -92.3453514,
                38.960514699999976
              ],
              [
                -92.3449718,
                38.96047809999999
              ],
              [
                -92.34497325189018,
                38.96046615649146
              ],
              [
                -92.3449709385587,
                38.96046591246725
              ],
              [
                -92.34492786074756,
                38.96046136724946
              ],
              [
                -92.34494656277346,
                38.96031743939381
              ],
              [
                -92.34496386432582,
                38.96018428723426
              ],
              [
                -92.34498268133609,
                38.96003950732455
              ],
              [
                -92.3450013609041,
                38.959895763719175
              ],
              [
                -92.34501908735962,
                38.959759396881424
              ]
            ]
          ],
          [
            [
              [
                -92.342742141982,
                38.97819810459779
              ],
              [
                -92.3427419946583,
                38.97822157989591
              ],
              [
                -92.34269509900719,
                38.978190999016846
              ],
              [
                -92.34261951655581,
                38.97811886702926
              ],
              [
                -92.34255134161228,
                38.97803954487301
              ],
              [
                -92.34249427703217,
                38.977949432583344
              ],
              [
                -92.3423986711331,
                38.97774762471781
              ],
              [
                -92.34235018276902,
                38.977644666045414
              ],
              [
                -92.3423324841613,
                38.97760708053738
              ],
              [
                -92.34224431810942,
                38.977383675374355
              ],
              [
                -92.34222599517257,
                38.977317024579456
              ],
              [
                -92.34222248365812,
                38.97723779021501
              ],
              [
                -92.3422226588296,
                38.97723658696378
              ],
              [
                -92.34276592667578,
                38.97736852826547
              ],
              [
                -92.34288525258991,
                38.9773975060995
              ],
              [
                -92.34274609456925,
                38.97755939486863
              ],
              [
                -92.342742141982,
                38.97819810459779
              ]
            ]
          ],
          [
            [
              [
                -92.3396743,
                38.97557829999999
              ],
              [
                -92.3401437,
                38.9755574
              ],
              [
                -92.3401579,
                38.97575039999999
              ],
              [
                -92.3396886,
                38.9757713
              ],
              [
                -92.3396743,
                38.97557829999999
              ]
            ]
          ],
          [
            [
              [
                -92.3419519,
                38.9962414
              ],
              [
                -92.3417208,
                38.996147
              ],
              [
                -92.3415269,
                38.99602
              ],
              [
                -92.3413775,
                38.995905599999986
              ],
              [
                -92.3412327,
                38.99573690000002
              ],
              [
                -92.3408492,
                38.9950719
              ],
              [
                -92.3407554,
                38.99494679999999
              ],
              [
                -92.3406491,
                38.9948325
              ],
              [
                -92.34047350000002,
                38.9946924
              ],
              [
                -92.3403209,
                38.99459419999999
              ],
              [
                -92.3398064,
                38.994298499999985
              ],
              [
                -92.3395676,
                38.9941776
              ],
              [
                -92.3392564,
                38.99406980000001
              ],
              [
                -92.3390169,
                38.9939761
              ],
              [
                -92.3403508,
                38.9941531
              ],
              [
                -92.34198534928032,
                38.99421764272566
              ],
              [
                -92.34198386584279,
                38.99426447732262
              ],
              [
                -92.34193986620781,
                38.99572748037143
              ],
              [
                -92.34196073387575,
                38.99572917235163
              ],
              [
                -92.3419519,
                38.9962414
              ]
            ]
          ],
          [
            [
              [
                -92.33270899511759,
                38.94864181686398
              ],
              [
                -92.33235441390528,
                38.94863430451073
              ],
              [
                -92.33248514572857,
                38.94862606488412
              ],
              [
                -92.33254735226537,
                38.948618308009124
              ],
              [
                -92.3326550342168,
                38.948593760285085
              ],
              [
                -92.33275749965135,
                38.94856891493653
              ],
              [
                -92.33288754875502,
                38.94853364882054
              ],
              [
                -92.33300046249468,
                38.94850097250821
              ],
              [
                -92.33307015109948,
                38.94847956857935
              ],
              [
                -92.33313506203477,
                38.94845875557928
              ],
              [
                -92.3332235,
                38.9484139
              ],
              [
                -92.3332563,
                38.9483956
              ],
              [
                -92.3334871,
                38.94833109999998
              ],
              [
                -92.3334871,
                38.9483957
              ],
              [
                -92.333377,
                38.9485521
              ],
              [
                -92.33336151137127,
                38.94860481931654
              ],
              [
                -92.33332963335334,
                38.948790456919866
              ],
              [
                -92.3333235,
                38.94885880000001
              ],
              [
                -92.33332859858727,
                38.94886264081303
              ],
              [
                -92.33339692406385,
                38.948869142547146
              ],
              [
                -92.3334589042252,
                38.94888910229818
              ],
              [
                -92.33346185788585,
                38.94898721937847
              ],
              [
                -92.33340288244382,
                38.948986364294456
              ],
              [
                -92.3333986,
                38.94906120000001
              ],
              [
                -92.3333287,
                38.94906309999998
              ],
              [
                -92.3333234,
                38.9494908
              ],
              [
                -92.3327146,
                38.94948040000001
              ],
              [
                -92.33271474754434,
                38.94946840382534
              ],
              [
                -92.33268711754717,
                38.94946840350439
              ],
              [
                -92.3326928793414,
                38.94922119624102
              ],
              [
                -92.33269989698039,
                38.94907456283864
              ],
              [
                -92.3327016855261,
                38.949037143813
              ],
              [
                -92.33270365822648,
                38.94899592215148
              ],
              [
                -92.33270509463264,
                38.94890404451211
              ],
              [
                -92.33270899511759,
                38.94864181686398
              ]
            ]
          ],
          [
            [
              [
                -92.3331106375229,
                38.9496513242504
              ],
              [
                -92.33311079447618,
                38.94964496981256
              ],
              [
                -92.33319834428377,
                38.94964427678289
              ],
              [
                -92.33322951762078,
                38.94964369762797
              ],
              [
                -92.33322791651483,
                38.949652792135915
              ],
              [
                -92.3333404,
                38.9496542
              ],
              [
                -92.3333716,
                38.9498682
              ],
              [
                -92.3334413,
                38.949955799999984
              ],
              [
                -92.33347260065416,
                38.95002371651374
              ],
              [
                -92.33353505800508,
                38.950087750148406
              ],
              [
                -92.33360943851062,
                38.95008851932276
              ],
              [
                -92.33360723045165,
                38.95022909505113
              ],
              [
                -92.33362121452566,
                38.95026205490209
              ],
              [
                -92.33362594056238,
                38.95032975252546
              ],
              [
                -92.33362788211919,
                38.950368635130815
              ],
              [
                -92.33365336977097,
                38.95044752548153
              ],
              [
                -92.33365739866534,
                38.95045183205905
              ],
              [
                -92.33368167473758,
                38.9505138379248
              ],
              [
                -92.33370106487297,
                38.95057583325715
              ],
              [
                -92.33370233340592,
                38.950587730169715
              ],
              [
                -92.3337176,
                38.95063129999998
              ],
              [
                -92.3337111601836,
                38.95063681873688
              ],
              [
                -92.33374173879238,
                38.95067475978574
              ],
              [
                -92.33373943730864,
                38.95081408663907
              ],
              [
                -92.3332878448046,
                38.9508069
              ],
              [
                -92.3331262,
                38.9508069
              ],
              [
                -92.3330765,
                38.9508069
              ],
              [
                -92.3330862418722,
                38.95045728175439
              ],
              [
                -92.33308526884738,
                38.950456305263344
              ],
              [
                -92.3330777113209,
                38.95045095460397
              ],
              [
                -92.33306648866805,
                38.95044731623922
              ],
              [
                -92.33304646522038,
                38.95044681044505
              ],
              [
                -92.33303560458859,
                38.95044402997415
              ],
              [
                -92.33302969008076,
                38.950438777119345
              ],
              [
                -92.33302525330156,
                38.95043295629353
              ],
              [
                -92.33302209662166,
                38.95042513464545
              ],
              [
                -92.33302247301576,
                38.95042074946418
              ],
              [
                -92.33302480414393,
                38.95041608064657
              ],
              [
                -92.33303165110304,
                38.95041170454668
              ],
              [
                -92.33304141938343,
                38.950411528496666
              ],
              [
                -92.33308747513114,
                38.950413022312574
              ],
              [
                -92.33310870000001,
                38.949651299999985
              ],
              [
                -92.3331106375229,
                38.9496513242504
              ]
            ]
          ],
          [
            [
              [
                -92.3337889,
                38.951522499999975
              ],
              [
                -92.3337436,
                38.95152249999998
              ],
              [
                -92.3337464,
                38.9513792
              ],
              [
                -92.3337522,
                38.9513502
              ],
              [
                -92.3337648,
                38.9513323
              ],
              [
                -92.3337872,
                38.95129789999997
              ],
              [
                -92.3338033,
                38.951277800000014
              ],
              [
                -92.3338111,
                38.951263499999975
              ],
              [
                -92.3338165,
                38.951249799999985
              ],
              [
                -92.3338197,
                38.951234099999986
              ],
              [
                -92.3339881,
                38.9512363
              ],
              [
                -92.3339876,
                38.95126040000002
              ],
              [
                -92.3339812,
                38.95131
              ],
              [
                -92.3339692,
                38.95136
              ],
              [
                -92.3339543,
                38.95140109999998
              ],
              [
                -92.333925,
                38.9514444
              ],
              [
                -92.33389970000002,
                38.95146979999997
              ],
              [
                -92.333871,
                38.951490399999976
              ],
              [
                -92.3338314,
                38.9515096
              ],
              [
                -92.3337889,
                38.951522499999975
              ]
            ]
          ],
          [
            [
              [
                -92.3292252,
                38.9541065
              ],
              [
                -92.32923829999999,
                38.95375619999998
              ],
              [
                -92.3295228,
                38.9537627
              ],
              [
                -92.3295096,
                38.954113
              ],
              [
                -92.3292252,
                38.9541065
              ]
            ]
          ],
          [
            [
              [
                -92.33183917753232,
                38.955809778583145
              ],
              [
                -92.33184020835517,
                38.95576179067439
              ],
              [
                -92.33232720124037,
                38.95580189420095
              ],
              [
                -92.33232942097743,
                38.95580506495558
              ],
              [
                -92.33232907716008,
                38.955817099313826
              ],
              [
                -92.3323488,
                38.9558174
              ],
              [
                -92.3323489,
                38.9556543
              ],
              [
                -92.3332043,
                38.9556706
              ],
              [
                -92.3331968,
                38.95576709999998
              ],
              [
                -92.3332151,
                38.95577589999998
              ],
              [
                -92.3332562,
                38.955795899999984
              ],
              [
                -92.3332718,
                38.9557968
              ],
              [
                -92.3337079,
                38.9558211
              ],
              [
                -92.3338013,
                38.9558238
              ],
              [
                -92.3340447,
                38.95582849999998
              ],
              [
                -92.33405870000001,
                38.956513
              ],
              [
                -92.3340593,
                38.956842799999976
              ],
              [
                -92.3340729,
                38.95728
              ],
              [
                -92.3340554,
                38.9573063
              ],
              [
                -92.3340075,
                38.95731809999999
              ],
              [
                -92.33284,
                38.9570894
              ],
              [
                -92.3321804,
                38.9568733
              ],
              [
                -92.33189430000002,
                38.9568415
              ],
              [
                -92.33183230339623,
                38.956815391690874
              ],
              [
                -92.33181448599532,
                38.956813663690994
              ],
              [
                -92.33181478763585,
                38.95680158554813
              ],
              [
                -92.3317998,
                38.9567807
              ],
              [
                -92.3318176,
                38.95580949999999
              ],
              [
                -92.33183917753232,
                38.955809778583145
              ]
            ]
          ],
          [
            [
              [
                -92.3312451,
                38.9570798
              ],
              [
                -92.3312868,
                38.9570787
              ],
              [
                -92.3313229,
                38.95708109999999
              ],
              [
                -92.3313597,
                38.95708719999997
              ],
              [
                -92.3313976,
                38.95710109999999
              ],
              [
                -92.3314299,
                38.957118
              ],
              [
                -92.3314549,
                38.9571341
              ],
              [
                -92.3314764,
                38.95715570000002
              ],
              [
                -92.3314922,
                38.9571746
              ],
              [
                -92.3315016,
                38.957196799999984
              ],
              [
                -92.3315058,
                38.9572201
              ],
              [
                -92.3315089,
                38.95725160000002
              ],
              [
                -92.331511,
                38.95728680000001
              ],
              [
                -92.3315108,
                38.9573488
              ],
              [
                -92.3315091,
                38.9574887
              ],
              [
                -92.3315108,
                38.95753889999998
              ],
              [
                -92.3315058,
                38.9576155
              ],
              [
                -92.3314985,
                38.95764979999997
              ],
              [
                -92.3314863,
                38.9576753
              ],
              [
                -92.3314688,
                38.9577011
              ],
              [
                -92.3314518,
                38.95771779999998
              ],
              [
                -92.3314356,
                38.9577305
              ],
              [
                -92.3314174,
                38.95774259999999
              ],
              [
                -92.3313929,
                38.95775379999998
              ],
              [
                -92.3313712,
                38.95776089999998
              ],
              [
                -92.3313467,
                38.9577653
              ],
              [
                -92.3313156,
                38.9577704
              ],
              [
                -92.3312929,
                38.9577712
              ],
              [
                -92.3312625,
                38.957767899999986
              ],
              [
                -92.3312338,
                38.9577618
              ],
              [
                -92.3312048,
                38.957748399999986
              ],
              [
                -92.3311729,
                38.95773290000001
              ],
              [
                -92.3311442,
                38.95771640000002
              ],
              [
                -92.3311225,
                38.9576962
              ],
              [
                -92.3311064,
                38.957681499999985
              ],
              [
                -92.33109020000002,
                38.95766369999998
              ],
              [
                -92.33106730000002,
                38.9576122
              ],
              [
                -92.3310633,
                38.957576299999985
              ],
              [
                -92.3310643,
                38.957499499999976
              ],
              [
                -92.331065,
                38.9573812
              ],
              [
                -92.3310657,
                38.9572903
              ],
              [
                -92.3310701,
                38.95726
              ],
              [
                -92.3310758,
                38.95723239999999
              ],
              [
                -92.3310744,
                38.9572182
              ],
              [
                -92.331081,
                38.95719509999998
              ],
              [
                -92.3310984,
                38.95716309999998
              ],
              [
                -92.3311036,
                38.957152599999986
              ],
              [
                -92.33112879999999,
                38.957127499999984
              ],
              [
                -92.3311567,
                38.9571079
              ],
              [
                -92.3311956,
                38.9570917
              ],
              [
                -92.3312451,
                38.9570798
              ]
            ]
          ],
          [
            [
              [
                -92.3250877,
                38.9599575
              ],
              [
                -92.3252075,
                38.9589595
              ],
              [
                -92.3260129,
                38.9590179
              ],
              [
                -92.3258932,
                38.960016
              ],
              [
                -92.3250877,
                38.9599575
              ]
            ]
          ],
          [
            [
              [
                -92.32474325530256,
                38.96011829432102
              ],
              [
                -92.32473665358354,
                38.960271351460165
              ],
              [
                -92.32473118374178,
                38.96039811346251
              ],
              [
                -92.32472627265213,
                38.96054052328924
              ],
              [
                -92.32432554857691,
                38.96053410117634
              ],
              [
                -92.32433034198728,
                38.960396628424576
              ],
              [
                -92.32415135446354,
                38.96039596553603
              ],
              [
                -92.32397834253308,
                38.96039532430136
              ],
              [
                -92.32380292581261,
                38.9603946732875
              ],
              [
                -92.32380979792453,
                38.960117268201785
              ],
              [
                -92.32398443400902,
                38.96011679879942
              ],
              [
                -92.32416005554539,
                38.960116326603014
              ],
              [
                -92.32416150632457,
                38.960116322411885
              ],
              [
                -92.32434019111605,
                38.9601169294218
              ],
              [
                -92.32474325530256,
                38.96011829432102
              ]
            ]
          ],
          [
            [
              [
                -92.3358453,
                38.9605169
              ],
              [
                -92.3361873,
                38.9605237
              ],
              [
                -92.3361947,
                38.9604893
              ],
              [
                -92.3364496,
                38.9604976
              ],
              [
                -92.3364265,
                38.96121039999998
              ],
              [
                -92.3360476,
                38.96120919999997
              ],
              [
                -92.336043,
                38.961016
              ],
              [
                -92.3360429,
                38.9610115
              ],
              [
                -92.33557770000002,
                38.961002
              ],
              [
                -92.3355931,
                38.9605348
              ],
              [
                -92.3358381,
                38.96054079999998
              ],
              [
                -92.3358453,
                38.9605169
              ]
            ]
          ],
          [
            [
              [
                -92.3310598,
                38.9608183
              ],
              [
                -92.3323126,
                38.96096939999999
              ],
              [
                -92.3322093,
                38.9614876
              ],
              [
                -92.3309565,
                38.9613367
              ],
              [
                -92.3310598,
                38.9608183
              ]
            ]
          ],
          [
            [
              [
                -92.3336756,
                38.9615231
              ],
              [
                -92.3336242,
                38.96177239999999
              ],
              [
                -92.333588,
                38.9618115
              ],
              [
                -92.33353830000001,
                38.9620774
              ],
              [
                -92.3330475,
                38.9620368
              ],
              [
                -92.3329301,
                38.962022199999986
              ],
              [
                -92.3328685,
                38.96200809999998
              ],
              [
                -92.3327766,
                38.9619664
              ],
              [
                -92.3326908,
                38.9619163
              ],
              [
                -92.3326197,
                38.96185269999998
              ],
              [
                -92.3325493,
                38.96176770000001
              ],
              [
                -92.3325131,
                38.961692599999985
              ],
              [
                -92.332503,
                38.9616264
              ],
              [
                -92.3325064,
                38.9615221
              ],
              [
                -92.3325835,
                38.961105
              ],
              [
                -92.3329838,
                38.96114669999998
              ],
              [
                -92.333077,
                38.96114049999997
              ],
              [
                -92.3333403,
                38.96117039999998
              ],
              [
                -92.3334684,
                38.96118449999998
              ],
              [
                -92.3335958,
                38.96119870000001
              ],
              [
                -92.3336838,
                38.9612105
              ],
              [
                -92.3337289,
                38.9612526
              ],
              [
                -92.333718,
                38.9613113
              ],
              [
                -92.3336927,
                38.9614389
              ],
              [
                -92.3336756,
                38.9615231
              ]
            ]
          ],
          [
            [
              [
                -92.3307091,
                38.9621452
              ],
              [
                -92.33064250000001,
                38.9621021
              ],
              [
                -92.3306003,
                38.9620602
              ],
              [
                -92.3305709,
                38.9620144
              ],
              [
                -92.3305429,
                38.9619531
              ],
              [
                -92.3305399,
                38.96188789999997
              ],
              [
                -92.33055,
                38.9618287
              ],
              [
                -92.3305785,
                38.961769
              ],
              [
                -92.3306262,
                38.961714499999964
              ],
              [
                -92.3306837,
                38.961673
              ],
              [
                -92.3307548,
                38.96163739999999
              ],
              [
                -92.3308158,
                38.96162119999999
              ],
              [
                -92.3308956,
                38.96161289999998
              ],
              [
                -92.3320481,
                38.96164020000003
              ],
              [
                -92.3321157,
                38.9616469
              ],
              [
                -92.3321909,
                38.96166620000001
              ],
              [
                -92.3322636,
                38.961699799999984
              ],
              [
                -92.3323348,
                38.961753600000016
              ],
              [
                -92.332381,
                38.9618172
              ],
              [
                -92.33240790000002,
                38.9618863
              ],
              [
                -92.33241,
                38.9619523
              ],
              [
                -92.3323963,
                38.9620132
              ],
              [
                -92.3323592,
                38.96207840000001
              ],
              [
                -92.3323094,
                38.96213210000002
              ],
              [
                -92.3322413,
                38.96217640000001
              ],
              [
                -92.332164,
                38.962204
              ],
              [
                -92.330768,
                38.9621673
              ],
              [
                -92.3307091,
                38.9621452
              ]
            ]
          ],
          [
            [
              [
                -92.3296917,
                38.9851469
              ],
              [
                -92.3297345,
                38.98514970000002
              ],
              [
                -92.3297453,
                38.98507390000001
              ],
              [
                -92.3297325,
                38.98507319999999
              ],
              [
                -92.3297423,
                38.98500769999998
              ],
              [
                -92.3297669,
                38.98494929999997
              ],
              [
                -92.3298338,
                38.9849141
              ],
              [
                -92.3299201,
                38.9849185
              ],
              [
                -92.3299961,
                38.9849361
              ],
              [
                -92.3300187,
                38.98494139999998
              ],
              [
                -92.3300922,
                38.98495839999999
              ],
              [
                -92.33009840000001,
                38.98494269999997
              ],
              [
                -92.3308598,
                38.9851266
              ],
              [
                -92.3307753,
                38.9853632
              ],
              [
                -92.3305205,
                38.985799
              ],
              [
                -92.3303622,
                38.98586259999998
              ],
              [
                -92.3301905,
                38.9858709
              ],
              [
                -92.3296085,
                38.9858219
              ],
              [
                -92.3296917,
                38.9851469
              ]
            ]
          ],
          [
            [
              [
                -92.33224,
                38.989576200000016
              ],
              [
                -92.3322459,
                38.9892627
              ],
              [
                -92.3324512,
                38.989265
              ],
              [
                -92.3324454,
                38.9895785
              ],
              [
                -92.3322611,
                38.9895764
              ],
              [
                -92.33224,
                38.989576200000016
              ]
            ]
          ],
          [
            [
              [
                -92.3159353,
                38.9775273
              ],
              [
                -92.3155996,
                38.9775265
              ],
              [
                -92.3156004,
                38.977293899999985
              ],
              [
                -92.3159361,
                38.9772946
              ],
              [
                -92.3159353,
                38.9775273
              ]
            ]
          ],
          [
            [
              [
                -92.3061861,
                38.9846261
              ],
              [
                -92.306183,
                38.98398169999997
              ],
              [
                -92.3067664,
                38.98398
              ],
              [
                -92.3067696,
                38.9846244
              ],
              [
                -92.3061861,
                38.9846261
              ]
            ]
          ],
          [
            [
              [
                -92.2968557,
                38.98907069999998
              ],
              [
                -92.2962583,
                38.98907370000003
              ],
              [
                -92.2962535,
                38.98850659999997
              ],
              [
                -92.296851,
                38.9885036
              ],
              [
                -92.2968557,
                38.98907069999998
              ]
            ]
          ],
          [
            [
              [
                -92.30757911789509,
                38.993674174202226
              ],
              [
                -92.3075648,
                38.99369
              ],
              [
                -92.3063913,
                38.9937055
              ],
              [
                -92.30637268625583,
                38.9936721770914
              ],
              [
                -92.30530827419922,
                38.99367041507788
              ],
              [
                -92.30531028103557,
                38.9929375821245
              ],
              [
                -92.30541937058376,
                38.9929389163943
              ],
              [
                -92.3054186,
                38.99292959999998
              ],
              [
                -92.30758675918665,
                38.99294825834381
              ],
              [
                -92.30758675925067,
                38.99294825708253
              ],
              [
                -92.3077312,
                38.99294949999999
              ],
              [
                -92.30772996826543,
                38.99296717722044
              ],
              [
                -92.30796308691797,
                38.99297002848517
              ],
              [
                -92.30796427449076,
                38.99297175092349
              ],
              [
                -92.30838998161232,
                38.993588665300585
              ],
              [
                -92.30839770442886,
                38.99367552927945
              ],
              [
                -92.30757911789509,
                38.993674174202226
              ]
            ]
          ],
          [
            [
              [
                -92.2229598,
                38.973856799999986
              ],
              [
                -92.2228082,
                38.97383919999998
              ],
              [
                -92.2226636,
                38.9737929
              ],
              [
                -92.2225078,
                38.9737202
              ],
              [
                -92.2223845,
                38.9736299
              ],
              [
                -92.2223222,
                38.9735638
              ],
              [
                -92.2222428,
                38.9734525
              ],
              [
                -92.2222032,
                38.9733402
              ],
              [
                -92.2221819,
                38.973220099999985
              ],
              [
                -92.22220030000001,
                38.97306479999999
              ],
              [
                -92.22224,
                38.97296570000002
              ],
              [
                -92.222274,
                38.97291169999998
              ],
              [
                -92.2222698,
                38.9728654
              ],
              [
                -92.2230717,
                38.97278720000001
              ],
              [
                -92.2234259,
                38.972787199999985
              ],
              [
                -92.2235804,
                38.9729051
              ],
              [
                -92.2235719,
                38.97318269999999
              ],
              [
                -92.2234429,
                38.97380169999997
              ],
              [
                -92.2233792,
                38.97380719999999
              ],
              [
                -92.22323750000001,
                38.973845799999964
              ],
              [
                -92.2231043,
                38.9738612
              ],
              [
                -92.2229598,
                38.973856799999986
              ]
            ]
          ],
          [
            [
              [
                -92.2224817,
                38.9760391
              ],
              [
                -92.2225439,
                38.9760238
              ],
              [
                -92.2226105,
                38.97602240000001
              ],
              [
                -92.222693,
                38.9760441
              ],
              [
                -92.2227571,
                38.9760929
              ],
              [
                -92.22279,
                38.9761659
              ],
              [
                -92.2227748,
                38.97660679999997
              ],
              [
                -92.2227215,
                38.9766743
              ],
              [
                -92.22265680000001,
                38.9767113
              ],
              [
                -92.2225794,
                38.9767212
              ],
              [
                -92.2225357,
                38.9767167
              ],
              [
                -92.2224754,
                38.976699
              ],
              [
                -92.2224227,
                38.976666899999955
              ],
              [
                -92.2223904,
                38.976629
              ],
              [
                -92.2223701,
                38.9765836
              ],
              [
                -92.2223726,
                38.976210299999984
              ],
              [
                -92.2223872,
                38.976123
              ],
              [
                -92.2224278,
                38.9760751
              ],
              [
                -92.2224817,
                38.9760391
              ]
            ]
          ],
          [
            [
              [
                -92.2498514,
                38.98876219999997
              ],
              [
                -92.2498514,
                38.98899209999998
              ],
              [
                -92.2503198,
                38.9889945
              ],
              [
                -92.2503228,
                38.989044800000016
              ],
              [
                -92.2498484,
                38.9890472
              ],
              [
                -92.249833,
                38.98927710000003
              ],
              [
                -92.2497867,
                38.98938720000001
              ],
              [
                -92.24959260000001,
                38.98955009999999
              ],
              [
                -92.24938,
                38.98979429999997
              ],
              [
                -92.2493153,
                38.98990449999999
              ],
              [
                -92.2488039,
                38.98988529999998
              ],
              [
                -92.2487977,
                38.989803899999984
              ],
              [
                -92.24924760000002,
                38.98981349999998
              ],
              [
                -92.2492968,
                38.9887382
              ],
              [
                -92.2498514,
                38.98876219999997
              ]
            ]
          ],
          [
            [
              [
                -92.28517936489732,
                38.99892305088689
              ],
              [
                -92.28521352363884,
                38.998923140008706
              ],
              [
                -92.28521291997097,
                38.9992700852892
              ],
              [
                -92.28529547106523,
                38.99937270904244
              ],
              [
                -92.285339,
                38.999372299999976
              ],
              [
                -92.2853308,
                38.99977189999997
              ],
              [
                -92.2847933,
                38.9997769
              ],
              [
                -92.2819555,
                38.9998036
              ],
              [
                -92.28197482735904,
                38.99977203647367
              ],
              [
                -92.28194595838673,
                38.99977222207995
              ],
              [
                -92.2819471154168,
                38.99977024150121
              ],
              [
                -92.28199284146142,
                38.999692001962536
              ],
              [
                -92.28201071074903,
                38.99966210404922
              ],
              [
                -92.28201464267504,
                38.999655434856706
              ],
              [
                -92.2823168583945,
                38.99914611626689
              ],
              [
                -92.28251217279852,
                38.99881310652699
              ],
              [
                -92.28255604221434,
                38.99882285400362
              ],
              [
                -92.2826437,
                38.99867969999998
              ],
              [
                -92.2829917,
                38.9988739
              ],
              [
                -92.2851783,
                38.99886659999998
              ],
              [
                -92.28517936489732,
                38.99892305088689
              ]
            ]
          ],
          [
            [
              [
                -92.3070768,
                38.99599349999998
              ],
              [
                -92.307026,
                38.9959846
              ],
              [
                -92.306986,
                38.995971
              ],
              [
                -92.3069464,
                38.99595329999998
              ],
              [
                -92.306897,
                38.9959203
              ],
              [
                -92.306856,
                38.99587919999998
              ],
              [
                -92.3068224,
                38.9958351
              ],
              [
                -92.3068022,
                38.9957759
              ],
              [
                -92.3068007,
                38.9957129
              ],
              [
                -92.306811,
                38.99566609999998
              ],
              [
                -92.3068254,
                38.995615399999984
              ],
              [
                -92.3068491,
                38.99557280000002
              ],
              [
                -92.306903,
                38.9954944
              ],
              [
                -92.3069459,
                38.995424100000015
              ],
              [
                -92.306983,
                38.99534729999998
              ],
              [
                -92.307022,
                38.99528129999998
              ],
              [
                -92.3070754,
                38.9951737
              ],
              [
                -92.3071248,
                38.9950704
              ],
              [
                -92.30717820000001,
                38.994957499999984
              ],
              [
                -92.3072271,
                38.99487689999997
              ],
              [
                -92.3072918,
                38.9947482
              ],
              [
                -92.3073254,
                38.9947006
              ],
              [
                -92.3073581,
                38.9946637
              ],
              [
                -92.3074015,
                38.994632199999984
              ],
              [
                -92.307451,
                38.99460920000001
              ],
              [
                -92.30750323888925,
                38.99459375301757
              ],
              [
                -92.30750323888931,
                38.994593753016595
              ],
              [
                -92.3075068,
                38.99459269999997
              ],
              [
                -92.3075631,
                38.9945819
              ],
              [
                -92.3076145,
                38.9945777
              ],
              [
                -92.3076694,
                38.9945839
              ],
              [
                -92.3077237,
                38.9945981
              ],
              [
                -92.3077652,
                38.9946138
              ],
              [
                -92.3078136,
                38.9946392
              ],
              [
                -92.3078497,
                38.9946683
              ],
              [
                -92.3078774,
                38.9946983
              ],
              [
                -92.3079041,
                38.9947379
              ],
              [
                -92.3079194,
                38.99477929999998
              ],
              [
                -92.3079253,
                38.994822699999986
              ],
              [
                -92.3079224,
                38.9948773
              ],
              [
                -92.3079115,
                38.99492179999998
              ],
              [
                -92.3078779,
                38.99499359999998
              ],
              [
                -92.3078502,
                38.995043600000024
              ],
              [
                -92.3077049,
                38.99531079999997
              ],
              [
                -92.307611,
                38.99548059999998
              ],
              [
                -92.3075157,
                38.995658799999966
              ],
              [
                -92.3074238,
                38.9958347
              ],
              [
                -92.3073704,
                38.99589839999999
              ],
              [
                -92.3073294,
                38.99593180000002
              ],
              [
                -92.307277,
                38.9959576
              ],
              [
                -92.3072318,
                38.995971799999985
              ],
              [
                -92.3071726,
                38.995987
              ],
              [
                -92.3071218,
                38.9959939
              ],
              [
                -92.3070768,
                38.99599349999998
              ]
            ]
          ],
          [
            [
              [
                -92.31430385053628,
                39.00750804734749
              ],
              [
                -92.31434541129742,
                39.00758665861517
              ],
              [
                -92.31342380539293,
                39.00757169038678
              ],
              [
                -92.31341985633216,
                39.00757161885132
              ],
              [
                -92.31341985156787,
                39.00757049882647
              ],
              [
                -92.31321885154398,
                39.007565498798066
              ],
              [
                -92.31297485151178,
                39.00756149876674
              ],
              [
                -92.31151785132442,
                39.0075344985751
              ],
              [
                -92.31137285130627,
                39.00753149855559
              ],
              [
                -92.31137290937714,
                39.0075345301161
              ],
              [
                -92.31128133960998,
                39.00753385481257
              ],
              [
                -92.31128183398319,
                39.007511355937595
              ],
              [
                -92.311145,
                39.007512
              ],
              [
                -92.3111091,
                39.0051805
              ],
              [
                -92.31133304045827,
                39.005183821685364
              ],
              [
                -92.31133356496565,
                39.0051599849258
              ],
              [
                -92.31215482456133,
                39.00517098094214
              ],
              [
                -92.31234956045031,
                39.005269739081854
              ],
              [
                -92.31237546067659,
                39.0052828739676
              ],
              [
                -92.31240124604349,
                39.005295950528996
              ],
              [
                -92.3125626,
                39.005366799999976
              ],
              [
                -92.3134264,
                39.005746
              ],
              [
                -92.3134795,
                39.0058453
              ],
              [
                -92.3141929,
                39.00718029999998
              ],
              [
                -92.3143683,
                39.0075086
              ],
              [
                -92.31430385053628,
                39.00750804734749
              ]
            ]
          ],
          [
            [
              [
                -92.2883611,
                39.0144681
              ],
              [
                -92.2877973,
                39.0139199
              ],
              [
                -92.2880376,
                39.01366139999999
              ],
              [
                -92.2882225,
                39.0138074
              ],
              [
                -92.2885522,
                39.0136925
              ],
              [
                -92.2889034,
                39.01394859999997
              ],
              [
                -92.2883611,
                39.0144681
              ]
            ]
          ],
          [
            [
              [
                -92.28692230000001,
                39.0146908
              ],
              [
                -92.286645,
                39.01464770000002
              ],
              [
                -92.2872058,
                39.0142814
              ],
              [
                -92.2875354,
                39.0145639
              ],
              [
                -92.2872581,
                39.0146668
              ],
              [
                -92.28692230000001,
                39.0146908
              ]
            ]
          ]
        ]
      }
    }
  ]
}