{
  "type": "FeatureCollection",
  "name": "Allentown",
  "crs": {
    "type": "name",
    "properties": {
      "name": "urn:ogc:def:crs:OGC:1.3:CRS84"
    }
  },
  "features": [
    {
      "type": "Feature",
      "properties": {
        "largest_city": "Allentown",
        "all_cities": "Allentown, Athens, Jeddo, Jim Thorpe, Palmerton, Schnecksville, Slatedale, Slatington, Walnutport, Weissport, Weissport East",
        "total_area_ft2": 19967061.813168332
      },
      "geometry": {
        "type": "MultiPolygon",
        "coordinates": [
          [
            [
              [
                -75.4308881,
                40.6331773
              ],
              [
                -75.4299508,
                40.63336869999998
              ],
              [
                -75.42981630000001,
                40.6329604
              ],
              [
                -75.4307536,
                40.6327914
              ],
              [
                -75.4308881,
                40.6331773
              ]
            ]
          ],
          [
            [
              [
                -75.5058779,
                40.6029642
              ],
              [
                -75.5055371,
                40.60305779999998
              ],
              [
                -75.5053907,
                40.60275049999997
              ],
              [
                -75.5047902,
                40.60291539999998
              ],
              [
                -75.5046413,
                40.60260279999998
              ],
              [
                -75.5048990744735,
                40.60253205321443
              ],
              [
                -75.50489907475217,
                40.6025320522613
              ],
              [
                -75.5055828,
                40.6023444
              ],
              [
                -75.5058779,
                40.6029642
              ]
            ]
          ],
          [
            [
              [
                -75.5194891,
                40.606114
              ],
              [
                -75.5196986,
                40.606057599999986
              ],
              [
                -75.5198462,
                40.6063738
              ],
              [
                -75.5196368,
                40.6064302
              ],
              [
                -75.5194891,
                40.606114
              ]
            ]
          ],
          [
            [
              [
                -75.59791220000001,
                40.66143879999997
              ],
              [
                -75.5977446,
                40.6614856
              ],
              [
                -75.5976266,
                40.6612465
              ],
              [
                -75.5977915,
                40.661198699999986
              ],
              [
                -75.59791220000001,
                40.66143879999997
              ]
            ]
          ],
          [
            [
              [
                -75.60058214318008,
                40.66600114651504
              ],
              [
                -75.60023054378911,
                40.666041947447134
              ],
              [
                -75.60022632443211,
                40.666040273616375
              ],
              [
                -75.60003985140088,
                40.66608135684286
              ],
              [
                -75.59975054438999,
                40.66533351321991
              ],
              [
                -75.5997355703195,
                40.665294771201864
              ],
              [
                -75.5997258,
                40.66527369999997
              ],
              [
                -75.59972728284474,
                40.66527332923681
              ],
              [
                -75.59971864162098,
                40.665250972026264
              ],
              [
                -75.6006087274448,
                40.66505293719364
              ],
              [
                -75.60104544353833,
                40.66494374286409
              ],
              [
                -75.602617341002,
                40.66460483830359
              ],
              [
                -75.60269467901007,
                40.66458950253997
              ],
              [
                -75.60271971576721,
                40.664583942114085
              ],
              [
                -75.6039473523584,
                40.66431534289287
              ],
              [
                -75.6040155703114,
                40.66430041576073
              ],
              [
                -75.60403760050855,
                40.66433984208921
              ],
              [
                -75.60401346281576,
                40.664345033807564
              ],
              [
                -75.603718258923,
                40.66440854459183
              ],
              [
                -75.60374446985219,
                40.664475258826414
              ],
              [
                -75.60376313901345,
                40.66447933527036
              ],
              [
                -75.60403154628439,
                40.66518966054162
              ],
              [
                -75.60410887239445,
                40.66538329766263
              ],
              [
                -75.60410515219753,
                40.66538445459487
              ],
              [
                -75.60412713721439,
                40.66544263674844
              ],
              [
                -75.60353143812839,
                40.6656120385751
              ],
              [
                -75.60315093882349,
                40.665624639509026
              ],
              [
                -75.60227814031703,
                40.66574064186204
              ],
              [
                -75.60058214318008,
                40.66600114651504
              ]
            ]
          ],
          [
            [
              [
                -75.6152808163821,
                40.66546961032339
              ],
              [
                -75.61517331634649,
                40.665668011076406
              ],
              [
                -75.61505421661292,
                40.66563081126582
              ],
              [
                -75.61516161664854,
                40.66543251051342
              ],
              [
                -75.6152808163821,
                40.66546961032339
              ]
            ]
          ],
          [
            [
              [
                -75.61532501600458,
                40.665717510840494
              ],
              [
                -75.61520591627092,
                40.6656804110301
              ],
              [
                -75.61531341630644,
                40.665482110277324
              ],
              [
                -75.61543251604013,
                40.66551921008759
              ],
              [
                -75.61532501600458,
                40.665717510840494
              ]
            ]
          ],
          [
            [
              [
                -75.61548151565559,
                40.66576541058932
              ],
              [
                -75.61536241592208,
                40.665728210778575
              ],
              [
                -75.61546991595763,
                40.66552991002565
              ],
              [
                -75.61558901569134,
                40.665567009835996
              ],
              [
                -75.61548151565559,
                40.66576541058932
              ]
            ]
          ],
          [
            [
              [
                -75.61574311534481,
                40.66561660959469
              ],
              [
                -75.61563561530902,
                40.66581501034818
              ],
              [
                -75.61551651557555,
                40.6657778105374
              ],
              [
                -75.61562401561116,
                40.66557950978428
              ],
              [
                -75.61574311534481,
                40.66561660959469
              ]
            ]
          ],
          [
            [
              [
                -75.60790922969147,
                40.66584322875039
              ],
              [
                -75.60791122970323,
                40.665830028713195
              ],
              [
                -75.60792062970361,
                40.665814728653245
              ],
              [
                -75.60793402969176,
                40.66580352859389
              ],
              [
                -75.60879102840713,
                40.66553602590082
              ],
              [
                -75.60881382836283,
                40.66553752585038
              ],
              [
                -75.60882582833693,
                40.6655405258293
              ],
              [
                -75.60884032830447,
                40.66554512580619
              ],
              [
                -75.60885432826579,
                40.66555582579934
              ],
              [
                -75.60885872824595,
                40.66556572581332
              ],
              [
                -75.60885632823691,
                40.66557722584736
              ],
              [
                -75.60864512807893,
                40.666047127506964
              ],
              [
                -75.60863612808164,
                40.66605912755791
              ],
              [
                -75.60862502808955,
                40.666070027611106
              ],
              [
                -75.60860762810582,
                40.66608382768637
              ],
              [
                -75.60858982812661,
                40.66609442775468
              ],
              [
                -75.60856832815955,
                40.66610052782068
              ],
              [
                -75.6085392282108,
                40.666103127896086
              ],
              [
                -75.60852612823469,
                40.666103627928365
              ],
              [
                -75.60793732955192,
                40.665917528866515
              ],
              [
                -75.6079199296029,
                40.6659017288689
              ],
              [
                -75.60791462963249,
                40.66588492884017
              ],
              [
                -75.60790852966709,
                40.66586512880593
              ],
              [
                -75.60790722968395,
                40.66585282877876
              ],
              [
                -75.60790922969147,
                40.66584322875039
              ]
            ]
          ],
          [
            [
              [
                -75.61245612004494,
                40.666825720409314
              ],
              [
                -75.61229522049958,
                40.6666955204659
              ],
              [
                -75.61222012079388,
                40.6665653203196
              ],
              [
                -75.61216652108654,
                40.66640252004144
              ],
              [
                -75.61307841959602,
                40.6662235174348
              ],
              [
                -75.61320698583607,
                40.666632160858896
              ],
              [
                -75.61261671762387,
                40.66689782420977
              ],
              [
                -75.6125956197073,
                40.66689082024143
              ],
              [
                -75.61245612004494,
                40.666825720409314
              ]
            ]
          ],
          [
            [
              [
                -75.60367093581355,
                40.66737914254031
              ],
              [
                -75.6037098360034,
                40.667153341899386
              ],
              [
                -75.60382113600602,
                40.66697224119577
              ],
              [
                -75.60404783571498,
                40.66685834038243
              ],
              [
                -75.60435223454222,
                40.66737714092603
              ],
              [
                -75.60379033535611,
                40.667580542748105
              ],
              [
                -75.60367093581355,
                40.66737914254031
              ]
            ]
          ],
          [
            [
              [
                -75.60496523338108,
                40.66739013950968
              ],
              [
                -75.60494023347503,
                40.66734963946992
              ],
              [
                -75.60499213339948,
                40.66733123930242
              ],
              [
                -75.60501713330551,
                40.66737173934217
              ],
              [
                -75.60496523338108,
                40.66739013950968
              ]
            ]
          ],
          [
            [
              [
                -75.60488003350505,
                40.66742043978486
              ],
              [
                -75.60485523359849,
                40.66738003974489
              ],
              [
                -75.60490773352191,
                40.66736153957572
              ],
              [
                -75.60493253342835,
                40.66740203961593
              ],
              [
                -75.60488003350505,
                40.66742043978486
              ]
            ]
          ],
          [
            [
              [
                -75.60289133667476,
                40.66789274562796
              ],
              [
                -75.60279643689572,
                40.66785534576109
              ],
              [
                -75.60267883724264,
                40.667745945773255
              ],
              [
                -75.6025575376797,
                40.6675647456203
              ],
              [
                -75.60306393692822,
                40.66739644401623
              ],
              [
                -75.60320233661608,
                40.66744244380096
              ],
              [
                -75.60335783587564,
                40.66782944437379
              ],
              [
                -75.60308473628965,
                40.667912845220556
              ],
              [
                -75.60289133667476,
                40.66789274562796
              ]
            ]
          ],
          [
            [
              [
                -75.60362363527173,
                40.6679212439699
              ],
              [
                -75.60360583533955,
                40.66789154393967
              ],
              [
                -75.60364533528148,
                40.66787794381347
              ],
              [
                -75.60366313521367,
                40.66790764384367
              ],
              [
                -75.60362363527173,
                40.6679212439699
              ]
            ]
          ],
          [
            [
              [
                -75.60359543524811,
                40.667986944196095
              ],
              [
                -75.60357773531551,
                40.66795744416613
              ],
              [
                -75.6036164352587,
                40.667944044042294
              ],
              [
                -75.60363413519129,
                40.667973544072254
              ],
              [
                -75.60359543524811,
                40.667986944196095
              ]
            ]
          ],
          [
            [
              [
                -75.60362603513262,
                40.66803704424574
              ],
              [
                -75.60360733520271,
                40.668006844216414
              ],
              [
                -75.60364663514547,
                40.6679928440897
              ],
              [
                -75.60366533507536,
                40.668023044119
              ],
              [
                -75.60362603513262,
                40.66803704424574
              ]
            ]
          ],
          [
            [
              [
                -75.60365433502119,
                40.6680873443013
              ],
              [
                -75.60363673508888,
                40.66805744427011
              ],
              [
                -75.60367733502885,
                40.66804374414108
              ],
              [
                -75.60369493496103,
                40.66807374417254
              ],
              [
                -75.60365433502119,
                40.6680873443013
              ]
            ]
          ],
          [
            [
              [
                -75.60329083530458,
                40.66842884598769
              ],
              [
                -75.60350023450916,
                40.66877594633801
              ],
              [
                -75.60317673498457,
                40.668888247371825
              ],
              [
                -75.60296733577978,
                40.6685411470221
              ],
              [
                -75.60329083530458,
                40.66842884598769
              ]
            ]
          ],
          [
            [
              [
                -75.61170039984725,
                40.6779542168675
              ],
              [
                -75.6116865756969,
                40.67795646372994
              ],
              [
                -75.61161554333339,
                40.677968005979345
              ],
              [
                -75.61154279788552,
                40.6779798282329
              ],
              [
                -75.61147346333499,
                40.67799109592244
              ],
              [
                -75.61135352317743,
                40.678010586656825
              ],
              [
                -75.61136129863698,
                40.678300869072146
              ],
              [
                -75.61134063203387,
                40.678301594668945
              ],
              [
                -75.6113209041688,
                40.678302018462276
              ],
              [
                -75.61130117001588,
                40.67830217792398
              ],
              [
                -75.61128143496492,
                40.67830207782287
              ],
              [
                -75.61126170530413,
                40.678301713390134
              ],
              [
                -75.6112419882201,
                40.67830108939459
              ],
              [
                -75.61122228730598,
                40.678300201067245
              ],
              [
                -75.6112026079517,
                40.67829905249591
              ],
              [
                -75.6112446376707,
                40.678026782738776
              ],
              [
                -75.61112798720949,
                40.67798527866519
              ],
              [
                -75.61106186506944,
                40.67796175318401
              ],
              [
                -75.61098965236582,
                40.67793605854203
              ],
              [
                -75.61091846823084,
                40.67791073177429
              ],
              [
                -75.61084948496317,
                40.677886186410106
              ],
              [
                -75.61073747428959,
                40.67784633159763
              ],
              [
                -75.6106071623115,
                40.677774136122935
              ],
              [
                -75.61054219811228,
                40.67773814327188
              ],
              [
                -75.6104889955251,
                40.67770866879676
              ],
              [
                -75.61042680890962,
                40.67767421421974
              ],
              [
                -75.61036373565923,
                40.67763926910979
              ],
              [
                -75.61030441825545,
                40.67760640458447
              ],
              [
                -75.61042809644444,
                40.677460895545444
              ],
              [
                -75.61038789076783,
                40.67733834832814
              ],
              [
                -75.61036990928943,
                40.67728354847032
              ],
              [
                -75.61035137445184,
                40.67722705763646
              ],
              [
                -75.61033411341835,
                40.67717445072155
              ],
              [
                -75.610321327767,
                40.67713548160039
              ],
              [
                -75.61025642125041,
                40.67693765845697
              ],
              [
                -75.60987013449984,
                40.67713403696252
              ],
              [
                -75.6098207012732,
                40.67707323629803
              ],
              [
                -75.60981976253686,
                40.67707209583795
              ],
              [
                -75.60981885164821,
                40.677070943796075
              ],
              [
                -75.60981796681071,
                40.677069778809816
              ],
              [
                -75.60981710892264,
                40.67706860360422
              ],
              [
                -75.60981627798397,
                40.677067414772964
              ],
              [
                -75.60981547489303,
                40.677066216403745
              ],
              [
                -75.60981469964983,
                40.67706500781522
              ],
              [
                -75.60981395045775,
                40.67706378900739
              ],
              [
                -75.60981323180832,
                40.67706255998032
              ],
              [
                -75.60981253921,
                40.67706132277778
              ],
              [
                -75.60981187625606,
                40.67706007467466
              ],
              [
                -75.60981124114983,
                40.67705881975866
              ],
              [
                -75.60981063478964,
                40.67705755598598
              ],
              [
                -75.60981005987044,
                40.67705628471909
              ],
              [
                -75.60980951100233,
                40.677055003232894
              ],
              [
                -75.60980899537188,
                40.677053717658985
              ],
              [
                -75.6098085066908,
                40.67705242663468
              ],
              [
                -75.60980804765408,
                40.677051125391095
              ],
              [
                -75.60980761826174,
                40.677049818697185
              ],
              [
                -75.60980721941205,
                40.677048508596805
              ],
              [
                -75.60980685110502,
                40.67704719236479
              ],
              [
                -75.60980651154402,
                40.67704587272631
              ],
              [
                -75.60980620432234,
                40.67704454831875
              ],
              [
                -75.60980592584671,
                40.67704321982342
              ],
              [
                -75.60980567971036,
                40.67704188587774
              ],
              [
                -75.60980546411666,
                40.67704055193196
              ],
              [
                -75.60980527637071,
                40.67703921389841
              ],
              [
                -75.60980512096403,
                40.67703787382094
              ],
              [
                -75.60980499699834,
                40.67703652965563
              ],
              [
                -75.60980490267698,
                40.67703518821538
              ],
              [
                -75.60980483979662,
                40.677033842687386
              ],
              [
                -75.60980480835724,
                40.677032496478
              ],
              [
                -75.60980480656218,
                40.67703115163103
              ],
              [
                -75.60980483620813,
                40.67702980542143
              ],
              [
                -75.60980489729504,
                40.677028462618125
              ],
              [
                -75.60980498892461,
                40.67702711708965
              ],
              [
                -75.6098051093002,
                40.6770257756487
              ],
              [
                -75.60980526381171,
                40.67702443488896
              ],
              [
                -75.60980544617095,
                40.67702309753552
              ],
              [
                -75.60980565997114,
                40.67702176290709
              ],
              [
                -75.60980590431402,
                40.677020430322465
              ],
              [
                -75.60980618009785,
                40.67701909978153
              ],
              [
                -75.60980648462771,
                40.6770177746907
              ],
              [
                -75.60980682239517,
                40.677016455050094
              ],
              [
                -75.60980718801038,
                40.67701513677189
              ],
              [
                -75.6098075850665,
                40.67701382598769
              ],
              [
                -75.60980801086869,
                40.6770125206537
              ],
              [
                -75.60980846631522,
                40.67701122145109
              ],
              [
                -75.60980895320267,
                40.67700992837986
              ],
              [
                -75.60980946793788,
                40.677008640758885
              ],
              [
                -75.60981001411405,
                40.67700735926926
              ],
              [
                -75.60981058634128,
                40.67700608799878
              ],
              [
                -75.6098111900095,
                40.67700482354104
              ],
              [
                -75.60981182242375,
                40.677003567258495
              ],
              [
                -75.60981248358402,
                40.67700231846998
              ],
              [
                -75.60981317349032,
                40.677001079219295
              ],
              [
                -75.60981389124434,
                40.67699984950649
              ],
              [
                -75.6098146359477,
                40.676998630694065
              ],
              [
                -75.60981540939714,
                40.67699742073818
              ],
              [
                -75.60981620979595,
                40.67699622236402
              ],
              [
                -75.60981703894079,
                40.67699503420894
              ],
              [
                -75.60981789503502,
                40.676993855591725
              ],
              [
                -75.60981877718034,
                40.67699268923746
              ],
              [
                -75.60981968537673,
                40.67699153582749
              ],
              [
                -75.60982062321746,
                40.6769903946804
              ],
              [
                -75.6098215826177,
                40.67698926579638
              ],
              [
                -75.60982257166225,
                40.67698815053785
              ],
              [
                -75.60982358316465,
                40.6769870475423
              ],
              [
                -75.60982462161643,
                40.676985958172274
              ],
              [
                -75.60982568432269,
                40.67698488310902
              ],
              [
                -75.60982677218166,
                40.67698382235267
              ],
              [
                -75.60982788249848,
                40.67698277522179
              ],
              [
                -75.60982901617146,
                40.676981743079104
              ],
              [
                -75.60983017499717,
                40.67698072933086
              ],
              [
                -75.60983178028515,
                40.67697937698508
              ],
              [
                -75.6098402486924,
                40.6769750460644
              ],
              [
                -75.60985919144166,
                40.67696595024173
              ],
              [
                -75.60987792578247,
                40.6769566057508
              ],
              [
                -75.60989644183334,
                40.676947012591455
              ],
              [
                -75.60991473600109,
                40.67693717689521
              ],
              [
                -75.60993280109913,
                40.67692709661809
              ],
              [
                -75.60995063173763,
                40.67691677993535
              ],
              [
                -75.60996822342497,
                40.676906226846924
              ],
              [
                -75.60998557077131,
                40.6768954421217
              ],
              [
                -75.6100026674884,
                40.67688442916593
              ],
              [
                -75.61001951177967,
                40.67687319138594
              ],
              [
                -75.61003609286531,
                40.67686172946301
              ],
              [
                -75.61005241074533,
                40.67685005020972
              ],
              [
                -75.61006845733492,
                40.67683815430726
              ],
              [
                -75.61008422904077,
                40.67682604720586
              ],
              [
                -75.61009972047304,
                40.67681373435564
              ],
              [
                -75.61011492803846,
                40.67680121711903
              ],
              [
                -75.61012984634715,
                40.67678849822108
              ],
              [
                -75.61014447180584,
                40.676775584474555
              ],
              [
                -75.6101587963297,
                40.67676247792313
              ],
              [
                -75.6101728190204,
                40.676749183335666
              ],
              [
                -75.61018653538642,
                40.67673570343734
              ],
              [
                -75.61019993913952,
                40.67672204504073
              ],
              [
                -75.6102130302797,
                40.676708208827066
              ],
              [
                -75.61022579982381,
                40.67669420229042
              ],
              [
                -75.61023824867017,
                40.67668002611188
              ],
              [
                -75.6102503705306,
                40.67666568846679
              ],
              [
                -75.61026216001515,
                40.67665119071767
              ],
              [
                -75.61027361712387,
                40.676636538995936
              ],
              [
                -75.61028473467026,
                40.67662173807049
              ],
              [
                -75.61029843307661,
                40.67660263278048
              ],
              [
                -75.61032974924537,
                40.67655268567919
              ],
              [
                -75.6103599137766,
                40.6765023311344
              ],
              [
                -75.61038892307702,
                40.67645158208955
              ],
              [
                -75.61041676277361,
                40.67640045761985
              ],
              [
                -75.61044342478151,
                40.67634896794374
              ],
              [
                -75.61046890371085,
                40.67629713349909
              ],
              [
                -75.610503137631,
                40.67622272995749
              ],
              [
                -75.61065940414605,
                40.67590456103161
              ],
              [
                -75.61066035456335,
                40.675903281563734
              ],
              [
                -75.6106611998777,
                40.67590219013258
              ],
              [
                -75.61066207124318,
                40.675901108920684
              ],
              [
                -75.61066296596476,
                40.675900040653275
              ],
              [
                -75.61066388583914,
                40.67589898260514
              ],
              [
                -75.61066482906962,
                40.67589793818283
              ],
              [
                -75.6106657983512,
                40.67589690534234
              ],
              [
                -75.61066678739566,
                40.67589588749029
              ],
              [
                -75.61066780249121,
                40.67589488258261
              ],
              [
                -75.61066884094286,
                40.675893888575544
              ],
              [
                -75.61066990005574,
                40.67589291160073
              ],
              [
                -75.61067098252475,
                40.675891946889124
              ],
              [
                -75.61067208565495,
                40.67589099648459
              ],
              [
                -75.6106732121413,
                40.67589006311224
              ],
              [
                -75.61067435928882,
                40.67588914336568
              ],
              [
                -75.61067552619924,
                40.67588823928877
              ],
              [
                -75.61067671646582,
                40.67588735156281
              ],
              [
                -75.6106779246986,
                40.6758864788252
              ],
              [
                -75.61067915179596,
                40.67588562243856
              ],
              [
                -75.61068040045285,
                40.6758847837654
              ],
              [
                -75.61068166617765,
                40.67588396008067
              ],
              [
                -75.61068295166537,
                40.67588315479076
              ],
              [
                -75.61068425691593,
                40.67588236448916
              ],
              [
                -75.6106855774378,
                40.675881594626325
              ],
              [
                -75.61068691772256,
                40.67588083770794
              ],
              [
                -75.61068827238033,
                40.67588010327217
              ],
              [
                -75.61068964680096,
                40.67587938586871
              ],
              [
                -75.61069103559457,
                40.67587868754124
              ],
              [
                -75.61069244055784,
                40.67587800420225
              ],
              [
                -75.61069386258902,
                40.675877343345846
              ],
              [
                -75.6106952971966,
                40.67587670088424
              ],
              [
                -75.61069674527883,
                40.67587607681751
              ],
              [
                -75.61069820953068,
                40.6758754718269
              ],
              [
                -75.61069968725722,
                40.67587488727501
              ],
              [
                -75.61070117935677,
                40.675874320436684
              ],
              [
                -75.61070268223604,
                40.675873776762224
              ],
              [
                -75.61070419679336,
                40.67587325148263
              ],
              [
                -75.61070572572368,
                40.6758727452792
              ],
              [
                -75.61070726453542,
                40.67587226087707
              ],
              [
                -75.61070881412692,
                40.675871794869764
              ],
              [
                -75.61071037449814,
                40.67587135270772
              ],
              [
                -75.61071194385245,
                40.67587093098433
              ],
              [
                -75.61071352578317,
                40.675870529018404
              ],
              [
                -75.61071511130709,
                40.67587014749124
              ],
              [
                -75.61071670940738,
                40.675869787765386
              ],
              [
                -75.61071831559248,
                40.67586944847832
              ],
              [
                -75.61071992806575,
                40.675869131673764
              ],
              [
                -75.61072154772548,
                40.675868835989355
              ],
              [
                -75.6107231736734,
                40.67586856278752
              ],
              [
                -75.61072480501117,
                40.67586831138699
              ],
              [
                -75.61072644353541,
                40.67586808042523
              ],
              [
                -75.6107280865512,
                40.675867870583524
              ],
              [
                -75.61072973405857,
                40.67586768458699
              ],
              [
                -75.61073138426082,
                40.67586751971052
              ],
              [
                -75.61073303895462,
                40.67586737663534
              ],
              [
                -75.61073469813994,
                40.67586725604289
              ],
              [
                -75.61073635912187,
                40.67586715657038
              ],
              [
                -75.61073802010378,
                40.67586707821797
              ],
              [
                -75.61073968288231,
                40.67586702507338
              ],
              [
                -75.61074134835575,
                40.67586699236754
              ],
              [
                -75.61074301472746,
                40.67586698214429
              ],
              [
                -75.61074468109913,
                40.675866993041105
              ],
              [
                -75.61074634387755,
                40.67586702642059
              ],
              [
                -75.61074800755425,
                40.675867082963954
              ],
              [
                -75.61074967212922,
                40.675867160627405
              ],
              [
                -75.61075133041602,
                40.67586726077352
              ],
              [
                -75.61075298780442,
                40.67586738272098
              ],
              [
                -75.61075464339619,
                40.67586752783238
              ],
              [
                -75.6107562944964,
                40.67586769406384
              ],
              [
                -75.61075794200327,
                40.67586788141535
              ],
              [
                -75.61075958322193,
                40.675868090568194
              ],
              [
                -75.61076122084734,
                40.67586832288499
              ],
              [
                -75.61076285308283,
                40.67586857564059
              ],
              [
                -75.6107644799284,
                40.67586884951622
              ],
              [
                -75.61076609958744,
                40.67586914723709
              ],
              [
                -75.61076771116166,
                40.675869464034136
              ],
              [
                -75.61077784143885,
                40.67587380452194
              ],
              [
                -75.6107878720031,
                40.675878276499006
              ],
              [
                -75.61079779836277,
                40.67588288269052
              ],
              [
                -75.610807617823,
                40.67588761832743
              ],
              [
                -75.61081732768882,
                40.675892484772284
              ],
              [
                -75.61082692346866,
                40.67589747998114
              ],
              [
                -75.61084128390043,
                40.67590531139578
              ],
              [
                -75.61066345245668,
                40.67623417727602
              ],
              [
                -75.6106756308681,
                40.67625608406856
              ],
              [
                -75.61070373095578,
                40.676306642370406
              ],
              [
                -75.61073182924679,
                40.676357199271294
              ],
              [
                -75.61080036773298,
                40.67648051331088
              ],
              [
                -75.61082504256144,
                40.676522123449594
              ],
              [
                -75.61086105857375,
                40.67658507887003
              ],
              [
                -75.61088809146871,
                40.67663232724631
              ],
              [
                -75.6109160523197,
                40.67668120249259
              ],
              [
                -75.61094443178392,
                40.676730810081416
              ],
              [
                -75.61097454768475,
                40.676783445249605
              ],
              [
                -75.61100140271397,
                40.676830386227614
              ],
              [
                -75.61103133985073,
                40.67688271405955
              ],
              [
                -75.6110773289198,
                40.67696309832622
              ],
              [
                -75.61110769094738,
                40.67702517449201
              ],
              [
                -75.61110876532892,
                40.677026455977526
              ],
              [
                -75.61118301623198,
                40.677115029664655
              ],
              [
                -75.61122226259886,
                40.6771618477506
              ],
              [
                -75.61126136343916,
                40.677208488671695
              ],
              [
                -75.61130155213564,
                40.67725642807326
              ],
              [
                -75.61134161686505,
                40.677304220965965
              ],
              [
                -75.61142293479102,
                40.67740122506334
              ],
              [
                -75.61142297970662,
                40.677401278884105
              ],
              [
                -75.61148926970311,
                40.67753340601642
              ],
              [
                -75.611516691559,
                40.677588059173594
              ],
              [
                -75.61154085703576,
                40.677636232016084
              ],
              [
                -75.61156809114453,
                40.67769051038913
              ],
              [
                -75.61159400743038,
                40.67774216445799
              ],
              [
                -75.61161836694244,
                40.67779071461361
              ],
              [
                -75.61164656583767,
                40.677846920176634
              ],
              [
                -75.61170039984725,
                40.6779542168675
              ]
            ]
          ],
          [
            [
              [
                -75.59964335471534,
                40.67001347778835
              ],
              [
                -75.59962254434348,
                40.67001765378329
              ],
              [
                -75.59960164144512,
                40.670021552468505
              ],
              [
                -75.59958065410514,
                40.67002517316265
              ],
              [
                -75.5995595877134,
                40.670028513140394
              ],
              [
                -75.59953844765982,
                40.670031573083186
              ],
              [
                -75.5995172402326,
                40.67003435230963
              ],
              [
                -75.59949597261826,
                40.670036850138416
              ],
              [
                -75.59947464930835,
                40.670039061800246
              ],
              [
                -75.59945328108269,
                40.67004099410843
              ],
              [
                -75.5994318706362,
                40.670042638205715
              ],
              [
                -75.59939683903508,
                40.67004317374661
              ],
              [
                -75.59937673204406,
                40.67004311310656
              ],
              [
                -75.59935662954463,
                40.67004278673997
              ],
              [
                -75.59933653962163,
                40.67004219328421
              ],
              [
                -75.59931646496999,
                40.670041332058034
              ],
              [
                -75.59929641367451,
                40.67004020646802
              ],
              [
                -75.59927638932851,
                40.67003881242617
              ],
              [
                -75.59925640181346,
                40.6700371526578
              ],
              [
                -75.59923645472257,
                40.670035227162934
              ],
              [
                -75.59921655434408,
                40.67003304002965
              ],
              [
                -75.59919670966113,
                40.67003058308166
              ],
              [
                -75.59917692067374,
                40.67002786858332
              ],
              [
                -75.59915719995831,
                40.670024888358355
              ],
              [
                -75.59913754841315,
                40.67002164717616
              ],
              [
                -75.59911797681806,
                40.67001814503673
              ],
              [
                -75.59909848517302,
                40.67001438330272
              ],
              [
                -75.59907908425782,
                40.67001036333675
              ],
              [
                -75.59905977766574,
                40.67000608718289
              ],
              [
                -75.5990405743799,
                40.67000155347834
              ],
              [
                -75.59902147619698,
                40.66999676631114
              ],
              [
                -75.59900249120176,
                40.66999172636269
              ],
              [
                -75.59898362298753,
                40.66998643499545
              ],
              [
                -75.59896488233407,
                40.66998089220952
              ],
              [
                -75.59884826484053,
                40.669941914181074
              ],
              [
                -75.59878906137172,
                40.66992072689072
              ],
              [
                -75.5987303501797,
                40.6698987560396
              ],
              [
                -75.59867215282402,
                40.669876007077804
              ],
              [
                -75.59861448637267,
                40.669852490224784
              ],
              [
                -75.59851946707349,
                40.66981246352024
              ],
              [
                -75.5984496320433,
                40.66978446947778
              ],
              [
                -75.59837916729408,
                40.669757408195416
              ],
              [
                -75.59830809258881,
                40.66973128648799
              ],
              [
                -75.59823643038534,
                40.66970611321408
              ],
              [
                -75.59816420224324,
                40.66968189586968
              ],
              [
                -75.59809142702716,
                40.66965864331346
              ],
              [
                -75.59801813527973,
                40.669636359634545
              ],
              [
                -75.59788687614537,
                40.66959828760605
              ],
              [
                -75.59776433246589,
                40.66956467025325
              ],
              [
                -75.59764103779482,
                40.66953268336617
              ],
              [
                -75.59751702896311,
                40.669502340574326
              ],
              [
                -75.59739234549662,
                40.66947365210018
              ],
              [
                -75.59726702063301,
                40.66944662271549
              ],
              [
                -75.5971410956948,
                40.66942126264248
              ],
              [
                -75.59707228294742,
                40.66941001481341
              ],
              [
                -75.59700330221506,
                40.66939938497265
              ],
              [
                -75.59699814408869,
                40.66934947627729
              ],
              [
                -75.59699184061036,
                40.66929964317525
              ],
              [
                -75.59698439716989,
                40.66924990133788
              ],
              [
                -75.59697581376736,
                40.66920026507398
              ],
              [
                -75.59696609309766,
                40.669150750055074
              ],
              [
                -75.59695524234736,
                40.66910137331539
              ],
              [
                -75.59694325792316,
                40.66905214711962
              ],
              [
                -75.59693014880821,
                40.66900308713957
              ],
              [
                -75.59691591590084,
                40.668954209728085
              ],
              [
                -75.59690056548928,
                40.6689055298756
              ],
              [
                -75.59688410296337,
                40.66885705984708
              ],
              [
                -75.59686653101811,
                40.66880881599569
              ],
              [
                -75.59684785773828,
                40.66876081331189
              ],
              [
                -75.59682808312394,
                40.668713067467536
              ],
              [
                -75.59680257546144,
                40.66865538185135
              ],
              [
                -75.59873565922302,
                40.66818476546485
              ],
              [
                -75.59891483179975,
                40.66814534145239
              ],
              [
                -75.59893146410718,
                40.66816346519028
              ],
              [
                -75.59929956945612,
                40.66856455528347
              ],
              [
                -75.59946713759595,
                40.66894014098524
              ],
              [
                -75.59960899056246,
                40.66925808853454
              ],
              [
                -75.5999881586641,
                40.669917920405496
              ],
              [
                -75.59989834330537,
                40.66994368910007
              ],
              [
                -75.59980848033592,
                40.66996936307699
              ],
              [
                -75.59978589489305,
                40.6699766058335
              ],
              [
                -75.59976591097124,
                40.66998268075448
              ],
              [
                -75.59974578870887,
                40.66998848926693
              ],
              [
                -75.59972553798742,
                40.6699940300082
              ],
              [
                -75.59970516150184,
                40.66999930025294
              ],
              [
                -75.59968466823526,
                40.67000430068257
              ],
              [
                -75.59966406178097,
                40.6700090265277
              ],
              [
                -75.59964335471534,
                40.67001347778835
              ]
            ]
          ],
          [
            [
              [
                -75.59913326360886,
                40.749331433560705
              ],
              [
                -75.5989706,
                40.74904389999998
              ],
              [
                -75.60003364909504,
                40.74841194617076
              ],
              [
                -75.60037015759104,
                40.74887264553562
              ],
              [
                -75.60049092573979,
                40.74882785028134
              ],
              [
                -75.60059130402837,
                40.74895984523587
              ],
              [
                -75.60080521275903,
                40.7492699437479
              ],
              [
                -75.60104571238224,
                40.749651746309695
              ],
              [
                -75.60120405234441,
                40.74995961771163
              ],
              [
                -75.60117507200418,
                40.7499746193737
              ],
              [
                -75.60119554486799,
                40.75000264789443
              ],
              [
                -75.60080731085564,
                40.750164990791966
              ],
              [
                -75.59996003151424,
                40.750603584619824
              ],
              [
                -75.59994474410827,
                40.75058528326795
              ],
              [
                -75.5998654,
                40.750625599999985
              ],
              [
                -75.5996282353473,
                40.7502063741046
              ],
              [
                -75.59895317998087,
                40.74939823007943
              ],
              [
                -75.59913326360886,
                40.749331433560705
              ]
            ]
          ],
          [
            [
              [
                -75.5973491,
                40.750338
              ],
              [
                -75.5973244,
                40.750668
              ],
              [
                -75.5972783,
                40.751009299999986
              ],
              [
                -75.5972321,
                40.75100769999998
              ],
              [
                -75.5969671,
                40.7503843
              ],
              [
                -75.5969972,
                40.750364
              ],
              [
                -75.5972868,
                40.75028679999998
              ],
              [
                -75.5973287,
                40.7502933
              ],
              [
                -75.5973491,
                40.750338
              ]
            ]
          ],
          [
            [
              [
                -75.59532583925238,
                40.75531050157235
              ],
              [
                -75.59485272913666,
                40.75541575503901
              ],
              [
                -75.59446733121854,
                40.75549903445641
              ],
              [
                -75.59421344575966,
                40.75483176798674
              ],
              [
                -75.59417150252074,
                40.75473248820103
              ],
              [
                -75.59412531114883,
                40.754654506756985
              ],
              [
                -75.59403450584665,
                40.75450120021225
              ],
              [
                -75.59408735732806,
                40.75448570758263
              ],
              [
                -75.59408153265177,
                40.754470327910134
              ],
              [
                -75.59398017933154,
                40.75414102881306
              ],
              [
                -75.59384632676093,
                40.7537557003349
              ],
              [
                -75.59389118273383,
                40.753736701962026
              ],
              [
                -75.5939414,
                40.75317979999997
              ],
              [
                -75.59394302002976,
                40.753128976276166
              ],
              [
                -75.59378164267058,
                40.752706184209536
              ],
              [
                -75.59364674805425,
                40.75235070539776
              ],
              [
                -75.59400783306924,
                40.752384344948425
              ],
              [
                -75.59415392518557,
                40.752438586161546
              ],
              [
                -75.59471141336267,
                40.75235357101746
              ],
              [
                -75.59476483778305,
                40.75248428456348
              ],
              [
                -75.594804,
                40.7524825
              ],
              [
                -75.59561290000002,
                40.754498099999985
              ],
              [
                -75.59558792869278,
                40.75450453477316
              ],
              [
                -75.59582399840164,
                40.755077706247015
              ],
              [
                -75.59585603861288,
                40.75514814203833
              ],
              [
                -75.5958800200377,
                40.755188397833194
              ],
              [
                -75.59537220876153,
                40.75530021748388
              ],
              [
                -75.5953726,
                40.75530109999998
              ],
              [
                -75.59532583925238,
                40.75531050157235
              ]
            ]
          ],
          [
            [
              [
                -75.61025467369727,
                40.74430797436078
              ],
              [
                -75.61024850145046,
                40.744308401611114
              ],
              [
                -75.61026243275512,
                40.74438121759214
              ],
              [
                -75.60932238252892,
                40.74443363761096
              ],
              [
                -75.6093284081711,
                40.7444477715893
              ],
              [
                -75.60953506999758,
                40.74493252493301
              ],
              [
                -75.60967285562747,
                40.74525571568701
              ],
              [
                -75.60912809046317,
                40.745295978572514
              ],
              [
                -75.60910360313942,
                40.745222942803466
              ],
              [
                -75.60896153445759,
                40.745204222023126
              ],
              [
                -75.60875233572047,
                40.74449502065956
              ],
              [
                -75.60888103547066,
                40.74448282039205
              ],
              [
                -75.60875598962353,
                40.74411389605542
              ],
              [
                -75.60887020891823,
                40.7440841104231
              ],
              [
                -75.6096374729018,
                40.74388551263441
              ],
              [
                -75.61014595293949,
                40.743753898139786
              ],
              [
                -75.61016985454984,
                40.74387850383967
              ],
              [
                -75.6101638754063,
                40.74388909767557
              ],
              [
                -75.61017804760175,
                40.74395490511886
              ],
              [
                -75.6101867113106,
                40.7439557364967
              ],
              [
                -75.61021357357316,
                40.74395937082826
              ],
              [
                -75.61025467369727,
                40.74430797436078
              ]
            ]
          ],
          [
            [
              [
                -75.60819723583715,
                40.74536652382892
              ],
              [
                -75.60796123630054,
                40.74538482430792
              ],
              [
                -75.60774113677869,
                40.74536272465829
              ],
              [
                -75.60755353780505,
                40.74481582365931
              ],
              [
                -75.60769553772752,
                40.744633222948785
              ],
              [
                -75.6085806360036,
                40.74455402112167
              ],
              [
                -75.60864503562088,
                40.74476732152864
              ],
              [
                -75.60864503540124,
                40.74495432198956
              ],
              [
                -75.6085860353291,
                40.7451189225038
              ],
              [
                -75.60852443532951,
                40.74522632288183
              ],
              [
                -75.60841163547497,
                40.7452998232704
              ],
              [
                -75.60819723583715,
                40.74536652382892
              ]
            ]
          ],
          [
            [
              [
                -75.60509457879827,
                40.74981866983804
              ],
              [
                -75.60550249231419,
                40.750553680036326
              ],
              [
                -75.60486912222713,
                40.75062774356843
              ],
              [
                -75.60465565019751,
                40.74988987776798
              ],
              [
                -75.60509457879827,
                40.74981866983804
              ]
            ]
          ],
          [
            [
              [
                -75.61129261114846,
                40.752285077196184
              ],
              [
                -75.61128520942097,
                40.75228788012473
              ],
              [
                -75.61111153304928,
                40.75188456930122
              ],
              [
                -75.61162532762164,
                40.751760729121095
              ],
              [
                -75.61177564320845,
                40.75210215984942
              ],
              [
                -75.61176237701548,
                40.752107183567354
              ],
              [
                -75.61176982796017,
                40.752109930126466
              ],
              [
                -75.61129802936654,
                40.75229683109606
              ],
              [
                -75.61129261114846,
                40.752285077196184
              ]
            ]
          ],
          [
            [
              [
                -75.61185790607092,
                40.75432238135253
              ],
              [
                -75.61185819892013,
                40.75432195672729
              ],
              [
                -75.61185848817607,
                40.75432153414347
              ],
              [
                -75.61185877743202,
                40.75432111155964
              ],
              [
                -75.61185906848456,
                40.754320686934335
              ],
              [
                -75.6118593577405,
                40.75432026298951
              ],
              [
                -75.61185964519983,
                40.75431983836423
              ],
              [
                -75.61185993625239,
                40.75431941509997
              ],
              [
                -75.61186022371169,
                40.75431898979417
              ],
              [
                -75.61186051117103,
                40.754318567890785
              ],
              [
                -75.61186080132526,
                40.754318141904534
              ],
              [
                -75.61186108788627,
                40.754317718640195
              ],
              [
                -75.61186137534557,
                40.754317293334374
              ],
              [
                -75.61186166190654,
                40.7543168673481
              ],
              [
                -75.61186194936587,
                40.754316442722775
              ],
              [
                -75.61186223772349,
                40.754316018097505
              ],
              [
                -75.61186252428449,
                40.75431559483315
              ],
              [
                -75.61186280904886,
                40.754315168846816
              ],
              [
                -75.61186309471154,
                40.75431474354104
              ],
              [
                -75.61186338217084,
                40.75431431891575
              ],
              [
                -75.61186366603691,
                40.75431389292941
              ],
              [
                -75.61186394990295,
                40.75431346762357
              ],
              [
                -75.61186423556565,
                40.754313040956816
              ],
              [
                -75.61186452122833,
                40.75431261565101
              ],
              [
                -75.61186480419605,
                40.754312189664695
              ],
              [
                -75.61186508806209,
                40.75431176231741
              ],
              [
                -75.61186537372478,
                40.75431133701157
              ],
              [
                -75.6118656557942,
                40.754310911025236
              ],
              [
                -75.61186593876195,
                40.75431048435842
              ],
              [
                -75.61186622172967,
                40.75431005769163
              ],
              [
                -75.61186650290078,
                40.75430963102479
              ],
              [
                -75.61186678586854,
                40.75430920503848
              ],
              [
                -75.61186706883628,
                40.75430877837169
              ],
              [
                -75.61186734910908,
                40.75430835102438
              ],
              [
                -75.61186763117847,
                40.75430792503803
              ],
              [
                -75.6118679123496,
                40.75430749769073
              ],
              [
                -75.6118681926224,
                40.754307068982435
              ],
              [
                -75.6118684737935,
                40.7543066429961
              ],
              [
                -75.61186875406628,
                40.75430621428778
              ],
              [
                -75.6118690352374,
                40.7543057883014
              ],
              [
                -75.61186931461188,
                40.75430536095412
              ],
              [
                -75.61186959398637,
                40.75430493224583
              ],
              [
                -75.61186987246252,
                40.754304504217984
              ],
              [
                -75.6118701527353,
                40.754304076870675
              ],
              [
                -75.6118704312115,
                40.75430364816235
              ],
              [
                -75.61187070699272,
                40.75430322081498
              ],
              [
                -75.61187098726552,
                40.75430279278718
              ],
              [
                -75.61187126484336,
                40.7543023640789
              ],
              [
                -75.61187154062459,
                40.75430193673154
              ],
              [
                -75.6118718199991,
                40.75430150870371
              ],
              [
                -75.61187209578031,
                40.754301078634406
              ],
              [
                -75.61187237335814,
                40.75430064992607
              ],
              [
                -75.61187265003768,
                40.75430022053725
              ],
              [
                -75.6118729249206,
                40.75429979182889
              ],
              [
                -75.61187320160013,
                40.754299362440115
              ],
              [
                -75.61187347738135,
                40.75429893441228
              ],
              [
                -75.61187375226426,
                40.75429850366243
              ],
              [
                -75.6118740271472,
                40.75429807427364
              ],
              [
                -75.61187430023345,
                40.7542976462458
              ],
              [
                -75.6118745760147,
                40.75429721753745
              ],
              [
                -75.61187484999927,
                40.75429678610713
              ],
              [
                -75.61187512308555,
                40.754296356037784
              ],
              [
                -75.61187539617184,
                40.75429592528796
              ],
              [
                -75.61187566925811,
                40.75429549589914
              ],
              [
                -75.61175232891755,
                40.75424962164156
              ],
              [
                -75.61172795416914,
                40.75428752015632
              ],
              [
                -75.61159470633227,
                40.75424281158907
              ],
              [
                -75.61152325803035,
                40.75422423912279
              ],
              [
                -75.61157404124612,
                40.75412163884342
              ],
              [
                -75.61147754964763,
                40.754054215308194
              ],
              [
                -75.61136489928458,
                40.754028554184764
              ],
              [
                -75.61095993491725,
                40.75395431734201
              ],
              [
                -75.61090946554165,
                40.7538133138631
              ],
              [
                -75.61090602587703,
                40.753803705298935
              ],
              [
                -75.61085695877796,
                40.75366661978908
              ],
              [
                -75.610828438049,
                40.75359156663163
              ],
              [
                -75.61082553738241,
                40.75358622814653
              ],
              [
                -75.61082299245004,
                40.75358178655402
              ],
              [
                -75.6108203433134,
                40.75357737762521
              ],
              [
                -75.610817597159,
                40.75357300544304
              ],
              [
                -75.61081474949523,
                40.75356867068813
              ],
              [
                -75.61081180301707,
                40.75356437199933
              ],
              [
                -75.61080875682626,
                40.75356011686224
              ],
              [
                -75.6108056154143,
                40.75355590119381
              ],
              [
                -75.61080237698458,
                40.75355172907704
              ],
              [
                -75.61079904333373,
                40.75354759847045
              ],
              [
                -75.61079561446176,
                40.753543514137576
              ],
              [
                -75.61079209216531,
                40.753539475397815
              ],
              [
                -75.61078848003761,
                40.75353548361229
              ],
              [
                -75.61078477628205,
                40.75353154082239
              ],
              [
                -75.61078098089867,
                40.75352764906969
              ],
              [
                -75.61077709748068,
                40.75352380699319
              ],
              [
                -75.6107731278247,
                40.753520016634305
              ],
              [
                -75.6107690683375,
                40.753516279354145
              ],
              [
                -75.6107649262056,
                40.753512596513595
              ],
              [
                -75.610760701429,
                40.75350896879332
              ],
              [
                -75.6107563931094,
                40.75350539959564
              ],
              [
                -75.61075200304337,
                40.75350188755971
              ],
              [
                -75.61074753212928,
                40.75349843404643
              ],
              [
                -75.61074298485869,
                40.753495041097324
              ],
              [
                -75.61073835943498,
                40.753491706670935
              ],
              [
                -75.61073365585814,
                40.753488436211214
              ],
              [
                -75.61072887951805,
                40.75348522835723
              ],
              [
                -75.61072403310966,
                40.75348208378937
              ],
              [
                -75.61071911303976,
                40.75347900659072
              ],
              [
                -75.6107141220032,
                40.753475990636815
              ],
              [
                -75.61070906449163,
                40.753473044774125
              ],
              [
                -75.61070393781006,
                40.75347016560006
              ],
              [
                -75.61069874824675,
                40.75346735379526
              ],
              [
                -75.61069349310668,
                40.75346461276215
              ],
              [
                -75.61068817688147,
                40.75346194182027
              ],
              [
                -75.61068280046942,
                40.75345934096957
              ],
              [
                -75.61067736476888,
                40.753456812932086
              ],
              [
                -75.6106718706781,
                40.75345435566636
              ],
              [
                -75.61066632268867,
                40.753451973255295
              ],
              [
                -75.6106607181057,
                40.753449665018486
              ],
              [
                -75.61065506411566,
                40.7534474309559
              ],
              [
                -75.61064936071858,
                40.75344527174799
              ],
              [
                -75.61064360611778,
                40.753443188755895
              ],
              [
                -75.61063780570318,
                40.75344118266
              ],
              [
                -75.61063196127138,
                40.7534392541408
              ],
              [
                -75.61062607012751,
                40.753437403198355
              ],
              [
                -75.61062014035635,
                40.75343563051311
              ],
              [
                -75.61061417016121,
                40.7534339381266
              ],
              [
                -75.6106081604405,
                40.753432323997345
              ],
              [
                -75.61060211658405,
                40.753430790166824
              ],
              [
                -75.6105960376936,
                40.75342933731558
              ],
              [
                -75.61058992646399,
                40.75342796476302
              ],
              [
                -75.61058378469197,
                40.75342667250919
              ],
              [
                -75.61057761417408,
                40.75342546259559
              ],
              [
                -75.61057141760531,
                40.753424335702746
              ],
              [
                -75.61056519588398,
                40.753423291150156
              ],
              [
                -75.61055894721339,
                40.7534223282573
              ],
              [
                -75.61055268416999,
                40.75342144838517
              ],
              [
                -75.61054639687232,
                40.753420652894725
              ],
              [
                -75.61054009430353,
                40.75341993974456
              ],
              [
                -75.61030105576019,
                40.75340682970587
              ],
              [
                -75.61028072153444,
                40.75340571440661
              ],
              [
                -75.61028572181152,
                40.753134054366726
              ],
              [
                -75.61030990260146,
                40.75312920235404
              ],
              [
                -75.61049674452367,
                40.753091710506816
              ],
              [
                -75.61049746302712,
                40.753028610340664
              ],
              [
                -75.61048116255495,
                40.75278239693648
              ],
              [
                -75.61047932633822,
                40.75275496308956
              ],
              [
                -75.61050378918904,
                40.752746043673284
              ],
              [
                -75.61058374710007,
                40.752716018982184
              ],
              [
                -75.61059493288924,
                40.75271181820558
              ],
              [
                -75.61071520168227,
                40.75266665830883
              ],
              [
                -75.61072840777658,
                40.75266169876197
              ],
              [
                -75.61099438673342,
                40.753056729809565
              ],
              [
                -75.61110898138398,
                40.75322692073165
              ],
              [
                -75.61137017089258,
                40.7533907360501
              ],
              [
                -75.61177957631877,
                40.75337878781036
              ],
              [
                -75.61191414576545,
                40.753505166824965
              ],
              [
                -75.6120572221969,
                40.75361290000573
              ],
              [
                -75.61207544541578,
                40.753626690896525
              ],
              [
                -75.61208564218977,
                40.75363440837745
              ],
              [
                -75.61211152803426,
                40.75365328595217
              ],
              [
                -75.61213784237344,
                40.75367181850979
              ],
              [
                -75.61216457891915,
                40.75368999856519
              ],
              [
                -75.6121917277899,
                40.75370782271614
              ],
              [
                -75.61222766667105,
                40.753731330336336
              ],
              [
                -75.61224526376044,
                40.75374297628565
              ],
              [
                -75.61226312225848,
                40.753754386100965
              ],
              [
                -75.61228124216521,
                40.75376555774092
              ],
              [
                -75.61229961539576,
                40.75377648644216
              ],
              [
                -75.61231823566193,
                40.75378717016339
              ],
              [
                -75.61233709847214,
                40.75379760686329
              ],
              [
                -75.61235619753822,
                40.753807789736925
              ],
              [
                -75.61237552836855,
                40.75381771810397
              ],
              [
                -75.61239508287834,
                40.75382738788171
              ],
              [
                -75.61241485837262,
                40.753836796348104
              ],
              [
                -75.61243484496993,
                40.75384594214242
              ],
              [
                -75.61245503728041,
                40.75385482118177
              ],
              [
                -75.61247543440574,
                40.75386342938331
              ],
              [
                -75.61249527278123,
                40.75387252890069
              ],
              [
                -75.61252135532915,
                40.75387976997947
              ],
              [
                -75.61254558735506,
                40.75388857823582
              ],
              [
                -75.61257001611084,
                40.75389706393702
              ],
              [
                -75.61259463800324,
                40.753905222319865
              ],
              [
                -75.61261944404914,
                40.75391305474543
              ],
              [
                -75.61264442436708,
                40.75392055508941
              ],
              [
                -75.61266957446551,
                40.753927723351964
              ],
              [
                -75.6126948835646,
                40.75393455885267
              ],
              [
                -75.61272034717283,
                40.753941055467216
              ],
              [
                -75.61274595361209,
                40.75394721319575
              ],
              [
                -75.61277170108578,
                40.7539530299969
              ],
              [
                -75.61279757611916,
                40.753958505190155
              ],
              [
                -75.61282357242405,
                40.75396363401239
              ],
              [
                -75.61284968371227,
                40.75396841918553
              ],
              [
                -75.61287589920401,
                40.75397285526576
              ],
              [
                -75.61290221261116,
                40.75397694361411
              ],
              [
                -75.61292861944202,
                40.75398068286977
              ],
              [
                -75.61295510442535,
                40.75398406963023
              ],
              [
                -75.61298166306955,
                40.753987105937114
              ],
              [
                -75.61300828818811,
                40.753989788388026
              ],
              [
                -75.61303496989962,
                40.75399211766347
              ],
              [
                -75.61306170281414,
                40.75399409172204
              ],
              [
                -75.61308847615193,
                40.75399571260529
              ],
              [
                -75.61311528452315,
                40.753996974188745
              ],
              [
                -75.61314211445301,
                40.75399788327751
              ],
              [
                -75.6131689623483,
                40.753998433747036
              ],
              [
                -75.61319582012422,
                40.7539986296804
              ],
              [
                -75.61322267700099,
                40.75399846903604
              ],
              [
                -75.61324952579209,
                40.75399795045312
              ],
              [
                -75.61327636020937,
                40.75399707529258
              ],
              [
                -75.61330316857469,
                40.75399584627631
              ],
              [
                -75.61332994639653,
                40.75399426068234
              ],
              [
                -75.6133566828951,
                40.753992319871806
              ],
              [
                -75.61338336998561,
                40.75399002452507
              ],
              [
                -75.61341000137986,
                40.753987375322545
              ],
              [
                -75.61343656719639,
                40.75398437294474
              ],
              [
                -75.6134630593504,
                40.75398101943317
              ],
              [
                -75.61348947245199,
                40.75397731342675
              ],
              [
                -75.61351579572141,
                40.753973258327875
              ],
              [
                -75.61354202107385,
                40.75396885413658
              ],
              [
                -75.6135681440177,
                40.75396410153322
              ],
              [
                -75.61359415107836,
                40.753959003920144
              ],
              [
                -75.61362003776416,
                40.75395356129748
              ],
              [
                -75.61364579688869,
                40.753947777747925
              ],
              [
                -75.61367141677383,
                40.75394165191048
              ],
              [
                -75.6136968947246,
                40.753935185826585
              ],
              [
                -75.61372221996132,
                40.753928384940004
              ],
              [
                -75.61374738350084,
                40.75392124720925
              ],
              [
                -75.61377238085154,
                40.753913778758644
              ],
              [
                -75.61379720482701,
                40.75390597754663
              ],
              [
                -75.61382184195249,
                40.7538978483365
              ],
              [
                -75.613846292228,
                40.753889393850095
              ],
              [
                -75.61387054217886,
                40.75388061680939
              ],
              [
                -75.6138945873135,
                40.753871518575174
              ],
              [
                -75.61391842044544,
                40.75386210254979
              ],
              [
                -75.6139420343881,
                40.753852371455125
              ],
              [
                -75.61396542105678,
                40.753842329374024
              ],
              [
                -75.61398857326485,
                40.75383197698679
              ],
              [
                -75.61401148652087,
                40.75382131973734
              ],
              [
                -75.61403414824841,
                40.75381035966689
              ],
              [
                -75.61405655754915,
                40.753799101538824
              ],
              [
                -75.61407870364337,
                40.75378754671403
              ],
              [
                -75.61410058293778,
                40.75377569995578
              ],
              [
                -75.61412218465269,
                40.75376356398588
              ],
              [
                -75.61414350519476,
                40.7537511435677
              ],
              [
                -75.61416453827593,
                40.7537384421035
              ],
              [
                -75.61418527760792,
                40.75372546503715
              ],
              [
                -75.61420571241098,
                40.75371221168803
              ],
              [
                -75.61422584268519,
                40.753698691582834
              ],
              [
                -75.61424565944735,
                40.75368490608239
              ],
              [
                -75.61426515820591,
                40.7536708579086
              ],
              [
                -75.61428432818118,
                40.753656553866215
              ],
              [
                -75.61430316937313,
                40.75364199871854
              ],
              [
                -75.61432167190034,
                40.753627194506976
              ],
              [
                -75.61433983486445,
                40.75361214803625
              ],
              [
                -75.61435764748576,
                40.7535968606672
              ],
              [
                -75.61437510527271,
                40.75358134192665
              ],
              [
                -75.6143922064287,
                40.75356559317539
              ],
              [
                -75.61440894466551,
                40.75354961985731
              ],
              [
                -75.61442530920343,
                40.75353342605519
              ],
              [
                -75.61444130273732,
                40.753517016532356
              ],
              [
                -75.61445691897912,
                40.753500398774136
              ],
              [
                -75.6144721480473,
                40.753483576182845
              ],
              [
                -75.61448698904366,
                40.75346655420237
              ],
              [
                -75.61450143927317,
                40.753449336915445
              ],
              [
                -75.61451548885445,
                40.75343193248798
              ],
              [
                -75.6145291395841,
                40.75341434228083
              ],
              [
                -75.61455479713003,
                40.75337923602981
              ],
              [
                -75.61456962553106,
                40.75335419911394
              ],
              [
                -75.61459232401471,
                40.75331156515968
              ],
              [
                -75.61460770486033,
                40.75327880931671
              ],
              [
                -75.61467455968628,
                40.753127960751996
              ],
              [
                -75.6147610272845,
                40.75293255659561
              ],
              [
                -75.61483505865988,
                40.75274929276923
              ],
              [
                -75.61487458421077,
                40.7526472829533
              ],
              [
                -75.61504615839112,
                40.75222671595613
              ],
              [
                -75.61519646508216,
                40.75260238328292
              ],
              [
                -75.61591567177173,
                40.75293200535158
              ],
              [
                -75.61579191655062,
                40.752945548936395
              ],
              [
                -75.61574795685995,
                40.75348996465618
              ],
              [
                -75.61572223448941,
                40.75349609198994
              ],
              [
                -75.61480623443894,
                40.75371409283457
              ],
              [
                -75.61446423441382,
                40.75379309315254
              ],
              [
                -75.61397523435862,
                40.75389909361496
              ],
              [
                -75.61344123430821,
                40.754018094116226
              ],
              [
                -75.6126442342296,
                40.75419409486609
              ],
              [
                -75.61212723418465,
                40.75431009535039
              ],
              [
                -75.61205523418084,
                40.754327095416876
              ],
              [
                -75.61198323417138,
                40.7543420954856
              ],
              [
                -75.61187623416215,
                40.75436609558586
              ],
              [
                -75.61181410187089,
                40.75438011527494
              ],
              [
                -75.61185298961804,
                40.75432946660625
              ],
              [
                -75.61185351423131,
                40.75432871738766
              ],
              [
                -75.61185380977545,
                40.754328296845294
              ],
              [
                -75.61185410352296,
                40.754327874942014
              ],
              [
                -75.61185439727049,
                40.75432745235822
              ],
              [
                -75.61185469101801,
                40.754327030454924
              ],
              [
                -75.61185498476551,
                40.75432660923216
              ],
              [
                -75.61185527851299,
                40.75432618460684
              ],
              [
                -75.61185557136221,
                40.75432576406452
              ],
              [
                -75.61185586421139,
                40.7543253414807
              ],
              [
                -75.6118561570606,
                40.75432491889693
              ],
              [
                -75.61185644901147,
                40.75432449631309
              ],
              [
                -75.61185674096237,
                40.754324074409794
              ],
              [
                -75.61185703291322,
                40.75432365046497
              ],
              [
                -75.61185732486413,
                40.7543232278812
              ],
              [
                -75.61185761501838,
                40.754322805297384
              ],
              [
                -75.61185790607092,
                40.75432238135253
              ]
            ]
          ],
          [
            [
              [
                -75.60271379476436,
                40.75904853665597
              ],
              [
                -75.60271209248764,
                40.75907573498434
              ],
              [
                -75.60253924134308,
                40.75917110127455
              ],
              [
                -75.60234924151803,
                40.75927710138064
              ],
              [
                -75.60230384884807,
                40.759302254710434
              ],
              [
                -75.60230818338165,
                40.75926940307507
              ],
              [
                -75.60271379476436,
                40.75904853665597
              ]
            ]
          ],
          [
            [
              [
                -75.60993795019589,
                40.76003273845749
              ],
              [
                -75.60981995128574,
                40.760398438899735
              ],
              [
                -75.60963225158221,
                40.76036373921192
              ],
              [
                -75.60975025049783,
                40.760000238771255
              ],
              [
                -75.60993795019589,
                40.76003273845749
              ]
            ]
          ],
          [
            [
              [
                -75.61376924313272,
                40.760307431809665
              ],
              [
                -75.61393984261603,
                40.760233631458256
              ],
              [
                -75.61430994298696,
                40.76070723110526
              ],
              [
                -75.61391304419519,
                40.76088193192432
              ],
              [
                -75.61355894376946,
                40.760398432242766
              ],
              [
                -75.61376924313272,
                40.760307431809665
              ]
            ]
          ],
          [
            [
              [
                -75.61493678857545,
                40.66634975166198
              ],
              [
                -75.61496671610988,
                40.666190912877774
              ],
              [
                -75.6150740161322,
                40.666003812154244
              ],
              [
                -75.61638291387408,
                40.6658491086609
              ],
              [
                -75.61649021356695,
                40.66593870863186
              ],
              [
                -75.6164902130718,
                40.666353709676564
              ],
              [
                -75.616458012394,
                40.66697221130969
              ],
              [
                -75.61630781261645,
                40.66702101178774
              ],
              [
                -75.61600741310019,
                40.667086112661714
              ],
              [
                -75.61577131352199,
                40.66710241326086
              ],
              [
                -75.61551381408073,
                40.667037313706174
              ],
              [
                -75.61532071451904,
                40.666972213999415
              ],
              [
                -75.61518124748132,
                40.66689280878138
              ],
              [
                -75.61493678857545,
                40.66634975166198
              ]
            ]
          ],
          [
            [
              [
                -75.64924632857519,
                40.74170172790485
              ],
              [
                -75.64912451099397,
                40.741662126995635
              ],
              [
                -75.64914380563847,
                40.74165051795409
              ],
              [
                -75.64916323455006,
                40.741661065017055
              ],
              [
                -75.64924632857519,
                40.74170172790485
              ]
            ]
          ],
          [
            [
              [
                -75.6501667168004,
                40.741965430142585
              ],
              [
                -75.65011402251011,
                40.74194940457981
              ],
              [
                -75.65034395599899,
                40.74198983918918
              ],
              [
                -75.6501667168004,
                40.741965430142585
              ]
            ]
          ],
          [
            [
              [
                -75.65142637744964,
                40.7421835670039
              ],
              [
                -75.65075204062849,
                40.74207936616428
              ],
              [
                -75.65075838796672,
                40.742062717338435
              ],
              [
                -75.65167023743162,
                40.742223061429385
              ],
              [
                -75.65300923882985,
                40.74244505959684
              ],
              [
                -75.65469324058688,
                40.74272305729363
              ],
              [
                -75.65518224107231,
                40.74279005663951
              ],
              [
                -75.65537724124461,
                40.74280505639116
              ],
              [
                -75.65558724140811,
                40.742809056136714
              ],
              [
                -75.65574860537168,
                40.74279514528919
              ],
              [
                -75.65570436260593,
                40.74281189909347
              ],
              [
                -75.65567484150206,
                40.74287032958359
              ],
              [
                -75.655345713412,
                40.74294771199521
              ],
              [
                -75.65498952669404,
                40.74308259240915
              ],
              [
                -75.65455349417468,
                40.743204996489034
              ],
              [
                -75.65394806946885,
                40.743261674172935
              ],
              [
                -75.65384093636719,
                40.742748430318656
              ],
              [
                -75.65375420715891,
                40.74266527626609
              ],
              [
                -75.6537393457276,
                40.742667132612794
              ],
              [
                -75.65370824058172,
                40.74265652952923
              ],
              [
                -75.65365136358209,
                40.74267223652865
              ],
              [
                -75.65350686981347,
                40.74271214021424
              ],
              [
                -75.65340737439463,
                40.74272649919838
              ],
              [
                -75.65324834053922,
                40.74275502379039
              ],
              [
                -75.6531070735304,
                40.74278098516752
              ],
              [
                -75.6526448201915,
                40.74286324833576
              ],
              [
                -75.65128732158696,
                40.74260261593642
              ],
              [
                -75.65142637744964,
                40.7421835670039
              ]
            ]
          ],
          [
            [
              [
                -75.61486754637063,
                40.74585008730636
              ],
              [
                -75.61505576109704,
                40.74580809620181
              ],
              [
                -75.6155512170146,
                40.745703820634695
              ],
              [
                -75.61556669437705,
                40.745740118186355
              ],
              [
                -75.61559662019532,
                40.745735411148836
              ],
              [
                -75.61573481949037,
                40.746088711782654
              ],
              [
                -75.61573721947829,
                40.746094711793305
              ],
              [
                -75.61568590459301,
                40.74610526789178
              ],
              [
                -75.615576080024,
                40.74613197619715
              ],
              [
                -75.61540076691952,
                40.74617461239263
              ],
              [
                -75.61522459053563,
                40.74621745681745
              ],
              [
                -75.61515999728925,
                40.74623316455003
              ],
              [
                -75.61510437819673,
                40.74624669170878
              ],
              [
                -75.61504875910423,
                40.74626021682302
              ],
              [
                -75.6150413282533,
                40.746262047575755
              ],
              [
                -75.61499333135231,
                40.74627387464566
              ],
              [
                -75.61493751912258,
                40.74628726976553
              ],
              [
                -75.61487997404554,
                40.746301265150095
              ],
              [
                -75.61486906585657,
                40.74627509922254
              ],
              [
                -75.61483648142622,
                40.74619692805278
              ],
              [
                -75.61478475023995,
                40.74620566874385
              ],
              [
                -75.61465399659366,
                40.74589780711036
              ],
              [
                -75.61470481779165,
                40.745886392397345
              ],
              [
                -75.61474156903574,
                40.74587819311689
              ],
              [
                -75.61473832179897,
                40.74587041306327
              ],
              [
                -75.61486754637063,
                40.74585008730636
              ]
            ]
          ],
          [
            [
              [
                -75.62065466355956,
                40.74765755973348
              ],
              [
                -75.62063329447618,
                40.74766041947668
              ],
              [
                -75.6206119963592,
                40.74766356097063
              ],
              [
                -75.62059077190358,
                40.747666986256874
              ],
              [
                -75.62055837601926,
                40.74767278602932
              ],
              [
                -75.62037477866345,
                40.747719571290034
              ],
              [
                -75.61981716927008,
                40.747881205141574
              ],
              [
                -75.61975910317182,
                40.747894736733244
              ],
              [
                -75.61970073793613,
                40.74790749521177
              ],
              [
                -75.6196420870377,
                40.74791947717494
              ],
              [
                -75.6195831684428,
                40.7479306799008
              ],
              [
                -75.61950277656034,
                40.74794463414767
              ],
              [
                -75.61944330370827,
                40.74795398167771
              ],
              [
                -75.61938362424509,
                40.74796254044388
              ],
              [
                -75.61932375883195,
                40.74797030432139
              ],
              [
                -75.61926372543518,
                40.74797727331045
              ],
              [
                -75.6192035402244,
                40.74798344468915
              ],
              [
                -75.61914322026756,
                40.74798881437433
              ],
              [
                -75.61906684475443,
                40.7479944549489
              ],
              [
                -75.61950475831468,
                40.747882195919146
              ],
              [
                -75.62108007806812,
                40.747478345360925
              ],
              [
                -75.62133324083827,
                40.74741344260696
              ],
              [
                -75.62190685816618,
                40.7472617642081
              ],
              [
                -75.62258748117637,
                40.74707887217369
              ],
              [
                -75.62261122461078,
                40.74713409078035
              ],
              [
                -75.62262846822901,
                40.74717387864502
              ],
              [
                -75.62286822586366,
                40.74772708983762
              ],
              [
                -75.62304622673564,
                40.748140089182286
              ],
              [
                -75.6231412145343,
                40.748360227764074
              ],
              [
                -75.6228071473348,
                40.74846506281628
              ],
              [
                -75.62251409364302,
                40.74813032803651
              ],
              [
                -75.62209757143108,
                40.747654557203006
              ],
              [
                -75.62134193188791,
                40.74752369600777
              ],
              [
                -75.620892382462,
                40.747644982588724
              ],
              [
                -75.62087068998957,
                40.74764468862719
              ],
              [
                -75.62084899392353,
                40.74764468254174
              ],
              [
                -75.62082730234873,
                40.74764496433231
              ],
              [
                -75.62080561796007,
                40.74764553467953
              ],
              [
                -75.62078395153732,
                40.747646392222116
              ],
              [
                -75.62076230757206,
                40.747647537640745
              ],
              [
                -75.62074069414915,
                40.747648968893614
              ],
              [
                -75.62071911576008,
                40.747650688702976
              ],
              [
                -75.62069757779477,
                40.74765269298547
              ],
              [
                -75.62067609282963,
                40.747654983782674
              ],
              [
                -75.62065466355956,
                40.74765755973348
              ]
            ]
          ],
          [
            [
              [
                -75.61473874701758,
                40.76278263168586
              ],
              [
                -75.61430964732936,
                40.76255103229748
              ],
              [
                -75.61414874698148,
                40.76226663239935
              ],
              [
                -75.61420234627158,
                40.762010632138804
              ],
              [
                -75.6145939446357,
                40.76164903120929
              ],
              [
                -75.61536104433607,
                40.7621732301863
              ],
              [
                -75.61473874701758,
                40.76278263168586
              ]
            ]
          ],
          [
            [
              [
                -75.61652734278591,
                40.76250422833113
              ],
              [
                -75.61652464273945,
                40.76248232832161
              ],
              [
                -75.61660104257369,
                40.7624768281824
              ],
              [
                -75.61660844269953,
                40.762536228208035
              ],
              [
                -75.6165301428693,
                40.76254182835064
              ],
              [
                -75.61652734282211,
                40.76251952834109
              ],
              [
                -75.61604754386232,
                40.76255382921495
              ],
              [
                -75.61604564383016,
                40.76253862920846
              ],
              [
                -75.61652734278591,
                40.76250422833113
              ]
            ]
          ],
          [
            [
              [
                -75.63129474847938,
                40.80105003157201
              ],
              [
                -75.63078724706365,
                40.80031251674743
              ],
              [
                -75.63295615147834,
                40.79946729630629
              ],
              [
                -75.63346795765926,
                40.800221040319556
              ],
              [
                -75.63132722967491,
                40.801037639695416
              ],
              [
                -75.63129474847938,
                40.80105003157201
              ]
            ]
          ],
          [
            [
              [
                -75.70107660466833,
                40.826672674968094
              ],
              [
                -75.70108534169283,
                40.82668138455807
              ],
              [
                -75.70109098491345,
                40.82668613054523
              ],
              [
                -75.70109862507954,
                40.826688710853865
              ],
              [
                -75.70110694167322,
                40.826690327279586
              ],
              [
                -75.70111259118137,
                40.826694827877326
              ],
              [
                -75.7011293250287,
                40.82671541059439
              ],
              [
                -75.70114101390699,
                40.82672222028127
              ],
              [
                -75.70114804231861,
                40.82672381155772
              ],
              [
                -75.70115240903459,
                40.826728289723526
              ],
              [
                -75.701160155221,
                40.82673771576098
              ],
              [
                -75.70117054154628,
                40.826745233064045
              ],
              [
                -75.70117723309157,
                40.82674730967952
              ],
              [
                -75.70119164833861,
                40.82674927888264
              ],
              [
                -75.7011979266678,
                40.826754279089165
              ],
              [
                -75.70120507906464,
                40.82676222735478
              ],
              [
                -75.70121427514404,
                40.82677681130115
              ],
              [
                -75.70122494893252,
                40.82678531287199
              ],
              [
                -75.70123883149869,
                40.82679411488444
              ],
              [
                -75.70124804192083,
                40.82679794727889
              ],
              [
                -75.70125400583953,
                40.826802697335644
              ],
              [
                -75.7012586034304,
                40.82681011199893
              ],
              [
                -75.70126837979716,
                40.8268163962355
              ],
              [
                -75.70128621852857,
                40.82682209519721
              ],
              [
                -75.70130256425205,
                40.826824099062016
              ],
              [
                -75.70131466005894,
                40.82682822645986
              ],
              [
                -75.7013241777058,
                40.82683255166755
              ],
              [
                -75.70133693197535,
                40.82683620188219
              ],
              [
                -75.70135127356754,
                40.82684061408912
              ],
              [
                -75.7013613876989,
                40.82684641638252
              ],
              [
                -75.70137680010048,
                40.82685769197869
              ],
              [
                -75.70139826266119,
                40.826874547593576
              ],
              [
                -75.7014074820848,
                40.826884881067855
              ],
              [
                -75.70141563699644,
                40.826891626167246
              ],
              [
                -75.70142362750218,
                40.82689323511139
              ],
              [
                -75.70144616625227,
                40.82691343642065
              ],
              [
                -75.70145755060081,
                40.826919749194126
              ],
              [
                -75.7014712022921,
                40.82692561605068
              ],
              [
                -75.70149285257328,
                40.82693284714177
              ],
              [
                -75.70151422257712,
                40.82693885265268
              ],
              [
                -75.70154155381645,
                40.826953777083176
              ],
              [
                -75.70156976816982,
                40.82699410355438
              ],
              [
                -75.7015745400467,
                40.82700616356719
              ],
              [
                -75.70158264825021,
                40.82701437486208
              ],
              [
                -75.70159821068606,
                40.82703127123133
              ],
              [
                -75.701623026659,
                40.82705053580815
              ],
              [
                -75.70163247424362,
                40.82705705997192
              ],
              [
                -75.70163975688425,
                40.827060857687364
              ],
              [
                -75.7016537589152,
                40.827065749778775
              ],
              [
                -75.70166117721107,
                40.827073034577154
              ],
              [
                -75.70167713670146,
                40.8270898758716
              ],
              [
                -75.70169929633902,
                40.82710151575783
              ],
              [
                -75.70171842145591,
                40.827107235765034
              ],
              [
                -75.701729502173,
                40.82711305706641
              ],
              [
                -75.70173976184708,
                40.82712448080944
              ],
              [
                -75.70175169776864,
                40.82713373888743
              ],
              [
                -75.70175959306208,
                40.82713852358394
              ],
              [
                -75.7017709989681,
                40.82714410425306
              ],
              [
                -75.70180344879076,
                40.827155929682995
              ],
              [
                -75.70181334285525,
                40.82716881486544
              ],
              [
                -75.70182328811883,
                40.82717999185292
              ],
              [
                -75.70183342021514,
                40.82718530538196
              ],
              [
                -75.70184577653859,
                40.82719139177385
              ],
              [
                -75.70187058439853,
                40.82720063486752
              ],
              [
                -75.7018989433206,
                40.82721971857821
              ],
              [
                -75.70194381509604,
                40.82725620432158
              ],
              [
                -75.70196373793078,
                40.82726731602315
              ],
              [
                -75.70198465519621,
                40.82727746656713
              ],
              [
                -75.70199741216078,
                40.8272811167573
              ],
              [
                -75.70201446215682,
                40.827281178586404
              ],
              [
                -75.70203537490171,
                40.82728106639552
              ],
              [
                -75.70204983596672,
                40.82728442565349
              ],
              [
                -75.7020651836879,
                40.82729504318596
              ],
              [
                -75.70207297748088,
                40.827303003621175
              ],
              [
                -75.70207857489169,
                40.8273092144057
              ],
              [
                -75.70207514694538,
                40.82731599414727
              ],
              [
                -75.70206638572698,
                40.82732878960275
              ],
              [
                -75.70205573894371,
                40.82734008351173
              ],
              [
                -75.70204983795938,
                40.827353906725655
              ],
              [
                -75.70205466462863,
                40.82736425780557
              ],
              [
                -75.70206418410112,
                40.82737884841648
              ],
              [
                -75.70209428753635,
                40.8273935633836
              ],
              [
                -75.70210828417814,
                40.82739870015691
              ],
              [
                -75.7021195095107,
                40.827399880847345
              ],
              [
                -75.70213210835684,
                40.8273981522482
              ],
              [
                -75.702141669988,
                40.82739074782402
              ],
              [
                -75.70215289169833,
                40.827381663078505
              ],
              [
                -75.70217596848957,
                40.827384522028844
              ],
              [
                -75.70219866080801,
                40.82738932843518
              ],
              [
                -75.70220878212527,
                40.82739488733363
              ],
              [
                -75.70222293957973,
                40.8274051615816
              ],
              [
                -75.70224240874876,
                40.82741015220117
              ],
              [
                -75.70227229116087,
                40.82741142394661
              ],
              [
                -75.70228073440511,
                40.82740888714365
              ],
              [
                -75.70228815986458,
                40.82740804289468
              ],
              [
                -75.70230653758092,
                40.82741253390696
              ],
              [
                -75.70231687089402,
                40.82741589044598
              ],
              [
                -75.7023269320298,
                40.827423402234764
              ],
              [
                -75.70234225550666,
                40.8274376067312
              ],
              [
                -75.70235460916489,
                40.827454202552936
              ],
              [
                -75.70235499815756,
                40.82746227377843
              ],
              [
                -75.70235078419972,
                40.82747368456952
              ],
              [
                -75.70233872168559,
                40.827489108551184
              ],
              [
                -75.70233975656589,
                40.82749719268644
              ],
              [
                -75.70235339400222,
                40.82754484779214
              ],
              [
                -75.70235326827898,
                40.8275592643658
              ],
              [
                -75.7023472316617,
                40.82757748476096
              ],
              [
                -75.70234925378686,
                40.82758485243983
              ],
              [
                -75.7023576916709,
                40.827592823715065
              ],
              [
                -75.70236968148647,
                40.82760037082706
              ],
              [
                -75.70238030045375,
                40.827600316430996
              ],
              [
                -75.70238934377579,
                40.82759925806444
              ],
              [
                -75.70240579369407,
                40.82759784146405
              ],
              [
                -75.7024189566889,
                40.82759881074934
              ],
              [
                -75.7024294984081,
                40.827601199331724
              ],
              [
                -75.70244024944473,
                40.82760725781883
              ],
              [
                -75.70244903048261,
                40.82761450313073
              ],
              [
                -75.70245360654508,
                40.82763291382029
              ],
              [
                -75.70246397493456,
                40.82765118514914
              ],
              [
                -75.70248901732663,
                40.827685989697194
              ],
              [
                -75.70250235284732,
                40.82770452134598
              ],
              [
                -75.70226886331028,
                40.827770362364895
              ],
              [
                -75.70162417549787,
                40.82796937151813
              ],
              [
                -75.70161367973978,
                40.82795274160108
              ],
              [
                -75.70160305724002,
                40.82795633466848
              ],
              [
                -75.70101225554318,
                40.82700743478556
              ],
              [
                -75.70100855479944,
                40.82699395639742
              ],
              [
                -75.70080325854902,
                40.82666867645247
              ],
              [
                -75.7009681241187,
                40.82661026001858
              ],
              [
                -75.70098898926418,
                40.82661415766076
              ],
              [
                -75.70100005291464,
                40.82662046570496
              ],
              [
                -75.70100950139752,
                40.826626991270494
              ],
              [
                -75.70101672295829,
                40.82663273988717
              ],
              [
                -75.70102257908893,
                40.82664091180648
              ],
              [
                -75.70103010877276,
                40.82664715799678
              ],
              [
                -75.70104384130468,
                40.82665033579537
              ],
              [
                -75.701062300773,
                40.826656777734584
              ],
              [
                -75.70107233855457,
                40.82666502305701
              ],
              [
                -75.70107660466833,
                40.826672674968094
              ]
            ]
          ],
          [
            [
              [
                -75.70008801223712,
                40.83020289027344
              ],
              [
                -75.7001121795007,
                40.830198710335466
              ],
              [
                -75.7001552958478,
                40.83019125315304
              ],
              [
                -75.7002332802285,
                40.830177763474246
              ],
              [
                -75.70035072007364,
                40.830385966087725
              ],
              [
                -75.70040106980358,
                40.83047522779808
              ],
              [
                -75.70073136715622,
                40.83096823869704
              ],
              [
                -75.70105623052382,
                40.83146191904804
              ],
              [
                -75.70148961226292,
                40.83199938246525
              ],
              [
                -75.70196159125565,
                40.83246664038202
              ],
              [
                -75.70186114826495,
                40.832527899442574
              ],
              [
                -75.70064154966889,
                40.831839946023976
              ],
              [
                -75.70057269486733,
                40.83163385643461
              ],
              [
                -75.70055516933168,
                40.83163903956377
              ],
              [
                -75.70054936918135,
                40.83158223952341
              ],
              [
                -75.70034436899941,
                40.83139863968978
              ],
              [
                -75.69994866664247,
                40.830330139389034
              ],
              [
                -75.69988226625388,
                40.83015313934077
              ],
              [
                -75.69973829481371,
                40.82987800070444
              ],
              [
                -75.69969828472681,
                40.82980153847042
              ],
              [
                -75.69968567452521,
                40.82977743940708
              ],
              [
                -75.69947713885301,
                40.829378909239075
              ],
              [
                -75.69926136394113,
                40.82896653930014
              ],
              [
                -75.6994201635448,
                40.828918439004184
              ],
              [
                -75.70022736550546,
                40.83008813873299
              ],
              [
                -75.70004686591945,
                40.83013013905787
              ],
              [
                -75.70008801223712,
                40.83020289027344
              ]
            ]
          ],
          [
            [
              [
                -75.70252736091027,
                40.82979623480334
              ],
              [
                -75.70121326382765,
                40.830066337139385
              ],
              [
                -75.70119634167017,
                40.83003855392945
              ],
              [
                -75.70112115797701,
                40.83005288601042
              ],
              [
                -75.70097868712413,
                40.82970580016251
              ],
              [
                -75.7015234250162,
                40.8295282972338
              ],
              [
                -75.70163515629669,
                40.829495408201204
              ],
              [
                -75.70222854592026,
                40.82930204743224
              ],
              [
                -75.70224691017454,
                40.82933195569692
              ],
              [
                -75.70224786005755,
                40.82933163484217
              ],
              [
                -75.70230339166919,
                40.829423942197806
              ],
              [
                -75.70252870179164,
                40.82979088520991
              ],
              [
                -75.70252458949491,
                40.829791628021454
              ],
              [
                -75.70252736091027,
                40.82979623480334
              ]
            ]
          ],
          [
            [
              [
                -75.69696948526912,
                40.83524904839404
              ],
              [
                -75.69587958962967,
                40.836182650923625
              ],
              [
                -75.69489528969473,
                40.835637752012126
              ],
              [
                -75.69604758503264,
                40.83463154932193
              ],
              [
                -75.69696948526912,
                40.83524904839404
              ]
            ]
          ],
          [
            [
              [
                -75.68882887883217,
                40.839199252396824
              ],
              [
                -75.68885366918411,
                40.839374733842796
              ],
              [
                -75.68885113245575,
                40.8394146932904
              ],
              [
                -75.68881432625366,
                40.83956428364306
              ],
              [
                -75.6888031620932,
                40.839594870420235
              ],
              [
                -75.68873353635726,
                40.83922327571673
              ],
              [
                -75.68882887883217,
                40.839199252396824
              ]
            ]
          ],
          [
            [
              [
                -75.61613084382799,
                40.7626097291035
              ],
              [
                -75.61604564401195,
                40.76261552925851
              ],
              [
                -75.61604224395043,
                40.76258662924571
              ],
              [
                -75.61612844376442,
                40.76258082908896
              ],
              [
                -75.61612944378206,
                40.762589129092596
              ],
              [
                -75.61664204267544,
                40.76255442816025
              ],
              [
                -75.61664354270346,
                40.76256752816615
              ],
              [
                -75.61612994381225,
                40.76260232910032
              ],
              [
                -75.61613084382799,
                40.7626097291035
              ]
            ]
          ],
          [
            [
              [
                -75.61606924400662,
                40.76263322922814
              ],
              [
                -75.61665964275413,
                40.76260252816042
              ],
              [
                -75.61676664484493,
                40.763575828605894
              ],
              [
                -75.61618914607719,
                40.763610129651596
              ],
              [
                -75.61606924400662,
                40.76263322922814
              ]
            ]
          ],
          [
            [
              [
                -75.6163201461733,
                40.76376112951785
              ],
              [
                -75.61630154613181,
                40.763727929529175
              ],
              [
                -75.61629544607847,
                40.763700229521945
              ],
              [
                -75.6166581452989,
                40.76367622886367
              ],
              [
                -75.61665834536598,
                40.763704728881905
              ],
              [
                -75.61665054544875,
                40.76373312891426
              ],
              [
                -75.61662404559503,
                40.76377262898696
              ],
              [
                -75.61657964576042,
                40.76380512908684
              ],
              [
                -75.61651854593043,
                40.76382552920837
              ],
              [
                -75.61644124608652,
                40.763826429345876
              ],
              [
                -75.61636284617693,
                40.76379862946666
              ],
              [
                -75.6163201461733,
                40.76376112951785
              ]
            ]
          ],
          [
            [
              [
                -75.61699004505775,
                40.763853628391516
              ],
              [
                -75.61700274508674,
                40.76387652838399
              ],
              [
                -75.61701154514263,
                40.76390752838866
              ],
              [
                -75.61701414521445,
                40.76394002840531
              ],
              [
                -75.61700744532162,
                40.76397962844303
              ],
              [
                -75.61683714557782,
                40.76394462872178
              ],
              [
                -75.61682914560681,
                40.76395012873953
              ],
              [
                -75.61681574563109,
                40.763949128762654
              ],
              [
                -75.6168103456274,
                40.7639430287682
              ],
              [
                -75.61681574559273,
                40.763932928752034
              ],
              [
                -75.6168230455685,
                40.76392882873644
              ],
              [
                -75.61683314555313,
                40.76393082871986
              ],
              [
                -75.61699004505775,
                40.763853628391516
              ]
            ]
          ],
          [
            [
              [
                -75.61037255383532,
                40.76196683891333
              ],
              [
                -75.60972875526629,
                40.7620278400956
              ],
              [
                -75.60960005362118,
                40.761211139806456
              ],
              [
                -75.61025985215535,
                40.76115013859437
              ],
              [
                -75.61037255383532,
                40.76196683891333
              ]
            ]
          ],
          [
            [
              [
                -75.61305704904123,
                40.7622138343037
              ],
              [
                -75.61300874894228,
                40.762130534335924
              ],
              [
                -75.61332254712596,
                40.76162473345305
              ],
              [
                -75.61356664689474,
                40.761734433089934
              ],
              [
                -75.61373564694311,
                40.76189893289571
              ],
              [
                -75.61380804725701,
                40.76209403289292
              ],
              [
                -75.61381634753866,
                40.76222083295998
              ],
              [
                -75.61376004791398,
                40.762332533131996
              ],
              [
                -75.61368194840244,
                40.762473833361724
              ],
              [
                -75.61305704904123,
                40.7622138343037
              ]
            ]
          ],
          [
            [
              [
                -75.6074997452632,
                40.798750960962
              ],
              [
                -75.60822984551315,
                40.79907670711381
              ],
              [
                -75.60823404429959,
                40.79907506610269
              ],
              [
                -75.60823748776507,
                40.799080116829316
              ],
              [
                -75.60843687333468,
                40.79916907595792
              ],
              [
                -75.60853766612234,
                40.79925426026773
              ],
              [
                -75.6082282630764,
                40.79937745779031
              ],
              [
                -75.60823294502018,
                40.799384466299585
              ],
              [
                -75.60769729612088,
                40.79958887721346
              ],
              [
                -75.60753996485403,
                40.79965152308123
              ],
              [
                -75.60707566075516,
                40.79891867403136
              ],
              [
                -75.6074997452632,
                40.798750960962
              ]
            ]
          ],
          [
            [
              [
                -75.61114279235312,
                40.80113686840667
              ],
              [
                -75.61103065552965,
                40.80113686859431
              ],
              [
                -75.61103065519052,
                40.80099178171301
              ],
              [
                -75.61122231939564,
                40.800991781392234
              ],
              [
                -75.61122231966026,
                40.8011049490155
              ],
              [
                -75.61114279235312,
                40.80113686840667
              ]
            ]
          ],
          [
            [
              [
                -75.60258685295116,
                40.75478224832102
              ],
              [
                -75.60284235619173,
                40.75642224887283
              ],
              [
                -75.60282085717078,
                40.75683004916257
              ],
              [
                -75.6027678596378,
                40.757858849891115
              ],
              [
                -75.60271066062079,
                40.75823705022624
              ],
              [
                -75.60265336248534,
                40.75899975079817
              ],
              [
                -75.60234396346152,
                40.75915335144456
              ],
              [
                -75.60235086133926,
                40.75823315086648
              ],
              [
                -75.60230015848718,
                40.756943450164215
              ],
              [
                -75.60234345708331,
                40.75636904973359
              ],
              [
                -75.60233025640495,
                40.75606124956799
              ],
              [
                -75.60231135587567,
                40.75581344944952
              ],
              [
                -75.60214265416998,
                40.7549187492023
              ],
              [
                -75.60208545398713,
                40.75478794922462
              ],
              [
                -75.60184365357784,
                40.75439354941672
              ],
              [
                -75.60161795318491,
                40.754020249593324
              ],
              [
                -75.60137025274622,
                40.75360684978536
              ],
              [
                -75.60117325233388,
                40.75324994992128
              ],
              [
                -75.60144546831945,
                40.75319426500338
              ],
              [
                -75.60143122497529,
                40.753139665375876
              ],
              [
                -75.60131225267008,
                40.75288982072895
              ],
              [
                -75.60110999680056,
                40.75262808141537
              ],
              [
                -75.60110999650156,
                40.752497210509624
              ],
              [
                -75.6012646616856,
                40.752437722999346
              ],
              [
                -75.6017405529215,
                40.75235444088094
              ],
              [
                -75.60187142224511,
                40.752497209138156
              ],
              [
                -75.60205308974467,
                40.75319792244816
              ],
              [
                -75.60237735164792,
                40.754026948232635
              ],
              [
                -75.60258685295116,
                40.75478224832102
              ]
            ]
          ],
          [
            [
              [
                -75.5977714,
                40.8067627
              ],
              [
                -75.5978704,
                40.8069
              ],
              [
                -75.597519,
                40.8070451
              ],
              [
                -75.59742,
                40.806907899999985
              ],
              [
                -75.5977714,
                40.8067627
              ]
            ]
          ],
          [
            [
              [
                -75.5980277,
                40.8069528
              ],
              [
                -75.5980758,
                40.806759699999986
              ],
              [
                -75.59873570000002,
                40.8064876
              ],
              [
                -75.598819,
                40.8065012
              ],
              [
                -75.5991987,
                40.8070637
              ],
              [
                -75.5979952,
                40.80752909999999
              ],
              [
                -75.5976931,
                40.8070825
              ],
              [
                -75.5980277,
                40.8069528
              ]
            ]
          ],
          [
            [
              [
                -75.5984292,
                40.8111269
              ],
              [
                -75.5983018,
                40.8109442
              ],
              [
                -75.5984145,
                40.8108992
              ],
              [
                -75.5985419,
                40.8110819
              ],
              [
                -75.5984292,
                40.8111269
              ]
            ]
          ],
          [
            [
              [
                -75.60872636791645,
                40.80195029168419
              ],
              [
                -75.60886213594037,
                40.80195029145734
              ],
              [
                -75.60890669985007,
                40.80201513366425
              ],
              [
                -75.60876560061345,
                40.80207073420602
              ],
              [
                -75.6087263680638,
                40.802013663507374
              ],
              [
                -75.60872636791645,
                40.80195029168419
              ]
            ]
          ],
          [
            [
              [
                -75.60770955382567,
                40.802773669309396
              ],
              [
                -75.60782625403435,
                40.80295336922769
              ],
              [
                -75.60777395480137,
                40.80324376949768
              ],
              [
                -75.60750175440151,
                40.80286206971176
              ],
              [
                -75.60770955382567,
                40.802773669309396
              ]
            ]
          ],
          [
            [
              [
                -75.6061464663162,
                40.80302290312179
              ],
              [
                -75.6061567469952,
                40.803038003923774
              ],
              [
                -75.60615674714158,
                40.80310133457814
              ],
              [
                -75.60598590061429,
                40.80316798582925
              ],
              [
                -75.60597629979465,
                40.80316798584527
              ],
              [
                -75.60596508305026,
                40.80315152107094
              ],
              [
                -75.60596508275312,
                40.80302290342438
              ],
              [
                -75.6061464663162,
                40.80302290312179
              ]
            ]
          ],
          [
            [
              [
                -75.60951905434163,
                40.804381667308476
              ],
              [
                -75.60949289021659,
                40.80434332561615
              ],
              [
                -75.60948839117793,
                40.80434507147748
              ],
              [
                -75.60821063174876,
                40.802481848235885
              ],
              [
                -75.60986554230429,
                40.80182457582868
              ],
              [
                -75.61076281963682,
                40.80314049965087
              ],
              [
                -75.61116714989328,
                40.80373116414986
              ],
              [
                -75.60951905434163,
                40.804381667308476
              ]
            ]
          ],
          [
            [
              [
                -75.68817072189627,
                40.84275775880001
              ],
              [
                -75.6880593194007,
                40.8427951142582
              ],
              [
                -75.68773990982449,
                40.84290221818213
              ],
              [
                -75.68762811027301,
                40.84293920658579
              ],
              [
                -75.68743249669234,
                40.84159438081799
              ],
              [
                -75.68701881879596,
                40.84162706949311
              ],
              [
                -75.68700290292468,
                40.8415422354299
              ],
              [
                -75.68695712708156,
                40.841547941825326
              ],
              [
                -75.6869501704115,
                40.84150143781581
              ],
              [
                -75.68688613479974,
                40.841098483484366
              ],
              [
                -75.68682505199682,
                40.840714104343014
              ],
              [
                -75.68681362794243,
                40.84064221314342
              ],
              [
                -75.68776153486411,
                40.8405290968636
              ],
              [
                -75.68775629126065,
                40.84050057938513
              ],
              [
                -75.68767722858775,
                40.84010652719931
              ],
              [
                -75.6876210841018,
                40.83982670689741
              ],
              [
                -75.68765008885461,
                40.839824865101576
              ],
              [
                -75.68765160700457,
                40.83982471014752
              ],
              [
                -75.68776461665274,
                40.839813135486075
              ],
              [
                -75.68793743421433,
                40.83979186808901
              ],
              [
                -75.68810676993527,
                40.83977931808856
              ],
              [
                -75.68824664903832,
                40.83976379686283
              ],
              [
                -75.68851625819589,
                40.83976964722945
              ],
              [
                -75.68863423377407,
                40.83977665929266
              ],
              [
                -75.68872923406386,
                40.83977886380835
              ],
              [
                -75.68874473176723,
                40.83977621669085
              ],
              [
                -75.68877270612826,
                40.83976501322341
              ],
              [
                -75.68879642695147,
                40.83974592964327
              ],
              [
                -75.68879846185749,
                40.839742903512835
              ],
              [
                -75.68887571300452,
                40.83956108253247
              ],
              [
                -75.68890123871856,
                40.839455602055324
              ],
              [
                -75.68890836133136,
                40.83941279978786
              ],
              [
                -75.68891060787347,
                40.8393616157797
              ],
              [
                -75.68890200187997,
                40.83930828483609
              ],
              [
                -75.6888876465621,
                40.839212894296246
              ],
              [
                -75.68888471530057,
                40.8391898423029
              ],
              [
                -75.6888840334657,
                40.83918452224505
              ],
              [
                -75.68892591012799,
                40.83917192407678
              ],
              [
                -75.68896179324521,
                40.83916113030518
              ],
              [
                -75.68907716209182,
                40.83951067394533
              ],
              [
                -75.68928590925378,
                40.839461064114026
              ],
              [
                -75.68953520790757,
                40.83911626343095
              ],
              [
                -75.68964320973578,
                40.839171288802824
              ],
              [
                -75.68965413539661,
                40.83915586420401
              ],
              [
                -75.689716395816,
                40.83918588968872
              ],
              [
                -75.68979542059735,
                40.83922634796212
              ],
              [
                -75.68988114593435,
                40.83927863019961
              ],
              [
                -75.6899743281966,
                40.83933885575536
              ],
              [
                -75.69004916596657,
                40.83938996897984
              ],
              [
                -75.69010262203005,
                40.83942654791683
              ],
              [
                -75.6901875541379,
                40.83947222616689
              ],
              [
                -75.69019274527129,
                40.839507920032965
              ],
              [
                -75.69021890795632,
                40.83952836270393
              ],
              [
                -75.69026090887644,
                40.83988606294057
              ],
              [
                -75.69045010884656,
                40.83998406272624
              ],
              [
                -75.69048860893174,
                40.84003706271063
              ],
              [
                -75.69045360943355,
                40.840198762902524
              ],
              [
                -75.69011794941727,
                40.840606660989565
              ],
              [
                -75.69056360931492,
                40.84089547421535
              ],
              [
                -75.68998967364202,
                40.84093645891981
              ],
              [
                -75.69034851221771,
                40.84114736387047
              ],
              [
                -75.69035551246986,
                40.84124276394024
              ],
              [
                -75.68905251468185,
                40.84129836602985
              ],
              [
                -75.6884761876684,
                40.841355715417265
              ],
              [
                -75.68857517895351,
                40.842184260035864
              ],
              [
                -75.68877269946556,
                40.84256780542449
              ],
              [
                -75.68854278970444,
                40.84264035343
              ],
              [
                -75.68848957543352,
                40.84265714534653
              ],
              [
                -75.68843798980421,
                40.84267342349111
              ],
              [
                -75.68817072189627,
                40.84275775880001
              ]
            ]
          ],
          [
            [
              [
                -75.68630123122234,
                40.84575227406495
              ],
              [
                -75.6864138309973,
                40.84573407387455
              ],
              [
                -75.68663653066743,
                40.845740173533166
              ],
              [
                -75.6868537304851,
                40.8457969732428
              ],
              [
                -75.68699863049869,
                40.84588417309036
              ],
              [
                -75.687148830649,
                40.846024172974055
              ],
              [
                -75.68722123100953,
                40.84619667300603
              ],
              [
                -75.68652383248784,
                40.84634077421077
              ],
              [
                -75.6864675325586,
                40.84633467429318
              ],
              [
                -75.68640583252652,
                40.84628797435005
              ],
              [
                -75.68623953138516,
                40.845776674181316
              ],
              [
                -75.68630123122234,
                40.84575227406495
              ]
            ]
          ],
          [
            [
              [
                -75.685402737118,
                40.847397876834265
              ],
              [
                -75.68523643716468,
                40.84732077702807
              ],
              [
                -75.68505933707283,
                40.84718677719131
              ],
              [
                -75.68495203685123,
                40.8470447772397
              ],
              [
                -75.68489303635536,
                40.84682967715233
              ],
              [
                -75.68491993585958,
                40.84666337697213
              ],
              [
                -75.68606253336516,
                40.84639957497689
              ],
              [
                -75.6864004351741,
                40.847251775164175
              ],
              [
                -75.68623953563424,
                40.84732887547831
              ],
              [
                -75.68587473648749,
                40.84743437613243
              ],
              [
                -75.68566553684451,
                40.847446576467135
              ],
              [
                -75.685402737118,
                40.847397876834265
              ]
            ]
          ],
          [
            [
              [
                -75.7178744875309,
                40.8820391582828
              ],
              [
                -75.71789908728817,
                40.88196715818076
              ],
              [
                -75.71793638706818,
                40.88190895807279
              ],
              [
                -75.71798060067896,
                40.881859998042394
              ],
              [
                -75.71798060067255,
                40.88185999804136
              ],
              [
                -75.71798948682485,
                40.88185015794118
              ],
              [
                -75.71801544827376,
                40.881865637438246
              ],
              [
                -75.71801544801535,
                40.881865637396395
              ],
              [
                -75.71850688701653,
                40.8821586574693
              ],
              [
                -75.71848468715352,
                40.88219535753549
              ],
              [
                -75.71786328777982,
                40.88211955837304
              ],
              [
                -75.71786328771181,
                40.882096158351544
              ],
              [
                -75.7178744875309,
                40.8820391582828
              ]
            ]
          ],
          [
            [
              [
                -75.73816410256978,
                40.86302461016668
              ],
              [
                -75.7381706026133,
                40.86304221017396
              ],
              [
                -75.73812365654014,
                40.863131904137035
              ],
              [
                -75.7380311842879,
                40.8633593396686
              ],
              [
                -75.73766355533654,
                40.86327724901253
              ],
              [
                -75.73791696962738,
                40.86295245220725
              ],
              [
                -75.73795794483044,
                40.86296611042122
              ],
              [
                -75.73798050266238,
                40.86296611038713
              ],
              [
                -75.73812790256582,
                40.86300571020299
              ],
              [
                -75.73816410256978,
                40.86302461016668
              ]
            ]
          ],
          [
            [
              [
                -75.73761294038627,
                40.86674208785343
              ],
              [
                -75.7376600515675,
                40.866742918611465
              ],
              [
                -75.73777985159906,
                40.86673627859484
              ],
              [
                -75.73867498687079,
                40.86776842558409
              ],
              [
                -75.73897331253548,
                40.86809248261499
              ],
              [
                -75.73899997098893,
                40.86812144074183
              ],
              [
                -75.7392522307963,
                40.86834058537132
              ],
              [
                -75.73976095306935,
                40.8685953489234
              ],
              [
                -75.7397622430495,
                40.868595764663795
              ],
              [
                -75.73937031085107,
                40.869026027352014
              ],
              [
                -75.73935924000612,
                40.869018328031885
              ],
              [
                -75.7391645516206,
                40.868890437956274
              ],
              [
                -75.73890526522321,
                40.86867881179764
              ],
              [
                -75.73793202025323,
                40.86781446189622
              ],
              [
                -75.73700800224216,
                40.86703050255375
              ],
              [
                -75.73698943494297,
                40.867014749510304
              ],
              [
                -75.7367346742211,
                40.866791350572164
              ],
              [
                -75.73644605399595,
                40.86648370407825
              ],
              [
                -75.73633255788722,
                40.86634226497232
              ],
              [
                -75.73620285695635,
                40.86615542445318
              ],
              [
                -75.73614544985062,
                40.86603867056462
              ],
              [
                -75.73610685793098,
                40.86592179959464
              ],
              [
                -75.73606546417261,
                40.86580577692606
              ],
              [
                -75.73604713822883,
                40.86569301964279
              ],
              [
                -75.73603843224066,
                40.86555067040142
              ],
              [
                -75.73604248234147,
                40.86541846693152
              ],
              [
                -75.73606252885915,
                40.865332841541196
              ],
              [
                -75.73608247208062,
                40.865250521087646
              ],
              [
                -75.73614703969537,
                40.865084301697806
              ],
              [
                -75.73638394108882,
                40.86472791144522
              ],
              [
                -75.73639901294109,
                40.86470805856032
              ],
              [
                -75.73659472802132,
                40.8648120209467
              ],
              [
                -75.73687649762682,
                40.86449723791708
              ],
              [
                -75.73690960142903,
                40.86450850300877
              ],
              [
                -75.73711369861775,
                40.86457671487642
              ],
              [
                -75.73729990803169,
                40.86441921282459
              ],
              [
                -75.73740800793712,
                40.864440112682
              ],
              [
                -75.73753510775799,
                40.86444211249245
              ],
              [
                -75.73761740775946,
                40.8644824124076
              ],
              [
                -75.73768000776069,
                40.864513112343076
              ],
              [
                -75.73743320921297,
                40.86487621306717
              ],
              [
                -75.73729641008359,
                40.865099413489595
              ],
              [
                -75.73722544971247,
                40.86524530540549
              ],
              [
                -75.73707325156732,
                40.8655925261788
              ],
              [
                -75.73699331277483,
                40.86584781467106
              ],
              [
                -75.73690751364944,
                40.86609731504171
              ],
              [
                -75.73694771439659,
                40.86636511524082
              ],
              [
                -75.7368602590434,
                40.866208870137186
              ],
              [
                -75.73688521679021,
                40.86633229209849
              ],
              [
                -75.73689468153549,
                40.866368585181085
              ],
              [
                -75.73691723472828,
                40.86640912342042
              ],
              [
                -75.73695263115307,
                40.86646193388568
              ],
              [
                -75.73700176906712,
                40.86650817915579
              ],
              [
                -75.73713010234962,
                40.86655688959442
              ],
              [
                -75.73749496290833,
                40.86670704240109
              ],
              [
                -75.73756338036934,
                40.866730687978176
              ],
              [
                -75.73761294038627,
                40.86674208785343
              ]
            ]
          ],
          [
            [
              [
                -75.74227601424025,
                40.868852609685064
              ],
              [
                -75.74222241527744,
                40.86916901007618
              ],
              [
                -75.74196221569301,
                40.869183210478944
              ],
              [
                -75.741798167509,
                40.869026871286486
              ],
              [
                -75.74176311383856,
                40.869001332093276
              ],
              [
                -75.74160606847148,
                40.86889663576935
              ],
              [
                -75.74151802615263,
                40.86877766267764
              ],
              [
                -75.74143236805297,
                40.8686896234203
              ],
              [
                -75.74139667493189,
                40.86855399435963
              ],
              [
                -75.74139191515229,
                40.86838505113921
              ],
              [
                -75.74140143242127,
                40.868263698679534
              ],
              [
                -75.74140381131943,
                40.86802099447645
              ],
              [
                -75.74233894037727,
                40.86813996562146
              ],
              [
                -75.7423193097359,
                40.86823075729109
              ],
              [
                -75.74227601424025,
                40.868852609685064
              ]
            ]
          ],
          [
            [
              [
                -75.73480706225442,
                40.869031492047085
              ],
              [
                -75.73446212476803,
                40.868628321151455
              ],
              [
                -75.73448852107677,
                40.86860370410972
              ],
              [
                -75.73448618625459,
                40.86860056853781
              ],
              [
                -75.73482904559977,
                40.86824817991405
              ],
              [
                -75.73485265729319,
                40.86831328185184
              ],
              [
                -75.73491862312648,
                40.868299020151355
              ],
              [
                -75.73544242679834,
                40.869774120791
              ],
              [
                -75.73533837785051,
                40.86965250597919
              ],
              [
                -75.73537827033367,
                40.86976249715652
              ],
              [
                -75.7353655691291,
                40.86978154422466
              ],
              [
                -75.73480706225442,
                40.869031492047085
              ]
            ]
          ],
          [
            [
              [
                -75.73645284501966,
                40.87631892561619
              ],
              [
                -75.73637344497381,
                40.87626682568292
              ],
              [
                -75.73696134298604,
                40.87587832443897
              ],
              [
                -75.73747514351045,
                40.87629082408059
              ],
              [
                -75.73726324426374,
                40.876443024540855
              ],
              [
                -75.73698254475126,
                40.876475124986065
              ],
              [
                -75.73669654504106,
                40.87643902537292
              ],
              [
                -75.73645284501966,
                40.87631892561619
              ]
            ]
          ],
          [
            [
              [
                -75.72569906320341,
                40.87740394250177
              ],
              [
                -75.72562396316115,
                40.87735424256568
              ],
              [
                -75.7258305621689,
                40.87711494203654
              ],
              [
                -75.72603166181166,
                40.87708854171542
              ],
              [
                -75.72633876141506,
                40.87709874127255
              ],
              [
                -75.72658286119842,
                40.87714024095198
              ],
              [
                -75.72668500715872,
                40.87718069602489
              ],
              [
                -75.72668500713839,
                40.877180696094946
              ],
              [
                -75.72681086114838,
                40.87723054070119
              ],
              [
                -75.72706436126671,
                40.87738974047787
              ],
              [
                -75.72614836548422,
                40.87838854276625
              ],
              [
                -75.72574606537985,
                40.87816444314705
              ],
              [
                -75.72585736484612,
                40.87803564286234
              ],
              [
                -75.72537316473702,
                40.87777104332619
              ],
              [
                -75.7256899632461,
                40.877414142524735
              ],
              [
                -75.72569906320341,
                40.87740394250177
              ]
            ]
          ],
          [
            [
              [
                -75.72453806882172,
                40.878766345487094
              ],
              [
                -75.72305487065691,
                40.87869394759836
              ],
              [
                -75.72316486922085,
                40.878256247028496
              ],
              [
                -75.72330366782914,
                40.87784744644295
              ],
              [
                -75.72377736571724,
                40.8773518452829
              ],
              [
                -75.72519518972626,
                40.878096482624294
              ],
              [
                -75.7251951919468,
                40.878096474971954
              ],
              [
                -75.72600226607489,
                40.878520343104896
              ],
              [
                -75.72540416877698,
                40.879157044581504
              ],
              [
                -75.72453806882172,
                40.878766345487094
              ]
            ]
          ],
          [
            [
              [
                -75.72247787525686,
                40.879991849654296
              ],
              [
                -75.72239877560551,
                40.88007374984648
              ],
              [
                -75.7221738755504,
                40.87994945006046
              ],
              [
                -75.7222529752018,
                40.87986754986833
              ],
              [
                -75.72247787525686,
                40.879991849654296
              ]
            ]
          ],
          [
            [
              [
                -75.72237737570961,
                40.880099249901576
              ],
              [
                -75.72229947605213,
                40.88017965009054
              ],
              [
                -75.72206987599492,
                40.88005245030869
              ],
              [
                -75.72214777565245,
                40.87997205011975
              ],
              [
                -75.72237737570961,
                40.880099249901576
              ]
            ]
          ],
          [
            [
              [
                -75.72227767615296,
                40.88020385014498
              ],
              [
                -75.72219977650475,
                40.8802874503369
              ],
              [
                -75.7219664764616,
                40.88016335056332
              ],
              [
                -75.72204427610971,
                40.88007965037148
              ],
              [
                -75.72227767615296,
                40.88020385014498
              ]
            ]
          ],
          [
            [
              [
                -75.72192997662854,
                40.8802032506539
              ],
              [
                -75.72215477668773,
                40.88032885044132
              ],
              [
                -75.72207477703729,
                40.88041075063463
              ],
              [
                -75.7218498769785,
                40.88028525084747
              ],
              [
                -75.72192997662854,
                40.8802032506539
              ]
            ]
          ],
          [
            [
              [
                -75.72205317714396,
                40.88043705069075
              ],
              [
                -75.7219737774944,
                40.88051955088373
              ],
              [
                -75.72174297743892,
                40.880392451103646
              ],
              [
                -75.72182237708884,
                40.88031005091078
              ],
              [
                -75.72205317714396,
                40.88043705069075
              ]
            ]
          ],
          [
            [
              [
                -75.7219478776066,
                40.88054575094603
              ],
              [
                -75.72187117794184,
                40.88062435113135
              ],
              [
                -75.72164247788194,
                40.88049675134773
              ],
              [
                -75.72171917754679,
                40.88041815116236
              ],
              [
                -75.7219478776066,
                40.88054575094603
              ]
            ]
          ],
          [
            [
              [
                -75.72124567927017,
                40.880785452196626
              ],
              [
                -75.72128657918257,
                40.88077465212674
              ],
              [
                -75.72132867911701,
                40.880771952062624
              ],
              [
                -75.72137257906621,
                40.88077515200131
              ],
              [
                -75.72141707904329,
                40.880788151948245
              ],
              [
                -75.72145627904459,
                40.88080695190833
              ],
              [
                -75.72149007907433,
                40.880832951883036
              ],
              [
                -75.72151437913175,
                40.88086395187619
              ],
              [
                -75.72152857921206,
                40.88089805188708
              ],
              [
                -75.72152917933172,
                40.88093925192443
              ],
              [
                -75.7215167794695,
                40.880980551980926
              ],
              [
                -75.72149297959919,
                40.88101375204659
              ],
              [
                -75.72116437952302,
                40.88083385236051
              ],
              [
                -75.7211827794455,
                40.88081595231697
              ],
              [
                -75.7212082793594,
                40.880798452263406
              ],
              [
                -75.72124567927017,
                40.880785452196626
              ]
            ]
          ],
          [
            [
              [
                -75.72101427964441,
                40.8808050525535
              ],
              [
                -75.72108737966032,
                40.880844752483306
              ],
              [
                -75.72107987969342,
                40.88085255250152
              ],
              [
                -75.72149717978475,
                40.88107915210117
              ],
              [
                -75.7215039797544,
                40.881071952084525
              ],
              [
                -75.72157417976979,
                40.88111005201721
              ],
              [
                -75.7215509798726,
                40.88113435207369
              ],
              [
                -75.72148107985738,
                40.88109645214078
              ],
              [
                -75.72148777982744,
                40.88108935212438
              ],
              [
                -75.72107137973661,
                40.88086335252396
              ],
              [
                -75.72106507976481,
                40.88087005253938
              ],
              [
                -75.72099077974879,
                40.88082975261075
              ],
              [
                -75.72101427964441,
                40.8808050525535
              ]
            ]
          ],
          [
            [
              [
                -75.72055298502295,
                40.8813625579137
              ],
              [
                -75.72100907989262,
                40.88088755263756
              ],
              [
                -75.72147678000307,
                40.881144252191426
              ],
              [
                -75.72071178337596,
                40.88194075404817
              ],
              [
                -75.72024428326431,
                40.881684054493576
              ],
              [
                -75.7205529828252,
                40.88136255755806
              ],
              [
                -75.72055298502295,
                40.8813625579137
              ]
            ]
          ],
          [
            [
              [
                -75.7201863835082,
                40.88174055463041
              ],
              [
                -75.72019598346621,
                40.88173065460726
              ],
              [
                -75.72059428356071,
                40.88194915422758
              ],
              [
                -75.72061018349055,
                40.88193255418901
              ],
              [
                -75.72066838350436,
                40.88196445413354
              ],
              [
                -75.72062698368667,
                40.882007554233915
              ],
              [
                -75.72056858367255,
                40.88197545428946
              ],
              [
                -75.72058448360241,
                40.88195885425088
              ],
              [
                -75.7201863835082,
                40.88174055463041
              ]
            ]
          ],
          [
            [
              [
                -75.71901368638893,
                40.88218025674925
              ],
              [
                -75.71899558641532,
                40.882180856776216
              ],
              [
                -75.71897348530757,
                40.881790056448274
              ],
              [
                -75.7189451853488,
                40.881790956490505
              ],
              [
                -75.71894138516068,
                40.88172455643482
              ],
              [
                -75.71901958504667,
                40.88172205631827
              ],
              [
                -75.71902328523059,
                40.88178695637269
              ],
              [
                -75.71899158527675,
                40.88178795641992
              ],
              [
                -75.71900498326838,
                40.88202577415902
              ],
              [
                -75.71900498323973,
                40.88202577415439
              ],
              [
                -75.71901368638893,
                40.88218025674925
              ]
            ]
          ],
          [
            [
              [
                -75.7278907855014,
                40.88596734736816
              ],
              [
                -75.72788618610412,
                40.88616894756537
              ],
              [
                -75.72771228633083,
                40.886166747815366
              ],
              [
                -75.72771688572799,
                40.885965047618136
              ],
              [
                -75.7278907855014,
                40.88596734736816
              ]
            ]
          ],
          [
            [
              [
                -75.8976002,
                40.99457
              ],
              [
                -75.8971702,
                40.9945099
              ],
              [
                -75.8975224,
                40.99428419999999
              ],
              [
                -75.8975436,
                40.994156
              ],
              [
                -75.8976604,
                40.99416
              ],
              [
                -75.8982479,
                40.99419469999997
              ],
              [
                -75.8982444,
                40.9943149
              ],
              [
                -75.8981099,
                40.99432159999998
              ],
              [
                -75.8980143,
                40.994388399999984
              ],
              [
                -75.8979506,
                40.994461799999975
              ],
              [
                -75.89795589999999,
                40.9945834
              ],
              [
                -75.89804620000001,
                40.9946582
              ],
              [
                -75.8981913,
                40.994714299999984
              ],
              [
                -75.8980037,
                40.99482509999997
              ],
              [
                -75.8979665,
                40.9948051
              ],
              [
                -75.8979276,
                40.99476769999998
              ],
              [
                -75.8978674,
                40.994737
              ],
              [
                -75.89781080000002,
                40.99473969999998
              ],
              [
                -75.8977595,
                40.9947944
              ],
              [
                -75.8976445,
                40.9948105
              ],
              [
                -75.897648,
                40.99463009999998
              ],
              [
                -75.8976002,
                40.99457
              ]
            ]
          ],
          [
            [
              [
                -76.5163501,
                41.95133619999997
              ],
              [
                -76.5153517,
                41.951520399999986
              ],
              [
                -76.5153661,
                41.95106879999998
              ],
              [
                -76.5162073,
                41.95092359999999
              ],
              [
                -76.5163501,
                41.95133619999997
              ]
            ]
          ],
          [
            [
              [
                -76.51681395521015,
                41.96356848980351
              ],
              [
                -76.51686569674153,
                41.963372782939196
              ],
              [
                -76.5169648,
                41.9628893
              ],
              [
                -76.5169881,
                41.96287609999997
              ],
              [
                -76.51699859074222,
                41.96287012545172
              ],
              [
                -76.51699995931608,
                41.96286494896599
              ],
              [
                -76.51739788685612,
                41.96279406547548
              ],
              [
                -76.5179465,
                41.962695899999964
              ],
              [
                -76.51794661997336,
                41.96269631873818
              ],
              [
                -76.51815613510419,
                41.962658997461574
              ],
              [
                -76.51840261934342,
                41.96342016872891
              ],
              [
                -76.518434699791,
                41.963519231879694
              ],
              [
                -76.5184616,
                41.96354319999998
              ],
              [
                -76.51855190000002,
                41.963731399999986
              ],
              [
                -76.51842527403063,
                41.96377370779599
              ],
              [
                -76.51845760432364,
                41.96389468381134
              ],
              [
                -76.518957695544,
                41.96396156564306
              ],
              [
                -76.51869724789198,
                41.964192961316904
              ],
              [
                -76.51830357757431,
                41.9643678332305
              ],
              [
                -76.5182692,
                41.96442950000002
              ],
              [
                -76.5182238,
                41.964503299999976
              ],
              [
                -76.5177127,
                41.96453889999999
              ],
              [
                -76.5171634,
                41.964537
              ],
              [
                -76.5169398,
                41.9645429
              ],
              [
                -76.51694120424595,
                41.96452701086085
              ],
              [
                -76.51679217090603,
                41.96453653649393
              ],
              [
                -76.51652170614028,
                41.964673890968484
              ],
              [
                -76.5166896925126,
                41.964038500300724
              ],
              [
                -76.5166764,
                41.96403469999997
              ],
              [
                -76.5167735,
                41.9637013
              ],
              [
                -76.51681395521015,
                41.96356848980351
              ]
            ]
          ],
          [
            [
              [
                -76.5270148,
                41.967085
              ],
              [
                -76.5271,
                41.9671204
              ],
              [
                -76.5271878,
                41.9671638
              ],
              [
                -76.5272777,
                41.967234599999976
              ],
              [
                -76.5273394,
                41.96730640000001
              ],
              [
                -76.527404,
                41.96740089999998
              ],
              [
                -76.5274472,
                41.96754530000001
              ],
              [
                -76.5266393,
                41.9677092
              ],
              [
                -76.5263797,
                41.96708659999999
              ],
              [
                -76.5265696,
                41.9670452
              ],
              [
                -76.526744,
                41.9670391
              ],
              [
                -76.5268947,
                41.9670547
              ],
              [
                -76.5270148,
                41.967085
              ]
            ]
          ],
          [
            [
              [
                -76.52945476273419,
                41.96807916851521
              ],
              [
                -76.52901,
                41.9681502
              ],
              [
                -76.5285145,
                41.96795890000003
              ],
              [
                -76.5283948,
                41.967592
              ],
              [
                -76.52909186435299,
                41.967468126013124
              ],
              [
                -76.52945476273419,
                41.96807916851521
              ]
            ]
          ],
          [
            [
              [
                -76.52669729999998,
                41.9677539
              ],
              [
                -76.5269912,
                41.96768689999998
              ],
              [
                -76.5271468,
                41.967653
              ],
              [
                -76.5273158,
                41.967645
              ],
              [
                -76.5275076,
                41.9676619
              ],
              [
                -76.52765110000001,
                41.9677188
              ],
              [
                -76.52777690000002,
                41.96779579999997
              ],
              [
                -76.5278356,
                41.96787879999997
              ],
              [
                -76.5278758,
                41.96801029999998
              ],
              [
                -76.5279496,
                41.9682786
              ],
              [
                -76.5280234,
                41.968546799999984
              ],
              [
                -76.52673649999998,
                41.9687805
              ],
              [
                -76.5264033,
                41.9678209
              ],
              [
                -76.52669729999998,
                41.9677539
              ]
            ]
          ],
          [
            [
              [
                -76.5290244,
                41.968281699999984
              ],
              [
                -76.5292336,
                41.96839019999999
              ],
              [
                -76.5295496,
                41.9692866
              ],
              [
                -76.5295388,
                41.9693345
              ],
              [
                -76.5294691,
                41.96941419999999
              ],
              [
                -76.5293784,
                41.969507
              ],
              [
                -76.5292229,
                41.969574799999954
              ],
              [
                -76.529056,
                41.9696216
              ],
              [
                -76.5288844,
                41.969637599999984
              ],
              [
                -76.5287181,
                41.96961369999998
              ],
              [
                -76.5285899,
                41.96956679999999
              ],
              [
                -76.5284874,
                41.969498
              ],
              [
                -76.5281902,
                41.9685788
              ],
              [
                -76.5282948,
                41.9683774
              ],
              [
                -76.5284665,
                41.96831359999999
              ],
              [
                -76.5286381,
                41.96828169999998
              ],
              [
                -76.5288313,
                41.96826569999999
              ],
              [
                -76.5290244,
                41.968281699999984
              ]
            ]
          ],
          [
            [
              [
                -76.5295072,
                41.9699676
              ],
              [
                -76.5292093,
                41.9700018
              ],
              [
                -76.5291816,
                41.96986809999997
              ],
              [
                -76.52929730000001,
                41.9698548
              ],
              [
                -76.5292902,
                41.9698205
              ],
              [
                -76.5293528,
                41.9698133
              ],
              [
                -76.5293592,
                41.969843800000014
              ],
              [
                -76.5294787,
                41.9698301
              ],
              [
                -76.5295072,
                41.9699676
              ]
            ]
          ],
          [
            [
              [
                -76.5118435,
                41.97240509999998
              ],
              [
                -76.5126937992073,
                41.97249281721937
              ],
              [
                -76.51194282103022,
                41.97247345202087
              ],
              [
                -76.51190082093872,
                41.97247145217897
              ],
              [
                -76.5118265055435,
                41.97247001412013
              ],
              [
                -76.5118435,
                41.97240509999998
              ]
            ]
          ]
        ]
      }
    }
  ]
}