{
  "type": "FeatureCollection",
  "name": "Chester",
  "crs": {
    "type": "name",
    "properties": {
      "name": "urn:ogc:def:crs:OGC:1.3:CRS84"
    }
  },
  "features": [
    {
      "type": "Feature",
      "properties": {
        "largest_city": "Chester",
        "all_cities": "Avondale, Brookhaven, Chadds Ford, Chester, Chester Heights, Cheyney University, Darby, Dilworthtown, East Lansdowne, Eddington, Eddystone, Folsom, Kennett Square, Laurys Station, Lima, Lincoln University, Media, Morton, Norwood, Oxford, Parkside, Pine Grove, Ridley Park, Rose Valley, Rutledge, Swarthmore, Upland, West Grove, Woodlyn",
        "total_area_ft2": 19969826.870464675
      },
      "geometry": {
        "type": "MultiPolygon",
        "coordinates": [
          [
            [
              [
                -75.35710772858552,
                39.891711642601734
              ],
              [
                -75.35709048003373,
                39.891695142894655
              ],
              [
                -75.35707360248621,
                39.89167839298952
              ],
              [
                -75.35705710402769,
                39.891661392886164
              ],
              [
                -75.35704098106496,
                39.89164426595835
              ],
              [
                -75.35702523000478,
                39.891626892967494
              ],
              [
                -75.35700985354205,
                39.89160926771018
              ],
              [
                -75.35699497833927,
                39.891591391564695
              ],
              [
                -75.35698047863225,
                39.89157339341892
              ],
              [
                -75.35696635352274,
                39.89155526569104
              ],
              [
                -75.35695272877481,
                39.8915367650789
              ],
              [
                -75.35693935286022,
                39.8915182679079
              ],
              [
                -75.35692660127478,
                39.89149951709104
              ],
              [
                -75.35692473008405,
                39.89149664226403
              ],
              [
                -75.35690247881446,
                39.89145514300916
              ],
              [
                -75.35690205067215,
                39.89144417145237
              ],
              [
                -75.35696428978808,
                39.891503410696735
              ],
              [
                -75.35741114074808,
                39.891930363356586
              ],
              [
                -75.35740797879114,
                39.891928641742695
              ],
              [
                -75.3573857311148,
                39.89191614242224
              ],
              [
                -75.35736385803594,
                39.89190339014935
              ],
              [
                -75.35734210443303,
                39.891890265685646
              ],
              [
                -75.35732085298835,
                39.89187689378306
              ],
              [
                -75.35729972820613,
                39.89186314072928
              ],
              [
                -75.3572791019889,
                39.89184926567751
              ],
              [
                -75.35725872909657,
                39.89183501567739
              ],
              [
                -75.35723860234263,
                39.891820518237694
              ],
              [
                -75.3572188528811,
                39.89180564240289
              ],
              [
                -75.35719947622043,
                39.89179064112346
              ],
              [
                -75.35718035288465,
                39.891775393093226
              ],
              [
                -75.35716172721554,
                39.891759765978094
              ],
              [
                -75.35714335576968,
                39.891744016174854
              ],
              [
                -75.35712535532802,
                39.89172801686334
              ],
              [
                -75.35710772858552,
                39.891711642601734
              ]
            ]
          ],
          [
            [
              [
                -75.28942389311064,
                39.88213670628848
              ],
              [
                -75.28942660512448,
                39.882141697768816
              ],
              [
                -75.28942920305228,
                39.882146728540945
              ],
              [
                -75.28943168689403,
                39.88215179309013
              ],
              [
                -75.28943405575144,
                39.88215688865904
              ],
              [
                -75.28943630603122,
                39.88216201593701
              ],
              [
                -75.28943844222498,
                39.88216717216671
              ],
              [
                -75.28944046073943,
                39.88217235803741
              ],
              [
                -75.2894423633712,
                39.88217756803445
              ],
              [
                -75.2894441456287,
                39.88218280422589
              ],
              [
                -75.2894458084103,
                39.88218806316493
              ],
              [
                -75.2894473535126,
                39.88219334416236
              ],
              [
                -75.28944877824063,
                39.88219864515009
              ],
              [
                -75.28945008259443,
                39.88220396337077
              ],
              [
                -75.28945126567565,
                39.88220929882437
              ],
              [
                -75.28945232928095,
                39.882214650132305
              ],
              [
                -75.28945327071537,
                39.8822200145372
              ],
              [
                -75.28945408997893,
                39.88222539134969
              ],
              [
                -75.28945478707156,
                39.882230777812445
              ],
              [
                -75.28945536378998,
                39.88223617185748
              ],
              [
                -75.28945581474426,
                39.88224157486339
              ],
              [
                -75.2894561471209,
                39.88224698062623
              ],
              [
                -75.28945635553006,
                39.88225239121401
              ],
              [
                -75.28945644087,
                39.882257804558726
              ],
              [
                -75.28945640403907,
                39.88226321583491
              ],
              [
                -75.28945624413895,
                39.88226862848945
              ],
              [
                -75.28945596296627,
                39.88227403769686
              ],
              [
                -75.28945555692776,
                39.88227944069984
              ],
              [
                -75.28945503051501,
                39.882284840255664
              ],
              [
                -75.28945438193138,
                39.88229022878174
              ],
              [
                -75.28945361027854,
                39.882295607656715
              ],
              [
                -75.28945271914978,
                39.88230097963799
              ],
              [
                -75.28945170135857,
                39.882306335764056
              ],
              [
                -75.28945056768467,
                39.8823116760351
              ],
              [
                -75.28944931094159,
                39.882317003208364
              ],
              [
                -75.28944793292595,
                39.8823223103905
              ],
              [
                -75.2894464363327,
                39.882327598960245
              ],
              [
                -75.28944482116184,
                39.88233286547088
              ],
              [
                -75.28944308471836,
                39.882338111301095
              ],
              [
                -75.28944123149392,
                39.88234333300422
              ],
              [
                -75.28943925969187,
                39.88234852851231
              ],
              [
                -75.28943717021053,
                39.88235369713595
              ],
              [
                -75.28943496215156,
                39.88235883611791
              ],
              [
                -75.28943264000655,
                39.88236394339008
              ],
              [
                -75.28943020197887,
                39.88236902102061
              ],
              [
                -75.28942764806852,
                39.88237406487333
              ],
              [
                -75.2894249836654,
                39.882379073569716
              ],
              [
                -75.28942220337959,
                39.88238404435245
              ],
              [
                -75.289419312601,
                39.882388979289466
              ],
              [
                -75.2894163086347,
                39.88239387148743
              ],
              [
                -75.28941319597224,
                39.8823987243931
              ],
              [
                -75.28940997281698,
                39.88240353524908
              ],
              [
                -75.28940942304804,
                39.8824043224675
              ],
              [
                -75.28940256710578,
                39.882413858701085
              ],
              [
                -75.28939965836089,
                39.88241769414981
              ],
              [
                -75.2893971601461,
                39.882420859566764
              ],
              [
                -75.28938063299721,
                39.88244042683101
              ],
              [
                -75.28934227623888,
                39.88212464984178
              ],
              [
                -75.28933075025186,
                39.882029051219945
              ],
              [
                -75.28936591404558,
                39.88206292663819
              ],
              [
                -75.28938284728868,
                39.882080118000026
              ],
              [
                -75.28938683580854,
                39.88208455663676
              ],
              [
                -75.28939073359854,
                39.88208905938147
              ],
              [
                -75.28939453077726,
                39.882093615204816
              ],
              [
                -75.28939822195478,
                39.88209821997069
              ],
              [
                -75.28940180802938,
                39.88210287505782
              ],
              [
                -75.2894052898994,
                39.88210757564076
              ],
              [
                -75.28940866397163,
                39.882112325166275
              ],
              [
                -75.28941192844935,
                39.882117118119595
              ],
              [
                -75.28941508602759,
                39.88212195312215
              ],
              [
                -75.28941813311303,
                39.882126832241795
              ],
              [
                -75.28942106970568,
                39.882131748585216
              ],
              [
                -75.28942389311064,
                39.88213670628848
              ]
            ]
          ],
          [
            [
              [
                -75.28802111091241,
                39.88284400390915
              ],
              [
                -75.28801549374693,
                39.88284454641082
              ],
              [
                -75.28800989095453,
                39.882845167495944
              ],
              [
                -75.28800430343344,
                39.882845860271296
              ],
              [
                -75.28799873028542,
                39.88284662749409
              ],
              [
                -75.28799317690034,
                39.88284747054303
              ],
              [
                -75.28798764237987,
                39.88284838872881
              ],
              [
                -75.2879821312156,
                39.882849381362014
              ],
              [
                -75.28797664250922,
                39.88285044706408
              ],
              [
                -75.28797117895566,
                39.882851586524325
              ],
              [
                -75.28796574145323,
                39.882852801121324
              ],
              [
                -75.28796033269691,
                39.88285408671916
              ],
              [
                -75.28795495538162,
                39.88285544400712
              ],
              [
                -75.28794960591411,
                39.88285687574252
              ],
              [
                -75.28794429327752,
                39.88285837710011
              ],
              [
                -75.28793901298029,
                39.88285995083721
              ],
              [
                -75.28793376951396,
                39.88286159488568
              ],
              [
                -75.28792856647185,
                39.882863309935026
              ],
              [
                -75.28792340026065,
                39.882865092538474
              ],
              [
                -75.28791827627026,
                39.88286694752139
              ],
              [
                -75.28791319360239,
                39.8828688693691
              ],
              [
                -75.28790815944352,
                39.8828708580816
              ],
              [
                -75.2879031675055,
                39.88287291710553
              ],
              [
                -75.2878982249748,
                39.88287503885835
              ],
              [
                -75.28789332825819,
                39.882877229543894
              ],
              [
                -75.28788848274554,
                39.88287948640489
              ],
              [
                -75.28788369203012,
                39.882881807373344
              ],
              [
                -75.2878789525187,
                39.88288419244925
              ],
              [
                -75.28787426870282,
                39.882886640943255
              ],
              [
                -75.28786964148077,
                39.88288915147672
              ],
              [
                -75.28786506815767,
                39.88289172336035
              ],
              [
                -75.28786056041157,
                39.882894357283384
              ],
              [
                -75.28785610566607,
                39.88289705048854
              ],
              [
                -75.28784804059146,
                39.88290218736174
              ],
              [
                -75.28769116060687,
                39.883046891653855
              ],
              [
                -75.28746550650244,
                39.8833271678497
              ],
              [
                -75.2873550487568,
                39.88345797243642
              ],
              [
                -75.28735018797278,
                39.88346468161217
              ],
              [
                -75.28734547810575,
                39.88347145765156
              ],
              [
                -75.28734092634221,
                39.883478295729205
              ],
              [
                -75.2873366288019,
                39.88348503178649
              ],
              [
                -75.28733264387529,
                39.88349088688936
              ],
              [
                -75.28732630895591,
                39.88350257021009
              ],
              [
                -75.28732427786505,
                39.88350622844219
              ],
              [
                -75.2873224300305,
                39.883509723994145
              ],
              [
                -75.28732189912617,
                39.88351070076337
              ],
              [
                -75.28731404785059,
                39.883525179280824
              ],
              [
                -75.28729940261653,
                39.88356058835599
              ],
              [
                -75.28728882046246,
                39.88359684941376
              ],
              [
                -75.28728551017065,
                39.883615778169116
              ],
              [
                -75.28728524876091,
                39.883617180247875
              ],
              [
                -75.28728503047027,
                39.8836185202877
              ],
              [
                -75.28728238044019,
                39.88363368189927
              ],
              [
                -75.28728203818208,
                39.88364009671783
              ],
              [
                -75.28728131324165,
                39.88364776678865
              ],
              [
                -75.28728076257437,
                39.88365544030526
              ],
              [
                -75.28728038707858,
                39.8836631207142
              ],
              [
                -75.28728014543178,
                39.88367556777245
              ],
              [
                -75.28727051189865,
                39.88383377005189
              ],
              [
                -75.28721634348396,
                39.88381214653497
              ],
              [
                -75.28723227382058,
                39.88371065533422
              ],
              [
                -75.28726427407896,
                39.88350665543696
              ],
              [
                -75.2872842742336,
                39.88338465549548
              ],
              [
                -75.28745827455131,
                39.88315965513977
              ],
              [
                -75.28762227474692,
                39.88303165471762
              ],
              [
                -75.28778527493921,
                39.88290565429682
              ],
              [
                -75.28786627503501,
                39.8828426540881
              ],
              [
                -75.28828927513511,
                39.882841652658854
              ],
              [
                -75.2889192752836,
                39.88284065052959
              ],
              [
                -75.28905327543978,
                39.882736650184334
              ],
              [
                -75.28912227553379,
                39.88267165001841
              ],
              [
                -75.28920727561932,
                39.882616649788034
              ],
              [
                -75.28924712677556,
                39.8825857539481
              ],
              [
                -75.28917356228534,
                39.88268474053468
              ],
              [
                -75.28912637917337,
                39.882750119345516
              ],
              [
                -75.289097945698,
                39.882789519348
              ],
              [
                -75.28907181280805,
                39.88281586274899
              ],
              [
                -75.28904138956433,
                39.882838100498034
              ],
              [
                -75.28900682418883,
                39.882856398727206
              ],
              [
                -75.28896896918276,
                39.882870305240196
              ],
              [
                -75.28892875699738,
                39.88287947813296
              ],
              [
                -75.28888717577952,
                39.88288369268625
              ],
              [
                -75.28838438602004,
                39.88286819589519
              ],
              [
                -75.28838380930164,
                39.8828681759047
              ],
              [
                -75.28827272543022,
                39.882857937308515
              ],
              [
                -75.28813732685903,
                39.882843477951354
              ],
              [
                -75.28807665015316,
                39.882848449389726
              ],
              [
                -75.28802111091241,
                39.88284400390915
              ]
            ]
          ],
          [
            [
              [
                -75.31508911272337,
                39.884567300142976
              ],
              [
                -75.315065,
                39.8845839
              ],
              [
                -75.31477101454753,
                39.88427414033892
              ],
              [
                -75.3144080273371,
                39.883939610726465
              ],
              [
                -75.31451878332342,
                39.88387442261239
              ],
              [
                -75.31455364604129,
                39.88390897261699
              ],
              [
                -75.31462675004077,
                39.88395627704716
              ],
              [
                -75.31469741960588,
                39.88399955514383
              ],
              [
                -75.314826666514,
                39.884063979376286
              ],
              [
                -75.31494683414955,
                39.884094414757634
              ],
              [
                -75.31507767556731,
                39.884115139043566
              ],
              [
                -75.31517823028528,
                39.88411731659246
              ],
              [
                -75.31530736580231,
                39.88411415125378
              ],
              [
                -75.31548671894036,
                39.884078279244015
              ],
              [
                -75.31572504378187,
                39.88398205751703
              ],
              [
                -75.3158380859806,
                39.88392487035577
              ],
              [
                -75.31601004688218,
                39.88409159959051
              ],
              [
                -75.31513697066427,
                39.88461140610031
              ],
              [
                -75.31508911272337,
                39.884567300142976
              ]
            ]
          ],
          [
            [
              [
                -75.3202845,
                39.885787600000015
              ],
              [
                -75.3200029,
                39.885883
              ],
              [
                -75.31998,
                39.885867
              ],
              [
                -75.3197518,
                39.88563739999998
              ],
              [
                -75.3201102,
                39.88521409999998
              ],
              [
                -75.3204574,
                39.88489329999999
              ],
              [
                -75.3219047,
                39.88398249999999
              ],
              [
                -75.3226079,
                39.8835353
              ],
              [
                -75.32260945779025,
                39.88353678189919
              ],
              [
                -75.32261270374633,
                39.88353462230012
              ],
              [
                -75.32315430970922,
                39.88405420349008
              ],
              [
                -75.32316535512395,
                39.884065597518024
              ],
              [
                -75.3232237,
                39.88412109999999
              ],
              [
                -75.32322092256094,
                39.88412291876364
              ],
              [
                -75.32322358868224,
                39.88412566903256
              ],
              [
                -75.32306437052667,
                39.884225434477635
              ],
              [
                -75.3217531,
                39.885084099999986
              ],
              [
                -75.3207818,
                39.88558939999998
              ],
              [
                -75.3202845,
                39.885787600000015
              ]
            ]
          ],
          [
            [
              [
                -75.33496866845833,
                39.88571404724241
              ],
              [
                -75.33537041391803,
                39.88588595909473
              ],
              [
                -75.33541839024238,
                39.88598239045325
              ],
              [
                -75.3354633419392,
                39.88607274001582
              ],
              [
                -75.33550898174553,
                39.886164472875016
              ],
              [
                -75.3355551704225,
                39.88625730917175
              ],
              [
                -75.33559499902724,
                39.886357181649835
              ],
              [
                -75.33545441538023,
                39.88640707682141
              ],
              [
                -75.33511915423472,
                39.88652606314195
              ],
              [
                -75.33436454154828,
                39.88678751373092
              ],
              [
                -75.33423486524546,
                39.886816676165466
              ],
              [
                -75.33412169728258,
                39.88655786222721
              ],
              [
                -75.33405952757674,
                39.886411103670184
              ],
              [
                -75.333793459166,
                39.88578299166643
              ],
              [
                -75.33381350417324,
                39.885762411948214
              ],
              [
                -75.33395268016021,
                39.88568343818714
              ],
              [
                -75.33414989270442,
                39.88564678877817
              ],
              [
                -75.33433643416137,
                39.885608852424774
              ],
              [
                -75.33437199217526,
                39.88560162165808
              ],
              [
                -75.3343751506518,
                39.88560085308747
              ],
              [
                -75.33437661580403,
                39.88560095923984
              ],
              [
                -75.33465807235558,
                39.88562137633152
              ],
              [
                -75.33496866845833,
                39.88571404724241
              ]
            ]
          ],
          [
            [
              [
                -75.3283476,
                39.8869964
              ],
              [
                -75.3285854,
                39.88682489999997
              ],
              [
                -75.32900919999999,
                39.88718159999997
              ],
              [
                -75.32876249999998,
                39.8873532
              ],
              [
                -75.3283476,
                39.8869964
              ]
            ]
          ],
          [
            [
              [
                -75.33393850000002,
                39.8890218
              ],
              [
                -75.33361880000001,
                39.8891195
              ],
              [
                -75.333509,
                39.8891458
              ],
              [
                -75.333362,
                39.88915989999998
              ],
              [
                -75.3332251,
                39.889161
              ],
              [
                -75.3330726,
                39.889140799999986
              ],
              [
                -75.3328867,
                39.88908360000002
              ],
              [
                -75.3327255,
                39.8890283
              ],
              [
                -75.3325933,
                39.88892640000001
              ],
              [
                -75.3324786,
                39.8888215
              ],
              [
                -75.3323944,
                39.88869020000001
              ],
              [
                -75.3322829,
                39.88846869999997
              ],
              [
                -75.3333133,
                39.88811530000001
              ],
              [
                -75.3333568,
                39.88805239999997
              ],
              [
                -75.3334594,
                39.888021099999975
              ],
              [
                -75.3335584,
                39.8880526
              ],
              [
                -75.3335925,
                39.88813189999997
              ],
              [
                -75.3335643,
                39.88820769999998
              ],
              [
                -75.33393850000002,
                39.8890218
              ]
            ]
          ],
          [
            [
              [
                -75.3351433,
                39.88900469999998
              ],
              [
                -75.334611,
                39.889165699999985
              ],
              [
                -75.334137,
                39.88824289999999
              ],
              [
                -75.3346693,
                39.88808189999999
              ],
              [
                -75.3351433,
                39.88900469999998
              ]
            ]
          ],
          [
            [
              [
                -75.2961968,
                39.8849677
              ],
              [
                -75.2958774,
                39.8849685
              ],
              [
                -75.2958758,
                39.88458159999996
              ],
              [
                -75.2961953,
                39.88458079999998
              ],
              [
                -75.2961968,
                39.8849677
              ]
            ]
          ],
          [
            [
              [
                -75.31643884959821,
                39.887663306385235
              ],
              [
                -75.31654898574699,
                39.88779248082608
              ],
              [
                -75.31669570129415,
                39.88796456185377
              ],
              [
                -75.3168098502173,
                39.88809844417053
              ],
              [
                -75.31690168498879,
                39.88820615171042
              ],
              [
                -75.31699906506053,
                39.88832036582451
              ],
              [
                -75.31706739810757,
                39.888400511068866
              ],
              [
                -75.31715681281767,
                39.888505382470164
              ],
              [
                -75.31712422822737,
                39.88852515353875
              ],
              [
                -75.31707655553357,
                39.888512627405355
              ],
              [
                -75.31697441708577,
                39.888485787849554
              ],
              [
                -75.31685279417944,
                39.88845382767958
              ],
              [
                -75.31672379071478,
                39.888419929949386
              ],
              [
                -75.31658024352562,
                39.888382208805155
              ],
              [
                -75.31645698388883,
                39.88840906149768
              ],
              [
                -75.31633298673525,
                39.88843833352608
              ],
              [
                -75.3163232984049,
                39.88844330042312
              ],
              [
                -75.31620888178381,
                39.88850193886832
              ],
              [
                -75.31609062486483,
                39.88856254444342
              ],
              [
                -75.31593924526474,
                39.88864012669728
              ],
              [
                -75.31585649066413,
                39.88876070548968
              ],
              [
                -75.31580946924893,
                39.888846742774525
              ],
              [
                -75.3157689740942,
                39.88892948938841
              ],
              [
                -75.31572877538356,
                39.88901020394418
              ],
              [
                -75.31571714130231,
                39.88903356043136
              ],
              [
                -75.31571550547018,
                39.88903613966645
              ],
              [
                -75.3157011539852,
                39.88905876690116
              ],
              [
                -75.31565793603689,
                39.88912690841356
              ],
              [
                -75.31563202233589,
                39.889188758248544
              ],
              [
                -75.31560473960239,
                39.88925484907066
              ],
              [
                -75.31559960123896,
                39.889267297181576
              ],
              [
                -75.31557824199646,
                39.88931930076028
              ],
              [
                -75.31554855986283,
                39.88939030727949
              ],
              [
                -75.31552269467086,
                39.88945505591379
              ],
              [
                -75.31549718521173,
                39.889518909825405
              ],
              [
                -75.31546888917862,
                39.889583787919314
              ],
              [
                -75.31543860786871,
                39.889655464814766
              ],
              [
                -75.31541184795469,
                39.889718973909886
              ],
              [
                -75.31538560906357,
                39.88978124365858
              ],
              [
                -75.31535898389686,
                39.8898475703251
              ],
              [
                -75.31533221589804,
                39.88991425465212
              ],
              [
                -75.31529812573132,
                39.889999173203975
              ],
              [
                -75.31527841399904,
                39.890060254420675
              ],
              [
                -75.31525693887384,
                39.89012679724341
              ],
              [
                -75.31523453578897,
                39.890196217640224
              ],
              [
                -75.31521264384551,
                39.89026405199319
              ],
              [
                -75.31519158733524,
                39.89032930295719
              ],
              [
                -75.31516969449346,
                39.89039713924618
              ],
              [
                -75.31514604005538,
                39.89047043710119
              ],
              [
                -75.3151269849916,
                39.89053058258376
              ],
              [
                -75.31509913092957,
                39.89061850757223
              ],
              [
                -75.31508529238262,
                39.89071292035442
              ],
              [
                -75.3150840634873,
                39.89072757724501
              ],
              [
                -75.31508316876528,
                39.89074224653892
              ],
              [
                -75.31508260462329,
                39.890756926168514
              ],
              [
                -75.31508237555289,
                39.890771611998176
              ],
              [
                -75.31508247706252,
                39.89078629782465
              ],
              [
                -75.31508362870272,
                39.8908148278957
              ],
              [
                -75.31508471746082,
                39.89082960607225
              ],
              [
                -75.31508614039224,
                39.89084436770364
              ],
              [
                -75.31508789839525,
                39.89085910727587
              ],
              [
                -75.31508999057158,
                39.890873822721254
              ],
              [
                -75.31509241602284,
                39.89088850576886
              ],
              [
                -75.31509807361246,
                39.89091692620705
              ],
              [
                -75.31475545795975,
                39.89096200918334
              ],
              [
                -75.31471454059687,
                39.89110718858574
              ],
              [
                -75.31448134882969,
                39.89120995262986
              ],
              [
                -75.31448327452199,
                39.89114255520706
              ],
              [
                -75.31452327458346,
                39.89108455513343
              ],
              [
                -75.3145332745976,
                39.891071555113434
              ],
              [
                -75.31471827476676,
                39.89094455462178
              ],
              [
                -75.31477527487431,
                39.89083655454403
              ],
              [
                -75.3147822748873,
                39.89082355453421
              ],
              [
                -75.31481327499753,
                39.890700554560716
              ],
              [
                -75.31483227506392,
                39.890626554575455
              ],
              [
                -75.31495427536758,
                39.8903025545085
              ],
              [
                -75.31500527549059,
                39.890171554475806
              ],
              [
                -75.31509727571898,
                39.88992655442615
              ],
              [
                -75.31512427578353,
                39.88985755440845
              ],
              [
                -75.31516027593683,
                39.889681554474826
              ],
              [
                -75.31521227606088,
                39.88954855444096
              ],
              [
                -75.31549527671892,
                39.88884155423887
              ],
              [
                -75.31549527672608,
                39.88883251668395
              ],
              [
                -75.3154952767261,
                39.88883251668402
              ],
              [
                -75.31549527675392,
                39.88879755428596
              ],
              [
                -75.31548057563225,
                39.88876867712762
              ],
              [
                -75.31548057563693,
                39.88876867714793
              ],
              [
                -75.31546727678865,
                39.88874255443977
              ],
              [
                -75.31542627685747,
                39.88863955468907
              ],
              [
                -75.31541027701498,
                39.88843555496178
              ],
              [
                -75.31541927713906,
                39.88828355509407
              ],
              [
                -75.31543527727962,
                39.88811355522194
              ],
              [
                -75.31550027738682,
                39.88800455511847
              ],
              [
                -75.31567327764243,
                39.887750554804434
              ],
              [
                -75.31575727776423,
                39.88762955464951
              ],
              [
                -75.31585027786396,
                39.88753955443094
              ],
              [
                -75.3159802779668,
                39.88745955407627
              ],
              [
                -75.31610427803128,
                39.88742555369272
              ],
              [
                -75.31615727805524,
                39.88741555352389
              ],
              [
                -75.31621627806767,
                39.887422553316526
              ],
              [
                -75.31619008996904,
                39.8873945210893
              ],
              [
                -75.31619008996009,
                39.8873945211028
              ],
              [
                -75.31616249638711,
                39.887364984424835
              ],
              [
                -75.31616249639913,
                39.88736498441951
              ],
              [
                -75.31614527810584,
                39.887346553638515
              ],
              [
                -75.31613651903356,
                39.88733658645664
              ],
              [
                -75.31614975826506,
                39.88732977872138
              ],
              [
                -75.3161528933854,
                39.887327963148365
              ],
              [
                -75.3163034501287,
                39.88724071702026
              ],
              [
                -75.31659073944141,
                39.88752017168064
              ],
              [
                -75.31660328621098,
                39.887532858597986
              ],
              [
                -75.31643995638697,
                39.88766242837046
              ],
              [
                -75.31643884959821,
                39.887663306385235
              ]
            ]
          ],
          [
            [
              [
                -75.2987093,
                39.887860199999984
              ],
              [
                -75.2988001,
                39.88796519999998
              ],
              [
                -75.2995228,
                39.88872559999999
              ],
              [
                -75.2994573,
                39.88879830000001
              ],
              [
                -75.2993974,
                39.88873619999998
              ],
              [
                -75.2993263,
                39.888666
              ],
              [
                -75.2992314,
                39.88857860000001
              ],
              [
                -75.2991285,
                39.88849229999998
              ],
              [
                -75.2989915,
                39.888394799999986
              ],
              [
                -75.2989066,
                39.8883363
              ],
              [
                -75.29882440000002,
                39.88828420000002
              ],
              [
                -75.29872740000002,
                39.8882314
              ],
              [
                -75.298627,
                39.888186
              ],
              [
                -75.2985385,
                39.8881513
              ],
              [
                -75.298456,
                39.8881234
              ],
              [
                -75.2983777,
                39.888105699999976
              ],
              [
                -75.2983,
                39.888097499999986
              ],
              [
                -75.2981911,
                39.8880939
              ],
              [
                -75.2981465,
                39.888089399999984
              ],
              [
                -75.2981054,
                39.88808119999999
              ],
              [
                -75.2980753,
                39.888067699999986
              ],
              [
                -75.2980489,
                39.88804889999999
              ],
              [
                -75.2979084,
                39.8879127
              ],
              [
                -75.29780503953607,
                39.88771730980082
              ],
              [
                -75.29778531924875,
                39.88768512072268
              ],
              [
                -75.29756341561063,
                39.887210739342194
              ],
              [
                -75.29747323823084,
                39.8870775742173
              ],
              [
                -75.29734660631847,
                39.88693841478958
              ],
              [
                -75.29725109025095,
                39.88684675120555
              ],
              [
                -75.29727209811743,
                39.8868526268305
              ],
              [
                -75.29726880000001,
                39.88685019999998
              ],
              [
                -75.2973035,
                39.886794
              ],
              [
                -75.2974763,
                39.8868345
              ],
              [
                -75.2980636,
                39.88699909999998
              ],
              [
                -75.2982089,
                39.8871181
              ],
              [
                -75.2982926,
                39.88735769999999
              ],
              [
                -75.2987093,
                39.887860199999984
              ]
            ]
          ],
          [
            [
              [
                -75.33322310000001,
                39.889347399999984
              ],
              [
                -75.3340233,
                39.889106
              ],
              [
                -75.3341798,
                39.8894114
              ],
              [
                -75.3333796,
                39.8896529
              ],
              [
                -75.33322310000001,
                39.889347399999984
              ]
            ]
          ],
          [
            [
              [
                -75.3359338,
                39.8899827
              ],
              [
                -75.3354639,
                39.88978379999998
              ],
              [
                -75.3356964,
                39.8894604
              ],
              [
                -75.3361664,
                39.88965930000001
              ],
              [
                -75.3359338,
                39.8899827
              ]
            ]
          ],
          [
            [
              [
                -75.3366265,
                39.8916144
              ],
              [
                -75.3359316,
                39.8908806
              ],
              [
                -75.3365386,
                39.89054219999998
              ],
              [
                -75.3372335,
                39.89127610000003
              ],
              [
                -75.3366265,
                39.8916144
              ]
            ]
          ],
          [
            [
              [
                -75.32850947703663,
                39.8923780836731
              ],
              [
                -75.328734222046,
                39.892593438267575
              ],
              [
                -75.32881268808946,
                39.89266862502097
              ],
              [
                -75.32887627982839,
                39.892729557053094
              ],
              [
                -75.32892863274482,
                39.89277992728989
              ],
              [
                -75.32894282792296,
                39.89279358435698
              ],
              [
                -75.32901023211198,
                39.89285848071753
              ],
              [
                -75.32907826242675,
                39.892923980090586
              ],
              [
                -75.32935881796809,
                39.89319409946961
              ],
              [
                -75.32919673583969,
                39.893284309953515
              ],
              [
                -75.3287596551483,
                39.89286954696136
              ],
              [
                -75.32834152801112,
                39.89247275869683
              ],
              [
                -75.32850947703663,
                39.8923780836731
              ]
            ]
          ],
          [
            [
              [
                -75.30066355016515,
                39.8919463896021
              ],
              [
                -75.3025651578575,
                39.89113558205269
              ],
              [
                -75.30274161662369,
                39.891398220547444
              ],
              [
                -75.30091066951329,
                39.89219063621051
              ],
              [
                -75.30066355016515,
                39.8919463896021
              ]
            ]
          ],
          [
            [
              [
                -75.29481701245187,
                39.89329014906672
              ],
              [
                -75.29479531596184,
                39.893285341389394
              ],
              [
                -75.29482040450068,
                39.89328616327605
              ],
              [
                -75.29481701245187,
                39.89329014906672
              ]
            ]
          ],
          [
            [
              [
                -75.31575727040955,
                39.896914544700856
              ],
              [
                -75.31565527052406,
                39.896712545264
              ],
              [
                -75.31546016622954,
                39.896322338544934
              ],
              [
                -75.31562970019088,
                39.896218029230056
              ],
              [
                -75.31574635092211,
                39.896146614199054
              ],
              [
                -75.31584866004981,
                39.8960839787565
              ],
              [
                -75.31614929203943,
                39.895909757477874
              ],
              [
                -75.31604431581364,
                39.89567191438248
              ],
              [
                -75.31662486015084,
                39.895469956516415
              ],
              [
                -75.31681701158674,
                39.89540201635384
              ],
              [
                -75.31701348661412,
                39.89533254609298
              ],
              [
                -75.3171591295728,
                39.895468496097884
              ],
              [
                -75.31756206799517,
                39.895844613827464
              ],
              [
                -75.31815195121807,
                39.89639548410517
              ],
              [
                -75.31649880316027,
                39.89732658915925
              ],
              [
                -75.31597655114805,
                39.89737433899065
              ],
              [
                -75.31597227015033,
                39.897365543486515
              ],
              [
                -75.31581027034471,
                39.89702654440062
              ],
              [
                -75.31575727040955,
                39.896914544700856
              ]
            ]
          ],
          [
            [
              [
                -75.31833330000002,
                39.900139
              ],
              [
                -75.3203661,
                39.89889139999999
              ],
              [
                -75.320825,
                39.899325
              ],
              [
                -75.320929,
                39.899401
              ],
              [
                -75.32092602502856,
                39.89940275097795
              ],
              [
                -75.32089427093655,
                39.899408524547304
              ],
              [
                -75.32077327083468,
                39.8994685248944
              ],
              [
                -75.31989527001623,
                39.900003527306175
              ],
              [
                -75.3196239678253,
                39.90016908752717
              ],
              [
                -75.318885,
                39.900604
              ],
              [
                -75.31833330000002,
                39.900139
              ]
            ]
          ],
          [
            [
              [
                -75.3356061,
                39.8938927
              ],
              [
                -75.3350854,
                39.8938105
              ],
              [
                -75.3352834,
                39.8930721
              ],
              [
                -75.3358041,
                39.89315429999998
              ],
              [
                -75.3356061,
                39.8938927
              ]
            ]
          ],
          [
            [
              [
                -75.33782890701791,
                39.894117679054496
              ],
              [
                -75.33787536518946,
                39.893938433898406
              ],
              [
                -75.3379217586823,
                39.893759430189384
              ],
              [
                -75.3379682132606,
                39.893580184785655
              ],
              [
                -75.33799037380035,
                39.89349467380417
              ],
              [
                -75.33841522303081,
                39.893847173907105
              ],
              [
                -75.33839686775461,
                39.89435319800377
              ],
              [
                -75.33838331307528,
                39.89472702058438
              ],
              [
                -75.33838127210296,
                39.894776423082696
              ],
              [
                -75.33763815246228,
                39.894895699506215
              ],
              [
                -75.33768402223731,
                39.89470860766869
              ],
              [
                -75.33772989380898,
                39.89452151532047
              ],
              [
                -75.3377806998265,
                39.89431430225888
              ],
              [
                -75.33782890701791,
                39.894117679054496
              ]
            ]
          ],
          [
            [
              [
                -75.3284767,
                39.8986114
              ],
              [
                -75.3284884,
                39.898638199999986
              ],
              [
                -75.3284919,
                39.89867229999999
              ],
              [
                -75.3280052,
                39.899003
              ],
              [
                -75.3267492,
                39.8979072
              ],
              [
                -75.3267384,
                39.89788630000002
              ],
              [
                -75.3267649,
                39.8978737
              ],
              [
                -75.3268111,
                39.8978832
              ],
              [
                -75.3284767,
                39.8986114
              ]
            ]
          ],
          [
            [
              [
                -75.33886173423605,
                39.898584265730214
              ],
              [
                -75.3388618617968,
                39.89858439047007
              ],
              [
                -75.33886335702303,
                39.898590135909856
              ],
              [
                -75.33879290669985,
                39.89863104869382
              ],
              [
                -75.33886173423605,
                39.898584265730214
              ]
            ]
          ],
          [
            [
              [
                -75.33844255617883,
                39.90245607714573
              ],
              [
                -75.3384208,
                39.90247
              ],
              [
                -75.3382366,
                39.90237679999998
              ],
              [
                -75.3396584,
                39.901432600000014
              ],
              [
                -75.3399822,
                39.9012175
              ],
              [
                -75.33999061629738,
                39.901227344268506
              ],
              [
                -75.34004135784973,
                39.901197387491635
              ],
              [
                -75.34034286030682,
                39.90151001426055
              ],
              [
                -75.34037760893864,
                39.90154489029911
              ],
              [
                -75.34076048348915,
                39.90193026424412
              ],
              [
                -75.34087135715478,
                39.90204876327642
              ],
              [
                -75.34200898542721,
                39.90187489001505
              ],
              [
                -75.34195273292413,
                39.901975512260265
              ],
              [
                -75.34077811023167,
                39.902501262673574
              ],
              [
                -75.33996073584959,
                39.90316963794742
              ],
              [
                -75.34000772391468,
                39.90303275170998
              ],
              [
                -75.3398795,
                39.90312769999998
              ],
              [
                -75.33972580000001,
                39.9030763
              ],
              [
                -75.3399561,
                39.90279649999999
              ],
              [
                -75.3398324,
                39.90258160000002
              ],
              [
                -75.33925929482466,
                39.90237590030761
              ],
              [
                -75.33921535784427,
                39.90240889011042
              ],
              [
                -75.33917173475577,
                39.902365638107874
              ],
              [
                -75.33913827780381,
                39.90233246471316
              ],
              [
                -75.33898469330657,
                39.90227733995561
              ],
              [
                -75.33887648277639,
                39.90230914025479
              ],
              [
                -75.33876373253013,
                39.90233951516145
              ],
              [
                -75.33853235975062,
                39.90249688806971
              ],
              [
                -75.33844255617883,
                39.90245607714573
              ]
            ]
          ],
          [
            [
              [
                -75.34097252811702,
                39.906194356888676
              ],
              [
                -75.34092815313862,
                39.90622048112184
              ],
              [
                -75.34080252644108,
                39.90624235501702
              ],
              [
                -75.34069552720928,
                39.90630898273617
              ],
              [
                -75.34044402498085,
                39.90646585658328
              ],
              [
                -75.34027190238253,
                39.90656898313077
              ],
              [
                -75.34010518102278,
                39.906018570209156
              ],
              [
                -75.3398207,
                39.905341
              ],
              [
                -75.3411356,
                39.904984599999985
              ],
              [
                -75.34115024678103,
                39.90501640368384
              ],
              [
                -75.34130627470294,
                39.90497360793428
              ],
              [
                -75.3417074012234,
                39.90531935505154
              ],
              [
                -75.34190877476401,
                39.90550748051443
              ],
              [
                -75.34193015376947,
                39.90552748304009
              ],
              [
                -75.34168052902001,
                39.90568910725784
              ],
              [
                -75.34145177752445,
                39.90584048283788
              ],
              [
                -75.34121052866672,
                39.905991481148
              ],
              [
                -75.34093465334801,
                39.9061609840639
              ],
              [
                -75.34097252811702,
                39.906194356888676
              ]
            ]
          ],
          [
            [
              [
                -75.32728444807695,
                39.91319467965354
              ],
              [
                -75.32712353465674,
                39.913035459237406
              ],
              [
                -75.32689987840548,
                39.91285018428078
              ],
              [
                -75.32665988179923,
                39.91264742402608
              ],
              [
                -75.32648234235975,
                39.91249512847273
              ],
              [
                -75.32650089257037,
                39.91248255159784
              ],
              [
                -75.32659117145978,
                39.912421345668825
              ],
              [
                -75.32668614494489,
                39.91235695773595
              ],
              [
                -75.32681016455638,
                39.912272618113434
              ],
              [
                -75.32695515803314,
                39.91217390376685
              ],
              [
                -75.32696459932677,
                39.91216747645989
              ],
              [
                -75.32696742273171,
                39.91216555129944
              ],
              [
                -75.32701892943514,
                39.91213044088326
              ],
              [
                -75.32731021535254,
                39.91237906532061
              ],
              [
                -75.32746199110969,
                39.91226760264397
              ],
              [
                -75.3274962816007,
                39.91224229515388
              ],
              [
                -75.32752029087331,
                39.91222460147209
              ],
              [
                -75.32787747360669,
                39.91196138269589
              ],
              [
                -75.32883352630908,
                39.91277980910109
              ],
              [
                -75.32826762271436,
                39.91318636382889
              ],
              [
                -75.32850440604685,
                39.913390534293185
              ],
              [
                -75.32843849934939,
                39.913437430458075
              ],
              [
                -75.328410863578,
                39.913457028969226
              ],
              [
                -75.3283409045803,
                39.913506637072594
              ],
              [
                -75.32796511594076,
                39.913773125500505
              ],
              [
                -75.32785078735455,
                39.91367694959397
              ],
              [
                -75.32771173892834,
                39.91355997687131
              ],
              [
                -75.32759427073022,
                39.91345933787796
              ],
              [
                -75.32757566841732,
                39.91344340220298
              ],
              [
                -75.32752589097079,
                39.913400756615324
              ],
              [
                -75.3274671465411,
                39.913350427029314
              ],
              [
                -75.32744531927632,
                39.91333181861245
              ],
              [
                -75.32728444807695,
                39.91319467965354
              ]
            ]
          ],
          [
            [
              [
                -75.32275794246314,
                39.911197924629406
              ],
              [
                -75.32258486226074,
                39.911192938021046
              ],
              [
                -75.32241121522135,
                39.91118793143007
              ],
              [
                -75.32241784927974,
                39.911111657700644
              ],
              [
                -75.32245069527978,
                39.9107338680742
              ],
              [
                -75.32279423529896,
                39.910742865665235
              ],
              [
                -75.32331936076964,
                39.91075662044259
              ],
              [
                -75.3232790578544,
                39.91121294164289
              ],
              [
                -75.32275794246314,
                39.911197924629406
              ]
            ]
          ],
          [
            [
              [
                -75.32204373150664,
                39.91160245194587
              ],
              [
                -75.32237710619003,
                39.9116324699443
              ],
              [
                -75.32236983792104,
                39.911727211387834
              ],
              [
                -75.32182345471749,
                39.911710100499405
              ],
              [
                -75.321841694111,
                39.91152342734025
              ],
              [
                -75.32192331863101,
                39.91152886593493
              ],
              [
                -75.32204373150664,
                39.91160245194587
              ]
            ]
          ],
          [
            [
              [
                -75.2617753907858,
                39.915316367079186
              ],
              [
                -75.26191280697311,
                39.91502389607885
              ],
              [
                -75.26197223771567,
                39.91504218778278
              ],
              [
                -75.26204243476691,
                39.91506476853594
              ],
              [
                -75.26211208743909,
                39.9150871708295
              ],
              [
                -75.26218077082909,
                39.91510926237483
              ],
              [
                -75.26225336728046,
                39.91513199055273
              ],
              [
                -75.26227950017038,
                39.915139609558246
              ],
              [
                -75.2617753907858,
                39.915316367079186
              ]
            ]
          ],
          [
            [
              [
                -75.24710679781646,
                39.91702266095135
              ],
              [
                -75.24711307325738,
                39.91703723567945
              ],
              [
                -75.24710021317911,
                39.917028743119985
              ],
              [
                -75.24703721342856,
                39.916992743041725
              ],
              [
                -75.24699821358612,
                39.91696874299513
              ],
              [
                -75.24699445708298,
                39.916964697509414
              ],
              [
                -75.24702306405219,
                39.91694959543599
              ],
              [
                -75.24706496237533,
                39.91692747830277
              ],
              [
                -75.24708058677307,
                39.916962678583985
              ],
              [
                -75.24709297004927,
                39.91699087255615
              ],
              [
                -75.24710679781646,
                39.91702266095135
              ]
            ]
          ],
          [
            [
              [
                -75.348122,
                39.8981232
              ],
              [
                -75.3468358,
                39.8969116
              ],
              [
                -75.3482051,
                39.8970827
              ],
              [
                -75.348122,
                39.8981232
              ]
            ]
          ],
          [
            [
              [
                -75.35220002288091,
                39.90173497018618
              ],
              [
                -75.35212332292532,
                39.901752860914506
              ],
              [
                -75.35171097015876,
                39.901831180087946
              ],
              [
                -75.35110992536846,
                39.90195053244262
              ],
              [
                -75.3509384414723,
                39.90194687312737
              ],
              [
                -75.3510334967041,
                39.90141869750474
              ],
              [
                -75.35103170007352,
                39.901306008926426
              ],
              [
                -75.35100050607528,
                39.90114312770631
              ],
              [
                -75.35095977556198,
                39.90086589181941
              ],
              [
                -75.35092271825988,
                39.900397663441325
              ],
              [
                -75.35094953027617,
                39.900340226028604
              ],
              [
                -75.3512628051551,
                39.90029547243377
              ],
              [
                -75.3516951912508,
                39.900343277596924
              ],
              [
                -75.35178971557826,
                39.90019097743123
              ],
              [
                -75.35170997752037,
                39.89993208373939
              ],
              [
                -75.35241683961611,
                39.89968231649169
              ],
              [
                -75.35241820000002,
                39.89966639999999
              ],
              [
                -75.35258371176889,
                39.8996233528005
              ],
              [
                -75.35364346821879,
                39.89924889156779
              ],
              [
                -75.35478060331613,
                39.89919745512395
              ],
              [
                -75.35478651962059,
                39.90089356108485
              ],
              [
                -75.35373538922855,
                39.900901206483425
              ],
              [
                -75.35373908579594,
                39.90072597268682
              ],
              [
                -75.3534910852005,
                39.9007229728217
              ],
              [
                -75.353490197665,
                39.90065547065265
              ],
              [
                -75.35331853223113,
                39.900662802409634
              ],
              [
                -75.3533034,
                39.9006758
              ],
              [
                -75.35259931183903,
                39.90070186453621
              ],
              [
                -75.35267370003865,
                39.90157399545892
              ],
              [
                -75.35220002288091,
                39.90173497018618
              ]
            ]
          ],
          [
            [
              [
                -75.34920911897336,
                39.90037130750018
              ],
              [
                -75.3493469474874,
                39.90046194890498
              ],
              [
                -75.3490129206271,
                39.900801799007034
              ],
              [
                -75.34885090497406,
                39.900695386185284
              ],
              [
                -75.34920911897336,
                39.90037130750018
              ]
            ]
          ],
          [
            [
              [
                -75.3554544,
                39.90091339999998
              ],
              [
                -75.3554493,
                39.9012331
              ],
              [
                -75.3550368,
                39.90122920000001
              ],
              [
                -75.3550419,
                39.90090959999997
              ],
              [
                -75.3554544,
                39.90091339999998
              ]
            ]
          ],
          [
            [
              [
                -75.35546,
                39.90334809999999
              ],
              [
                -75.3552158,
                39.90311439999998
              ],
              [
                -75.355992,
                39.902637100000014
              ],
              [
                -75.3562362,
                39.902870799999974
              ],
              [
                -75.3556939,
                39.9032042
              ],
              [
                -75.3556845,
                39.90321
              ],
              [
                -75.35546,
                39.90334809999999
              ]
            ]
          ],
          [
            [
              [
                -75.3511851,
                39.90267589999998
              ],
              [
                -75.3513027,
                39.90257860000001
              ],
              [
                -75.3512756,
                39.902467500000014
              ],
              [
                -75.351176,
                39.902412
              ],
              [
                -75.3514657,
                39.902384199999986
              ],
              [
                -75.3530246,
                39.90402069999997
              ],
              [
                -75.3527725,
                39.9041442
              ],
              [
                -75.3525973,
                39.9042246
              ],
              [
                -75.352362,
                39.9042315
              ],
              [
                -75.352027,
                39.9041551
              ],
              [
                -75.351013,
                39.9029606
              ],
              [
                -75.3511941,
                39.9028495
              ],
              [
                -75.3511851,
                39.90267589999998
              ]
            ]
          ],
          [
            [
              [
                -75.3488711,
                39.9036186
              ],
              [
                -75.34983630000002,
                39.90360409999999
              ],
              [
                -75.3498631,
                39.9046555
              ],
              [
                -75.3488979,
                39.90467
              ],
              [
                -75.3488711,
                39.9036186
              ]
            ]
          ],
          [
            [
              [
                -75.35469750000001,
                39.9045992
              ],
              [
                -75.3545473,
                39.90467319999998
              ],
              [
                -75.3540592,
                39.9049407
              ],
              [
                -75.3533242,
                39.90416709999999
              ],
              [
                -75.35400020000002,
                39.9037679
              ],
              [
                -75.35469750000001,
                39.9045992
              ]
            ]
          ],
          [
            [
              [
                -75.3531794,
                39.9041835
              ],
              [
                -75.353909,
                39.905064199999956
              ],
              [
                -75.3532438,
                39.905294599999976
              ],
              [
                -75.3524445,
                39.9045786
              ],
              [
                -75.3531794,
                39.9041835
              ]
            ]
          ],
          [
            [
              [
                -75.34795840000001,
                39.905728299999986
              ],
              [
                -75.3480443,
                39.90544519999999
              ],
              [
                -75.3491,
                39.90560329999999
              ],
              [
                -75.3490227,
                39.9058864
              ],
              [
                -75.34795840000001,
                39.905728299999986
              ]
            ]
          ],
          [
            [
              [
                -75.3542329,
                39.9059856
              ],
              [
                -75.354249,
                39.9060596
              ],
              [
                -75.3537769,
                39.9063271
              ],
              [
                -75.3535248,
                39.90633939999998
              ],
              [
                -75.3533424,
                39.906273599999984
              ],
              [
                -75.3530903,
                39.9061337
              ],
              [
                -75.3531167,
                39.9060841
              ],
              [
                -75.35320189999999,
                39.90604190000001
              ],
              [
                -75.3532858,
                39.906044699999974
              ],
              [
                -75.3534061,
                39.9060139
              ],
              [
                -75.3534574,
                39.9059751
              ],
              [
                -75.3535071,
                39.9059157
              ],
              [
                -75.3535216,
                39.90586569999998
              ],
              [
                -75.353524,
                39.905762
              ],
              [
                -75.3534889,
                39.9056935
              ],
              [
                -75.3534332,
                39.90565219999998
              ],
              [
                -75.35346040000002,
                39.905607
              ],
              [
                -75.3535194,
                39.9055617
              ],
              [
                -75.3538359,
                39.905730399999975
              ],
              [
                -75.3540559,
                39.90580859999997
              ],
              [
                -75.3542329,
                39.9059856
              ]
            ]
          ],
          [
            [
              [
                -75.3556341,
                39.906284
              ],
              [
                -75.3555976,
                39.9063983
              ],
              [
                -75.3555291,
                39.9064811
              ],
              [
                -75.3554859,
                39.9064981
              ],
              [
                -75.3554207,
                39.9065067
              ],
              [
                -75.35534410000001,
                39.906511499999986
              ],
              [
                -75.3552615,
                39.9065066
              ],
              [
                -75.3551553,
                39.90649379999997
              ],
              [
                -75.3549859,
                39.9063957
              ],
              [
                -75.354936,
                39.906318099999986
              ],
              [
                -75.3548375,
                39.9062382
              ],
              [
                -75.3547676,
                39.90618849999998
              ],
              [
                -75.35477830000002,
                39.90605559999999
              ],
              [
                -75.3552245,
                39.90579249999998
              ],
              [
                -75.3555893,
                39.9061999
              ],
              [
                -75.3556237,
                39.90624189999998
              ],
              [
                -75.3556341,
                39.906284
              ]
            ]
          ],
          [
            [
              [
                -75.3528397,
                39.90717689999999
              ],
              [
                -75.3528388,
                39.9069232
              ],
              [
                -75.3527951,
                39.9069572
              ],
              [
                -75.3524303,
                39.9071794
              ],
              [
                -75.3524732,
                39.9077638
              ],
              [
                -75.3522349,
                39.90802119999997
              ],
              [
                -75.351582,
                39.90786179999997
              ],
              [
                -75.35195910000002,
                39.90660709999999
              ],
              [
                -75.3522612,
                39.9066406
              ],
              [
                -75.3524027,
                39.906604
              ],
              [
                -75.3525126,
                39.906554499999984
              ],
              [
                -75.3525803,
                39.9065029
              ],
              [
                -75.352602,
                39.9065381
              ],
              [
                -75.3526021,
                39.9064711
              ],
              [
                -75.3528864,
                39.9060102
              ],
              [
                -75.3529401,
                39.90610490000001
              ],
              [
                -75.3530473,
                39.906199499999985
              ],
              [
                -75.3532941,
                39.9063189
              ],
              [
                -75.3533263,
                39.9063724
              ],
              [
                -75.3531356,
                39.906490499999975
              ],
              [
                -75.3533555,
                39.906391699999986
              ],
              [
                -75.35347890000001,
                39.9065357
              ],
              [
                -75.353436,
                39.9066427
              ],
              [
                -75.3533287,
                39.9067044
              ],
              [
                -75.3532858,
                39.9067456
              ],
              [
                -75.3532643,
                39.906790899999976
              ],
              [
                -75.353259,
                39.90688139999999
              ],
              [
                -75.3531088,
                39.9070789
              ],
              [
                -75.3528397,
                39.90717689999999
              ]
            ],
            [
              [
                -75.3528487,
                39.906994299999965
              ],
              [
                -75.3528459,
                39.9065398
              ],
              [
                -75.3528388,
                39.9069232
              ],
              [
                -75.3528487,
                39.906994299999965
              ]
            ]
          ],
          [
            [
              [
                -75.35031104011158,
                39.91330545524435
              ],
              [
                -75.3497295390686,
                39.913371798418176
              ],
              [
                -75.34969620887661,
                39.913313811017886
              ],
              [
                -75.34983375621796,
                39.91304286074423
              ],
              [
                -75.35031135542025,
                39.9132184502699
              ],
              [
                -75.35031104011158,
                39.91330545524435
              ]
            ]
          ],
          [
            [
              [
                -75.34476623213948,
                39.91381563718698
              ],
              [
                -75.34510510810568,
                39.91353438804962
              ],
              [
                -75.34528673218479,
                39.913408013388214
              ],
              [
                -75.34546060470127,
                39.913273510782695
              ],
              [
                -75.34547485647326,
                39.91340738706786
              ],
              [
                -75.34550948203588,
                39.91373213720654
              ],
              [
                -75.34502085870844,
                39.91379038745739
              ],
              [
                -75.34476623213948,
                39.91381563718698
              ]
            ]
          ],
          [
            [
              [
                -75.25934574528459,
                39.9165348537328
              ],
              [
                -75.2593492183693,
                39.916537186900555
              ],
              [
                -75.2593735,
                39.91652539999997
              ],
              [
                -75.25943104883758,
                39.916595902159365
              ],
              [
                -75.25963565318634,
                39.916693018062745
              ],
              [
                -75.25993440051049,
                39.9168043529648
              ],
              [
                -75.2601043994915,
                39.91684778738995
              ],
              [
                -75.26027240331423,
                39.91688000095614
              ],
              [
                -75.26067279950436,
                39.91698698185619
              ],
              [
                -75.2610681947733,
                39.91700708368875
              ],
              [
                -75.26121965701842,
                39.91702935443984
              ],
              [
                -75.26123100004548,
                39.91703704213275
              ],
              [
                -75.26124251554913,
                39.91704457687025
              ],
              [
                -75.26125419993603,
                39.91705195451838
              ],
              [
                -75.26126605051127,
                39.91705917301028
              ],
              [
                -75.26127806278322,
                39.91706623303493
              ],
              [
                -75.26129023226038,
                39.91707313045859
              ],
              [
                -75.26130255624777,
                39.91707986252528
              ],
              [
                -75.26131503205043,
                39.91708642785711
              ],
              [
                -75.2613276542785,
                39.91709282507612
              ],
              [
                -75.26134041933868,
                39.91709905280451
              ],
              [
                -75.26135332363774,
                39.917105106219296
              ],
              [
                -75.26136636448072,
                39.91711098463156
              ],
              [
                -75.2613795346811,
                39.917116688730424
              ],
              [
                -75.26139283244224,
                39.91712221507091
              ],
              [
                -75.26140625327258,
                39.917127560897185
              ],
              [
                -75.2614197953755,
                39.91713272620928
              ],
              [
                -75.26143345066615,
                39.91713770894031
              ],
              [
                -75.26144721644954,
                39.917142507023264
              ],
              [
                -75.26146108823417,
                39.917147118391355
              ],
              [
                -75.26147506422335,
                39.91715154373349
              ],
              [
                -75.26148913812891,
                39.91715578029388
              ],
              [
                -75.26150330635758,
                39.91715982669456
              ],
              [
                -75.26151756172281,
                39.91716368362445
              ],
              [
                -75.26153190602126,
                39.91716734626083
              ],
              [
                -75.26155873780047,
                39.91717363392398
              ],
              [
                -75.26159155954603,
                39.91717555480975
              ],
              [
                -75.26161280290587,
                39.91717716496396
              ],
              [
                -75.26163400404491,
                39.91717905897933
              ],
              [
                -75.26165516116646,
                39.91718123961173
              ],
              [
                -75.26167626618576,
                39.9171836999712
              ],
              [
                -75.26169731191624,
                39.91718644901466
              ],
              [
                -75.26171828937473,
                39.91718947571828
              ],
              [
                -75.26173919856129,
                39.91719278766079
              ],
              [
                -75.26176002959441,
                39.91719637726339
              ],
              [
                -75.26178077349095,
                39.917200246592955
              ],
              [
                -75.26180142755597,
                39.91720439496046
              ],
              [
                -75.26182198550124,
                39.917208820987966
              ],
              [
                -75.26184243834362,
                39.91721352260832
              ],
              [
                -75.26186278338818,
                39.917218495687656
              ],
              [
                -75.26188300985513,
                39.9172237436709
              ],
              [
                -75.26190311594783,
                39.917229262423945
              ],
              [
                -75.26192309537805,
                39.9172350498798
              ],
              [
                -75.26194293826437,
                39.917241106038524
              ],
              [
                -75.26196264101351,
                39.91724742676604
              ],
              [
                -75.26198219733722,
                39.91725401068435
              ],
              [
                -75.26200160364229,
                39.91726085848234
              ],
              [
                -75.2620208509456,
                39.91726796671502
              ],
              [
                -75.26203993385715,
                39.917275329870414
              ],
              [
                -75.26205884788547,
                39.9172829486375
              ],
              [
                -75.26207758404735,
                39.91729082094922
              ],
              [
                -75.26209614054618,
                39.91729894404951
              ],
              [
                -75.2621145101954,
                39.91730731656038
              ],
              [
                -75.26213268670686,
                39.91731593228088
              ],
              [
                -75.26215066469067,
                39.91732479189993
              ],
              [
                -75.2621684405535,
                39.91733389197241
              ],
              [
                -75.2621860080072,
                39.91734322974245
              ],
              [
                -75.26220335806859,
                39.91735280176494
              ],
              [
                -75.2622204898394,
                39.917362605972826
              ],
              [
                -75.26223739703134,
                39.917372638921215
              ],
              [
                -75.26225407694953,
                39.917382897165005
              ],
              [
                -75.26227051791587,
                39.917393377948194
              ],
              [
                -75.26228672172697,
                39.91740407782574
              ],
              [
                -75.26230267850136,
                39.91741499541966
              ],
              [
                -75.2623183864424,
                39.917426123839974
              ],
              [
                -75.26233383926193,
                39.917437463086614
              ],
              [
                -75.26234903336665,
                39.91744900626968
              ],
              [
                -75.26236396157003,
                39.91746075407798
              ],
              [
                -75.2623786229738,
                39.91747269824365
              ],
              [
                -75.2623930112897,
                39.91748483876666
              ],
              [
                -75.26240712202618,
                39.917497172201976
              ],
              [
                -75.26242094979335,
                39.91750969372662
              ],
              [
                -75.2624344936929,
                39.91752239645071
              ],
              [
                -75.26244774653826,
                39.917535280374146
              ],
              [
                -75.2624607083295,
                39.917548341362924
              ],
              [
                -75.26256432540427,
                39.91769116463159
              ],
              [
                -75.26267234512223,
                39.9177918580367
              ],
              [
                -75.26274289161816,
                39.91787303052817
              ],
              [
                -75.26282336000634,
                39.918006108257146
              ],
              [
                -75.2628837196069,
                39.918081404233114
              ],
              [
                -75.26284024653704,
                39.91807302837203
              ],
              [
                -75.26281840669586,
                39.91806835368066
              ],
              [
                -75.2627966746525,
                39.91806338479688
              ],
              [
                -75.26277505849183,
                39.91805812585442
              ],
              [
                -75.2627626193607,
                39.91805491410042
              ],
              [
                -75.262785,
                39.918078
              ],
              [
                -75.262413,
                39.9179572
              ],
              [
                -75.2618695,
                39.9176964
              ],
              [
                -75.2610504,
                39.9173538
              ],
              [
                -75.2602138,
                39.91716719999999
              ],
              [
                -75.2598096,
                39.9170218
              ],
              [
                -75.2595414,
                39.9168899
              ],
              [
                -75.25931337808284,
                39.916588519329885
              ],
              [
                -75.25929967069366,
                39.91657303478425
              ],
              [
                -75.25921934334096,
                39.91649439623616
              ],
              [
                -75.25926870127425,
                39.91647527468652
              ],
              [
                -75.2593150238002,
                39.916517233503775
              ],
              [
                -75.25932252652944,
                39.916521083580015
              ],
              [
                -75.25932652582911,
                39.91652324838659
              ],
              [
                -75.25933047392476,
                39.916525464178264
              ],
              [
                -75.25933437081646,
                39.91652773508913
              ],
              [
                -75.25933821650419,
                39.91653005698522
              ],
              [
                -75.25934200919131,
                39.91653242986637
              ],
              [
                -75.25934574528459,
                39.9165348537328
              ]
            ]
          ],
          [
            [
              [
                -75.24739696622962,
                39.9178179061933
              ],
              [
                -75.24740910516407,
                39.91786774883489
              ],
              [
                -75.24741922917732,
                39.91790932028342
              ],
              [
                -75.24742153335603,
                39.91793679113032
              ],
              [
                -75.24741923816046,
                39.91797014443858
              ],
              [
                -75.24741731935902,
                39.917998010043824
              ],
              [
                -75.2474147672453,
                39.91803509412077
              ],
              [
                -75.24741153510689,
                39.91808205117999
              ],
              [
                -75.24740775948776,
                39.9181369066025
              ],
              [
                -75.24740362094924,
                39.9181970284919
              ],
              [
                -75.24739930005272,
                39.91825978427049
              ],
              [
                -75.24739498185116,
                39.91832253930257
              ],
              [
                -75.24739084151602,
                39.91838266171798
              ],
              [
                -75.24738706679518,
                39.91843751896657
              ],
              [
                -75.24738383465679,
                39.91848447506088
              ],
              [
                -75.24738128164476,
                39.91852155749646
              ],
              [
                -75.24737936463994,
                39.91854942494424
              ],
              [
                -75.24737706764776,
                39.91858277726516
              ],
              [
                -75.24737753477172,
                39.91861980935276
              ],
              [
                -75.24738003298651,
                39.91865990181841
              ],
              [
                -75.24738197065258,
                39.91869098324648
              ],
              [
                -75.24738341636716,
                39.91871418476798
              ],
              [
                -75.24737520935398,
                39.91868974190931
              ],
              [
                -75.24733920972608,
                39.91854274199409
              ],
              [
                -75.24734520991068,
                39.91843174211996
              ],
              [
                -75.24735521067691,
                39.91799474259012
              ],
              [
                -75.24734521108459,
                39.91778674278652
              ],
              [
                -75.24730521147775,
                39.917634742869716
              ],
              [
                -75.24730121152217,
                39.91761674288094
              ],
              [
                -75.24723721209646,
                39.917403742983296
              ],
              [
                -75.24717021259414,
                39.91723774303189
              ],
              [
                -75.24718809847262,
                39.917215385726514
              ],
              [
                -75.24719752945677,
                39.91723818475157
              ],
              [
                -75.2472185437462,
                39.917289291408565
              ],
              [
                -75.24723933705009,
                39.91734007971786
              ],
              [
                -75.24725931917527,
                39.917389061480684
              ],
              [
                -75.24727790801343,
                39.91743474988026
              ],
              [
                -75.24729452235462,
                39.91747565259169
              ],
              [
                -75.24730857649725,
                39.917510286249495
              ],
              [
                -75.2473279693276,
                39.917558062865275
              ],
              [
                -75.24734283554723,
                39.91759565702506
              ],
              [
                -75.2473511027428,
                39.91762960233233
              ],
              [
                -75.24736112255147,
                39.91767074331386
              ],
              [
                -75.24736766408338,
                39.91769759762098
              ],
              [
                -75.24737483263932,
                39.91772703076183
              ],
              [
                -75.24738231380903,
                39.917757752278
              ],
              [
                -75.24738979677535,
                39.91778847446947
              ],
              [
                -75.24739696622962,
                39.9178179061933
              ]
            ]
          ],
          [
            [
              [
                -75.2639195121638,
                39.91896803125525
              ],
              [
                -75.26385802517754,
                39.9189638030746
              ],
              [
                -75.26379632079899,
                39.91896520098543
              ],
              [
                -75.26377016904443,
                39.918960806074935
              ],
              [
                -75.26374343967316,
                39.91895972095435
              ],
              [
                -75.26371683247275,
                39.91896197249339
              ],
              [
                -75.26369104633251,
                39.918967501440896
              ],
              [
                -75.26366675948051,
                39.91897616173523
              ],
              [
                -75.26364460522898,
                39.91898772877271
              ],
              [
                -75.263542557511,
                39.91902747171781
              ],
              [
                -75.26353105638043,
                39.918998176239974
              ],
              [
                -75.26283427992693,
                39.91921291047211
              ],
              [
                -75.26274218554234,
                39.91906282111383
              ],
              [
                -75.26255001075022,
                39.91875264862574
              ],
              [
                -75.26244005785776,
                39.91863810009631
              ],
              [
                -75.2625315845071,
                39.91859382970911
              ],
              [
                -75.26255990299813,
                39.918628620575284
              ],
              [
                -75.26262732156019,
                39.91870225131999
              ],
              [
                -75.26269857772517,
                39.918773706915665
              ],
              [
                -75.26276433170901,
                39.91883469083231
              ],
              [
                -75.26283288484329,
                39.91889382137587
              ],
              [
                -75.26288113156058,
                39.91893861518301
              ],
              [
                -75.26296155593133,
                39.91901291320141
              ],
              [
                -75.26312856711569,
                39.91891730616023
              ],
              [
                -75.26317778850506,
                39.91893544662979
              ],
              [
                -75.26311567629136,
                39.91885300838818
              ],
              [
                -75.26329333520678,
                39.91876936779925
              ],
              [
                -75.26340051589828,
                39.91871834147805
              ],
              [
                -75.26346203432556,
                39.91874320632484
              ],
              [
                -75.2635273050158,
                39.9187615376845
              ],
              [
                -75.26359516824394,
                39.91877300899174
              ],
              [
                -75.26366441038604,
                39.91877741355982
              ],
              [
                -75.26368668321518,
                39.918631686486364
              ],
              [
                -75.26372825365327,
                39.918359716903886
              ],
              [
                -75.26390965944175,
                39.91838413749441
              ],
              [
                -75.26395898234074,
                39.91839064344973
              ],
              [
                -75.26396158116685,
                39.91839098655737
              ],
              [
                -75.26392602045803,
                39.91851638608839
              ],
              [
                -75.26389380058373,
                39.91864232002948
              ],
              [
                -75.2639710521049,
                39.918650446414304
              ],
              [
                -75.26396955910491,
                39.91866670951563
              ],
              [
                -75.2639733140628,
                39.91866674327511
              ],
              [
                -75.26396690637988,
                39.918746534727426
              ],
              [
                -75.26396712736543,
                39.918746651162984
              ],
              [
                -75.26397475316386,
                39.91878511070207
              ],
              [
                -75.26376104305947,
                39.91878370245302
              ],
              [
                -75.26370388685119,
                39.91885669367007
              ],
              [
                -75.26391724122274,
                39.91886777500638
              ],
              [
                -75.26398601983416,
                39.918880834363065
              ],
              [
                -75.26405642080297,
                39.91888687039622
              ],
              [
                -75.26412724487831,
                39.9188857783848
              ],
              [
                -75.26419727843617,
                39.91887758037536
              ],
              [
                -75.26426532402229,
                39.918862412780754
              ],
              [
                -75.2644331877079,
                39.91887006030786
              ],
              [
                -75.26460056450655,
                39.9188825492001
              ],
              [
                -75.26460255427492,
                39.91900657541273
              ],
              [
                -75.26432036739301,
                39.919002569081165
              ],
              [
                -75.26403840329333,
                39.91899304000506
              ],
              [
                -75.2639799202734,
                39.9189778228306
              ],
              [
                -75.2639195121638,
                39.91896803125525
              ]
            ]
          ],
          [
            [
              [
                -75.2564623,
                39.9210472
              ],
              [
                -75.2563228,
                39.9211398
              ],
              [
                -75.2561163,
                39.9211706
              ],
              [
                -75.2559044,
                39.9211192
              ],
              [
                -75.25598490000002,
                39.920748899999985
              ],
              [
                -75.2560439,
                39.920716
              ],
              [
                -75.2564865,
                39.9208292
              ],
              [
                -75.2564623,
                39.9210472
              ]
            ]
          ],
          [
            [
              [
                -75.2624206,
                39.9213319
              ],
              [
                -75.262675,
                39.9215464
              ],
              [
                -75.2623978,
                39.9217398
              ],
              [
                -75.2621434,
                39.9215253
              ],
              [
                -75.2624206,
                39.9213319
              ]
            ]
          ],
          [
            [
              [
                -75.2560841,
                39.92204689999997
              ],
              [
                -75.255824,
                39.921631399999974
              ],
              [
                -75.2570041,
                39.921234400000024
              ],
              [
                -75.2572509,
                39.921654
              ],
              [
                -75.2560841,
                39.92204689999997
              ]
            ]
          ],
          [
            [
              [
                -75.2558826,
                39.92176689999998
              ],
              [
                -75.2560014,
                39.92198639999999
              ],
              [
                -75.2557595,
                39.92206340000002
              ],
              [
                -75.2556407,
                39.921844
              ],
              [
                -75.2558826,
                39.92176689999998
              ]
            ]
          ],
          [
            [
              [
                -75.26137650000001,
                39.945502
              ],
              [
                -75.2615474,
                39.945484399999984
              ],
              [
                -75.2615666,
                39.9455936
              ],
              [
                -75.261121,
                39.94563959999998
              ],
              [
                -75.2611036,
                39.94554
              ],
              [
                -75.2613782,
                39.945511799999984
              ],
              [
                -75.26137650000001,
                39.945502
              ]
            ]
          ],
          [
            [
              [
                -74.9508459,
                40.083183
              ],
              [
                -74.9508972,
                40.0832027
              ],
              [
                -74.9508717,
                40.0832417
              ],
              [
                -74.9508204,
                40.083222
              ],
              [
                -74.9508459,
                40.083183
              ]
            ]
          ],
          [
            [
              [
                -74.9508054,
                40.083279699999984
              ],
              [
                -74.9507798,
                40.08331860000001
              ],
              [
                -74.9507285,
                40.08329889999999
              ],
              [
                -74.950754,
                40.08326
              ],
              [
                -74.9508054,
                40.083279699999984
              ]
            ]
          ],
          [
            [
              [
                -74.9508546,
                40.0833493
              ],
              [
                -74.9508033,
                40.08332959999996
              ],
              [
                -74.9508288,
                40.0832906
              ],
              [
                -74.9508801,
                40.083310300000015
              ],
              [
                -74.9508546,
                40.0833493
              ]
            ]
          ],
          [
            [
              [
                -74.9509253,
                40.0833977
              ],
              [
                -74.9508564,
                40.08349929999997
              ],
              [
                -74.9506309,
                40.0834096
              ],
              [
                -74.9506998,
                40.0833081
              ],
              [
                -74.9509253,
                40.0833977
              ]
            ]
          ],
          [
            [
              [
                -74.9512318,
                40.08422789999998
              ],
              [
                -74.9512502,
                40.0842715
              ],
              [
                -74.9511942,
                40.0842854
              ],
              [
                -74.9511758,
                40.0842418
              ],
              [
                -74.9512318,
                40.08422789999998
              ]
            ]
          ],
          [
            [
              [
                -74.9512598,
                40.0842908
              ],
              [
                -74.9512782,
                40.08433439999998
              ],
              [
                -74.9512222,
                40.0843482
              ],
              [
                -74.9512038,
                40.0843046
              ],
              [
                -74.9512598,
                40.0842908
              ]
            ]
          ],
          [
            [
              [
                -75.3835465,
                39.8570549
              ],
              [
                -75.3835638,
                39.8569146
              ],
              [
                -75.3837161,
                39.8569257
              ],
              [
                -75.3836988,
                39.857066
              ],
              [
                -75.3835465,
                39.8570549
              ]
            ]
          ],
          [
            [
              [
                -75.38642095120412,
                39.86643892597877
              ],
              [
                -75.3864542,
                39.8664299
              ],
              [
                -75.3864468,
                39.8671223
              ],
              [
                -75.3863753055782,
                39.867297113253926
              ],
              [
                -75.38635809594523,
                39.867397396795894
              ],
              [
                -75.38630434704685,
                39.86754802267413
              ],
              [
                -75.38623457071269,
                39.867641228489205
              ],
              [
                -75.386188,
                39.867755099999975
              ],
              [
                -75.38615634005751,
                39.867745727415226
              ],
              [
                -75.38615172148344,
                39.86775189681301
              ],
              [
                -75.38606308340378,
                39.867718119787995
              ],
              [
                -75.3843727,
                39.8672177
              ],
              [
                -75.38454049098054,
                39.86714026131281
              ],
              [
                -75.38457872111529,
                39.86704902173277
              ],
              [
                -75.38480547026604,
                39.86694164914621
              ],
              [
                -75.38500172430786,
                39.86684865018017
              ],
              [
                -75.38518309596034,
                39.866762772834
              ],
              [
                -75.38540147191435,
                39.866659273362174
              ],
              [
                -75.38550197363169,
                39.86662077146364
              ],
              [
                -75.38571484560794,
                39.866562022603624
              ],
              [
                -75.38576472366577,
                39.86654864920871
              ],
              [
                -75.38590821965094,
                39.86652014972042
              ],
              [
                -75.38611609699423,
                39.86647314836117
              ],
              [
                -75.38626409892885,
                39.866442773419095
              ],
              [
                -75.38642596995315,
                39.86641802542275
              ],
              [
                -75.38642095120412,
                39.86643892597877
              ]
            ]
          ],
          [
            [
              [
                -75.39259137439709,
                39.87402014495863
              ],
              [
                -75.39256987965959,
                39.87408972009502
              ],
              [
                -75.39252821139819,
                39.874066564566604
              ],
              [
                -75.3924985,
                39.874088399999984
              ],
              [
                -75.39208140397707,
                39.87381826858308
              ],
              [
                -75.39168709265347,
                39.8735991452801
              ],
              [
                -75.39134509593997,
                39.873424895122696
              ],
              [
                -75.39130861057262,
                39.87340630357704
              ],
              [
                -75.3912723,
                39.8733908
              ],
              [
                -75.3908154,
                39.873247
              ],
              [
                -75.3904954,
                39.87353119999999
              ],
              [
                -75.3902731,
                39.8734467
              ],
              [
                -75.39044108553244,
                39.87315462543161
              ],
              [
                -75.3905739012517,
                39.872835226708666
              ],
              [
                -75.39041049320994,
                39.872787806366226
              ],
              [
                -75.39041646970153,
                39.872759523193174
              ],
              [
                -75.39069996902204,
                39.872719146709805
              ],
              [
                -75.39080309471835,
                39.87270439703279
              ],
              [
                -75.39089060193062,
                39.872694167370526
              ],
              [
                -75.3909179,
                39.8726137
              ],
              [
                -75.3913431,
                39.8724978
              ],
              [
                -75.3918053,
                39.872471800000014
              ],
              [
                -75.39230633089521,
                39.87252866753583
              ],
              [
                -75.39231786988304,
                39.87252731861904
              ],
              [
                -75.39298746958185,
                39.872451987408375
              ],
              [
                -75.3933735,
                39.8723702
              ],
              [
                -75.39346655694757,
                39.87250495113607
              ],
              [
                -75.3937435402564,
                39.87272332259001
              ],
              [
                -75.39373907742608,
                39.87284968472902
              ],
              [
                -75.39372308136085,
                39.87287641137647
              ],
              [
                -75.3937556,
                39.8729235
              ],
              [
                -75.39273066974484,
                39.87356926749039
              ],
              [
                -75.39268635313007,
                39.873712713509164
              ],
              [
                -75.39271730000002,
                39.8739276
              ],
              [
                -75.39259137439709,
                39.87402014495863
              ]
            ],
            [
              [
                -75.3907438,
                39.87312690000001
              ],
              [
                -75.39074623029914,
                39.87311973613142
              ],
              [
                -75.39074384543547,
                39.87311852089624
              ],
              [
                -75.3907385338315,
                39.873125722832064
              ],
              [
                -75.3907438,
                39.87312690000001
              ]
            ]
          ],
          [
            [
              [
                -75.3932821,
                39.8739196
              ],
              [
                -75.3931946,
                39.87397639999998
              ],
              [
                -75.3931239,
                39.87391219999998
              ],
              [
                -75.3932114,
                39.87385530000001
              ],
              [
                -75.3932821,
                39.8739196
              ]
            ]
          ],
          [
            [
              [
                -75.39179715064883,
                39.87584541649539
              ],
              [
                -75.39228298740224,
                39.87550092844371
              ],
              [
                -75.39280595332302,
                39.87511451656139
              ],
              [
                -75.39297243270471,
                39.875247478106445
              ],
              [
                -75.39179571334438,
                39.8760901982191
              ],
              [
                -75.3917825377541,
                39.87609277035768
              ],
              [
                -75.39176843061088,
                39.87609304680574
              ],
              [
                -75.3917546028437,
                39.87609087313834
              ],
              [
                -75.39174176502,
                39.87608635690124
              ],
              [
                -75.39173057380816,
                39.876079733178194
              ],
              [
                -75.391721606825,
                39.876071337015425
              ],
              [
                -75.3917153177197,
                39.876061603421725
              ],
              [
                -75.3917120325807,
                39.876051030830496
              ],
              [
                -75.39171191939299,
                39.87604015559234
              ],
              [
                -75.39171498264812,
                39.876029543702145
              ],
              [
                -75.39172018299529,
                39.876017233824825
              ],
              [
                -75.39172650982982,
                39.8760043655333
              ],
              [
                -75.39173369994536,
                39.875991769551426
              ],
              [
                -75.3917397330308,
                39.87592229202896
              ],
              [
                -75.39179715064883,
                39.87584541649539
              ]
            ]
          ],
          [
            [
              [
                -75.3877101,
                39.87591059999998
              ],
              [
                -75.3871571,
                39.8758397
              ],
              [
                -75.38724,
                39.87568980000001
              ],
              [
                -75.38766090000001,
                39.87581029999997
              ],
              [
                -75.3877101,
                39.87591059999998
              ]
            ]
          ],
          [
            [
              [
                -75.38580652497089,
                39.87564085494871
              ],
              [
                -75.38581740087405,
                39.87563360589575
              ],
              [
                -75.38581965205215,
                39.87563210575882
              ],
              [
                -75.38583340166588,
                39.875624105257536
              ],
              [
                -75.38584790047457,
                39.87561685413465
              ],
              [
                -75.38586290413645,
                39.87561035652674
              ],
              [
                -75.38587852583925,
                39.875604730321605
              ],
              [
                -75.38589465239521,
                39.875599981724214
              ],
              [
                -75.38591115175203,
                39.8755961072876
              ],
              [
                -75.38592790353545,
                39.87559310494377
              ],
              [
                -75.3859449041522,
                39.875590982276286
              ],
              [
                -75.3859621536023,
                39.875589857172805
              ],
              [
                -75.38597940215406,
                39.87558960898825
              ],
              [
                -75.38599652943327,
                39.875590232896755
              ],
              [
                -75.38601365132259,
                39.87559185367987
              ],
              [
                -75.38603065104104,
                39.87559448167869
              ],
              [
                -75.38722340083761,
                39.87596660860361
              ],
              [
                -75.38742765168207,
                39.8760363549461
              ],
              [
                -75.3874547772104,
                39.87604110764969
              ],
              [
                -75.38748202670622,
                39.87604410514809
              ],
              [
                -75.38750952862864,
                39.87604560458667
              ],
              [
                -75.38753715362026,
                39.87604560527607
              ],
              [
                -75.38756077751562,
                39.87604410652692
              ],
              [
                -75.3878346540828,
                39.8764062327404
              ],
              [
                -75.38778740269883,
                39.87645510588971
              ],
              [
                -75.38770427709403,
                39.876429732778774
              ],
              [
                -75.38707552736206,
                39.876237108473454
              ],
              [
                -75.38697240346238,
                39.87620560793565
              ],
              [
                -75.38602414993332,
                39.87591410542399
              ],
              [
                -75.3858186513289,
                39.8758503574181
              ],
              [
                -75.38564140384189,
                39.87579560670702
              ],
              [
                -75.38578302863633,
                39.87566023332147
              ],
              [
                -75.38579440040951,
                39.87565023218182
              ],
              [
                -75.38580652497089,
                39.87564085494871
              ]
            ]
          ],
          [
            [
              [
                -75.391434,
                39.87763789999998
              ],
              [
                -75.39083127731804,
                39.87757978140382
              ],
              [
                -75.39075155657386,
                39.877580576087205
              ],
              [
                -75.39073812678608,
                39.87757079919972
              ],
              [
                -75.3906448,
                39.8775618
              ],
              [
                -75.3903227,
                39.8772631
              ],
              [
                -75.3911721,
                39.876668
              ],
              [
                -75.39170907734433,
                39.87709593345275
              ],
              [
                -75.39187979385834,
                39.87722582904926
              ],
              [
                -75.39266076221688,
                39.87670746804254
              ],
              [
                -75.39317498214002,
                39.877140392802936
              ],
              [
                -75.39315797523507,
                39.87715392820681
              ],
              [
                -75.39309392011036,
                39.87720489151539
              ],
              [
                -75.3929205,
                39.87734360000001
              ],
              [
                -75.3929205,
                39.877415374492394
              ],
              [
                -75.39398112712982,
                39.8783377
              ],
              [
                -75.39402470000002,
                39.87833769999999
              ],
              [
                -75.3940849,
                39.878392
              ],
              [
                -75.3933558,
                39.87889269999999
              ],
              [
                -75.3921029,
                39.87789320000001
              ],
              [
                -75.391434,
                39.87763789999998
              ]
            ]
          ],
          [
            [
              [
                -75.3912639,
                39.88194149999998
              ],
              [
                -75.3913832,
                39.8819065
              ],
              [
                -75.39148160000002,
                39.8821055
              ],
              [
                -75.3913638,
                39.882141
              ],
              [
                -75.3912639,
                39.88194149999998
              ]
            ]
          ],
          [
            [
              [
                -75.3911022,
                39.8819904
              ],
              [
                -75.3912215,
                39.88195529999998
              ],
              [
                -75.3913199,
                39.8821544
              ],
              [
                -75.391202,
                39.88218989999997
              ],
              [
                -75.3911022,
                39.8819904
              ]
            ]
          ],
          [
            [
              [
                -75.3909347,
                39.8820391
              ],
              [
                -75.391054,
                39.882004
              ],
              [
                -75.3911525,
                39.8822031
              ],
              [
                -75.3910346,
                39.88223859999998
              ],
              [
                -75.3909347,
                39.8820391
              ]
            ]
          ],
          [
            [
              [
                -75.3907724,
                39.8820888
              ],
              [
                -75.3908918,
                39.88205449999999
              ],
              [
                -75.3909883,
                39.8822528
              ],
              [
                -75.39086890000002,
                39.882287
              ],
              [
                -75.3907724,
                39.8820888
              ]
            ]
          ],
          [
            [
              [
                -75.3933811,
                39.8740108
              ],
              [
                -75.3932935,
                39.8740676
              ],
              [
                -75.3932228,
                39.8740034
              ],
              [
                -75.3933104,
                39.87394659999997
              ],
              [
                -75.3933811,
                39.8740108
              ]
            ]
          ],
          [
            [
              [
                -75.39660279999998,
                39.875450199999975
              ],
              [
                -75.39615490000001,
                39.87508420000001
              ],
              [
                -75.39669029999999,
                39.8746984
              ],
              [
                -75.3971382,
                39.875064399999985
              ],
              [
                -75.39660279999998,
                39.875450199999975
              ]
            ]
          ],
          [
            [
              [
                -75.47197496260608,
                39.88593186426529
              ],
              [
                -75.47209642291733,
                39.88584404906783
              ],
              [
                -75.47231600441042,
                39.88569415404633
              ],
              [
                -75.47315837351697,
                39.8850138859825
              ],
              [
                -75.47401998363857,
                39.88572573845594
              ],
              [
                -75.47409807688116,
                39.885790258257565
              ],
              [
                -75.47409545559717,
                39.885792011145085
              ],
              [
                -75.47389621106377,
                39.88592402970786
              ],
              [
                -75.47380629689036,
                39.88598360085903
              ],
              [
                -75.47283965484742,
                39.88666915580752
              ],
              [
                -75.4721108435726,
                39.88718602503178
              ],
              [
                -75.4715024999706,
                39.88666450585542
              ],
              [
                -75.47127555319047,
                39.886469948573435
              ],
              [
                -75.47131078511592,
                39.886444164214
              ],
              [
                -75.47129394709424,
                39.886424207814834
              ],
              [
                -75.47197496260608,
                39.88593186426529
              ]
            ]
          ],
          [
            [
              [
                -75.47474010000002,
                39.89233679999999
              ],
              [
                -75.4745424,
                39.8920773
              ],
              [
                -75.4747277,
                39.891994099999984
              ],
              [
                -75.4749255,
                39.89225359999999
              ],
              [
                -75.47474010000002,
                39.89233679999999
              ]
            ]
          ],
          [
            [
              [
                -75.3911596,
                39.882299
              ],
              [
                -75.3912276,
                39.8822383
              ],
              [
                -75.3915438,
                39.88214519999998
              ],
              [
                -75.3916265,
                39.88230039999998
              ],
              [
                -75.3912626,
                39.8825176
              ],
              [
                -75.3911651,
                39.8824612
              ],
              [
                -75.3911192,
                39.88239069999999
              ],
              [
                -75.3911596,
                39.882299
              ]
            ]
          ],
          [
            [
              [
                -75.38828843597189,
                39.88261923563666
              ],
              [
                -75.3884575,
                39.8825013
              ],
              [
                -75.3888313,
                39.8827633
              ],
              [
                -75.3896073,
                39.88330709999998
              ],
              [
                -75.3894114,
                39.8834773
              ],
              [
                -75.3873002,
                39.88488739999998
              ],
              [
                -75.38726143607101,
                39.88480324954466
              ],
              [
                -75.38715709438985,
                39.884869645610316
              ],
              [
                -75.3864737208004,
                39.8837041435407
              ],
              [
                -75.38673921967926,
                39.883512019436274
              ],
              [
                -75.38695621941423,
                39.8833766433605
              ],
              [
                -75.38720146936825,
                39.883223645807945
              ],
              [
                -75.38751221998123,
                39.88303227034472
              ],
              [
                -75.38781909705872,
                39.88282976858094
              ],
              [
                -75.38795547030199,
                39.88273377051265
              ],
              [
                -75.38821159615917,
                39.88256089327504
              ],
              [
                -75.38828843597189,
                39.88261923563666
              ]
            ]
          ],
          [
            [
              [
                -75.3889898,
                39.88576530000001
              ],
              [
                -75.3891773,
                39.8859902
              ],
              [
                -75.389016,
                39.88606929999999
              ],
              [
                -75.3888285,
                39.88584449999998
              ],
              [
                -75.3889898,
                39.88576530000001
              ]
            ]
          ],
          [
            [
              [
                -75.3807717,
                39.888774799999986
              ],
              [
                -75.3808057,
                39.8885617
              ],
              [
                -75.3809319,
                39.8885735
              ],
              [
                -75.3808979,
                39.8887867
              ],
              [
                -75.3807717,
                39.888774799999986
              ]
            ]
          ],
          [
            [
              [
                -75.4766979,
                39.89457239999999
              ],
              [
                -75.4766787,
                39.8942492
              ],
              [
                -75.4768899,
                39.89424179999999
              ],
              [
                -75.476909,
                39.8945651
              ],
              [
                -75.4766979,
                39.89457239999999
              ]
            ]
          ],
          [
            [
              [
                -75.4780224,
                39.899142
              ],
              [
                -75.47827520000001,
                39.8988787
              ],
              [
                -75.4784595,
                39.8989828
              ],
              [
                -75.4782067,
                39.89924619999998
              ],
              [
                -75.4780224,
                39.899142
              ]
            ]
          ],
          [
            [
              [
                -75.47325057390279,
                39.898292236723776
              ],
              [
                -75.47325253762001,
                39.898291942446754
              ],
              [
                -75.47325450852371,
                39.89829167573667
              ],
              [
                -75.47325648302072,
                39.89829143452598
              ],
              [
                -75.47325846470424,
                39.89829122088224
              ],
              [
                -75.47326045087934,
                39.89829103411625
              ],
              [
                -75.4732624406477,
                39.89829087353887
              ],
              [
                -75.47326443311098,
                39.8982907384609
              ],
              [
                -75.47326642826923,
                39.89829063094982
              ],
              [
                -75.4732684252241,
                39.89829055238406
              ],
              [
                -75.47327042667057,
                39.89829049862857
              ],
              [
                -75.47327242632039,
                39.89829047175077
              ],
              [
                -75.47327442597022,
                39.89829047243993
              ],
              [
                -75.47327642741666,
                39.89829049931776
              ],
              [
                -75.47327842526987,
                39.89829055376246
              ],
              [
                -75.47328042312304,
                39.8982906350849
              ],
              [
                -75.47328242007792,
                39.898290743285074
              ],
              [
                -75.47328441254122,
                39.89829087629553
              ],
              [
                -75.47328640141126,
                39.89829103894047
              ],
              [
                -75.47328838668804,
                39.89829122846313
              ],
              [
                -75.47329036747324,
                39.89829144210688
              ],
              [
                -75.47329234286855,
                39.89829168331757
              ],
              [
                -75.47329431377229,
                39.8982919520952
              ],
              [
                -75.4732962774895,
                39.8982922463722
              ],
              [
                -75.47329823312187,
                39.898292566148626
              ],
              [
                -75.47330018426267,
                39.89829291280283
              ],
              [
                -75.47330212462369,
                39.89829328564561
              ],
              [
                -75.47330405510323,
                39.898293686055325
              ],
              [
                -75.47330597839627,
                39.8982941105861
              ],
              [
                -75.47330789180779,
                39.898294561305484
              ],
              [
                -75.47330979264297,
                39.8982950368351
              ],
              [
                -75.47331168449493,
                39.898295539931595
              ],
              [
                -75.47331356556712,
                39.898296067149175
              ],
              [
                -75.4733154322663,
                39.898296619866194
              ],
              [
                -75.47331728638905,
                39.898297196704256
              ],
              [
                -75.47331912793538,
                39.89829780042008
              ],
              [
                -75.47332095600697,
                39.898298426878576
              ],
              [
                -75.47332276880721,
                39.89829907745819
              ],
              [
                -75.47332456453947,
                39.89829975422634
              ],
              [
                -75.47332634769532,
                39.8983004544264
              ],
              [
                -75.47332811557978,
                39.898301175990824
              ],
              [
                -75.47332986370134,
                39.898301923743794
              ],
              [
                -75.4733315947549,
                39.89830269630702
              ],
              [
                -75.4733333105371,
                39.89830348816709
              ],
              [
                -75.47333500655634,
                39.89830430552651
              ],
              [
                -75.47333668371097,
                39.898305146317874
              ],
              [
                -75.47333834289931,
                39.89830600778442
              ],
              [
                -75.47333997962976,
                39.89830689199359
              ],
              [
                -75.47334159839389,
                39.898307798256404
              ],
              [
                -75.47334319559847,
                39.898308726572715
              ],
              [
                -75.4733447721418,
                39.898309674874994
              ],
              [
                -75.4733463253289,
                39.8983106445416
              ],
              [
                -75.47334785785479,
                39.898311634883484
              ],
              [
                -75.47334936702447,
                39.89831264590051
              ],
              [
                -75.47335085463459,
                39.89831367759267
              ],
              [
                -75.47335231799018,
                39.89831472927094
              ],
              [
                -75.47335375529462,
                39.89831579955677
              ],
              [
                -75.4733551701412,
                39.89831688982863
              ],
              [
                -75.47335655983495,
                39.898317997329805
              ],
              [
                -75.47335792257923,
                39.898319124127816
              ],
              [
                -75.47335926286563,
                39.89832026953345
              ],
              [
                -75.47336057440596,
                39.89832143216846
              ],
              [
                -75.4733618580985,
                39.898322613411054
              ],
              [
                -75.47336311753652,
                39.89832381188297
              ],
              [
                -75.47336434912678,
                39.89832502620584
              ],
              [
                -75.47336555107263,
                39.89832625706885
              ],
              [
                -75.47336672696733,
                39.898327502404506
              ],
              [
                -75.47336787411597,
                39.898328765658576
              ],
              [
                -75.47336899251847,
                39.89833004200698
              ],
              [
                -75.47337008307323,
                39.89833133627381
              ],
              [
                -75.47337114128862,
                39.89833264294572
              ],
              [
                -75.47337217255458,
                39.898333963401086
              ],
              [
                -75.47337316968455,
                39.89833529763986
              ],
              [
                -75.47337413806844,
                39.89833664566213
              ],
              [
                -75.47337542176096,
                39.898338751085305
              ],
              [
                -75.4733761817357,
                39.89834007912147
              ],
              [
                -75.47337691206602,
                39.89834141404933
              ],
              [
                -75.47337761275195,
                39.89834276344975
              ],
              [
                -75.47337828379348,
                39.89834411836355
              ],
              [
                -75.47337892249563,
                39.89834548361491
              ],
              [
                -75.47337953065508,
                39.898346856447134
              ],
              [
                -75.47338010647518,
                39.89834823892784
              ],
              [
                -75.47338065354919,
                39.898349627610976
              ],
              [
                -75.47338116558889,
                39.898351023875
              ],
              [
                -75.47338164888251,
                39.89835242634157
              ],
              [
                -75.4733820998368,
                39.898353836389
              ],
              [
                -75.47338251665508,
                39.89835525057145
              ],
              [
                -75.47338290293065,
                39.898356670956424
              ],
              [
                -75.47338325686687,
                39.898358096165545
              ],
              [
                -75.47338357936206,
                39.89835952550974
              ],
              [
                -75.47338386772128,
                39.89836095829966
              ],
              [
                -75.47338412463947,
                39.898362396603
              ],
              [
                -75.47338434742163,
                39.89836383835221
              ],
              [
                -75.47338454055942,
                39.898365280101345
              ],
              [
                -75.47338469866291,
                39.89836672667465
              ],
              [
                -75.47338482532537,
                39.89836817462626
              ],
              [
                -75.47338491785183,
                39.898369623267065
              ],
              [
                -75.47338497803895,
                39.89837107466447
              ],
              [
                -75.47338500588674,
                39.898372526061905
              ],
              [
                -75.4733849978019,
                39.89837397539175
              ],
              [
                -75.47338496007266,
                39.898375426099925
              ],
              [
                -75.47338488820743,
                39.89837687680808
              ],
              [
                -75.4733847857995,
                39.89837832475946
              ],
              [
                -75.47338464656063,
                39.898379772710854
              ],
              [
                -75.47338447677902,
                39.8983812179055
              ],
              [
                -75.47338427465809,
                39.898382659654295
              ],
              [
                -75.47338403840118,
                39.89838409933548
              ],
              [
                -75.47338377160155,
                39.89838553626003
              ],
              [
                -75.47338347156423,
                39.89838696836034
              ],
              [
                -75.47338313918758,
                39.898388396325494
              ],
              [
                -75.47338277357325,
                39.8983898208448
              ],
              [
                -75.4733823756196,
                39.89839123847239
              ],
              [
                -75.47338194712319,
                39.89839265196486
              ],
              [
                -75.47338148628745,
                39.89839405925478
              ],
              [
                -75.47338099131572,
                39.898395458963805
              ],
              [
                -75.47338046759792,
                39.8983968524702
              ],
              [
                -75.47337991333738,
                39.89839823839566
              ],
              [
                -75.47337932494088,
                39.89839961811858
              ],
              [
                -75.47337870420503,
                39.89840098888221
              ],
              [
                -75.47337805562137,
                39.898402349997426
              ],
              [
                -75.47337737559671,
                39.89840370284254
              ],
              [
                -75.47337666502933,
                39.89840504810673
              ],
              [
                -75.47337592391922,
                39.898406381655
              ],
              [
                -75.473375154063,
                39.8984077048656
              ],
              [
                -75.47337435186745,
                39.898409018427785
              ],
              [
                -75.47337352002751,
                39.89841032027401
              ],
              [
                -75.47337266033979,
                39.8984116110935
              ],
              [
                -75.47337177190596,
                39.8984128908862
              ],
              [
                -75.47337085203111,
                39.898414157584554
              ],
              [
                -75.47336990610512,
                39.89841541187784
              ],
              [
                -75.47336892963641,
                39.898416653765956
              ],
              [
                -75.47336792711656,
                39.8984178825598
              ],
              [
                -75.4733668958506,
                39.89841909688105
              ],
              [
                -75.4733658376352,
                39.8984202967296
              ],
              [
                -75.47336475336866,
                39.89842148417309
              ],
              [
                -75.47336364125432,
                39.898422653698056
              ],
              [
                -75.47336250219055,
                39.898423811507115
              ],
              [
                -75.47336133797394,
                39.89842495070846
              ],
              [
                -75.4733601486045,
                39.898426076126334
              ],
              [
                -75.47335893318393,
                39.89842718500407
              ],
              [
                -75.47335769261052,
                39.898428276652496
              ],
              [
                -75.47335642868092,
                39.89842935244999
              ],
              [
                -75.47335513959848,
                39.89843041101816
              ],
              [
                -75.47335382715985,
                39.898431451667825
              ],
              [
                -75.47335249046672,
                39.89843247439901
              ],
              [
                -75.47335113221399,
                39.89843347990084
              ],
              [
                -75.47334974970678,
                39.898434465416685
              ],
              [
                -75.47334834653832,
                39.89843543370325
              ],
              [
                -75.47334692091196,
                39.89843638131466
              ],
              [
                -75.47334547372603,
                39.89843731169671
              ],
              [
                -75.47334400498053,
                39.898438222092764
              ],
              [
                -75.47334251737043,
                39.89843911181365
              ],
              [
                -75.4733410099974,
                39.89843998085941
              ],
              [
                -75.47333948106477,
                39.89844083060831
              ],
              [
                -75.47333793416584,
                39.898441658992915
              ],
              [
                -75.47333637019892,
                39.89844246670224
              ],
              [
                -75.47333478826572,
                39.898443253047354
              ],
              [
                -75.47333318656956,
                39.89844401871728
              ],
              [
                -75.47333156960205,
                39.89844476302284
              ],
              [
                -75.47332993556655,
                39.898445483896566
              ],
              [
                -75.47332828446307,
                39.89844618340596
              ],
              [
                -75.47332661898652,
                39.898446860861846
              ],
              [
                -75.47325814759894,
                39.89849966587409
              ],
              [
                -75.47318148177935,
                39.89856946372636
              ],
              [
                -75.4726209123808,
                39.899317144242666
              ],
              [
                -75.47208157556231,
                39.89998396482675
              ],
              [
                -75.47066808095433,
                39.90141033338884
              ],
              [
                -75.47055767081937,
                39.90128323825809
              ],
              [
                -75.47050343922933,
                39.90121927919625
              ],
              [
                -75.47049834661593,
                39.90118601317992
              ],
              [
                -75.47043188289999,
                39.90113488766474
              ],
              [
                -75.47028262913726,
                39.90095886119616
              ],
              [
                -75.47036910276314,
                39.900140708433526
              ],
              [
                -75.46987689695435,
                39.89902174833753
              ],
              [
                -75.47040502189978,
                39.89893998287555
              ],
              [
                -75.47248333719166,
                39.898590670879805
              ],
              [
                -75.47303871971776,
                39.89839048520697
              ],
              [
                -75.4732363930977,
                39.89829519741246
              ],
              [
                -75.47323895868617,
                39.89829454890038
              ],
              [
                -75.47324087030108,
                39.89829409680265
              ],
              [
                -75.4732427944924,
                39.898293672961
              ],
              [
                -75.47324472766691,
                39.89829327461886
              ],
              [
                -75.47324666712962,
                39.89829290384359
              ],
              [
                -75.47324861647378,
                39.89829255650021
              ],
              [
                -75.47325057390279,
                39.898292236723776
              ]
            ]
          ],
          [
            [
              [
                -75.45786734074909,
                39.901642055619334
              ],
              [
                -75.45775234027252,
                39.90134005639063
              ],
              [
                -75.45774964040304,
                39.9013312818794
              ],
              [
                -75.4577483048514,
                39.90132231357263
              ],
              [
                -75.45774633988182,
                39.90105905676427
              ],
              [
                -75.45774518107791,
                39.90093624187725
              ],
              [
                -75.45776440712538,
                39.900832799638906
              ],
              [
                -75.4578350425545,
                39.900620497680386
              ],
              [
                -75.45790346273809,
                39.90066225601915
              ],
              [
                -75.45806302688877,
                39.90082744771688
              ],
              [
                -75.45828798390052,
                39.90146644468553
              ],
              [
                -75.458410627293,
                39.90145330344632
              ],
              [
                -75.45849205508193,
                39.901683467383684
              ],
              [
                -75.45842804742298,
                39.901696341192824
              ],
              [
                -75.4584436349898,
                39.901770914963926
              ],
              [
                -75.45844961703335,
                39.90177731121639
              ],
              [
                -75.4583943412711,
                39.90182005360049
              ],
              [
                -75.45832934123705,
                39.9018200538219
              ],
              [
                -75.45810234111948,
                39.901821054593846
              ],
              [
                -75.45786734074909,
                39.901642055619334
              ]
            ]
          ],
          [
            [
              [
                -75.56841001515527,
                39.90557655977414
              ],
              [
                -75.56841204337914,
                39.905576170052505
              ],
              [
                -75.5684141116335,
                39.905575934708054
              ],
              [
                -75.56841619999999,
                39.905575856007225
              ],
              [
                -75.56841828836647,
                39.90557593470804
              ],
              [
                -75.56842035662085,
                39.90557617005251
              ],
              [
                -75.5684223848447,
                39.90557655977416
              ],
              [
                -75.56842435350511,
                39.90557710011973
              ],
              [
                -75.56842624364282,
                39.905577785885434
              ],
              [
                -75.56842803705474,
                39.90557861046694
              ],
              [
                -75.56842971646935,
                39.905579565923084
              ],
              [
                -75.56843126571299,
                39.905580643052296
              ],
              [
                -75.56843266986559,
                39.905581831481186
              ],
              [
                -75.56843391540434,
                39.90558311976459
              ],
              [
                -75.56843499033408,
                39.90558449549561
              ],
              [
                -75.56843588430264,
                39.9055859454252
              ],
              [
                -75.56843658870062,
                39.90558745558972
              ],
              [
                -75.56843709674422,
                39.905589011445464
              ],
              [
                -75.56843740354078,
                39.90559059800869
              ],
              [
                -75.56843750613565,
                39.90559219999998
              ],
              [
                -75.56843740354078,
                39.905593801991195
              ],
              [
                -75.56843709674422,
                39.90559538855433
              ],
              [
                -75.56843658870062,
                39.90559694440992
              ],
              [
                -75.56843588430264,
                39.905598454574196
              ],
              [
                -75.5684349903341,
                39.90559990450349
              ],
              [
                -75.56843391540434,
                39.90560128023415
              ],
              [
                -75.56843266986559,
                39.90560256851722
              ],
              [
                -75.56843126571299,
                39.90560375694574
              ],
              [
                -75.56842971646935,
                39.90560483407456
              ],
              [
                -75.56842803705474,
                39.90560578953034
              ],
              [
                -75.56842624364282,
                39.90560661411149
              ],
              [
                -75.56842435350511,
                39.905607299876905
              ],
              [
                -75.5684223848447,
                39.90560784022224
              ],
              [
                -75.56842035662085,
                39.905608229943724
              ],
              [
                -75.56841828836647,
                39.905608465288104
              ],
              [
                -75.56841619999999,
                39.905608543988826
              ],
              [
                -75.5684141116335,
                39.90560846528807
              ],
              [
                -75.56841204337913,
                39.90560822994372
              ],
              [
                -75.56841001515527,
                39.90560784022224
              ],
              [
                -75.56840804649485,
                39.90560729987691
              ],
              [
                -75.56840615635717,
                39.90560661411152
              ],
              [
                -75.56840436294524,
                39.90560578953033
              ],
              [
                -75.5684026835306,
                39.90560483407456
              ],
              [
                -75.56840113428699,
                39.905603756945744
              ],
              [
                -75.5683997301344,
                39.90560256851721
              ],
              [
                -75.56839848459563,
                39.905601280234166
              ],
              [
                -75.56839740966589,
                39.905599904503504
              ],
              [
                -75.56839651569733,
                39.90559845457419
              ],
              [
                -75.56839581129937,
                39.905596944409915
              ],
              [
                -75.56839530325574,
                39.90559538855433
              ],
              [
                -75.56839499645922,
                39.905593801991195
              ],
              [
                -75.56839489386432,
                39.90559219999997
              ],
              [
                -75.56839499645919,
                39.90559059800872
              ],
              [
                -75.56839530325574,
                39.905589011445464
              ],
              [
                -75.56839581129937,
                39.905587455589696
              ],
              [
                -75.56839651569733,
                39.90558594542519
              ],
              [
                -75.56839740966589,
                39.90558449549564
              ],
              [
                -75.56839848459563,
                39.9055831197646
              ],
              [
                -75.5683997301344,
                39.905581831481186
              ],
              [
                -75.56840113428699,
                39.905580643052275
              ],
              [
                -75.5684026835306,
                39.90557956592309
              ],
              [
                -75.56840436294524,
                39.905578610466925
              ],
              [
                -75.56840615635717,
                39.90557778588542
              ],
              [
                -75.56840804649485,
                39.90557710011973
              ],
              [
                -75.56841001515527,
                39.90557655977414
              ]
            ]
          ],
          [
            [
              [
                -75.4487881,
                39.909329
              ],
              [
                -75.4488572,
                39.9094116
              ],
              [
                -75.448643,
                39.909517
              ],
              [
                -75.4485739,
                39.90943439999999
              ],
              [
                -75.4487881,
                39.909329
              ]
            ]
          ],
          [
            [
              [
                -75.4488194,
                39.90947259999997
              ],
              [
                -75.4492202,
                39.9092983
              ],
              [
                -75.4494701,
                39.90959460000001
              ],
              [
                -75.4491396,
                39.90975309999999
              ],
              [
                -75.4488194,
                39.90947259999997
              ]
            ]
          ],
          [
            [
              [
                -75.4486294,
                39.90997729999999
              ],
              [
                -75.4484146,
                39.90967939999999
              ],
              [
                -75.4487699,
                39.9094893
              ],
              [
                -75.4490363,
                39.9097744
              ],
              [
                -75.4486294,
                39.90997729999999
              ]
            ]
          ],
          [
            [
              [
                -75.38218822149923,
                39.89905201650247
              ],
              [
                -75.38244084482513,
                39.89914576502886
              ],
              [
                -75.38267071831643,
                39.899222016933514
              ],
              [
                -75.38284609551104,
                39.899263267521825
              ],
              [
                -75.38301222185486,
                39.899291392282194
              ],
              [
                -75.38350472141273,
                39.89933101709338
              ],
              [
                -75.38351721877497,
                39.89932913981363
              ],
              [
                -75.38338509725791,
                39.898940892575744
              ],
              [
                -75.3835095974681,
                39.898902890527786
              ],
              [
                -75.38352172202949,
                39.898899642482576
              ],
              [
                -75.38436084372628,
                39.89863364270548
              ],
              [
                -75.38438559410898,
                39.898584764689616
              ],
              [
                -75.38445421910848,
                39.89859951569157
              ],
              [
                -75.3844578456073,
                39.89859801605706
              ],
              [
                -75.38446284742679,
                39.898559142707185
              ],
              [
                -75.38450009517173,
                39.898495515684544
              ],
              [
                -75.38458022130182,
                39.89840389098659
              ],
              [
                -75.38467134370929,
                39.898329891767276
              ],
              [
                -75.3848537214749,
                39.89818189239976
              ],
              [
                -75.38499859367909,
                39.89806926603767
              ],
              [
                -75.38506471866715,
                39.89801189283427
              ],
              [
                -75.38520746994895,
                39.89787876661068
              ],
              [
                -75.38524872148511,
                39.897854893497424
              ],
              [
                -75.38527796973244,
                39.89784439249517
              ],
              [
                -75.38526771815845,
                39.89868214095411
              ],
              [
                -75.38521184654101,
                39.89868439109229
              ],
              [
                -75.38517322078043,
                39.89871476691658
              ],
              [
                -75.38513459412152,
                39.898745139970714
              ],
              [
                -75.3851993437889,
                39.8988346415753
              ],
              [
                -75.38535447116035,
                39.899133890718836
              ],
              [
                -75.38536297101957,
                39.89915051613066
              ],
              [
                -75.38512347028336,
                39.89934639024871
              ],
              [
                -75.38524259497487,
                39.89952889064052
              ],
              [
                -75.38512771931467,
                39.899753642187626
              ],
              [
                -75.38517096960234,
                39.899929518008314
              ],
              [
                -75.38515946847174,
                39.90003714010957
              ],
              [
                -75.38528546886843,
                39.90015214082099
              ],
              [
                -75.38528872076976,
                39.90016239061735
              ],
              [
                -75.38536159300394,
                39.900304891779165
              ],
              [
                -75.38560147193087,
                39.90077414210923
              ],
              [
                -75.3853840958018,
                39.90066976637024
              ],
              [
                -75.38517934459574,
                39.90026838939643
              ],
              [
                -75.38513947017688,
                39.900190264156564
              ],
              [
                -75.38480184286891,
                39.89979501512606
              ],
              [
                -75.3847893455067,
                39.89978151727136
              ],
              [
                -75.38477647085203,
                39.89976801665744
              ],
              [
                -75.38476334287249,
                39.899754893699715
              ],
              [
                -75.38474984658365,
                39.89974176660457
              ],
              [
                -75.38473622093743,
                39.899728893117384
              ],
              [
                -75.38472212979059,
                39.89971629819524
              ],
              [
                -75.3846633,
                39.8997802
              ],
              [
                -75.3845136,
                39.89969859999999
              ],
              [
                -75.3843739,
                39.8996243
              ],
              [
                -75.38445269798652,
                39.89953713018639
              ],
              [
                -75.38444359563196,
                39.89953264105417
              ],
              [
                -75.38442509393033,
                39.89952389215621
              ],
              [
                -75.38441892598625,
                39.899521077183834
              ],
              [
                -75.384392,
                39.8995664
              ],
              [
                -75.3842293,
                39.899516599999984
              ],
              [
                -75.3840678,
                39.8994653
              ],
              [
                -75.38409034793209,
                39.89942570619983
              ],
              [
                -75.38408109307545,
                39.89942464256732
              ],
              [
                -75.38406697066087,
                39.8994232649325
              ],
              [
                -75.38405284555134,
                39.89942189212185
              ],
              [
                -75.38403859467768,
                39.89942089076948
              ],
              [
                -75.38402446956815,
                39.8994200176012
              ],
              [
                -75.38401022049109,
                39.89941926710376
              ],
              [
                -75.38399596961743,
                39.89941876608302
              ],
              [
                -75.38396884768238,
                39.89941839255718
              ],
              [
                -75.38326221940517,
                39.89943826591976
              ],
              [
                -75.38311822216008,
                39.89943589037886
              ],
              [
                -75.38302588661486,
                39.899427333428065
              ],
              [
                -75.38303530119951,
                39.89936931312656
              ],
              [
                -75.38285630110867,
                39.89935331375425
              ],
              [
                -75.38257730095738,
                39.89928531478247
              ],
              [
                -75.38234530082963,
                39.89921831564952
              ],
              [
                -75.38216930073142,
                39.89916031631558
              ],
              [
                -75.3820573279553,
                39.89910460901879
              ],
              [
                -75.38206672166214,
                39.89909901758811
              ],
              [
                -75.3820670962596,
                39.8990987667319
              ],
              [
                -75.38206734599125,
                39.89909863992553
              ],
              [
                -75.38206747085708,
                39.89909851725414
              ],
              [
                -75.38206771879209,
                39.89909839113689
              ],
              [
                -75.38206796942207,
                39.89909838838024
              ],
              [
                -75.38206809608451,
                39.899098267087126
              ],
              [
                -75.3820683485111,
                39.89909814165903
              ],
              [
                -75.38206859734443,
                39.89909801692011
              ],
              [
                -75.38206884617776,
                39.899097892181274
              ],
              [
                -75.38206909680773,
                39.89909789287038
              ],
              [
                -75.38218822149923,
                39.89905201650247
              ]
            ]
          ],
          [
            [
              [
                -75.38867961752388,
                39.904712407948736
              ],
              [
                -75.3887556203868,
                39.90436765835957
              ],
              [
                -75.38877761743318,
                39.90427765817278
              ],
              [
                -75.38884336782377,
                39.90400865956663
              ],
              [
                -75.38918136793255,
                39.904203408946124
              ],
              [
                -75.38910936975917,
                39.904276534918296
              ],
              [
                -75.38867961752388,
                39.904712407948736
              ]
            ]
          ],
          [
            [
              [
                -75.39125247873586,
                39.91459223029105
              ],
              [
                -75.39130329553318,
                39.91448472682526
              ],
              [
                -75.39131233640167,
                39.914465595115644
              ],
              [
                -75.39135431074473,
                39.914471267144116
              ],
              [
                -75.39152631087728,
                39.91449626652616
              ],
              [
                -75.39167131098951,
                39.91451826600411
              ],
              [
                -75.39174395234863,
                39.91452752875296
              ],
              [
                -75.39166030938328,
                39.914884017573286
              ],
              [
                -75.391149679128,
                39.914809706118234
              ],
              [
                -75.39115747830131,
                39.9147932057714
              ],
              [
                -75.39125247873586,
                39.91459223029105
              ]
            ]
          ],
          [
            [
              [
                -75.3841362,
                39.917276
              ],
              [
                -75.38534674983877,
                39.917460450853795
              ],
              [
                -75.38552034328094,
                39.917484262090134
              ],
              [
                -75.38551968005282,
                39.917486800141205
              ],
              [
                -75.3855479,
                39.91749109999998
              ],
              [
                -75.3853654,
                39.9182077
              ],
              [
                -75.38533243314394,
                39.918203359344325
              ],
              [
                -75.38532546815308,
                39.91823001307296
              ],
              [
                -75.38391121806195,
                39.91802988616031
              ],
              [
                -75.38409871802132,
                39.91728926247136
              ],
              [
                -75.38413210999472,
                39.917293842737536
              ],
              [
                -75.3841362,
                39.917276
              ]
            ]
          ],
          [
            [
              [
                -75.93271912449875,
                39.80662326085521
              ],
              [
                -75.93212502444514,
                39.80693775644339
              ],
              [
                -75.93165442504488,
                39.80663065707776
              ],
              [
                -75.93148102559181,
                39.80623215942614
              ],
              [
                -75.93168342593376,
                39.80584356301726
              ],
              [
                -75.93218762600284,
                39.80556106688291
              ],
              [
                -75.93274642533103,
                39.80589536636038
              ],
              [
                -75.93291192508694,
                39.80603226592295
              ],
              [
                -75.93304352485244,
                39.80617536532006
              ],
              [
                -75.93311262476207,
                39.806222265213286
              ],
              [
                -75.93310782466656,
                39.80630616457254
              ],
              [
                -75.93271912449875,
                39.80662326085521
              ]
            ]
          ],
          [
            [
              [
                -75.93113402435908,
                39.8074693490438
              ],
              [
                -75.93051722566904,
                39.80660275330825
              ],
              [
                -75.93102332564779,
                39.806390156652874
              ],
              [
                -75.93164002433357,
                39.80725685238309
              ],
              [
                -75.93113402435908,
                39.8074693490438
              ]
            ]
          ],
          [
            [
              [
                -75.9298523240849,
                39.808320838283144
              ],
              [
                -75.92962722410768,
                39.8084098368438
              ],
              [
                -75.92943252453834,
                39.80811953831202
              ],
              [
                -75.9296577245163,
                39.80803043975316
              ],
              [
                -75.9298523240849,
                39.808320838283144
              ]
            ]
          ],
          [
            [
              [
                -76.3879553,
                40.54755679999999
              ],
              [
                -76.3873044,
                40.5471126
              ],
              [
                -76.3873541,
                40.546649500000015
              ],
              [
                -76.3884901,
                40.5466842
              ],
              [
                -76.3884321,
                40.54757259999997
              ],
              [
                -76.3879553,
                40.54755679999999
              ]
            ]
          ],
          [
            [
              [
                -76.3835315,
                40.55084810000002
              ],
              [
                -76.383793,
                40.5509642
              ],
              [
                -76.3838936,
                40.5510834
              ],
              [
                -76.3840103,
                40.5512424
              ],
              [
                -76.3832579,
                40.5514258
              ],
              [
                -76.3829843,
                40.550857199999975
              ],
              [
                -76.383274,
                40.55081439999997
              ],
              [
                -76.3835315,
                40.55084810000002
              ]
            ]
          ],
          [
            [
              [
                -76.3833223,
                40.55204639999999
              ],
              [
                -76.3830889,
                40.5516032
              ],
              [
                -76.383608,
                40.551474799999966
              ],
              [
                -76.3838413,
                40.551863
              ],
              [
                -76.3833223,
                40.55204639999999
              ]
            ]
          ],
          [
            [
              [
                -76.3861015,
                40.55748890000001
              ],
              [
                -76.3864033,
                40.5575419
              ],
              [
                -76.3865948,
                40.5576168
              ],
              [
                -76.3868385,
                40.55777109999998
              ],
              [
                -76.3861015,
                40.5583001
              ],
              [
                -76.3853181,
                40.55774019999998
              ],
              [
                -76.3856779,
                40.5575727
              ],
              [
                -76.3861015,
                40.55748890000001
              ]
            ]
          ],
          [
            [
              [
                -76.39331454846106,
                40.55905253559434
              ],
              [
                -76.39301376203706,
                40.558959684015385
              ],
              [
                -76.3923598454208,
                40.558711491576716
              ],
              [
                -76.3922826,
                40.55865610000003
              ],
              [
                -76.3913922,
                40.558261500000015
              ],
              [
                -76.3907821,
                40.55805479999998
              ],
              [
                -76.3916354,
                40.557275
              ],
              [
                -76.3939851,
                40.5588597
              ],
              [
                -76.39331454846106,
                40.55905253559434
              ]
            ]
          ],
          [
            [
              [
                -76.3781303,
                40.558795400000015
              ],
              [
                -76.3781208,
                40.5588066
              ],
              [
                -76.3781119,
                40.558817
              ],
              [
                -76.3780418,
                40.5587823
              ],
              [
                -76.3780673,
                40.5587526
              ],
              [
                -76.37813730000002,
                40.5587873
              ],
              [
                -76.3781303,
                40.558795400000015
              ]
            ]
          ],
          [
            [
              [
                -76.3784882,
                40.55897260000001
              ],
              [
                -76.3784963,
                40.5589632
              ],
              [
                -76.3785607,
                40.558995099999976
              ],
              [
                -76.3785348,
                40.5590253
              ],
              [
                -76.3784704,
                40.558993399999984
              ],
              [
                -76.3784786,
                40.5589838
              ],
              [
                -76.3784882,
                40.55897260000001
              ]
            ]
          ],
          [
            [
              [
                -76.3778175,
                40.5592587
              ],
              [
                -76.3783932,
                40.5590768
              ],
              [
                -76.3789089,
                40.5600185
              ],
              [
                -76.3783331,
                40.5602004
              ],
              [
                -76.3778175,
                40.5592587
              ]
            ]
          ],
          [
            [
              [
                -76.3798554,
                40.559783
              ],
              [
                -76.3801469,
                40.5600443
              ],
              [
                -76.37961210000002,
                40.56034979999998
              ],
              [
                -76.3793222,
                40.56009519999998
              ],
              [
                -76.3795773,
                40.55995359999998
              ],
              [
                -76.3798554,
                40.559783
              ]
            ]
          ],
          [
            [
              [
                -76.3786398,
                40.5602809
              ],
              [
                -76.3785079,
                40.5603232
              ],
              [
                -76.3784953,
                40.5602884
              ],
              [
                -76.3784949,
                40.56025229999999
              ],
              [
                -76.3785069,
                40.5602174
              ],
              [
                -76.37853029999998,
                40.560186
              ],
              [
                -76.3785637,
                40.5601602
              ],
              [
                -76.37860470000001,
                40.560142
              ],
              [
                -76.3786505,
                40.560132399999986
              ],
              [
                -76.3786981,
                40.5601322
              ],
              [
                -76.37874410000002,
                40.5601413
              ],
              [
                -76.3787854,
                40.5601592
              ],
              [
                -76.3788192,
                40.560184599999985
              ],
              [
                -76.3788432,
                40.5602158
              ],
              [
                -76.3787088,
                40.5602588
              ],
              [
                -76.3787223,
                40.560286499999975
              ],
              [
                -76.3786539,
                40.56030670000003
              ],
              [
                -76.3786398,
                40.5602809
              ]
            ]
          ],
          [
            [
              [
                -76.3784655,
                40.5607002
              ],
              [
                -76.3783527,
                40.560618
              ],
              [
                -76.3783151,
                40.5606033
              ],
              [
                -76.37833110000001,
                40.56057379999998
              ],
              [
                -76.3783687,
                40.560585899999985
              ],
              [
                -76.3785236,
                40.56062490000002
              ],
              [
                -76.3784655,
                40.5607002
              ]
            ]
          ],
          [
            [
              [
                -76.3797,
                40.561309
              ],
              [
                -76.3792465,
                40.561384
              ],
              [
                -76.3787671,
                40.56144560000001
              ],
              [
                -76.3786116,
                40.56120809999999
              ],
              [
                -76.3784999,
                40.5609756
              ],
              [
                -76.37861,
                40.5608138
              ],
              [
                -76.3787993,
                40.560742
              ],
              [
                -76.3793858,
                40.5605904
              ],
              [
                -76.3797502,
                40.5612413
              ],
              [
                -76.3797,
                40.561309
              ]
            ]
          ],
          [
            [
              [
                -75.3862618,
                39.91804040000002
              ],
              [
                -75.3857928,
                39.91788769999999
              ],
              [
                -75.3858459,
                39.91759589999999
              ],
              [
                -75.3863591,
                39.9177079
              ],
              [
                -75.3862618,
                39.91804040000002
              ]
            ]
          ],
          [
            [
              [
                -75.38769709236838,
                39.92053166580899
              ],
              [
                -75.38722250162402,
                39.92131246521943
              ],
              [
                -75.38687096839544,
                39.92126501295903
              ],
              [
                -75.38705759249743,
                39.92044113569829
              ],
              [
                -75.38769709236838,
                39.92053166580899
              ]
            ]
          ],
          [
            [
              [
                -75.390913518328,
                39.92257439929793
              ],
              [
                -75.39083654169134,
                39.92256188007721
              ],
              [
                -75.3907578465775,
                39.92255170665866
              ],
              [
                -75.39067781836378,
                39.922538823679034
              ],
              [
                -75.39070754541318,
                39.922414674345156
              ],
              [
                -75.39071335302147,
                39.922389621375515
              ],
              [
                -75.39095942673062,
                39.92241964773572
              ],
              [
                -75.39134839096046,
                39.92247003128269
              ],
              [
                -75.39126109896934,
                39.92283369862936
              ],
              [
                -75.3912553901757,
                39.92285849653383
              ],
              [
                -75.39094234346886,
                39.922812810375106
              ],
              [
                -75.39099565039614,
                39.92258775556504
              ],
              [
                -75.390913518328,
                39.92257439929793
              ]
            ]
          ],
          [
            [
              [
                -75.4467646,
                39.91050259999998
              ],
              [
                -75.4475368,
                39.9101398
              ],
              [
                -75.4476543,
                39.91028690000001
              ],
              [
                -75.4475721,
                39.9103256
              ],
              [
                -75.4478409,
                39.9106621
              ],
              [
                -75.447603,
                39.91077389999999
              ],
              [
                -75.4475797,
                39.91083130000001
              ],
              [
                -75.4475998,
                39.9108543
              ],
              [
                -75.4475627,
                39.910961399999984
              ],
              [
                -75.4475341,
                39.9109731
              ],
              [
                -75.447356,
                39.9109422
              ],
              [
                -75.4473674,
                39.9109035
              ],
              [
                -75.4473499,
                39.9108928
              ],
              [
                -75.4471508,
                39.9109863
              ],
              [
                -75.4467646,
                39.91050259999998
              ]
            ]
          ],
          [
            [
              [
                -75.43171670911578,
                39.91685356064893
              ],
              [
                -75.43171899423106,
                39.91684656375908
              ],
              [
                -75.43172216252302,
                39.91683977234826
              ],
              [
                -75.43172618347928,
                39.91683325182151
              ],
              [
                -75.43173101837586,
                39.91682706497515
              ],
              [
                -75.43173662065004,
                39.91682127139196
              ],
              [
                -75.43174293634883,
                39.916815926867464
              ],
              [
                -75.43174990464865,
                39.9168110828725
              ],
              [
                -75.43175745844091,
                39.91680678605743
              ],
              [
                -75.43176552497852,
                39.91680307780305
              ],
              [
                -75.43177402657626,
                39.916799993821996
              ],
              [
                -75.43178288135913,
                39.91679756381475
              ],
              [
                -75.4317920040507,
                39.91679581118372
              ],
              [
                -75.4318013067945,
                39.91679475280775
              ],
              [
                -75.43181070000001,
                39.91679439887957
              ],
              [
                -75.4318200932055,
                39.916794752807746
              ],
              [
                -75.43182939594928,
                39.91679581118374
              ],
              [
                -75.43183851864087,
                39.916797563814754
              ],
              [
                -75.43184737342372,
                39.91679999382197
              ],
              [
                -75.4318558750215,
                39.916803077803046
              ],
              [
                -75.43186394155907,
                39.91680678605742
              ],
              [
                -75.43187149535134,
                39.916811082872464
              ],
              [
                -75.43187846365116,
                39.916815926867486
              ],
              [
                -75.43188477934996,
                39.91682127139197
              ],
              [
                -75.43189038162414,
                39.91682706497513
              ],
              [
                -75.4318952165207,
                39.916833251821494
              ],
              [
                -75.43189923747698,
                39.916839772348254
              ],
              [
                -75.43190240576894,
                39.916846563759094
              ],
              [
                -75.43190469088422,
                39.91685356064893
              ],
              [
                -75.43190607081591,
                39.916860695633844
              ],
              [
                -75.43190653227451,
                39.916867899999986
              ],
              [
                -75.43190607081591,
                39.91687510436538
              ],
              [
                -75.43190469088422,
                39.916882239348055
              ],
              [
                -75.43190240576894,
                39.91688923623424
              ],
              [
                -75.431899237477,
                39.91689602764016
              ],
              [
                -75.4318952165207,
                39.91690254816096
              ],
              [
                -75.43189038162414,
                39.916908735000504
              ],
              [
                -75.43189006875494,
                39.9169090585533
              ],
              [
                -75.43184560034041,
                39.91691530159613
              ],
              [
                -75.43175557213034,
                39.91692794090197
              ],
              [
                -75.43174990464867,
                39.91692471708036
              ],
              [
                -75.43174293634883,
                39.91691987309304
              ],
              [
                -75.43173662065004,
                39.916914528576235
              ],
              [
                -75.43173101837586,
                39.91690873500049
              ],
              [
                -75.4317261834793,
                39.91690254816096
              ],
              [
                -75.43172216252302,
                39.91689602764016
              ],
              [
                -75.43171899423106,
                39.916889236234226
              ],
              [
                -75.43171670911578,
                39.91688223934804
              ],
              [
                -75.43171532918407,
                39.91687510436538
              ],
              [
                -75.43171486772549,
                39.91686789999998
              ],
              [
                -75.43171532918407,
                39.91686069563384
              ],
              [
                -75.43171670911578,
                39.91685356064893
              ]
            ]
          ],
          [
            [
              [
                -75.39864431811904,
                39.91897923687427
              ],
              [
                -75.39861631813643,
                39.91906223687234
              ],
              [
                -75.39860686588243,
                39.91908114141218
              ],
              [
                -75.39860686590089,
                39.91908114135661
              ],
              [
                -75.39860082811305,
                39.919093216940695
              ],
              [
                -75.39860082813392,
                39.919093216924004
              ],
              [
                -75.39857331814338,
                39.91914823691834
              ],
              [
                -75.3985083181399,
                39.91924923702207
              ],
              [
                -75.39844931813626,
                39.91934023711702
              ],
              [
                -75.39839431813374,
                39.919427237203024
              ],
              [
                -75.39834131813078,
                39.919510237286865
              ],
              [
                -75.39830331812784,
                39.91956823734878
              ],
              [
                -75.39825831812539,
                39.919639237419354
              ],
              [
                -75.39821531812257,
                39.91970623748783
              ],
              [
                -75.39817331811997,
                39.919772237554035
              ],
              [
                -75.39812731811644,
                39.91984323762811
              ],
              [
                -75.39808431811382,
                39.9199112376954
              ],
              [
                -75.3979023180999,
                39.92019523798484
              ],
              [
                -75.3978523180958,
                39.920273238064404
              ],
              [
                -75.39781231809224,
                39.9203352381285
              ],
              [
                -75.3977543180893,
                39.920430238215545
              ],
              [
                -75.39771531809191,
                39.9205042382621
              ],
              [
                -75.39768231809374,
                39.92056623830222
              ],
              [
                -75.39762931809679,
                39.92066623836622
              ],
              [
                -75.3976023180983,
                39.92071723839874
              ],
              [
                -75.39757031810028,
                39.920778238436654
              ],
              [
                -75.39753431810216,
                39.92084623848005
              ],
              [
                -75.39750931810285,
                39.92089223851161
              ],
              [
                -75.397469318105,
                39.92096823855931
              ],
              [
                -75.39743531810647,
                39.92103223860057
              ],
              [
                -75.3973973181078,
                39.92110323864729
              ],
              [
                -75.39736631810977,
                39.921163238682986
              ],
              [
                -75.39733831811098,
                39.92121623871663
              ],
              [
                -75.39729431811307,
                39.921300238768666
              ],
              [
                -75.39725131811271,
                39.921377238825514
              ],
              [
                -75.3972093181135,
                39.921455238877776
              ],
              [
                -75.39717531811674,
                39.92152423891317
              ],
              [
                -75.39714231811756,
                39.92158623895342
              ],
              [
                -75.39710231811794,
                39.921660239003536
              ],
              [
                -75.39707557599604,
                39.9217119979887
              ],
              [
                -75.39707557599601,
                39.9217119979887
              ],
              [
                -75.39707555933865,
                39.921712030228804
              ],
              [
                -75.39707319745203,
                39.9217116722287
              ],
              [
                -75.3960176,
                39.9215671
              ],
              [
                -75.39602271823564,
                39.9215524471247
              ],
              [
                -75.3955821401147,
                39.92148566703419
              ],
              [
                -75.39561421356362,
                39.92135113826714
              ],
              [
                -75.39606457304446,
                39.921432621986405
              ],
              [
                -75.39613828937179,
                39.92122158126337
              ],
              [
                -75.39615246611555,
                39.92116251342903
              ],
              [
                -75.39616183357326,
                39.92115417712806
              ],
              [
                -75.3962269,
                39.9209679
              ],
              [
                -75.39643706996793,
                39.92091183709513
              ],
              [
                -75.39646859045055,
                39.9208841363654
              ],
              [
                -75.39662871694657,
                39.92074351336493
              ],
              [
                -75.39663946528896,
                39.9207341395444
              ],
              [
                -75.39666509063075,
                39.9207116364448
              ],
              [
                -75.3968018393698,
                39.920591512083135
              ],
              [
                -75.39683608853835,
                39.92056138777937
              ],
              [
                -75.39692458966182,
                39.920483638423065
              ],
              [
                -75.39697408952892,
                39.920440763665
              ],
              [
                -75.396994840612,
                39.92042263599534
              ],
              [
                -75.39701133996883,
                39.920408386425564
              ],
              [
                -75.39712596589737,
                39.92030863659825
              ],
              [
                -75.39720608753588,
                39.92023888845089
              ],
              [
                -75.39752209059832,
                39.919963886269514
              ],
              [
                -75.39740046409875,
                39.919878763025764
              ],
              [
                -75.39727821596499,
                39.91979326074974
              ],
              [
                -75.39712734211639,
                39.9196877613599
              ],
              [
                -75.39719283918207,
                39.9196536400105
              ],
              [
                -75.39718496365198,
                39.91955501070982
              ],
              [
                -75.39718459174945,
                39.91955088590931
              ],
              [
                -75.39698983879248,
                39.919525012029695
              ],
              [
                -75.39678646650037,
                39.919321763770846
              ],
              [
                -75.39659796491945,
                39.919139886564516
              ],
              [
                -75.3963840877284,
                39.91893588687887
              ],
              [
                -75.39707483828298,
                39.91852938832757
              ],
              [
                -75.39707714734207,
                39.91853073162083
              ],
              [
                -75.3971571,
                39.9184822
              ],
              [
                -75.3973766,
                39.9185963
              ],
              [
                -75.3976083,
                39.9186777
              ],
              [
                -75.397682,
                39.91864360000001
              ],
              [
                -75.3979857,
                39.9188731
              ],
              [
                -75.3982253,
                39.9189397
              ],
              [
                -75.3985849,
                39.91870810000001
              ],
              [
                -75.39899032811506,
                39.918130578786474
              ],
              [
                -75.39909496610065,
                39.91791263839192
              ],
              [
                -75.39910165361869,
                39.91790880318586
              ],
              [
                -75.3990923179644,
                39.91792823657884
              ],
              [
                -75.3990363179771,
                39.918044236633826
              ],
              [
                -75.39900439094234,
                39.918110546675294
              ],
              [
                -75.3990043910043,
                39.91811054658703
              ],
              [
                -75.39898431798886,
                39.918152236684605
              ],
              [
                -75.39893231800094,
                39.9182612367342
              ],
              [
                -75.39888831801044,
                39.91835223677763
              ],
              [
                -75.39883831802184,
                39.9184572368251
              ],
              [
                -75.39873831805801,
                39.91869623688591
              ],
              [
                -75.39870431807951,
                39.91879723688329
              ],
              [
                -75.39866631810352,
                39.91891023688023
              ],
              [
                -75.39864431811904,
                39.91897923687427
              ]
            ]
          ],
          [
            [
              [
                -75.531387,
                39.931303
              ],
              [
                -75.5313052,
                39.931099199999984
              ],
              [
                -75.5314268,
                39.93107039999998
              ],
              [
                -75.5315087,
                39.9312743
              ],
              [
                -75.531387,
                39.931303
              ]
            ]
          ],
          [
            [
              [
                -75.532761,
                39.931621
              ],
              [
                -75.5320987,
                39.93175209999998
              ],
              [
                -75.53175670000002,
                39.9307728
              ],
              [
                -75.5324226,
                39.9306277
              ],
              [
                -75.532761,
                39.931621
              ]
            ]
          ],
          [
            [
              [
                -75.5311196,
                39.93114259999999
              ],
              [
                -75.5312413,
                39.93111379999998
              ],
              [
                -75.5313232,
                39.9313176
              ],
              [
                -75.5312015,
                39.9313464
              ],
              [
                -75.5311196,
                39.93114259999999
              ]
            ]
          ],
          [
            [
              [
                -75.5318982,
                39.9331913
              ],
              [
                -75.5317485,
                39.93326010000001
              ],
              [
                -75.5315776,
                39.93304129999998
              ],
              [
                -75.5317274,
                39.932972600000014
              ],
              [
                -75.5318982,
                39.9331913
              ]
            ]
          ],
          [
            [
              [
                -75.5321347,
                39.933275099999975
              ],
              [
                -75.5318457,
                39.93340909999998
              ],
              [
                -75.531757,
                39.933296499999976
              ],
              [
                -75.532046,
                39.93316260000002
              ],
              [
                -75.5321347,
                39.933275099999975
              ]
            ]
          ],
          [
            [
              [
                -75.5319942,
                39.933527799999986
              ],
              [
                -75.5322303,
                39.9334171
              ],
              [
                -75.5322969,
                39.9335007
              ],
              [
                -75.53206070000002,
                39.93361129999997
              ],
              [
                -75.5319942,
                39.933527799999986
              ]
            ]
          ],
          [
            [
              [
                -75.53231930000001,
                39.9335309
              ],
              [
                -75.5323859,
                39.93361449999998
              ],
              [
                -75.5321497,
                39.9337251
              ],
              [
                -75.5320831,
                39.93364159999998
              ],
              [
                -75.53231930000001,
                39.9335309
              ]
            ]
          ],
          [
            [
              [
                -75.5288629,
                40.7263
              ],
              [
                -75.5289056,
                40.72655359999998
              ],
              [
                -75.5287514,
                40.72656849999997
              ],
              [
                -75.5287087,
                40.7263149
              ],
              [
                -75.5288629,
                40.7263
              ]
            ]
          ]
        ]
      }
    }
  ]
}