{
  "type": "FeatureCollection",
  "name": "Laredo_1",
  "crs": {
    "type": "name",
    "properties": {
      "name": "urn:ogc:def:crs:OGC:1.3:CRS84"
    }
  },
  "features": [
    {
      "type": "Feature",
      "properties": {
        "largest_city": "Laredo_1",
        "all_cities": "Laredo_1",
        "total_area_ft2": 19948947.985256266
      },
      "geometry": {
        "type": "MultiPolygon",
        "coordinates": [
          [
            [
              [
                -99.49882180000002,
                27.5249999
              ],
              [
                -99.4969179,
                27.5249968
              ],
              [
                -99.4969179033829,
                27.52499575021944
              ],
              [
                -99.49691394626161,
                27.524995787796104
              ],
              [
                -99.49692027641173,
                27.52425935191053
              ],
              [
                -99.4969204,
                27.524221
              ],
              [
                -99.4988246,
                27.5242246
              ],
              [
                -99.49882180000002,
                27.5249999
              ]
            ]
          ],
          [
            [
              [
                -99.4709267,
                27.430497699999982
              ],
              [
                -99.470947,
                27.4305108
              ],
              [
                -99.4709695,
                27.4305205
              ],
              [
                -99.4709935,
                27.4305267
              ],
              [
                -99.4710184,
                27.4305291
              ],
              [
                -99.4710434,
                27.4305276
              ],
              [
                -99.47106770000002,
                27.430522299999982
              ],
              [
                -99.4710794,
                27.4305182
              ],
              [
                -99.4711014,
                27.4305076
              ],
              [
                -99.47111150000002,
                27.430501
              ],
              [
                -99.471146,
                27.4304723
              ],
              [
                -99.4711792,
                27.430456199999984
              ],
              [
                -99.47120350000002,
                27.43131829999998
              ],
              [
                -99.470392,
                27.4313325
              ],
              [
                -99.4703659,
                27.4297217
              ],
              [
                -99.4711699,
                27.42971089999997
              ],
              [
                -99.4711777,
                27.4303458
              ],
              [
                -99.47115970000002,
                27.430338900000013
              ],
              [
                -99.4711433,
                27.4303282
              ],
              [
                -99.47111470000002,
                27.43030369999998
              ],
              [
                -99.4710943,
                27.4302908
              ],
              [
                -99.4710832,
                27.4302856
              ],
              [
                -99.4710597,
                27.430277899999982
              ],
              [
                -99.4710351,
                27.430273799999984
              ],
              [
                -99.4710226,
                27.430273199999974
              ],
              [
                -99.4709976,
                27.430275
              ],
              [
                -99.4709734,
                27.4302805
              ],
              [
                -99.4709506,
                27.43028969999999
              ],
              [
                -99.4709299,
                27.4303022
              ],
              [
                -99.470912,
                27.43031779999997
              ],
              [
                -99.4708974,
                27.4303358
              ],
              [
                -99.4708865,
                27.430355800000022
              ],
              [
                -99.4708797,
                27.430377199999977
              ],
              [
                -99.47087720000002,
                27.4303993
              ],
              [
                -99.470879,
                27.4304215
              ],
              [
                -99.4708851,
                27.430443
              ],
              [
                -99.4708953,
                27.4304633
              ],
              [
                -99.4709094,
                27.430481699999984
              ],
              [
                -99.4709267,
                27.430497699999982
              ]
            ]
          ],
          [
            [
              [
                -99.46927860574334,
                27.441320610825986
              ],
              [
                -99.4699633819119,
                27.441314055815386
              ],
              [
                -99.46998460371216,
                27.443510779669165
              ],
              [
                -99.4699775465473,
                27.44352602737353
              ],
              [
                -99.46997331738308,
                27.443540702915243
              ],
              [
                -99.4699727274294,
                27.443599337370447
              ],
              [
                -99.46997840713334,
                27.443617762289108
              ],
              [
                -99.46998578409844,
                27.44363296134809
              ],
              [
                -99.46998905666102,
                27.44397171845152
              ],
              [
                -99.46970509897398,
                27.443974187940125
              ],
              [
                -99.468279,
                27.44399789999999
              ],
              [
                -99.46827804268109,
                27.443627126223113
              ],
              [
                -99.4682754106621,
                27.443379031156415
              ],
              [
                -99.46827250281554,
                27.44310505809816
              ],
              [
                -99.46787231233961,
                27.4431097617367
              ],
              [
                -99.46781576339247,
                27.443109074527122
              ],
              [
                -99.46724925612992,
                27.44311420866801
              ],
              [
                -99.46724692679838,
                27.442793677577434
              ],
              [
                -99.4687971683488,
                27.441652670955257
              ],
              [
                -99.46879323462616,
                27.441325257034446
              ],
              [
                -99.46921740201493,
                27.44132119669785
              ],
              [
                -99.4692174,
                27.4413209
              ],
              [
                -99.46927860574334,
                27.441320610825986
              ]
            ]
          ],
          [
            [
              [
                -99.4725507,
                27.473577599999984
              ],
              [
                -99.4720511,
                27.4735805
              ],
              [
                -99.4720437,
                27.4725921
              ],
              [
                -99.4725433,
                27.472589200000023
              ],
              [
                -99.4725507,
                27.473577599999984
              ]
            ]
          ],
          [
            [
              [
                -99.4736708,
                27.4743025
              ],
              [
                -99.4736797,
                27.474872
              ],
              [
                -99.4727684,
                27.4748734
              ],
              [
                -99.4727294,
                27.4748808
              ],
              [
                -99.47259310000001,
                27.47488009999998
              ],
              [
                -99.472595,
                27.47484270000001
              ],
              [
                -99.4726074,
                27.473773799999982
              ],
              [
                -99.472636,
                27.4737414
              ],
              [
                -99.47264121766051,
                27.473732887912192
              ],
              [
                -99.4726309129784,
                27.472262968089176
              ],
              [
                -99.4726866,
                27.47226266266399
              ],
              [
                -99.4726866,
                27.4722617
              ],
              [
                -99.4727752,
                27.4722612
              ],
              [
                -99.4727927,
                27.4722559
              ],
              [
                -99.4759537,
                27.4722434
              ],
              [
                -99.4756457981166,
                27.472945908799403
              ],
              [
                -99.47557240964925,
                27.47314802965634
              ],
              [
                -99.4755743,
                27.4731561
              ],
              [
                -99.47556939442974,
                27.473156333941343
              ],
              [
                -99.4755598708606,
                27.473182563021012
              ],
              [
                -99.47489012231253,
                27.473181905779665
              ],
              [
                -99.4747982,
                27.4734111
              ],
              [
                -99.47479053707524,
                27.473411126093957
              ],
              [
                -99.47479056802432,
                27.47341611842203
              ],
              [
                -99.4747101545586,
                27.473416516573607
              ],
              [
                -99.47471330000002,
                27.473711499999983
              ],
              [
                -99.4747156,
                27.4739212
              ],
              [
                -99.4747266,
                27.473956
              ],
              [
                -99.4743822,
                27.4739584
              ],
              [
                -99.4743835,
                27.4740747
              ],
              [
                -99.4743858,
                27.4742963
              ],
              [
                -99.4736708,
                27.4743025
              ]
            ]
          ],
          [
            [
              [
                -99.47836317150252,
                27.43415114645933
              ],
              [
                -99.478878155892,
                27.433932132637295
              ],
              [
                -99.47881378351703,
                27.4342844575172
              ],
              [
                -99.47813786594445,
                27.4345225138871
              ],
              [
                -99.47769798340768,
                27.434532035907935
              ],
              [
                -99.47694696577902,
                27.434722480936628
              ],
              [
                -99.47690405056295,
                27.43510336921088
              ],
              [
                -99.47680749065306,
                27.43506528131961
              ],
              [
                -99.47665728694767,
                27.435093847239294
              ],
              [
                -99.47654999845832,
                27.435179547345804
              ],
              [
                -99.47600282833056,
                27.435179546548518
              ],
              [
                -99.47602428638776,
                27.435541390177576
              ],
              [
                -99.47405018105871,
                27.43552234551191
              ],
              [
                -99.47402872389985,
                27.435227157158536
              ],
              [
                -99.47485484427952,
                27.43508432526689
              ],
              [
                -99.47484411480178,
                27.435084324469607
              ],
              [
                -99.47558440295269,
                27.434893880862596
              ],
              [
                -99.47643198138957,
                27.43466534810034
              ],
              [
                -99.47744049300958,
                27.434360635420084
              ],
              [
                -99.47836317150252,
                27.43415114645933
              ]
            ]
          ],
          [
            [
              [
                -99.4822605,
                27.4455748
              ],
              [
                -99.482260036746,
                27.445665319831352
              ],
              [
                -99.48282990022224,
                27.445657747928404
              ],
              [
                -99.4834064,
                27.444869
              ],
              [
                -99.4837333,
                27.4448642
              ],
              [
                -99.483842,
                27.4448737
              ],
              [
                -99.4839397,
                27.444887
              ],
              [
                -99.4841804,
                27.444942299999987
              ],
              [
                -99.4843484,
                27.444979199999988
              ],
              [
                -99.4844821,
                27.4449938
              ],
              [
                -99.4847983,
                27.444993799999985
              ],
              [
                -99.4848372,
                27.4450595
              ],
              [
                -99.4848335,
                27.4452038
              ],
              [
                -99.4848196,
                27.4452802
              ],
              [
                -99.4847936,
                27.445367
              ],
              [
                -99.4847675,
                27.4454387
              ],
              [
                -99.484528,
                27.445891599999985
              ],
              [
                -99.4844798,
                27.4460246
              ],
              [
                -99.48446310000001,
                27.4461012
              ],
              [
                -99.4844434,
                27.44621880000001
              ],
              [
                -99.4844407,
                27.4464267
              ],
              [
                -99.484448,
                27.446813299999988
              ],
              [
                -99.4840727,
                27.446635799999974
              ],
              [
                -99.4840513,
                27.44665420000002
              ],
              [
                -99.48404481506017,
                27.44665431405854
              ],
              [
                -99.48404345440261,
                27.44665555296485
              ],
              [
                -99.4837934793102,
                27.446658990496545
              ],
              [
                -99.48372695382058,
                27.446659904670636
              ],
              [
                -99.4831416,
                27.4466702
              ],
              [
                -99.4827427,
                27.44673619999999
              ],
              [
                -99.4825308,
                27.4467719
              ],
              [
                -99.4817704,
                27.4472408
              ],
              [
                -99.4811911,
                27.44725269999999
              ],
              [
                -99.4810021,
                27.447351300000015
              ],
              [
                -99.48100177553418,
                27.447333913380856
              ],
              [
                -99.48099271191735,
                27.44733853706309
              ],
              [
                -99.48098934682831,
                27.447136791208827
              ],
              [
                -99.48098930999738,
                27.447134617250512
              ],
              [
                -99.48098408719231,
                27.446821489479564
              ],
              [
                -99.48097846104369,
                27.446484153769404
              ],
              [
                -99.48097667159965,
                27.44637691324355
              ],
              [
                -99.48097461805092,
                27.446253780350155
              ],
              [
                -99.48105338233502,
                27.446252651509077
              ],
              [
                -99.48118668513668,
                27.446250880918644
              ],
              [
                -99.48132449018411,
                27.446249053717555
              ],
              [
                -99.48155566781264,
                27.446245423490776
              ],
              [
                -99.48155050282674,
                27.44593596649124
              ],
              [
                -99.4815500545674,
                27.44590907193176
              ],
              [
                -99.48154466108244,
                27.44558585120593
              ],
              [
                -99.48207778802156,
                27.44557876919801
              ],
              [
                -99.4822605,
                27.4455748
              ]
            ]
          ],
          [
            [
              [
                -99.48255104021545,
                27.503436888710336
              ],
              [
                -99.48254871975361,
                27.502988977561223
              ],
              [
                -99.48254791576142,
                27.50283397477377
              ],
              [
                -99.48254751241785,
                27.502756402781745
              ],
              [
                -99.48340450609722,
                27.50275438529571
              ],
              [
                -99.48340490854247,
                27.5028319588827
              ],
              [
                -99.48340571343296,
                27.502986962469834
              ],
              [
                -99.48340802722052,
                27.503432875637266
              ],
              [
                -99.4834226,
                27.5034328
              ],
              [
                -99.4834284,
                27.5037423
              ],
              [
                -99.4834096495297,
                27.5037455270839
              ],
              [
                -99.48340967859662,
                27.503751128859317
              ],
              [
                -99.48255267862906,
                27.503753146327085
              ],
              [
                -99.48255264301763,
                27.503746272368893
              ],
              [
                -99.4825193,
                27.503746199999988
              ],
              [
                -99.4825055,
                27.503734599999987
              ],
              [
                -99.4825037,
                27.503678299999986
              ],
              [
                -99.4825003,
                27.5034372
              ],
              [
                -99.48255104021545,
                27.503436888710336
              ]
            ]
          ],
          [
            [
              [
                -99.475284,
                27.5231019
              ],
              [
                -99.47527950000001,
                27.52240749999998
              ],
              [
                -99.4761334,
                27.522403199999978
              ],
              [
                -99.4761379,
                27.523097499999988
              ],
              [
                -99.475784,
                27.5231014
              ],
              [
                -99.4757838,
                27.52308
              ],
              [
                -99.4758171,
                27.52307979999998
              ],
              [
                -99.4758134,
                27.5227324
              ],
              [
                -99.4756078,
                27.5227341
              ],
              [
                -99.4756117,
                27.5231028
              ],
              [
                -99.475294,
                27.52310190000001
              ],
              [
                -99.475284,
                27.5231019
              ]
            ]
          ],
          [
            [
              [
                -99.4716091,
                27.4773497
              ],
              [
                -99.4716026,
                27.4773497
              ],
              [
                -99.47159290000002,
                27.475933
              ],
              [
                -99.4715966,
                27.47592
              ],
              [
                -99.4716039,
                27.47590979999998
              ],
              [
                -99.4716173,
                27.475902699999974
              ],
              [
                -99.4716428,
                27.4759011
              ],
              [
                -99.4724906,
                27.4758989
              ],
              [
                -99.4725065,
                27.477637199999986
              ],
              [
                -99.4724419,
                27.4776394
              ],
              [
                -99.4724017,
                27.4776448
              ],
              [
                -99.471638,
                27.4776458
              ],
              [
                -99.4716203,
                27.4776248
              ],
              [
                -99.4716191,
                27.477349699999984
              ],
              [
                -99.4716091,
                27.4773497
              ]
            ]
          ],
          [
            [
              [
                -99.47607643987821,
                27.49225653175377
              ],
              [
                -99.47593448711243,
                27.492257301611346
              ],
              [
                -99.4757778,
                27.4924311
              ],
              [
                -99.4757341,
                27.4928279
              ],
              [
                -99.47569693160465,
                27.49301061566313
              ],
              [
                -99.47569732477716,
                27.493059359271957
              ],
              [
                -99.4756977910028,
                27.493117006110243
              ],
              [
                -99.47569806285603,
                27.493150718842077
              ],
              [
                -99.47573160000002,
                27.493265599999987
              ],
              [
                -99.4757025,
                27.4936301
              ],
              [
                -99.47570194438087,
                27.493632069783963
              ],
              [
                -99.47570277395768,
                27.493734946255067
              ],
              [
                -99.4757056620413,
                27.494093066842133
              ],
              [
                -99.47524807011706,
                27.494095546664642
              ],
              [
                -99.47518346687508,
                27.494095896485348
              ],
              [
                -99.47467743060419,
                27.49409863767728
              ],
              [
                -99.47467487576007,
                27.49378602272767
              ],
              [
                -99.47425276767329,
                27.493719717710825
              ],
              [
                -99.47381753356981,
                27.493722639537122
              ],
              [
                -99.47381695846786,
                27.493651260513218
              ],
              [
                -99.4738153,
                27.493651
              ],
              [
                -99.4737837,
                27.493446099999975
              ],
              [
                -99.4737783,
                27.4931844
              ],
              [
                -99.4738054,
                27.4930404
              ],
              [
                -99.47380026466487,
                27.491579302054234
              ],
              [
                -99.47379966338389,
                27.4915046738106
              ],
              [
                -99.4738000023618,
                27.491504671974365
              ],
              [
                -99.4738,
                27.491504
              ],
              [
                -99.47389815364048,
                27.49150414029371
              ],
              [
                -99.47607027563875,
                27.491492374015245
              ],
              [
                -99.47607335775848,
                27.49187445275059
              ],
              [
                -99.47607509240528,
                27.49208948984194
              ],
              [
                -99.4760755397663,
                27.492144908336414
              ],
              [
                -99.47607643987821,
                27.49225653175377
              ]
            ]
          ],
          [
            [
              [
                -99.4741471,
                27.5028695
              ],
              [
                -99.4732932,
                27.5028695
              ],
              [
                -99.4732643,
                27.502868
              ],
              [
                -99.4732435,
                27.502865100000022
              ],
              [
                -99.4732326,
                27.502856400000024
              ],
              [
                -99.4732272,
                27.5028404
              ],
              [
                -99.4732305,
                27.5020642
              ],
              [
                -99.4732343,
                27.50205259999999
              ],
              [
                -99.473243,
                27.502042399999983
              ],
              [
                -99.4732561,
                27.502038599999977
              ],
              [
                -99.4733084,
                27.50203809999999
              ],
              [
                -99.4741225,
                27.5020381
              ],
              [
                -99.4741432,
                27.5020405
              ],
              [
                -99.474158,
                27.502048199999987
              ],
              [
                -99.4741683,
                27.5020598
              ],
              [
                -99.47417160000002,
                27.5020739
              ],
              [
                -99.4741727,
                27.5028375
              ],
              [
                -99.4741705,
                27.5028525
              ],
              [
                -99.4741601,
                27.502863700000013
              ],
              [
                -99.4741471,
                27.5028695
              ]
            ]
          ],
          [
            [
              [
                -99.4707098,
                27.511503
              ],
              [
                -99.4707055,
                27.512492199999976
              ],
              [
                -99.4702108,
                27.5124905
              ],
              [
                -99.4702152,
                27.51150129999999
              ],
              [
                -99.4707098,
                27.511503
              ]
            ]
          ],
          [
            [
              [
                -99.47734420079765,
                27.52542743132427
              ],
              [
                -99.47734390974351,
                27.52518625971874
              ],
              [
                -99.47686552994914,
                27.52517710965958
              ],
              [
                -99.4764197,
                27.525175800000014
              ],
              [
                -99.4763029192017,
                27.525070929681128
              ],
              [
                -99.47614327453535,
                27.52494858959038
              ],
              [
                -99.47614438395472,
                27.524182624254934
              ],
              [
                -99.4762170125624,
                27.524182741826426
              ],
              [
                -99.4762218,
                27.5241672
              ],
              [
                -99.4783673,
                27.5241741
              ],
              [
                -99.4783673329134,
                27.524186222773967
              ],
              [
                -99.47837022687077,
                27.524186227458713
              ],
              [
                -99.47837024753203,
                27.524950397154473
              ],
              [
                -99.47837025202362,
                27.525101691519563
              ],
              [
                -99.47837029762715,
                27.52527819661017
              ],
              [
                -99.4783707,
                27.5254264
              ],
              [
                -99.47751253103468,
                27.525425898293502
              ],
              [
                -99.47734420079765,
                27.52542743132427
              ]
            ]
          ],
          [
            [
              [
                -99.47716,
                27.5264726
              ],
              [
                -99.4766031,
                27.5264768
              ],
              [
                -99.4765937,
                27.52548009999998
              ],
              [
                -99.4771504,
                27.5254759
              ],
              [
                -99.47716,
                27.5264726
              ]
            ]
          ],
          [
            [
              [
                -99.4764733,
                27.540118399999987
              ],
              [
                -99.4764395,
                27.5401583
              ],
              [
                -99.4764095,
                27.540171600000015
              ],
              [
                -99.4756296,
                27.5401383
              ],
              [
                -99.4755784,
                27.540108399999987
              ],
              [
                -99.4755471,
                27.5400652
              ],
              [
                -99.47555840000001,
                27.5398867
              ],
              [
                -99.47558090000001,
                27.539806899999984
              ],
              [
                -99.4756609,
                27.5386189
              ],
              [
                -99.47642043091724,
                27.53865355476031
              ],
              [
                -99.47657399245956,
                27.5386553955545
              ],
              [
                -99.47650574205754,
                27.540095355573417
              ],
              [
                -99.47647473455652,
                27.5400941273703
              ],
              [
                -99.4764733,
                27.540118399999987
              ]
            ]
          ],
          [
            [
              [
                -99.4754996,
                27.541037099999986
              ],
              [
                -99.4755334,
                27.54028679999998
              ],
              [
                -99.4755646,
                27.5402369
              ],
              [
                -99.4756346,
                27.5402148
              ],
              [
                -99.4782256,
                27.5403212
              ],
              [
                -99.4782681,
                27.5403511
              ],
              [
                -99.4782806,
                27.5403932
              ],
              [
                -99.4782393,
                27.54113789999999
              ],
              [
                -99.4782069,
                27.541188899999987
              ],
              [
                -99.4781481,
                27.541205499999986
              ],
              [
                -99.4756121,
                27.5411058
              ],
              [
                -99.4755434,
                27.5410903
              ],
              [
                -99.4755109,
                27.54106809999998
              ],
              [
                -99.4754996,
                27.541037099999986
              ]
            ]
          ],
          [
            [
              [
                -99.4716359,
                27.5399663
              ],
              [
                -99.4714991,
                27.5399556
              ],
              [
                -99.4713569,
                27.5399295
              ],
              [
                -99.47133079005809,
                27.53989029768034
              ],
              [
                -99.47132933138683,
                27.539890239859957
              ],
              [
                -99.47132942815169,
                27.539888252869584
              ],
              [
                -99.471322,
                27.5398771
              ],
              [
                -99.4713569,
                27.539038799999986
              ],
              [
                -99.47137076121899,
                27.53903951083173
              ],
              [
                -99.47138328689776,
                27.538782305866988
              ],
              [
                -99.47203374441858,
                27.538813052092053
              ],
              [
                -99.47206689225254,
                27.53818104020025
              ],
              [
                -99.47265327384247,
                27.538210313793755
              ],
              [
                -99.47262050869081,
                27.538840785816898
              ],
              [
                -99.47256540243801,
                27.539939236577965
              ],
              [
                -99.47207837027076,
                27.53991993107143
              ],
              [
                -99.4720757,
                27.5399723
              ],
              [
                -99.4716359,
                27.5399663
              ]
            ]
          ],
          [
            [
              [
                -99.47412399382898,
                27.540993363658014
              ],
              [
                -99.47416689197706,
                27.54019544764594
              ],
              [
                -99.47417355109025,
                27.540195711466414
              ],
              [
                -99.474186,
                27.5401782
              ],
              [
                -99.4743798,
                27.5401671
              ],
              [
                -99.4746022,
                27.540168199999982
              ],
              [
                -99.4754159,
                27.5402048
              ],
              [
                -99.4754546,
                27.5402242
              ],
              [
                -99.475474,
                27.5402608
              ],
              [
                -99.4754465,
                27.54105589999999
              ],
              [
                -99.4754259,
                27.5410847
              ],
              [
                -99.4753796,
                27.541098
              ],
              [
                -99.4741941,
                27.5410504
              ],
              [
                -99.4741666,
                27.5410443
              ],
              [
                -99.4741273,
                27.5410266
              ],
              [
                -99.47412540000002,
                27.5410027
              ],
              [
                -99.47412592551514,
                27.54099344125335
              ],
              [
                -99.47412399382898,
                27.540993363658014
              ]
            ]
          ],
          [
            [
              [
                -99.4712763,
                27.5410266
              ],
              [
                -99.4713163,
                27.5410099
              ],
              [
                -99.4725012,
                27.541055399999987
              ],
              [
                -99.47254370000002,
                27.5410698
              ],
              [
                -99.47256620000002,
                27.5411053
              ],
              [
                -99.4724762,
                27.542878399999978
              ],
              [
                -99.4724187,
                27.5429072
              ],
              [
                -99.4712388,
                27.542859600000018
              ],
              [
                -99.4711901,
                27.5428341
              ],
              [
                -99.4711663,
                27.5427898
              ],
              [
                -99.4712551,
                27.5410676
              ],
              [
                -99.47126692518303,
                27.541044730542247
              ],
              [
                -99.47126708981575,
                27.541041455836105
              ],
              [
                -99.47126858775997,
                27.541041515181202
              ],
              [
                -99.4712763,
                27.5410266
              ]
            ]
          ],
          [
            [
              [
                -99.4711576,
                27.54297809999999
              ],
              [
                -99.4711901,
                27.5429427
              ],
              [
                -99.4712326,
                27.5429294
              ],
              [
                -99.4724175,
                27.542980400000012
              ],
              [
                -99.4724675,
                27.5430114
              ],
              [
                -99.4724125,
                27.54410189999997
              ],
              [
                -99.4711001,
                27.5440287
              ],
              [
                -99.4711576,
                27.54297809999999
              ]
            ]
          ],
          [
            [
              [
                -99.48292760000001,
                27.542922
              ],
              [
                -99.4829129,
                27.542936399999988
              ],
              [
                -99.4828868,
                27.5429422
              ],
              [
                -99.4828347,
                27.5429393
              ],
              [
                -99.4827795,
                27.542936899999987
              ],
              [
                -99.4810038,
                27.5428584
              ],
              [
                -99.4810041,
                27.5427938
              ],
              [
                -99.4811823,
                27.541905
              ],
              [
                -99.4811949,
                27.5418422
              ],
              [
                -99.48123187003699,
                27.541851254571505
              ],
              [
                -99.48123247945323,
                27.541848500106795
              ],
              [
                -99.48129355081822,
                27.541866361211643
              ],
              [
                -99.4817457,
                27.5419771
              ],
              [
                -99.481842,
                27.54200039999999
              ],
              [
                -99.4818863,
                27.54201110000001
              ],
              [
                -99.4825135,
                27.5421616
              ],
              [
                -99.4825461,
                27.5421732
              ],
              [
                -99.4825673,
                27.5421963
              ],
              [
                -99.4825852,
                27.5422267
              ],
              [
                -99.4826064,
                27.542248299999965
              ],
              [
                -99.48262353793854,
                27.542255333021938
              ],
              [
                -99.48263576872509,
                27.542258910072505
              ],
              [
                -99.482776,
                27.54229169999999
              ],
              [
                -99.4828021,
                27.5423004
              ],
              [
                -99.4828216,
                27.542313399999987
              ],
              [
                -99.4829977,
                27.5425606
              ],
              [
                -99.48292760000001,
                27.542922
              ]
            ]
          ],
          [
            [
              [
                -99.4824242,
                27.5510384
              ],
              [
                -99.48241930000002,
                27.5510577
              ],
              [
                -99.4824189,
                27.55107549999998
              ],
              [
                -99.4824215,
                27.551093299999987
              ],
              [
                -99.4824277,
                27.551109700000016
              ],
              [
                -99.4824627,
                27.551169199999986
              ],
              [
                -99.4824706,
                27.551201
              ],
              [
                -99.4824081,
                27.5515023
              ],
              [
                -99.4824006,
                27.5515123
              ],
              [
                -99.4823826,
                27.5515249
              ],
              [
                -99.4823655,
                27.5515332
              ],
              [
                -99.4823502,
                27.55154390000002
              ],
              [
                -99.4823372,
                27.5515575
              ],
              [
                -99.4823265,
                27.55157269999998
              ],
              [
                -99.4823187,
                27.551591299999977
              ],
              [
                -99.4823139,
                27.551616
              ],
              [
                -99.4823137,
                27.5516374
              ],
              [
                -99.48231520000002,
                27.5516547
              ],
              [
                -99.4823199,
                27.5516745
              ],
              [
                -99.4823276,
                27.551690299999983
              ],
              [
                -99.4823382,
                27.5517061
              ],
              [
                -99.4823512,
                27.5517208
              ],
              [
                -99.4823682,
                27.551735
              ],
              [
                -99.4823885,
                27.55174740000001
              ],
              [
                -99.48239050769509,
                27.551748284746985
              ],
              [
                -99.48243243912826,
                27.551759357141535
              ],
              [
                -99.4824319133835,
                27.551762101018344
              ],
              [
                -99.4824334,
                27.5517625
              ],
              [
                -99.48240844317245,
                27.55188459271525
              ],
              [
                -99.48240265817998,
                27.551914784754945
              ],
              [
                -99.48170257682455,
                27.551809308276002
              ],
              [
                -99.48163735554166,
                27.551743489659334
              ],
              [
                -99.48159675708071,
                27.55170251916133
              ],
              [
                -99.48159930380454,
                27.551693132310138
              ],
              [
                -99.48154943383155,
                27.55162713442454
              ],
              [
                -99.48155154892181,
                27.551615811882634
              ],
              [
                -99.481498,
                27.551562100000016
              ],
              [
                -99.4816351,
                27.55084
              ],
              [
                -99.4817069,
                27.5506872
              ],
              [
                -99.481759,
                27.5504052
              ],
              [
                -99.4817602,
                27.5503747
              ],
              [
                -99.4817536,
                27.55029909999998
              ],
              [
                -99.4817509,
                27.550267300000012
              ],
              [
                -99.4817523,
                27.5502408
              ],
              [
                -99.48176,
                27.550208599999987
              ],
              [
                -99.4818349,
                27.5498161
              ],
              [
                -99.4818439,
                27.5497692
              ],
              [
                -99.4819034,
                27.54945389999999
              ],
              [
                -99.4819374,
                27.5494247
              ],
              [
                -99.4819557,
                27.5494106
              ],
              [
                -99.4819701527422,
                27.54940264892119
              ],
              [
                -99.48197483642423,
                27.549377889459304
              ],
              [
                -99.48289003284917,
                27.54951385902696
              ],
              [
                -99.48289759667871,
                27.549527084094173
              ],
              [
                -99.4831682,
                27.549579900000015
              ],
              [
                -99.48329130000002,
                27.5497901
              ],
              [
                -99.4831264,
                27.5498538
              ],
              [
                -99.48302280128894,
                27.549921065100875
              ],
              [
                -99.48294907102796,
                27.5503047901817
              ],
              [
                -99.48294437929185,
                27.550304139843067
              ],
              [
                -99.48292139654318,
                27.55044000300883
              ],
              [
                -99.4829230944449,
                27.55044036515556
              ],
              [
                -99.48290807310447,
                27.550518764891855
              ],
              [
                -99.482821,
                27.5510335
              ],
              [
                -99.48280986745296,
                27.55103132215747
              ],
              [
                -99.48280879909635,
                27.551036898149633
              ],
              [
                -99.48273928206979,
                27.55102857210713
              ],
              [
                -99.48269307901977,
                27.551021687630715
              ],
              [
                -99.48267204676401,
                27.550988960875667
              ],
              [
                -99.48260726026572,
                27.550961331366235
              ],
              [
                -99.48253878438656,
                27.550951190217106
              ],
              [
                -99.4824962338865,
                27.550962100733212
              ],
              [
                -99.48245951476717,
                27.55098440400752
              ],
              [
                -99.4824484,
                27.5509972
              ],
              [
                -99.4824354,
                27.55101530000001
              ],
              [
                -99.4824242,
                27.5510384
              ]
            ]
          ],
          [
            [
              [
                -99.482795,
                27.5532648
              ],
              [
                -99.4826798,
                27.553174199999987
              ],
              [
                -99.4827374,
                27.5528564
              ],
              [
                -99.4827411,
                27.552838300000023
              ],
              [
                -99.4825628,
                27.5528103
              ],
              [
                -99.482704,
                27.55206110000001
              ],
              [
                -99.4835041,
                27.552169399999986
              ],
              [
                -99.4834635,
                27.552398
              ],
              [
                -99.4833585,
                27.552938
              ],
              [
                -99.482795,
                27.5532648
              ]
            ]
          ],
          [
            [
              [
                -99.4764025,
                27.562257
              ],
              [
                -99.4763958,
                27.5623283
              ],
              [
                -99.4763998,
                27.5623925
              ],
              [
                -99.4764132,
                27.562468
              ],
              [
                -99.4764374,
                27.56252389999998
              ],
              [
                -99.4765567,
                27.5627938
              ],
              [
                -99.4765473,
                27.562845499999987
              ],
              [
                -99.4765252,
                27.5628794
              ],
              [
                -99.4764884,
                27.5629104
              ],
              [
                -99.4763752,
                27.562952099999983
              ],
              [
                -99.47607480000002,
                27.5630828
              ],
              [
                -99.4759259,
                27.5631577
              ],
              [
                -99.4750207,
                27.5625764
              ],
              [
                -99.47502505719228,
                27.562570862748053
              ],
              [
                -99.4750120764037,
                27.562562583617247
              ],
              [
                -99.47508335412826,
                27.56247238363954
              ],
              [
                -99.47529662226152,
                27.562202501582647
              ],
              [
                -99.47529760412014,
                27.56220125925387
              ],
              [
                -99.47529173991796,
                27.562199699175565
              ],
              [
                -99.47392698879561,
                27.561836726730267
              ],
              [
                -99.47397012589555,
                27.561717886373295
              ],
              [
                -99.47478138454719,
                27.561933554592905
              ],
              [
                -99.47509951302358,
                27.561533074661654
              ],
              [
                -99.47567746841612,
                27.561716652799078
              ],
              [
                -99.47567995046126,
                27.561717409348773
              ],
              [
                -99.47568252413454,
                27.56171415379588
              ],
              [
                -99.47595061285638,
                27.561374890886032
              ],
              [
                -99.47638584481489,
                27.560824105259385
              ],
              [
                -99.47638751029142,
                27.56082199884852
              ],
              [
                -99.47641060328243,
                27.56083649206921
              ],
              [
                -99.47660900609439,
                27.560962466498886
              ],
              [
                -99.47707153066789,
                27.561256140019076
              ],
              [
                -99.47744117932245,
                27.561490839995756
              ],
              [
                -99.47740536111853,
                27.56150418283815
              ],
              [
                -99.4774269,
                27.5615515
              ],
              [
                -99.47681620000002,
                27.561771900000018
              ],
              [
                -99.4767177,
                27.5618171
              ],
              [
                -99.476652,
                27.5618581
              ],
              [
                -99.4765909,
                27.561911
              ],
              [
                -99.47653330000001,
                27.5619645
              ],
              [
                -99.4764903,
                27.562023399999987
              ],
              [
                -99.4764521,
                27.5620923
              ],
              [
                -99.476422,
                27.5621702
              ],
              [
                -99.4764025,
                27.562257
              ]
            ]
          ],
          [
            [
              [
                -99.4738448,
                27.543083400000015
              ],
              [
                -99.4737673,
                27.54427140000001
              ],
              [
                -99.47369895398246,
                27.54427082124235
              ],
              [
                -99.47369124750885,
                27.544410673189212
              ],
              [
                -99.47321887829817,
                27.544389163876478
              ],
              [
                -99.47286380121581,
                27.54436959720825
              ],
              [
                -99.47252340979172,
                27.544362466994315
              ],
              [
                -99.47252364335372,
                27.54435801857529
              ],
              [
                -99.47251547227789,
                27.54435784812559
              ],
              [
                -99.47252122920325,
                27.544248038504268
              ],
              [
                -99.4725118,
                27.544247600000013
              ],
              [
                -99.4725537,
                27.5430003
              ],
              [
                -99.47258990000002,
                27.5429748
              ],
              [
                -99.47377980000002,
                27.5430336
              ],
              [
                -99.47382480000002,
                27.5430513
              ],
              [
                -99.4738448,
                27.543083400000015
              ]
            ]
          ],
          [
            [
              [
                -99.47467729226364,
                27.578082721475013
              ],
              [
                -99.47497486099812,
                27.57797412176667
              ],
              [
                -99.47511940262227,
                27.578278045251597
              ],
              [
                -99.47595899952785,
                27.577960993193383
              ],
              [
                -99.47559246533235,
                27.578615896716503
              ],
              [
                -99.47509899289902,
                27.57880194170736
              ],
              [
                -99.47476973429626,
                27.578551579967836
              ],
              [
                -99.47479048448099,
                27.578523377728477
              ],
              [
                -99.47480505874816,
                27.578480425813105
              ],
              [
                -99.47480516924094,
                27.578445595597916
              ],
              [
                -99.47478974786247,
                27.57840056385477
              ],
              [
                -99.47475820441957,
                27.578362818552797
              ],
              [
                -99.47473744884493,
                27.578348084791166
              ],
              [
                -99.47470182255908,
                27.578332448082836
              ],
              [
                -99.47467480662522,
                27.578299078935345
              ],
              [
                -99.47465431335866,
                27.578251003075486
              ],
              [
                -99.47463796132557,
                27.57820168265817
              ],
              [
                -99.47462584125572,
                27.578151401942495
              ],
              [
                -99.47464677496336,
                27.578123458139544
              ],
              [
                -99.4746459,
                27.5781205
              ],
              [
                -99.4746501795913,
                27.578118913399848
              ],
              [
                -99.47467729226364,
                27.578082721475013
              ]
            ]
          ],
          [
            [
              [
                -99.4708602,
                27.5941409
              ],
              [
                -99.4703524,
                27.5930855
              ],
              [
                -99.4709205,
                27.59287079999999
              ],
              [
                -99.4714283,
                27.5939262
              ],
              [
                -99.4708602,
                27.5941409
              ]
            ]
          ],
          [
            [
              [
                -99.472222,
                27.5937206
              ],
              [
                -99.4721943,
                27.59376829999998
              ],
              [
                -99.4721623,
                27.5938139
              ],
              [
                -99.472126,
                27.5938568
              ],
              [
                -99.4720857,
                27.5938969
              ],
              [
                -99.4720417,
                27.5939338
              ],
              [
                -99.4719944,
                27.5939673
              ],
              [
                -99.4719441,
                27.5939971
              ],
              [
                -99.4718911,
                27.594023
              ],
              [
                -99.4718358,
                27.594044899999986
              ],
              [
                -99.4717786,
                27.59406249999998
              ],
              [
                -99.4717199,
                27.5940759
              ],
              [
                -99.4716602,
                27.5940847
              ],
              [
                -99.4715999,
                27.5940891
              ],
              [
                -99.4715393,
                27.5940889
              ],
              [
                -99.471479,
                27.594084199999983
              ],
              [
                -99.4714817,
                27.5934631
              ],
              [
                -99.47159170000002,
                27.5933632
              ],
              [
                -99.4722862,
                27.593368799999986
              ],
              [
                -99.47228450000001,
                27.5935142
              ],
              [
                -99.4722763,
                27.5935674
              ],
              [
                -99.4722631,
                27.5936197
              ],
              [
                -99.4722449,
                27.593670899999985
              ],
              [
                -99.472222,
                27.5937206
              ]
            ]
          ],
          [
            [
              [
                -99.4773538,
                27.5729002
              ],
              [
                -99.4779005,
                27.572663899999984
              ],
              [
                -99.4785095,
                27.572899099999987
              ],
              [
                -99.4786899,
                27.573407
              ],
              [
                -99.4777819,
                27.5737434
              ],
              [
                -99.4777418,
                27.5737291
              ],
              [
                -99.4773538,
                27.5729002
              ]
            ]
          ],
          [
            [
              [
                -99.4787879,
                27.575250799999985
              ],
              [
                -99.4782976,
                27.5754331
              ],
              [
                -99.4778507,
                27.5744887
              ],
              [
                -99.478341,
                27.574306399999983
              ],
              [
                -99.4787879,
                27.575250799999985
              ]
            ]
          ],
          [
            [
              [
                -99.47769990000002,
                27.57541750000001
              ],
              [
                -99.4771691,
                27.5756147
              ],
              [
                -99.4768844,
                27.5757134
              ],
              [
                -99.4766163,
                27.575605399999983
              ],
              [
                -99.4762846,
                27.5749107
              ],
              [
                -99.4767393,
                27.5746623
              ],
              [
                -99.4768551,
                27.574608699999978
              ],
              [
                -99.4771838,
                27.574485
              ],
              [
                -99.4772419,
                27.574477799999986
              ],
              [
                -99.4773102,
                27.5744952
              ],
              [
                -99.4773668,
                27.5745332
              ],
              [
                -99.4773944,
                27.5745719
              ],
              [
                -99.47752790000001,
                27.5748633
              ],
              [
                -99.47769990000002,
                27.57541750000001
              ]
            ]
          ],
          [
            [
              [
                -99.4834209,
                27.58139759999999
              ],
              [
                -99.4831852,
                27.5809416
              ],
              [
                -99.4843258,
                27.580505799999987
              ],
              [
                -99.4844468,
                27.580551799999984
              ],
              [
                -99.4850308,
                27.5817658
              ],
              [
                -99.4842415,
                27.582069
              ],
              [
                -99.4840889,
                27.5821442
              ],
              [
                -99.4837513,
                27.5820683
              ],
              [
                -99.4834209,
                27.58139759999999
              ]
            ]
          ],
          [
            [
              [
                -99.5168039,
                27.5301732
              ],
              [
                -99.5176695,
                27.5301818
              ],
              [
                -99.5176813,
                27.5301833
              ],
              [
                -99.5176915,
                27.530186
              ],
              [
                -99.5177007,
                27.5301908
              ],
              [
                -99.5177058,
                27.5301964
              ],
              [
                -99.5177084,
                27.5302039
              ],
              [
                -99.5177096,
                27.5302152
              ],
              [
                -99.5177029,
                27.530874099999988
              ],
              [
                -99.5177024,
                27.5308861
              ],
              [
                -99.5176995,
                27.53089209999998
              ],
              [
                -99.5176927,
                27.5308988
              ],
              [
                -99.5176834,
                27.5309037
              ],
              [
                -99.5176737,
                27.5309056
              ],
              [
                -99.51767324215831,
                27.530905595976694
              ],
              [
                -99.51767243593427,
                27.530960712490284
              ],
              [
                -99.51681888100582,
                27.53095247653427
              ],
              [
                -99.51681950269668,
                27.53089809370555
              ],
              [
                -99.5167747,
                27.530897699999986
              ],
              [
                -99.5167595,
                27.530896199999987
              ],
              [
                -99.5167511,
                27.53089059999998
              ],
              [
                -99.5167418,
                27.530878599999976
              ],
              [
                -99.5167384,
                27.53086809999998
              ],
              [
                -99.5167481,
                27.530217
              ],
              [
                -99.5167498,
                27.5301964
              ],
              [
                -99.5167549,
                27.53018519999998
              ],
              [
                -99.5167659,
                27.5301766
              ],
              [
                -99.516779,
                27.530174
              ],
              [
                -99.5168039,
                27.5301732
              ]
            ]
          ],
          [
            [
              [
                -99.521027,
                27.5310082
              ],
              [
                -99.5210143,
                27.5310211
              ],
              [
                -99.5210022,
                27.53103019999999
              ],
              [
                -99.5209841,
                27.5310361
              ],
              [
                -99.51991,
                27.53103230000002
              ],
              [
                -99.5198865,
                27.5310302
              ],
              [
                -99.5198738,
                27.5310168
              ],
              [
                -99.5198641,
                27.530999699999988
              ],
              [
                -99.5198587,
                27.53097879999999
              ],
              [
                -99.5198629,
                27.530234800000013
              ],
              [
                -99.5198635,
                27.530207
              ],
              [
                -99.5198659,
                27.5301973
              ],
              [
                -99.5198756,
                27.530192
              ],
              [
                -99.5198889,
                27.5301893
              ],
              [
                -99.5199034,
                27.530187700000013
              ],
              [
                -99.5209986,
                27.5301888
              ],
              [
                -99.5210173,
                27.5301904
              ],
              [
                -99.5210294,
                27.5301984
              ],
              [
                -99.52103479999998,
                27.5302086
              ],
              [
                -99.521036,
                27.5302247
              ],
              [
                -99.521036,
                27.5309718
              ],
              [
                -99.5210324,
                27.5309959
              ],
              [
                -99.521027,
                27.5310082
              ]
            ]
          ],
          [
            [
              [
                -99.5119992,
                27.531061800000014
              ],
              [
                -99.5119967,
                27.5310443
              ],
              [
                -99.5119956,
                27.53102039999999
              ],
              [
                -99.51272640000002,
                27.531025299999982
              ],
              [
                -99.51272856532958,
                27.530932857082867
              ],
              [
                -99.51200248815152,
                27.530923629573735
              ],
              [
                -99.51200288181151,
                27.530899012249495
              ],
              [
                -99.5120023,
                27.530899
              ],
              [
                -99.5120025,
                27.5308783
              ],
              [
                -99.5120023,
                27.5308528
              ],
              [
                -99.51200362046286,
                27.530852821067597
              ],
              [
                -99.51200554062686,
                27.530732744600723
              ],
              [
                -99.5121340769676,
                27.530734378412507
              ],
              [
                -99.51213713123957,
                27.530543493110876
              ],
              [
                -99.51277981563824,
                27.53055166059042
              ],
              [
                -99.51277480371381,
                27.530865125072115
              ],
              [
                -99.5127795,
                27.5308652
              ],
              [
                -99.5128093,
                27.530861899999987
              ],
              [
                -99.5128177,
                27.5308544
              ],
              [
                -99.5128241,
                27.5308447
              ],
              [
                -99.5128257,
                27.5308287
              ],
              [
                -99.5128691,
                27.530829699999988
              ],
              [
                -99.5129186,
                27.530830599999984
              ],
              [
                -99.5129174,
                27.5305627
              ],
              [
                -99.51295397053306,
                27.530562984943103
              ],
              [
                -99.51295407443031,
                27.530555381481395
              ],
              [
                -99.51372534008547,
                27.530562172445606
              ],
              [
                -99.5137252468668,
                27.530568994422623
              ],
              [
                -99.5137773,
                27.5305694
              ],
              [
                -99.5137703,
                27.530923
              ],
              [
                -99.5137627,
                27.531484
              ],
              [
                -99.5129112,
                27.5314709
              ],
              [
                -99.5129125,
                27.531099800000018
              ],
              [
                -99.5128656,
                27.5310986
              ],
              [
                -99.5128262,
                27.531097700000018
              ],
              [
                -99.5128232,
                27.5310873
              ],
              [
                -99.5128101,
                27.531072400000014
              ],
              [
                -99.5127921,
                27.5310682
              ],
              [
                -99.5119992,
                27.531061800000014
              ]
            ]
          ],
          [
            [
              [
                -99.51210430140918,
                27.539329506140678
              ],
              [
                -99.51214711601396,
                27.539329881306536
              ],
              [
                -99.5120831499822,
                27.539546018172963
              ],
              [
                -99.5120859,
                27.539547
              ],
              [
                -99.5119132,
                27.5401327
              ],
              [
                -99.5115863,
                27.54012790000002
              ],
              [
                -99.5107727,
                27.5401401
              ],
              [
                -99.5107249,
                27.5400914
              ],
              [
                -99.5106586,
                27.53984009999999
              ],
              [
                -99.5105677,
                27.5394988
              ],
              [
                -99.5105241,
                27.5393414
              ],
              [
                -99.510536,
                27.5393075
              ],
              [
                -99.5106538,
                27.5393059
              ],
              [
                -99.5106604,
                27.53932680000002
              ],
              [
                -99.5105867,
                27.539327299999975
              ],
              [
                -99.5105844,
                27.5395
              ],
              [
                -99.5106162,
                27.5396085
              ],
              [
                -99.5107650650034,
                27.539608902120463
              ],
              [
                -99.51076828559614,
                27.539583248595125
              ],
              [
                -99.510766104669,
                27.539321182459513
              ],
              [
                -99.510736,
                27.5393216
              ],
              [
                -99.5107393,
                27.5393054
              ],
              [
                -99.5112862,
                27.53930219999998
              ],
              [
                -99.5114894,
                27.5393043
              ],
              [
                -99.511493,
                27.5393154
              ],
              [
                -99.51173954279552,
                27.53931932822357
              ],
              [
                -99.51179458745206,
                27.539307277362536
              ],
              [
                -99.51180110562778,
                27.53934574261663
              ],
              [
                -99.51181685578965,
                27.539381391326913
              ],
              [
                -99.51185117233182,
                27.53942240863655
              ],
              [
                -99.51191271231865,
                27.5394512215052
              ],
              [
                -99.51199661676283,
                27.539452957939744
              ],
              [
                -99.51206441531227,
                27.53941274832275
              ],
              [
                -99.51209545210533,
                27.53936578969078
              ],
              [
                -99.51210430140918,
                27.539329506140678
              ]
            ]
          ],
          [
            [
              [
                -99.49692884841384,
                27.52973747069953
              ],
              [
                -99.4977855950565,
                27.52973602805697
              ],
              [
                -99.49778461499453,
                27.530484607262043
              ],
              [
                -99.49692738865151,
                27.53048342830206
              ],
              [
                -99.49692884841384,
                27.52973747069953
              ]
            ]
          ],
          [
            [
              [
                -99.49923210000001,
                27.536059199999976
              ],
              [
                -99.4978386,
                27.536057099999983
              ],
              [
                -99.4977666,
                27.5360571
              ],
              [
                -99.49776674586255,
                27.535997178282745
              ],
              [
                -99.49776054463648,
                27.53599714887339
              ],
              [
                -99.49776161093673,
                27.53523298109274
              ],
              [
                -99.49776860602606,
                27.535233005386782
              ],
              [
                -99.4977687,
                27.5351944
              ],
              [
                -99.4998422,
                27.535199
              ],
              [
                -99.4998542,
                27.5352041
              ],
              [
                -99.4998621,
                27.535213
              ],
              [
                -99.4998663,
                27.535230199999987
              ],
              [
                -99.4998658,
                27.5360019
              ],
              [
                -99.4998658,
                27.5360143
              ],
              [
                -99.4998611,
                27.536027799999985
              ],
              [
                -99.4998527,
                27.536040799999984
              ],
              [
                -99.49984010000001,
                27.5360515
              ],
              [
                -99.4998243,
                27.536057599999985
              ],
              [
                -99.4998099,
                27.5360585
              ],
              [
                -99.4997797,
                27.5360604
              ],
              [
                -99.49923210000001,
                27.536059199999976
              ]
            ]
          ],
          [
            [
              [
                -99.4880607,
                27.5402565
              ],
              [
                -99.4880418,
                27.5402598
              ],
              [
                -99.4880241,
                27.54025929999999
              ],
              [
                -99.4871207,
                27.5401243
              ],
              [
                -99.4871491625946,
                27.540103823562504
              ],
              [
                -99.48713998222127,
                27.540102436679724
              ],
              [
                -99.48726723576779,
                27.540011465536683
              ],
              [
                -99.48730403255846,
                27.539821725026567
              ],
              [
                -99.487330318162,
                27.53968619748319
              ],
              [
                -99.48733649015317,
                27.539687152503998
              ],
              [
                -99.487338,
                27.5396778
              ],
              [
                -99.48759224720087,
                27.53971282428601
              ],
              [
                -99.48762450294281,
                27.539687202701383
              ],
              [
                -99.48780688969158,
                27.538746711923256
              ],
              [
                -99.48782453170544,
                27.538757623651513
              ],
              [
                -99.48783015063366,
                27.53875993662976
              ],
              [
                -99.4878372,
                27.53873379999999
              ],
              [
                -99.4878609,
                27.5387421
              ],
              [
                -99.4878868,
                27.5387455
              ],
              [
                -99.4879127,
                27.538741599999984
              ],
              [
                -99.4879359,
                27.5387325
              ],
              [
                -99.4879525,
                27.5387179
              ],
              [
                -99.4879675,
                27.538697
              ],
              [
                -99.4879843,
                27.538652200000012
              ],
              [
                -99.48800760657983,
                27.538645203733868
              ],
              [
                -99.48800740084953,
                27.538643093065158
              ],
              [
                -99.48800186543072,
                27.53862460228973
              ],
              [
                -99.48799281580256,
                27.538607243388416
              ],
              [
                -99.48807473984598,
                27.538619920155952
              ],
              [
                -99.48810454944415,
                27.53860673933803
              ],
              [
                -99.48816254439065,
                27.53830768342389
              ],
              [
                -99.48816612069116,
                27.538308214728136
              ],
              [
                -99.4881669,
                27.53830429999999
              ],
              [
                -99.4884976,
                27.53835560000001
              ],
              [
                -99.4884335,
                27.5387171
              ],
              [
                -99.4884126,
                27.538714899999984
              ],
              [
                -99.4883848,
                27.5387149
              ],
              [
                -99.4883652,
                27.5387239
              ],
              [
                -99.4883501,
                27.538748
              ],
              [
                -99.4880772,
                27.540240799999985
              ],
              [
                -99.4880683,
                27.5402503
              ],
              [
                -99.4880607,
                27.5402565
              ]
            ]
          ],
          [
            [
              [
                -99.4956261,
                27.5516669
              ],
              [
                -99.49566620667225,
                27.551648106671134
              ],
              [
                -99.49569380862863,
                27.551630669031
              ],
              [
                -99.49570106424343,
                27.551631772984955
              ],
              [
                -99.49572,
                27.55162289999998
              ],
              [
                -99.4961032,
                27.5516759
              ],
              [
                -99.4962269,
                27.551693
              ],
              [
                -99.49627120000001,
                27.5517144
              ],
              [
                -99.4963034,
                27.55175839999998
              ],
              [
                -99.49633699110832,
                27.55177630571183
              ],
              [
                -99.49633699110815,
                27.551776305707975
              ],
              [
                -99.4963503,
                27.551783399999984
              ],
              [
                -99.4964455,
                27.5517941
              ],
              [
                -99.4964470317978,
                27.55179519949145
              ],
              [
                -99.49645726702565,
                27.551791364481605
              ],
              [
                -99.49646917239812,
                27.55178576710034
              ],
              [
                -99.49648048667913,
                27.551779266555595
              ],
              [
                -99.49649112183377,
                27.551771913022925
              ],
              [
                -99.49650099791201,
                27.5517637598637
              ],
              [
                -99.49651003945533,
                27.55175487238583
              ],
              [
                -99.49679389540702,
                27.551853884216534
              ],
              [
                -99.49676209256982,
                27.552021343323595
              ],
              [
                -99.4967768,
                27.5520319
              ],
              [
                -99.49680850000001,
                27.5520894
              ],
              [
                -99.49674316781216,
                27.552120992389437
              ],
              [
                -99.49673983479323,
                27.55213854253347
              ],
              [
                -99.49625237610545,
                27.552322222936358
              ],
              [
                -99.4956489,
                27.5525562
              ],
              [
                -99.4955094,
                27.5522412
              ],
              [
                -99.4955497,
                27.5521318
              ],
              [
                -99.4956261,
                27.5516669
              ]
            ]
          ],
          [
            [
              [
                -99.49561473106924,
                27.55897455881131
              ],
              [
                -99.49561473417397,
                27.558974558709096
              ],
              [
                -99.4962862,
                27.559549
              ],
              [
                -99.4947297,
                27.5601595
              ],
              [
                -99.49473049407807,
                27.559910955298076
              ],
              [
                -99.49473049407253,
                27.55991095529828
              ],
              [
                -99.4947322,
                27.559377
              ],
              [
                -99.49508603969143,
                27.558991965373565
              ],
              [
                -99.49508604133075,
                27.558991965319596
              ],
              [
                -99.4953277,
                27.558729
              ],
              [
                -99.49561473106924,
                27.55897455881131
              ]
            ]
          ],
          [
            [
              [
                -99.4893748,
                27.5691208
              ],
              [
                -99.48938252852234,
                27.56915758080135
              ],
              [
                -99.48938439870413,
                27.569157294054204
              ],
              [
                -99.4894004352939,
                27.56924280089613
              ],
              [
                -99.4894902,
                27.56967
              ],
              [
                -99.48950546129034,
                27.569802797840833
              ],
              [
                -99.48951855221036,
                27.56987259841846
              ],
              [
                -99.48951963479792,
                27.569926130217336
              ],
              [
                -99.4895398,
                27.570101599999987
              ],
              [
                -99.4885675,
                27.569958899999982
              ],
              [
                -99.4867033,
                27.57065320000002
              ],
              [
                -99.4864995,
                27.56955120000001
              ],
              [
                -99.4893748,
                27.5691208
              ]
            ]
          ],
          [
            [
              [
                -99.49433606256883,
                27.57113763221007
              ],
              [
                -99.49428241787503,
                27.57101161849542
              ],
              [
                -99.4942287731812,
                27.570854696185133
              ],
              [
                -99.49416439990796,
                27.57071679414135
              ],
              [
                -99.49408661658413,
                27.570562248376795
              ],
              [
                -99.49405979468638,
                27.570421968995195
              ],
              [
                -99.49407857037413,
                27.5702793116646
              ],
              [
                -99.49407857037413,
                27.570117632760784
              ],
              [
                -99.49447285352875,
                27.570120009737664
              ],
              [
                -99.49487250411718,
                27.57012238830712
              ],
              [
                -99.49503880024257,
                27.570081967749374
              ],
              [
                -99.49547599951157,
                27.569974975034558
              ],
              [
                -99.49548269617435,
                27.569996537317515
              ],
              [
                -99.495489,
                27.5699951
              ],
              [
                -99.4956645,
                27.5705443
              ],
              [
                -99.49565428421772,
                27.570549025932245
              ],
              [
                -99.49565839075191,
                27.57056224837678
              ],
              [
                -99.49560206458698,
                27.570600290994868
              ],
              [
                -99.49550550467708,
                27.5706335772795
              ],
              [
                -99.49497174459988,
                27.57110672303385
              ],
              [
                -99.49486982084942,
                27.571299309611067
              ],
              [
                -99.49484299984998,
                27.571296930270798
              ],
              [
                -99.49471693567291,
                27.57126840048038
              ],
              [
                -99.4946257405019,
                27.571268399684055
              ],
              [
                -99.49447017295594,
                27.571242246042456
              ],
              [
                -99.49440311821155,
                27.571227981141064
              ],
              [
                -99.49433606256883,
                27.57113763221007
              ]
            ]
          ],
          [
            [
              [
                -99.49129919186821,
                27.571236473670798
              ],
              [
                -99.49012037314505,
                27.57164674210172
              ],
              [
                -99.48668193574947,
                27.57298043118203
              ],
              [
                -99.48536389612359,
                27.573486379243924
              ],
              [
                -99.48261854669896,
                27.574507240799246
              ],
              [
                -99.48087206008987,
                27.57513021696813
              ],
              [
                -99.48077684316132,
                27.575227694006646
              ],
              [
                -99.48015993412311,
                27.575480900435725
              ],
              [
                -99.47735790369899,
                27.576520121927587
              ],
              [
                -99.47630759796039,
                27.57693161276384
              ],
              [
                -99.4762499297124,
                27.576679599294803
              ],
              [
                -99.4763022332215,
                27.57665701339036
              ],
              [
                -99.47639611166026,
                27.576634427481263
              ],
              [
                -99.47660800537118,
                27.57660470787358
              ],
              [
                -99.47697546842465,
                27.576563102479632
              ],
              [
                -99.47715115104646,
                27.576498910336575
              ],
              [
                -99.47718199739668,
                27.57652268588703
              ],
              [
                -99.47721150256218,
                27.57645968174197
              ],
              [
                -99.47719383180224,
                27.576407812482437
              ],
              [
                -99.47754452959758,
                27.576280616796993
              ],
              [
                -99.47843765800926,
                27.575941880656032
              ],
              [
                -99.47904249638499,
                27.57571245101697
              ],
              [
                -99.48073871686404,
                27.575084808820375
              ],
              [
                -99.4811651875536,
                27.57492551387007
              ],
              [
                -99.48300542324405,
                27.574217250482636
              ],
              [
                -99.48542421619828,
                27.57330207387849
              ],
              [
                -99.48652123972155,
                27.57287411097079
              ],
              [
                -99.48790888081567,
                27.57232720524748
              ],
              [
                -99.49012170354999,
                27.57148553900951
              ],
              [
                -99.49304665135274,
                27.570380531665993
              ],
              [
                -99.49359784503467,
                27.570178434778068
              ],
              [
                -99.49364880556242,
                27.570228364791316
              ],
              [
                -99.49407527804863,
                27.57020696564818
              ],
              [
                -99.49370245115456,
                27.57031633670208
              ],
              [
                -99.49311504728186,
                27.57053507848281
              ],
              [
                -99.49129919186821,
                27.571236473670798
              ]
            ]
          ],
          [
            [
              [
                -99.5183589,
                27.5442788
              ],
              [
                -99.5176987,
                27.54450669999998
              ],
              [
                -99.519353,
                27.5408581
              ],
              [
                -99.5193664,
                27.540840399999983
              ],
              [
                -99.51959403140279,
                27.540839628181242
              ],
              [
                -99.51982705232976,
                27.54082451038685
              ],
              [
                -99.51984705774039,
                27.54085013328912
              ],
              [
                -99.5198549,
                27.5408521
              ],
              [
                -99.5198738,
                27.5408698
              ],
              [
                -99.5198854,
                27.54089030000001
              ],
              [
                -99.5198896,
                27.540909
              ],
              [
                -99.5198896,
                27.5409267
              ],
              [
                -99.51988220000001,
                27.5410121
              ],
              [
                -99.5198675,
                27.541075499999966
              ],
              [
                -99.519837,
                27.54115989999997
              ],
              [
                -99.5197812,
                27.5412849
              ],
              [
                -99.5185616,
                27.543962299999983
              ],
              [
                -99.5184524,
                27.544195599999984
              ],
              [
                -99.5184273,
                27.544236699999985
              ],
              [
                -99.5184053,
                27.544254800000022
              ],
              [
                -99.5183589,
                27.5442788
              ]
            ]
          ],
          [
            [
              [
                -99.5184268,
                27.579942499999976
              ],
              [
                -99.5183321,
                27.5797234
              ],
              [
                -99.5182927,
                27.5796324
              ],
              [
                -99.5221707,
                27.578164499999986
              ],
              [
                -99.52218040000001,
                27.578195
              ],
              [
                -99.5221909,
                27.5782575
              ],
              [
                -99.5222119,
                27.578529699999983
              ],
              [
                -99.5184268,
                27.579942499999976
              ]
            ]
          ],
          [
            [
              [
                -99.5399595,
                27.6205189
              ],
              [
                -99.5392594,
                27.6207281
              ],
              [
                -99.5388303,
                27.620887299999985
              ],
              [
                -99.5390557,
                27.6199922
              ],
              [
                -99.5391237,
                27.6187592
              ],
              [
                -99.53996249788936,
                27.618773328645172
              ],
              [
                -99.53996249780454,
                27.618773326599168
              ],
              [
                -99.5404775,
                27.618782
              ],
              [
                -99.5405191,
                27.6187845
              ],
              [
                -99.5405538,
                27.6188038
              ],
              [
                -99.54072280000001,
                27.6191152
              ],
              [
                -99.5408113,
                27.620263
              ],
              [
                -99.54080440000001,
                27.62031929999998
              ],
              [
                -99.5407749,
                27.620355
              ],
              [
                -99.5407212,
                27.6203764
              ],
              [
                -99.5399595,
                27.6205189
              ]
            ]
          ],
          [
            [
              [
                -99.5434296522094,
                27.636260761582573
              ],
              [
                -99.541280606267,
                27.635811955803785
              ],
              [
                -99.5409218990926,
                27.635737041919025
              ],
              [
                -99.54090147769124,
                27.635722671607134
              ],
              [
                -99.54087863802513,
                27.63571156181165
              ],
              [
                -99.54085402598297,
                27.63570402370331
              ],
              [
                -99.54082834584395,
                27.63570027374892
              ],
              [
                -99.54080231985354,
                27.635700416998482
              ],
              [
                -99.54077669181679,
                27.63570445186027
              ],
              [
                -99.54075218936909,
                27.63571226373428
              ],
              [
                -99.54072950600988,
                27.635723625012158
              ],
              [
                -99.54070928942438,
                27.635738220543963
              ],
              [
                -99.54069211004291,
                27.63575563251743
              ],
              [
                -99.5406784565489,
                27.635775365128964
              ],
              [
                -99.54066871970953,
                27.6357968589089
              ],
              [
                -99.54066317351096,
                27.635819505046246
              ],
              [
                -99.54066197605671,
                27.63584265891827
              ],
              [
                -99.54066516058438,
                27.63586566237364
              ],
              [
                -99.5406726381608,
                27.6358878628323
              ],
              [
                -99.54068419498692,
                27.635908630793853
              ],
              [
                -99.54062305924197,
                27.636140816112903
              ],
              [
                -99.5402941545754,
                27.636072125032907
              ],
              [
                -99.54045423435903,
                27.635851292078645
              ],
              [
                -99.54064213137376,
                27.635475198257712
              ],
              [
                -99.54168363002933,
                27.63489218422644
              ],
              [
                -99.54335926022374,
                27.63480055872198
              ],
              [
                -99.54379627084653,
                27.634868281270887
              ],
              [
                -99.5434296522094,
                27.636260761582573
              ]
            ]
          ],
          [
            [
              [
                -99.4905602,
                27.595499
              ],
              [
                -99.4903394,
                27.5967817
              ],
              [
                -99.49029228453654,
                27.59679763734187
              ],
              [
                -99.49028777419825,
                27.596820909100188
              ],
              [
                -99.48823738303699,
                27.597576336825735
              ],
              [
                -99.48781294703154,
                27.59669094909789
              ],
              [
                -99.48905236430714,
                27.5962193443287
              ],
              [
                -99.48911969303768,
                27.596180202399825
              ],
              [
                -99.48915803582898,
                27.59613858850982
              ],
              [
                -99.48918800722011,
                27.596072124556166
              ],
              [
                -99.48919263444212,
                27.59601844305184
              ],
              [
                -99.48918151419721,
                27.595965523407646
              ],
              [
                -99.48949182822895,
                27.59584744289627
              ],
              [
                -99.48939721227335,
                27.595643634296923
              ],
              [
                -99.48930541073952,
                27.595445923623306
              ],
              [
                -99.48922970342232,
                27.595283870217898
              ],
              [
                -99.4887410226027,
                27.594315274630972
              ],
              [
                -99.4887577593057,
                27.594280891206004
              ],
              [
                -99.4886289,
                27.5940107
              ],
              [
                -99.4894247,
                27.5937131
              ],
              [
                -99.4900359,
                27.59348449999998
              ],
              [
                -99.4902126,
                27.5938729
              ],
              [
                -99.49027569957866,
                27.594005902833253
              ],
              [
                -99.49027724594313,
                27.59400884318489
              ],
              [
                -99.49027748047133,
                27.59400965664232
              ],
              [
                -99.49042220000001,
                27.5943147
              ],
              [
                -99.4905039,
                27.594558899999985
              ],
              [
                -99.49056930000002,
                27.59482550000001
              ],
              [
                -99.490595,
                27.595083499999976
              ],
              [
                -99.4905904,
                27.5952483
              ],
              [
                -99.4905602,
                27.595499
              ]
            ]
          ],
          [
            [
              [
                -99.5379497,
                27.64479809999998
              ],
              [
                -99.53792550000001,
                27.6447512
              ],
              [
                -99.5379027,
                27.6446922
              ],
              [
                -99.5379012,
                27.6446372
              ],
              [
                -99.53792390000001,
                27.6445943
              ],
              [
                -99.5379512,
                27.6445527
              ],
              [
                -99.5379815,
                27.64451379999998
              ],
              [
                -99.53799060000001,
                27.644466899999962
              ],
              [
                -99.5379845,
                27.6444079
              ],
              [
                -99.537986,
                27.644362299999987
              ],
              [
                -99.5380329,
                27.6442939
              ],
              [
                -99.5381026,
                27.6442523
              ],
              [
                -99.5381662,
                27.6442389
              ],
              [
                -99.5382283,
                27.644149
              ],
              [
                -99.5384326,
                27.643968
              ],
              [
                -99.5385356,
                27.64395449999999
              ],
              [
                -99.5385901,
                27.643962599999966
              ],
              [
                -99.5386643,
                27.644027
              ],
              [
                -99.5386823,
                27.644233799999984
              ],
              [
                -99.53876660000002,
                27.6444976
              ],
              [
                -99.5387326,
                27.644511799999986
              ],
              [
                -99.5387044,
                27.6445326
              ],
              [
                -99.538688,
                27.6445537
              ],
              [
                -99.5386799,
                27.6445771
              ],
              [
                -99.5386801,
                27.644606699999976
              ],
              [
                -99.5386853,
                27.64463640000002
              ],
              [
                -99.538703,
                27.644665599999982
              ],
              [
                -99.5387271,
                27.6446907
              ],
              [
                -99.5384727,
                27.645140699999985
              ],
              [
                -99.5382018,
                27.6452534
              ],
              [
                -99.5380572,
                27.645314500000016
              ],
              [
                -99.53801630000001,
                27.6451898
              ],
              [
                -99.5380178,
                27.6451361
              ],
              [
                -99.53800270000002,
                27.6450717
              ],
              [
                -99.5379542,
                27.644968499999983
              ],
              [
                -99.53793760000002,
                27.6449175
              ],
              [
                -99.53794360000002,
                27.6448585
              ],
              [
                -99.5379497,
                27.64479809999998
              ]
            ]
          ]
        ]
      }
    }
  ]
}