{
  "type": "FeatureCollection",
  "name": "Mission",
  "crs": {
    "type": "name",
    "properties": {
      "name": "urn:ogc:def:crs:OGC:1.3:CRS84"
    }
  },
  "features": [
    {
      "type": "Feature",
      "properties": {
        "largest_city": "Mission",
        "all_cities": "Aransas Pass, Banquete, Bayou Vista, Bayside, Bishop, Circle D-KC Estates, Coupland, Driscoll, Fulton, Ganado, Gregory, Holiday Beach, Ingleside, Ingleside on the Bay, Kingsville, Lometa, Mission, Odem, Port Mansfield, Portland, Riviera, Robstown, Sarita, Sinton, Taft, Tivoli, Webberville",
        "total_area_ft2": 19969578.998661757
      },
      "geometry": {
        "type": "MultiPolygon",
        "coordinates": [
          [
            [
              [
                -98.3141492,
                26.240447399999983
              ],
              [
                -98.3140364,
                26.2411
              ],
              [
                -98.3135548,
                26.241033
              ],
              [
                -98.3136675,
                26.240380499999976
              ],
              [
                -98.3141492,
                26.240447399999983
              ]
            ]
          ],
          [
            [
              [
                -98.3316636,
                26.2215006
              ],
              [
                -98.331628,
                26.2217093
              ],
              [
                -98.3315192,
                26.2216944
              ],
              [
                -98.3315547,
                26.2214857
              ],
              [
                -98.3316636,
                26.2215006
              ]
            ]
          ],
          [
            [
              [
                -98.3313162,
                26.2218228
              ],
              [
                -98.3312807,
                26.22203149999999
              ],
              [
                -98.3311718,
                26.2220166
              ],
              [
                -98.3312074,
                26.221807899999988
              ],
              [
                -98.3313162,
                26.2218228
              ]
            ]
          ],
          [
            [
              [
                -98.33134910000001,
                26.2218265
              ],
              [
                -98.3314579,
                26.2218414
              ],
              [
                -98.3314224,
                26.2220501
              ],
              [
                -98.3313135,
                26.22203520000002
              ],
              [
                -98.33134910000001,
                26.2218265
              ]
            ]
          ],
          [
            [
              [
                -98.331606,
                26.221862599999987
              ],
              [
                -98.3315705,
                26.2220714
              ],
              [
                -98.3314617,
                26.2220564
              ],
              [
                -98.3314972,
                26.2218477
              ],
              [
                -98.331606,
                26.221862599999987
              ]
            ]
          ],
          [
            [
              [
                -98.3210646,
                26.22107559999999
              ],
              [
                -98.3205308,
                26.221006
              ],
              [
                -98.3206855,
                26.2200512
              ],
              [
                -98.3212193,
                26.2201208
              ],
              [
                -98.3210646,
                26.22107559999999
              ]
            ]
          ],
          [
            [
              [
                -98.3307041,
                26.2208542
              ],
              [
                -98.3306285,
                26.2212901
              ],
              [
                -98.3295434,
                26.2211388
              ],
              [
                -98.3296189,
                26.2207029
              ],
              [
                -98.3307041,
                26.2208542
              ]
            ]
          ],
          [
            [
              [
                -98.3266185,
                26.2229305
              ],
              [
                -98.3265541,
                26.2229545
              ],
              [
                -98.326475,
                26.222969
              ],
              [
                -98.3264052,
                26.2229762
              ],
              [
                -98.3263395,
                26.222973799999977
              ],
              [
                -98.3262778,
                26.22296660000002
              ],
              [
                -98.3261906,
                26.2229569
              ],
              [
                -98.3262993,
                26.222372199999988
              ],
              [
                -98.326361,
                26.2223385
              ],
              [
                -98.3269819,
                26.22243
              ],
              [
                -98.3269805,
                26.222517799999984
              ],
              [
                -98.3269564,
                26.222602
              ],
              [
                -98.3269282,
                26.2226718
              ],
              [
                -98.3268947,
                26.2227235
              ],
              [
                -98.3268505,
                26.2227765
              ],
              [
                -98.3268049,
                26.2228222
              ],
              [
                -98.3267512,
                26.2228619
              ],
              [
                -98.3266895,
                26.222900399999983
              ],
              [
                -98.3266185,
                26.2229305
              ]
            ]
          ],
          [
            [
              [
                -98.3141023868329,
                26.22414562046153
              ],
              [
                -98.31403238920764,
                26.22411562094213
              ],
              [
                -98.31397238893318,
                26.22409562045238
              ],
              [
                -98.3139023895113,
                26.22406562092011
              ],
              [
                -98.31384238833853,
                26.224045621227603
              ],
              [
                -98.31377238891665,
                26.22402561991997
              ],
              [
                -98.31370238949476,
                26.223995621175504
              ],
              [
                -98.31363238917457,
                26.223975620665115
              ],
              [
                -98.31357238890011,
                26.223955620151283
              ],
              [
                -98.31350238947822,
                26.223945620296014
              ],
              [
                -98.31343238915801,
                26.223925620582897
              ],
              [
                -98.31336238883782,
                26.22390562006048
              ],
              [
                -98.31329238941593,
                26.223895621006765
              ],
              [
                -98.31326239107534,
                26.22388562114633
              ],
              [
                -98.31261238810205,
                26.223835620219575
              ],
              [
                -98.31270238941205,
                26.221815621054017
              ],
              [
                -98.31314238872979,
                26.22193561984615
              ],
              [
                -98.31358238804754,
                26.223455621499465
              ],
              [
                -98.31541238833364,
                26.224115619330416
              ],
              [
                -98.31558238731462,
                26.224105621100623
              ],
              [
                -98.3157323888991,
                26.22403562138007
              ],
              [
                -98.31599238829176,
                26.221965619927776
              ],
              [
                -98.31296238970305,
                26.221835621129934
              ],
              [
                -98.31300238808939,
                26.221485620916965
              ],
              [
                -98.31483238927382,
                26.22158561993401
              ],
              [
                -98.31489238954825,
                26.221265621648634
              ],
              [
                -98.31655238815843,
                26.221465619975024
              ],
              [
                -98.31648238873655,
                26.221855622008274
              ],
              [
                -98.31645238859932,
                26.222015620852474
              ],
              [
                -98.3163323880504,
                26.222745620945933
              ],
              [
                -98.31597238730195,
                26.224905619404705
              ],
              [
                -98.31516238898669,
                26.224795621041984
              ],
              [
                -98.315112388758,
                26.22475562109874
              ],
              [
                -98.31506238673263,
                26.2247056197401
              ],
              [
                -98.31500238825481,
                26.22466562057179
              ],
              [
                -98.31495238892441,
                26.224625620583836
              ],
              [
                -98.31489238954825,
                26.224585618970465
              ],
              [
                -98.31484238931955,
                26.224545619760892
              ],
              [
                -98.31478238814678,
                26.22450562053748
              ],
              [
                -98.31472238877063,
                26.22446562130042
              ],
              [
                -98.31466238849617,
                26.22443562105769
              ],
              [
                -98.31460238822173,
                26.22439562099064
              ],
              [
                -98.31454238884558,
                26.224365620729902
              ],
              [
                -98.31448238857112,
                26.224325620638798
              ],
              [
                -98.31442238829666,
                26.224295619554148
              ],
              [
                -98.31436238981884,
                26.224265619267562
              ],
              [
                -98.31429238770201,
                26.224235620584956
              ],
              [
                -98.31423238742757,
                26.224205621088792
              ],
              [
                -98.314162388904,
                26.22417562077903
              ],
              [
                -98.3141023868329,
                26.22414562046153
              ]
            ]
          ],
          [
            [
              [
                -98.3317006248956,
                26.22232613122297
              ],
              [
                -98.33171684667302,
                26.222332240495195
              ],
              [
                -98.33172161762549,
                26.222339666552546
              ],
              [
                -98.33172468716882,
                26.222351487803326
              ],
              [
                -98.33172441497929,
                26.222367680070256
              ],
              [
                -98.33169136326502,
                26.222489438302418
              ],
              [
                -98.33159355829017,
                26.223066752230196
              ],
              [
                -98.33064726757998,
                26.222937558913305
              ],
              [
                -98.33068760732613,
                26.22267307871226
              ],
              [
                -98.33064361503003,
                26.222668063821118
              ],
              [
                -98.33071341592422,
                26.222203742631745
              ],
              [
                -98.3317006248956,
                26.22232613122297
              ]
            ]
          ],
          [
            [
              [
                -98.347833,
                26.2237671
              ],
              [
                -98.3475002,
                26.2256079
              ],
              [
                -98.34741800796286,
                26.225595718362953
              ],
              [
                -98.34740999966492,
                26.225639999654167
              ],
              [
                -98.34503000045622,
                26.22530000095776
              ],
              [
                -98.34503959794999,
                26.225243215510286
              ],
              [
                -98.3450233,
                26.225240799999987
              ],
              [
                -98.3453921,
                26.223017699999986
              ],
              [
                -98.3458816,
                26.223086599999988
              ],
              [
                -98.3458158912975,
                26.22349995128062
              ],
              [
                -98.34708529790885,
                26.223670628973967
              ],
              [
                -98.3474119,
                26.223713399999987
              ],
              [
                -98.347833,
                26.2237671
              ]
            ]
          ],
          [
            [
              [
                -98.3360504,
                26.228401799999986
              ],
              [
                -98.3361592,
                26.22841629999998
              ],
              [
                -98.3361241,
                26.2286288
              ],
              [
                -98.3360153,
                26.2286143
              ],
              [
                -98.3360504,
                26.228401799999986
              ]
            ]
          ],
          [
            [
              [
                -98.3363043,
                26.2284357
              ],
              [
                -98.3362692,
                26.2286482
              ],
              [
                -98.3361605,
                26.228633700000014
              ],
              [
                -98.3361956,
                26.2284212
              ],
              [
                -98.3363043,
                26.2284357
              ]
            ]
          ],
          [
            [
              [
                -98.3269896,
                26.2239628
              ],
              [
                -98.326132,
                26.2238455
              ],
              [
                -98.3261995,
                26.2234622
              ],
              [
                -98.3262667,
                26.2230737
              ],
              [
                -98.32712160000001,
                26.2231926
              ],
              [
                -98.32705450000002,
                26.2235812
              ],
              [
                -98.3269896,
                26.2239628
              ]
            ]
          ],
          [
            [
              [
                -98.3147589,
                26.2383869
              ],
              [
                -98.31459460000002,
                26.239367299999987
              ],
              [
                -98.3141109,
                26.23930209999999
              ],
              [
                -98.3142752,
                26.2383217
              ],
              [
                -98.3147589,
                26.2383869
              ]
            ]
          ],
          [
            [
              [
                -98.3159382,
                26.239659499999984
              ],
              [
                -98.315901,
                26.2397656
              ],
              [
                -98.315844,
                26.239871600000015
              ],
              [
                -98.3157674,
                26.23996
              ],
              [
                -98.31565790000002,
                26.240038599999984
              ],
              [
                -98.3155528,
                26.2400897
              ],
              [
                -98.3154016,
                26.2401211
              ],
              [
                -98.3152834,
                26.240127
              ],
              [
                -98.3151432,
                26.240115199999966
              ],
              [
                -98.315233,
                26.239518
              ],
              [
                -98.3152878,
                26.23948270000001
              ],
              [
                -98.3159579,
                26.23956719999999
              ],
              [
                -98.3159382,
                26.239659499999984
              ]
            ]
          ],
          [
            [
              [
                -98.3139143,
                26.240138
              ],
              [
                -98.3138064,
                26.2401232
              ],
              [
                -98.3138424,
                26.23991119999998
              ],
              [
                -98.3139503,
                26.239926299999986
              ],
              [
                -98.3139143,
                26.240138
              ]
            ]
          ],
          [
            [
              [
                -98.3364162,
                26.228668199999987
              ],
              [
                -98.3363074,
                26.2286538
              ],
              [
                -98.3363426,
                26.2284413
              ],
              [
                -98.3364513,
                26.228455800000017
              ],
              [
                -98.3364162,
                26.228668199999987
              ]
            ]
          ],
          [
            [
              [
                -98.3379272,
                26.2285649
              ],
              [
                -98.3377799,
                26.229462899999987
              ],
              [
                -98.3371727,
                26.2293828
              ],
              [
                -98.3373201,
                26.2284848
              ],
              [
                -98.3379272,
                26.2285649
              ]
            ]
          ],
          [
            [
              [
                -98.3503248,
                26.23865869999998
              ],
              [
                -98.3498036,
                26.23857579999999
              ],
              [
                -98.349997,
                26.237596
              ],
              [
                -98.35051840000001,
                26.2376788
              ],
              [
                -98.3503248,
                26.23865869999998
              ]
            ]
          ],
          [
            [
              [
                -98.3445006,
                26.24901439999999
              ],
              [
                -98.34427520000001,
                26.2502984
              ],
              [
                -98.3437888,
                26.2502569
              ],
              [
                -98.3433846,
                26.2502511
              ],
              [
                -98.3422979,
                26.25014
              ],
              [
                -98.342546,
                26.2487234
              ],
              [
                -98.3445006,
                26.24901439999999
              ]
            ]
          ],
          [
            [
              [
                -98.3140955,
                26.24016279999998
              ],
              [
                -98.3139876,
                26.240148
              ],
              [
                -98.3140236,
                26.23993629999999
              ],
              [
                -98.3141316,
                26.23995109999998
              ],
              [
                -98.3140955,
                26.24016279999998
              ]
            ]
          ],
          [
            [
              [
                -98.3172873,
                26.240280199999987
              ],
              [
                -98.3172435,
                26.2403942
              ],
              [
                -98.3171953,
                26.2404629
              ],
              [
                -98.3170989,
                26.2405317
              ],
              [
                -98.316996,
                26.24059259999999
              ],
              [
                -98.3168799,
                26.24061610000001
              ],
              [
                -98.3167748,
                26.240626
              ],
              [
                -98.3160937,
                26.24054149999999
              ],
              [
                -98.31621850000002,
                26.2396084
              ],
              [
                -98.3163565,
                26.239522
              ],
              [
                -98.3173902,
                26.2396457
              ],
              [
                -98.3172873,
                26.240280199999987
              ]
            ]
          ],
          [
            [
              [
                -98.31440730000001,
                26.2399889
              ],
              [
                -98.3143713,
                26.2402005
              ],
              [
                -98.3142632,
                26.2401857
              ],
              [
                -98.31429930000002,
                26.2399741
              ],
              [
                -98.31440730000001,
                26.2399889
              ]
            ]
          ],
          [
            [
              [
                -98.3144444,
                26.239994
              ],
              [
                -98.3145526,
                26.240008799999988
              ],
              [
                -98.3145166,
                26.240220399999988
              ],
              [
                -98.3144083,
                26.240205599999985
              ],
              [
                -98.3144444,
                26.239994
              ]
            ]
          ],
          [
            [
              [
                -98.3518151,
                26.259328199999985
              ],
              [
                -98.3516856,
                26.2601508
              ],
              [
                -98.3511617,
                26.2600844
              ],
              [
                -98.3512914,
                26.259261900000016
              ],
              [
                -98.3518151,
                26.259328199999985
              ]
            ]
          ],
          [
            [
              [
                -98.3875573,
                31.218507700000014
              ],
              [
                -98.38744850000002,
                31.218324
              ],
              [
                -98.38754010000001,
                31.218284299999986
              ],
              [
                -98.3876489,
                31.2184679
              ],
              [
                -98.3875573,
                31.218507700000014
              ]
            ]
          ],
          [
            [
              [
                -98.3874285,
                31.2185607
              ],
              [
                -98.3873244,
                31.2183787
              ],
              [
                -98.3874073,
                31.218344
              ],
              [
                -98.3875114,
                31.218526
              ],
              [
                -98.3874285,
                31.2185607
              ]
            ]
          ],
          [
            [
              [
                -97.22125981152935,
                27.829580107656867
              ],
              [
                -97.22150846609833,
                27.82929338340325
              ],
              [
                -97.22151736409917,
                27.82929865506783
              ],
              [
                -97.22182374332202,
                27.8294801700521
              ],
              [
                -97.22183088223359,
                27.829503965220017
              ],
              [
                -97.22160721340592,
                27.82978593116778
              ],
              [
                -97.22126498771327,
                27.829583174382027
              ],
              [
                -97.22125981152935,
                27.829580107656867
              ]
            ]
          ],
          [
            [
              [
                -97.22057584056837,
                27.837675482989436
              ],
              [
                -97.22057884003497,
                27.83770547692302
              ],
              [
                -97.22057559981174,
                27.837820096183087
              ],
              [
                -97.22060872608616,
                27.837931943022916
              ],
              [
                -97.22068546556761,
                27.838069852507235
              ],
              [
                -97.22088539641389,
                27.838271442698332
              ],
              [
                -97.22041824910994,
                27.838536984909204
              ],
              [
                -97.22035207830778,
                27.838453072852793
              ],
              [
                -97.22027029658265,
                27.838350890637038
              ],
              [
                -97.2201646636884,
                27.83809405885573
              ],
              [
                -97.22013571098678,
                27.837691991922405
              ],
              [
                -97.22006107895298,
                27.837622227511886
              ],
              [
                -97.2199277033878,
                27.837633585232474
              ],
              [
                -97.21961179285184,
                27.837683870417944
              ],
              [
                -97.21942573289188,
                27.837704802514153
              ],
              [
                -97.21920662930249,
                27.837753666563056
              ],
              [
                -97.21894370589357,
                27.837783631270003
              ],
              [
                -97.21904788441537,
                27.837664101256376
              ],
              [
                -97.21996283655045,
                27.836628913892465
              ],
              [
                -97.21997671457139,
                27.836613211863174
              ],
              [
                -97.22050999104867,
                27.836951356838025
              ],
              [
                -97.22048812683005,
                27.837015064077608
              ],
              [
                -97.22038812603743,
                27.837309064184872
              ],
              [
                -97.22041212576627,
                27.83745906419939
              ],
              [
                -97.22046712571536,
                27.83753006418285
              ],
              [
                -97.22055712557999,
                27.837671064160187
              ],
              [
                -97.22057584056837,
                27.837675482989436
              ]
            ]
          ],
          [
            [
              [
                -97.2118287461111,
                27.866707143903362
              ],
              [
                -97.21255565655078,
                27.86712511632637
              ],
              [
                -97.21239664486403,
                27.867329560645352
              ],
              [
                -97.21231486673213,
                27.867452225780923
              ],
              [
                -97.21222854671818,
                27.867574892365987
              ],
              [
                -97.212060447674,
                27.867665755207614
              ],
              [
                -97.21178331381559,
                27.86773844733198
              ],
              [
                -97.21175605443828,
                27.867702102070016
              ],
              [
                -97.21175605443828,
                27.86762940992128
              ],
              [
                -97.2117106221428,
                27.867579434834877
              ],
              [
                -97.21166973352601,
                27.867529459725397
              ],
              [
                -97.21154706857396,
                27.867534003784446
              ],
              [
                -97.2114607476617,
                27.867506743397932
              ],
              [
                -97.21150617816055,
                27.867374991781475
              ],
              [
                -97.21145166030428,
                27.86731593003015
              ],
              [
                -97.21142894460569,
                27.867238696727657
              ],
              [
                -97.21144257474347,
                27.867143288658543
              ],
              [
                -97.2118287461111,
                27.866707143903362
              ]
            ]
          ],
          [
            [
              [
                -97.31932006245407,
                27.870758876503306
              ],
              [
                -97.3193386252411,
                27.87007853892227
              ],
              [
                -97.32013368008163,
                27.8697515271318
              ],
              [
                -97.32194172015231,
                27.86907865278344
              ],
              [
                -97.32252477887397,
                27.868906651111097
              ],
              [
                -97.32260339673269,
                27.86955951620826
              ],
              [
                -97.32213813768747,
                27.869933538148313
              ],
              [
                -97.32198036747243,
                27.870232497952866
              ],
              [
                -97.32113375382619,
                27.870243683110708
              ],
              [
                -97.32042901470601,
                27.870464343763974
              ],
              [
                -97.3200140954527,
                27.87071002097412
              ],
              [
                -97.31932006245407,
                27.870758876503306
              ]
            ]
          ],
          [
            [
              [
                -97.3097699054009,
                27.874758867954544
              ],
              [
                -97.30990999964715,
                27.875090000524562
              ],
              [
                -97.30985660955123,
                27.875108265474566
              ],
              [
                -97.3098693,
                27.875139800000014
              ],
              [
                -97.3092390823106,
                27.875319523835945
              ],
              [
                -97.30914999886564,
                27.875349999613157
              ],
              [
                -97.3089699998389,
                27.874910000056953
              ],
              [
                -97.30899735337293,
                27.87487352956402
              ],
              [
                -97.3086945,
                27.8742056
              ],
              [
                -97.30874096396333,
                27.874189605868832
              ],
              [
                -97.30868483953341,
                27.874065254788952
              ],
              [
                -97.30922999923158,
                27.873899999694242
              ],
              [
                -97.30986000031676,
                27.873679999577053
              ],
              [
                -97.30987560110039,
                27.87371873263658
              ],
              [
                -97.3098801,
                27.8737172
              ],
              [
                -97.3101483,
                27.8743858
              ],
              [
                -97.31014471870289,
                27.874386888055025
              ],
              [
                -97.31014999984664,
                27.874399999887125
              ],
              [
                -97.30979986870997,
                27.874529397395012
              ],
              [
                -97.3097699054009,
                27.874758867954544
              ]
            ]
          ],
          [
            [
              [
                -97.218377,
                27.8743861
              ],
              [
                -97.2185567,
                27.874305500000013
              ],
              [
                -97.2188705,
                27.8743126
              ],
              [
                -97.2191092,
                27.8743837
              ],
              [
                -97.2192863,
                27.8745165
              ],
              [
                -97.2194096,
                27.874673
              ],
              [
                -97.2189644,
                27.8754199
              ],
              [
                -97.2188196,
                27.875450699999988
              ],
              [
                -97.2180176,
                27.8749338
              ],
              [
                -97.2180578,
                27.874782099999983
              ],
              [
                -97.2181517,
                27.8746114
              ],
              [
                -97.2182429,
                27.87448569999998
              ],
              [
                -97.218377,
                27.8743861
              ]
            ]
          ],
          [
            [
              [
                -97.21660624820178,
                27.87643074950303
              ],
              [
                -97.21792877221758,
                27.877206022452956
              ],
              [
                -97.2179743769896,
                27.87722629101985
              ],
              [
                -97.21795410830184,
                27.87729216284348
              ],
              [
                -97.21751326636438,
                27.877890087070234
              ],
              [
                -97.2168697402443,
                27.87875656838107
              ],
              [
                -97.21681400247584,
                27.878797104136734
              ],
              [
                -97.21672279293179,
                27.87879203885546
              ],
              [
                -97.2160488624326,
                27.878432270672988
              ],
              [
                -97.21488342052234,
                27.877834348645212
              ],
              [
                -97.21484794964505,
                27.877778609397456
              ],
              [
                -97.21487835402412,
                27.877727937834447
              ],
              [
                -97.21523305291576,
                27.87729216363755
              ],
              [
                -97.21533946375105,
                27.877271894288914
              ],
              [
                -97.21551174624949,
                27.877342834610364
              ],
              [
                -97.21568909524616,
                27.87743911114026
              ],
              [
                -97.21578537218673,
                27.87745937966353
              ],
              [
                -97.21586644603944,
                27.8773783047536
              ],
              [
                -97.21601339335193,
                27.87716041756803
              ],
              [
                -97.21622114672768,
                27.876917195161145
              ],
              [
                -97.21660624820178,
                27.87643074950303
              ]
            ]
          ],
          [
            [
              [
                -97.2177725,
                27.8782362
              ],
              [
                -97.2178781,
                27.8781328
              ],
              [
                -97.2184468,
                27.8783849
              ],
              [
                -97.218449,
                27.878486099999986
              ],
              [
                -97.2181043,
                27.8789321
              ],
              [
                -97.2179643,
                27.8788847
              ],
              [
                -97.2178738,
                27.8788265
              ],
              [
                -97.2177165,
                27.8786542
              ],
              [
                -97.2176821,
                27.8784904
              ],
              [
                -97.2177122,
                27.87836549999997
              ],
              [
                -97.2177725,
                27.8782362
              ]
            ]
          ],
          [
            [
              [
                -97.31578999959446,
                27.880850000485367
              ],
              [
                -97.31581999973169,
                27.880800001323937
              ],
              [
                -97.31696999960224,
                27.88139000075688
              ],
              [
                -97.31678999877886,
                27.881710000235362
              ],
              [
                -97.31674000034678,
                27.881750000500713
              ],
              [
                -97.31663543510959,
                27.881910582733614
              ],
              [
                -97.31645999980793,
                27.882188703648048
              ],
              [
                -97.31645999906597,
                27.882230000150344
              ],
              [
                -97.3157000009794,
                27.881860001154223
              ],
              [
                -97.31572000107089,
                27.88180000001757
              ],
              [
                -97.31573999936575,
                27.881729998781832
              ],
              [
                -97.31574999941148,
                27.881659999882892
              ],
              [
                -97.31574999851317,
                27.88159000014471
              ],
              [
                -97.31573000021832,
                27.88152000115534
              ],
              [
                -97.3157099983302,
                27.88143999964593
              ],
              [
                -97.31555999854238,
                27.88109000137959
              ],
              [
                -97.31555999854238,
                27.88103000061034
              ],
              [
                -97.31558000043049,
                27.880999999419256
              ],
              [
                -97.31565999989812,
                27.880969999807892
              ],
              [
                -97.31572999932001,
                27.88091000135431
              ],
              [
                -97.31578999959446,
                27.880850000485367
              ]
            ]
          ],
          [
            [
              [
                -97.31953000053261,
                27.883599999805345
              ],
              [
                -97.31952999963428,
                27.88320000014425
              ],
              [
                -97.3207499989267,
                27.883210000074378
              ],
              [
                -97.32074000067759,
                27.882130000696534
              ],
              [
                -97.32092999975006,
                27.882230000150326
              ],
              [
                -97.3211299988683,
                27.882320000294428
              ],
              [
                -97.3211900009394,
                27.88234999873779
              ],
              [
                -97.32119384430656,
                27.882369219867634
              ],
              [
                -97.3212068,
                27.882375
              ],
              [
                -97.3212219,
                27.8826265
              ],
              [
                -97.3212523,
                27.8828796
              ],
              [
                -97.3213395,
                27.883250099999987
              ],
              [
                -97.3213395,
                27.883475168405635
              ],
              [
                -97.3213399998289,
                27.883480000220946
              ],
              [
                -97.3213395,
                27.883484998476856
              ],
              [
                -97.3213395,
                27.883629
              ],
              [
                -97.3212068,
                27.8836273
              ],
              [
                -97.3209602,
                27.883629
              ],
              [
                -97.32062259999998,
                27.883629
              ],
              [
                -97.32062284254526,
                27.88360610500242
              ],
              [
                -97.31953000053261,
                27.883599999805345
              ]
            ]
          ],
          [
            [
              [
                -97.08549803798634,
                27.86729909347032
              ],
              [
                -97.08658693894283,
                27.868299517775736
              ],
              [
                -97.08714242926675,
                27.868790428008438
              ],
              [
                -97.08733956635248,
                27.86903399425332
              ],
              [
                -97.0873042086629,
                27.869138306786457
              ],
              [
                -97.08707425252659,
                27.869276297291158
              ],
              [
                -97.08671051568489,
                27.869210434093553
              ],
              [
                -97.08628258702961,
                27.868770301600634
              ],
              [
                -97.08596864110918,
                27.868476206580922
              ],
              [
                -97.08563348416826,
                27.868172055444436
              ],
              [
                -97.08500503716853,
                27.867602965138236
              ],
              [
                -97.08446031135664,
                27.867112298092074
              ],
              [
                -97.08393538800688,
                27.86667944255866
              ],
              [
                -97.08287962320631,
                27.865651096797688
              ],
              [
                -97.08284258566714,
                27.86544950905889
              ],
              [
                -97.08291160592536,
                27.865298195708935
              ],
              [
                -97.08303181398512,
                27.865234107412473
              ],
              [
                -97.08322584020502,
                27.865219537842286
              ],
              [
                -97.08340571616255,
                27.865319334514435
              ],
              [
                -97.0835632465274,
                27.865447282252433
              ],
              [
                -97.08368938346803,
                27.865545818394384
              ],
              [
                -97.08368232091325,
                27.865421397609403
              ],
              [
                -97.08357118044799,
                27.865179838811077
              ],
              [
                -97.0837106160481,
                27.865192666009705
              ],
              [
                -97.08382807436476,
                27.865255907761522
              ],
              [
                -97.08402482966648,
                27.865477214688763
              ],
              [
                -97.08415489943141,
                27.865659444923512
              ],
              [
                -97.0843721165587,
                27.866097071012067
              ],
              [
                -97.08460996708972,
                27.866418060701278
              ],
              [
                -97.08549803798634,
                27.86729909347032
              ]
            ]
          ],
          [
            [
              [
                -97.20196468104777,
                27.87804486320538
              ],
              [
                -97.20270866123556,
                27.877064791120976
              ],
              [
                -97.20284070000001,
                27.8768864
              ],
              [
                -97.2030755,
                27.876569199999985
              ],
              [
                -97.20308202163089,
                27.87657294993097
              ],
              [
                -97.2031087861734,
                27.876537692028407
              ],
              [
                -97.20316937843765,
                27.876505309757746
              ],
              [
                -97.20566654670547,
                27.877776134302625
              ],
              [
                -97.20555724419327,
                27.877995419386103
              ],
              [
                -97.20539331602696,
                27.878227937827823
              ],
              [
                -97.2052060577144,
                27.878517778812437
              ],
              [
                -97.20459672057572,
                27.879342845315037
              ],
              [
                -97.20447940631,
                27.87930514494758
              ],
              [
                -97.2044787,
                27.8793061
              ],
              [
                -97.20440377639311,
                27.87928084035309
              ],
              [
                -97.20425805481531,
                27.87923401095008
              ],
              [
                -97.2039935378959,
                27.879142533082216
              ],
              [
                -97.2036553,
                27.8790285
              ],
              [
                -97.203084,
                27.8787867
              ],
              [
                -97.20297417618636,
                27.878731217104146
              ],
              [
                -97.20283648884448,
                27.878671828282897
              ],
              [
                -97.202275070538,
                27.878384447704427
              ],
              [
                -97.20195528197495,
                27.87818444398511
              ],
              [
                -97.20190257871555,
                27.87813023507223
              ],
              [
                -97.20196468104777,
                27.87804486320538
              ]
            ]
          ],
          [
            [
              [
                -97.11097666243738,
                27.89088710205279
              ],
              [
                -97.11050325387589,
                27.890751359808277
              ],
              [
                -97.11026765003139,
                27.890710884899242
              ],
              [
                -97.11009196740957,
                27.890592786812228
              ],
              [
                -97.1099695351212,
                27.89026255467817
              ],
              [
                -97.1098963960874,
                27.889901413711595
              ],
              [
                -97.11006027574466,
                27.889580854867805
              ],
              [
                -97.11011080148782,
                27.889295091990732
              ],
              [
                -97.11032860431666,
                27.889050639172062
              ],
              [
                -97.1122038985577,
                27.890216948939823
              ],
              [
                -97.1116290791838,
                27.890665206304675
              ],
              [
                -97.11123106352922,
                27.890830628751928
              ],
              [
                -97.11097666243738,
                27.89088710205279
              ]
            ]
          ],
          [
            [
              [
                -97.14894079585086,
                27.904949467458493
              ],
              [
                -97.14894985715715,
                27.904993480055733
              ],
              [
                -97.14908837108574,
                27.90554365387222
              ],
              [
                -97.14865600115972,
                27.905313228762612
              ],
              [
                -97.14864176016752,
                27.90530546083062
              ],
              [
                -97.1486469380568,
                27.90528733777068
              ],
              [
                -97.14866247262303,
                27.905284748988702
              ],
              [
                -97.14887477416906,
                27.904959821824296
              ],
              [
                -97.14892526128466,
                27.9049093360453
              ],
              [
                -97.14894079585086,
                27.904949467458493
              ]
            ]
          ],
          [
            [
              [
                -97.3141477,
                27.8955159
              ],
              [
                -97.3141343,
                27.8954716
              ],
              [
                -97.314077,
                27.8954851
              ],
              [
                -97.3139904,
                27.8951991
              ],
              [
                -97.3140765,
                27.8951787
              ],
              [
                -97.3140587,
                27.89512
              ],
              [
                -97.3144457,
                27.895028400000022
              ],
              [
                -97.3144634,
                27.8950868
              ],
              [
                -97.3145917,
                27.8950564
              ],
              [
                -97.3146033,
                27.8950949
              ],
              [
                -97.31474410000001,
                27.8950615
              ],
              [
                -97.3148131,
                27.895289
              ],
              [
                -97.3146626,
                27.89532469999999
              ],
              [
                -97.314672,
                27.895355599999988
              ],
              [
                -97.3145652,
                27.89538089999999
              ],
              [
                -97.3145839,
                27.8954424
              ],
              [
                -97.3142536,
                27.8955206
              ],
              [
                -97.3142452,
                27.8954928
              ],
              [
                -97.3141477,
                27.8955159
              ]
            ]
          ],
          [
            [
              [
                -97.3138422,
                27.8963393
              ],
              [
                -97.31372580000001,
                27.89628040000002
              ],
              [
                -97.313699,
                27.8961761
              ],
              [
                -97.31337820000002,
                27.89616859999999
              ],
              [
                -97.3133272,
                27.8961236
              ],
              [
                -97.3133326,
                27.8958889
              ],
              [
                -97.31337820000002,
                27.895841499999978
              ],
              [
                -97.3136115,
                27.895839099999982
              ],
              [
                -97.3137215,
                27.895701599999988
              ],
              [
                -97.3141201,
                27.8959177
              ],
              [
                -97.3138422,
                27.8963393
              ]
            ]
          ],
          [
            [
              [
                -97.31941358246505,
                27.896653761951274
              ],
              [
                -97.31931999957202,
                27.89662000109117
              ],
              [
                -97.31921999911457,
                27.896559999401035
              ],
              [
                -97.31868430945615,
                27.89617781017965
              ],
              [
                -97.31885836882222,
                27.896032724465083
              ],
              [
                -97.31904794478822,
                27.8958856831056
              ],
              [
                -97.31959588926374,
                27.895544853824802
              ],
              [
                -97.31980048506128,
                27.895791975465176
              ],
              [
                -97.32009697402081,
                27.8955991477035
              ],
              [
                -97.32052694634334,
                27.895331339663475
              ],
              [
                -97.32072999973353,
                27.895609999171775
              ],
              [
                -97.32079000000799,
                27.89573000039628
              ],
              [
                -97.32069722200545,
                27.895797538539856
              ],
              [
                -97.32016743338012,
                27.896134182227705
              ],
              [
                -97.32072737126302,
                27.89677134293255
              ],
              [
                -97.32037019930942,
                27.897015532993972
              ],
              [
                -97.31980719008656,
                27.896396621337434
              ],
              [
                -97.31941358246505,
                27.896653761951274
              ]
            ]
          ],
          [
            [
              [
                -97.31552642235323,
                27.90017807911441
              ],
              [
                -97.315403,
                27.9004469
              ],
              [
                -97.31535829070151,
                27.900423594559538
              ],
              [
                -97.31533289096383,
                27.90046068470787
              ],
              [
                -97.31431030453994,
                27.899946856811514
              ],
              [
                -97.31502357406205,
                27.898889283207502
              ],
              [
                -97.31569813877182,
                27.89924807042492
              ],
              [
                -97.31605093952325,
                27.899412149171106
              ],
              [
                -97.31552642235323,
                27.90017807911441
              ]
            ]
          ],
          [
            [
              [
                -97.3257133,
                27.8940075
              ],
              [
                -97.325606,
                27.8938273
              ],
              [
                -97.32559639306032,
                27.893777049374293
              ],
              [
                -97.32558999950665,
                27.893760000243397
              ],
              [
                -97.32552000008478,
                27.893410000515566
              ],
              [
                -97.32552000008478,
                27.893349999427812
              ],
              [
                -97.32556000116607,
                27.893320000856328
              ],
              [
                -97.3256400006337,
                27.89332000165026
              ],
              [
                -97.32589663954492,
                27.89328185197139
              ],
              [
                -97.3262068,
                27.8932347
              ],
              [
                -97.32621823125538,
                27.8932340469818
              ],
              [
                -97.32637999952709,
                27.893209999936133
              ],
              [
                -97.32643999890323,
                27.893219999735713
              ],
              [
                -97.32651000012174,
                27.893229999534363
              ],
              [
                -97.32667999820443,
                27.89328999989465
              ],
              [
                -97.32678000045847,
                27.893340000434186
              ],
              [
                -97.32691999840395,
                27.893419999502708
              ],
              [
                -97.32696000038352,
                27.89344999963439
              ],
              [
                -97.32694556331215,
                27.893472067764485
              ],
              [
                -97.3269524,
                27.89347649999998
              ],
              [
                -97.3262658,
                27.89451479999999
              ],
              [
                -97.32626390979333,
                27.894514025522405
              ],
              [
                -97.3262600007748,
                27.894520000745995
              ],
              [
                -97.32620999964777,
                27.894499999798263
              ],
              [
                -97.32616762349356,
                27.894474573973486
              ],
              [
                -97.3260459,
                27.8944247
              ],
              [
                -97.3258957,
                27.894230300000018
              ],
              [
                -97.3257133,
                27.8940075
              ]
            ]
          ],
          [
            [
              [
                -97.3223997,
                27.9008114
              ],
              [
                -97.322969,
                27.8999618
              ],
              [
                -97.323395,
                27.9001848
              ],
              [
                -97.3228258,
                27.9010344
              ],
              [
                -97.3223997,
                27.9008114
              ]
            ]
          ],
          [
            [
              [
                -97.32110790000002,
                27.9032743
              ],
              [
                -97.3209859,
                27.90345639999998
              ],
              [
                -97.3208888,
                27.90340559999998
              ],
              [
                -97.3210107,
                27.9032235
              ],
              [
                -97.32110790000002,
                27.9032743
              ]
            ]
          ],
          [
            [
              [
                -97.3213687,
                27.9034088
              ],
              [
                -97.3212467,
                27.903590899999987
              ],
              [
                -97.3211496,
                27.9035401
              ],
              [
                -97.3212716,
                27.903358
              ],
              [
                -97.3213687,
                27.9034088
              ]
            ]
          ],
          [
            [
              [
                -97.3214204,
                27.9036833
              ],
              [
                -97.32132330000002,
                27.9036325
              ],
              [
                -97.3214452,
                27.9034504
              ],
              [
                -97.3215424,
                27.903501200000026
              ],
              [
                -97.3214204,
                27.9036833
              ]
            ]
          ],
          [
            [
              [
                -97.3211635,
                27.9037169
              ],
              [
                -97.32104160000002,
                27.903899
              ],
              [
                -97.3209444,
                27.9038482
              ],
              [
                -97.3210664,
                27.9036661
              ],
              [
                -97.3211635,
                27.9037169
              ]
            ]
          ],
          [
            [
              [
                -97.3212186,
                27.90399089999999
              ],
              [
                -97.3211214,
                27.90394010000001
              ],
              [
                -97.3212434,
                27.903758
              ],
              [
                -97.3213406,
                27.9038088
              ],
              [
                -97.3212186,
                27.90399089999999
              ]
            ]
          ],
          [
            [
              [
                -97.3256318,
                27.9051308
              ],
              [
                -97.3259803788846,
                27.904605006659565
              ],
              [
                -97.32598038082766,
                27.90460500663519
              ],
              [
                -97.3262217,
                27.904241
              ],
              [
                -97.3267881,
                27.9045344
              ],
              [
                -97.3261982,
                27.905424100000015
              ],
              [
                -97.3256318,
                27.9051308
              ]
            ]
          ],
          [
            [
              [
                -97.3270667,
                27.9050342
              ],
              [
                -97.3271138,
                27.9049866
              ],
              [
                -97.3271661,
                27.904943500000023
              ],
              [
                -97.3272213,
                27.904906
              ],
              [
                -97.3272814,
                27.9048749
              ],
              [
                -97.3273453,
                27.9048505
              ],
              [
                -97.3274121,
                27.9048332
              ],
              [
                -97.3274853,
                27.904823
              ],
              [
                -97.32755930000002,
                27.9048203
              ],
              [
                -97.3276331,
                27.904825099999986
              ],
              [
                -97.3277058,
                27.9048374
              ],
              [
                -97.3277728,
                27.9048558
              ],
              [
                -97.3278372,
                27.9048805
              ],
              [
                -97.3278981,
                27.9049113
              ],
              [
                -97.3277749,
                27.90519290000001
              ],
              [
                -97.3276108,
                27.905431
              ],
              [
                -97.3275395,
                27.9054463
              ],
              [
                -97.327268,
                27.905290099999988
              ],
              [
                -97.3270057,
                27.9051127
              ],
              [
                -97.3270252,
                27.905085699999987
              ],
              [
                -97.3270667,
                27.9050342
              ]
            ]
          ],
          [
            [
              [
                -97.3282063,
                27.905084
              ],
              [
                -97.3282846,
                27.9051518
              ],
              [
                -97.3283507,
                27.9052342
              ],
              [
                -97.3283991,
                27.905321
              ],
              [
                -97.3284208,
                27.9054132
              ],
              [
                -97.3284183,
                27.9055144
              ],
              [
                -97.32840720000002,
                27.9056168
              ],
              [
                -97.3283745,
                27.9056956
              ],
              [
                -97.3283082,
                27.905806099999968
              ],
              [
                -97.3277475,
                27.9055568
              ],
              [
                -97.3277159,
                27.9054873
              ],
              [
                -97.3280787,
                27.9050087
              ],
              [
                -97.3282063,
                27.905084
              ]
            ]
          ],
          [
            [
              [
                -97.32679388750567,
                27.905500700279763
              ],
              [
                -97.3267956,
                27.9054916
              ],
              [
                -97.3268161,
                27.905429100000017
              ],
              [
                -97.3268448,
                27.905369099999987
              ],
              [
                -97.3268812,
                27.9053124
              ],
              [
                -97.3272990089256,
                27.905494358394805
              ],
              [
                -97.32729900785863,
                27.9054943584082
              ],
              [
                -97.327458,
                27.905563599999983
              ],
              [
                -97.3274781,
                27.9056268
              ],
              [
                -97.3271126,
                27.9061061
              ],
              [
                -97.3270486,
                27.9060714
              ],
              [
                -97.3269898,
                27.906030099999988
              ],
              [
                -97.3269369,
                27.905983
              ],
              [
                -97.3268907,
                27.905930699999985
              ],
              [
                -97.3268519,
                27.9058738
              ],
              [
                -97.3268211,
                27.9058133
              ],
              [
                -97.3267986,
                27.90575
              ],
              [
                -97.326785,
                27.9056859
              ],
              [
                -97.3267799,
                27.905621
              ],
              [
                -97.3267835,
                27.905555899999985
              ],
              [
                -97.32679388750695,
                27.90550070027974
              ],
              [
                -97.32679388750567,
                27.905500700279763
              ]
            ]
          ],
          [
            [
              [
                -97.3276435,
                27.9056611
              ],
              [
                -97.3278869,
                27.90579089999999
              ],
              [
                -97.3281826,
                27.9059923
              ],
              [
                -97.3281449,
                27.90604669999998
              ],
              [
                -97.3281008,
                27.9060972
              ],
              [
                -97.3280549,
                27.9061398
              ],
              [
                -97.3280042,
                27.9061778
              ],
              [
                -97.327945,
                27.906213199999982
              ],
              [
                -97.3278809,
                27.906241199999982
              ],
              [
                -97.3278425,
                27.9062537
              ],
              [
                -97.32780320000002,
                27.9062635
              ],
              [
                -97.3277233,
                27.90627849999998
              ],
              [
                -97.3276474,
                27.906286
              ],
              [
                -97.3275711,
                27.906284500000016
              ],
              [
                -97.3275021,
                27.9062753
              ],
              [
                -97.3274348,
                27.90625889999998
              ],
              [
                -97.3273703,
                27.9062355
              ],
              [
                -97.3273095,
                27.90620529999998
              ],
              [
                -97.3272532,
                27.9061689
              ],
              [
                -97.3275838,
                27.9056777
              ],
              [
                -97.3276435,
                27.9056611
              ]
            ]
          ],
          [
            [
              [
                -97.320825,
                27.90337219999999
              ],
              [
                -97.3207278,
                27.9033214
              ],
              [
                -97.3208498,
                27.9031393
              ],
              [
                -97.3209469,
                27.9031901
              ],
              [
                -97.320825,
                27.90337219999999
              ]
            ]
          ],
          [
            [
              [
                -97.3207413,
                27.9034943
              ],
              [
                -97.3206194,
                27.9036764
              ],
              [
                -97.3205222,
                27.9036255
              ],
              [
                -97.3206442,
                27.9034434
              ],
              [
                -97.3207413,
                27.9034943
              ]
            ]
          ],
          [
            [
              [
                -97.3208055,
                27.9035298
              ],
              [
                -97.3209027,
                27.903580600000016
              ],
              [
                -97.3207807,
                27.9037627
              ],
              [
                -97.3206836,
                27.903711900000015
              ],
              [
                -97.3208055,
                27.9035298
              ]
            ]
          ],
          [
            [
              [
                -97.29308303532444,
                27.91824262175833
              ],
              [
                -97.29392966873364,
                27.918674101937277
              ],
              [
                -97.29345387604342,
                27.91938779344279
              ],
              [
                -97.29261423781533,
                27.91893998765193
              ],
              [
                -97.29308303532444,
                27.91824262175833
              ]
            ]
          ],
          [
            [
              [
                -97.5905174,
                27.9473518
              ],
              [
                -97.5898817,
                27.9480949
              ],
              [
                -97.5894557,
                27.947810500000013
              ],
              [
                -97.5900913,
                27.9470674
              ],
              [
                -97.5905174,
                27.9473518
              ]
            ]
          ],
          [
            [
              [
                -97.5920677,
                27.94911809999999
              ],
              [
                -97.5918505,
                27.9491039
              ],
              [
                -97.5917727,
                27.9490778
              ],
              [
                -97.59157690000002,
                27.9489546
              ],
              [
                -97.5915286,
                27.948912
              ],
              [
                -97.5919604,
                27.9484381
              ],
              [
                -97.59203549999998,
                27.9484144
              ],
              [
                -97.592572,
                27.948795899999986
              ],
              [
                -97.59237889999999,
                27.948971199999985
              ],
              [
                -97.5922313,
                27.949080199999987
              ],
              [
                -97.5920677,
                27.94911809999999
              ]
            ]
          ],
          [
            [
              [
                -97.58310999978438,
                27.949729999727104
              ],
              [
                -97.58314999906905,
                27.949710000261845
              ],
              [
                -97.58320000019607,
                27.94972999972709
              ],
              [
                -97.58393999998776,
                27.950229999438207
              ],
              [
                -97.58398000017074,
                27.95027000134656
              ],
              [
                -97.58393999998776,
                27.950320000140216
              ],
              [
                -97.58339000016687,
                27.950970001395838
              ],
              [
                -97.58335999913133,
                27.951000001432572
              ],
              [
                -97.58330999980093,
                27.9509800006155
              ],
              [
                -97.582539999872,
                27.950430000102802
              ],
              [
                -97.5825600008618,
                27.950389999840823
              ],
              [
                -97.58310999978438,
                27.949729999727104
              ]
            ]
          ],
          [
            [
              [
                -97.5874138,
                27.950914
              ],
              [
                -97.587457,
                27.950672299999983
              ],
              [
                -97.587575,
                27.9504354
              ],
              [
                -97.58774640000001,
                27.9502837
              ],
              [
                -97.58856740000002,
                27.9508524
              ],
              [
                -97.58856740000002,
                27.95090449999999
              ],
              [
                -97.5879341,
                27.951724299999988
              ],
              [
                -97.5876498,
                27.9515158
              ],
              [
                -97.5874942,
                27.9512883
              ],
              [
                -97.5874304,
                27.951094
              ],
              [
                -97.5874138,
                27.950914
              ]
            ]
          ],
          [
            [
              [
                -97.40251179764803,
                27.975407472231414
              ],
              [
                -97.40298174140743,
                27.975829826740426
              ],
              [
                -97.4035766066869,
                27.976353308190976
              ],
              [
                -97.4035766057886,
                27.976377101227435
              ],
              [
                -97.40358850307622,
                27.976424692044713
              ],
              [
                -97.40320778897396,
                27.976739969968406
              ],
              [
                -97.40318994214421,
                27.976769714528256
              ],
              [
                -97.40314235479036,
                27.976769712941568
              ],
              [
                -97.40249990036041,
                27.97621054113523
              ],
              [
                -97.40178606220472,
                27.975603777651695
              ],
              [
                -97.40210133942841,
                27.975330138396835
              ],
              [
                -97.40235118516344,
                27.975556188852334
              ],
              [
                -97.40251179764803,
                27.975407472231414
              ]
            ]
          ],
          [
            [
              [
                -97.39250999929212,
                27.9822900003231
              ],
              [
                -97.39156000033643,
                27.98179999953415
              ],
              [
                -97.39204999988286,
                27.981040000316938
              ],
              [
                -97.39299000058944,
                27.981550001301336
              ],
              [
                -97.39250999929212,
                27.9822900003231
              ]
            ]
          ],
          [
            [
              [
                -97.39542992641073,
                27.983823548878778
              ],
              [
                -97.39513487295903,
                27.983671264353443
              ],
              [
                -97.3950634901316,
                27.983661745720596
              ],
              [
                -97.39507300688373,
                27.983580844050493
              ],
              [
                -97.39518246300783,
                27.983376209350048
              ],
              [
                -97.39567501107474,
                27.983602259601003
              ],
              [
                -97.39551082868522,
                27.983844964381106
              ],
              [
                -97.39542992641073,
                27.983823548878778
              ]
            ]
          ],
          [
            [
              [
                -97.3911367,
                27.9855327
              ],
              [
                -97.3911729,
                27.9853432
              ],
              [
                -97.3912708,
                27.9851999
              ],
              [
                -97.3918314,
                27.98549830000001
              ],
              [
                -97.3918448,
                27.985554
              ],
              [
                -97.3915029,
                27.986037199999984
              ],
              [
                -97.3913299,
                27.98593890000002
              ],
              [
                -97.3912038,
                27.9858062
              ],
              [
                -97.3911582,
                27.985673599999988
              ],
              [
                -97.3911367,
                27.9855327
              ]
            ]
          ],
          [
            [
              [
                -97.3906459,
                27.9869015
              ],
              [
                -97.3896854,
                27.9863984
              ],
              [
                -97.3899397,
                27.9860198
              ],
              [
                -97.3909002,
                27.986523
              ],
              [
                -97.3906459,
                27.9869015
              ]
            ]
          ],
          [
            [
              [
                -97.3892042,
                27.98822689999998
              ],
              [
                -97.3891559,
                27.988136899999983
              ],
              [
                -97.38915320000001,
                27.9880019
              ],
              [
                -97.3891935,
                27.987874
              ],
              [
                -97.3895529,
                27.987495
              ],
              [
                -97.3902744,
                27.9878527
              ],
              [
                -97.3903173,
                27.9879474
              ],
              [
                -97.3897916,
                27.9886698
              ],
              [
                -97.38955830000002,
                27.9885466
              ],
              [
                -97.3893812,
                27.988440099999988
              ],
              [
                -97.38929,
                27.98835480000001
              ],
              [
                -97.3892042,
                27.98822689999998
              ]
            ]
          ],
          [
            [
              [
                -97.3886435,
                27.9888194
              ],
              [
                -97.3884559,
                27.9890772
              ],
              [
                -97.388193,
                27.988928
              ],
              [
                -97.3883806,
                27.9886702
              ],
              [
                -97.3886435,
                27.9888194
              ]
            ]
          ],
          [
            [
              [
                -97.4948217,
                28.0379128
              ],
              [
                -97.4950119,
                28.03790269999999
              ],
              [
                -97.49501470000001,
                28.038498599999976
              ],
              [
                -97.4949449,
                28.038534099999968
              ],
              [
                -97.4942987,
                28.03853169999999
              ],
              [
                -97.4943103,
                28.03836380000001
              ],
              [
                -97.4943758,
                28.0382059
              ],
              [
                -97.4944898,
                28.038071
              ],
              [
                -97.4946427,
                28.0379705
              ],
              [
                -97.4948217,
                28.0379128
              ]
            ]
          ],
          [
            [
              [
                -97.14995059380344,
                27.90878297039335
              ],
              [
                -97.14996999836683,
                27.908879999402092
              ],
              [
                -97.14993999912791,
                27.90904999983099
              ],
              [
                -97.14988999979751,
                27.90919999938045
              ],
              [
                -97.14970999987246,
                27.90918000114604
              ],
              [
                -97.1495299999474,
                27.909149999024535
              ],
              [
                -97.1490299994569,
                27.908850000372688
              ],
              [
                -97.14900999936542,
                27.908789999113573
              ],
              [
                -97.1490299994569,
                27.908740000155785
              ],
              [
                -97.14946034102657,
                27.90821185343224
              ],
              [
                -97.1495814,
                27.90803589999998
              ],
              [
                -97.14964,
                27.9079507
              ],
              [
                -97.1496609,
                27.9079276
              ],
              [
                -97.149687,
                27.9079114
              ],
              [
                -97.14971710000002,
                27.9079195
              ],
              [
                -97.149738,
                27.907942599999988
              ],
              [
                -97.1497678,
                27.9080605
              ],
              [
                -97.14983544864464,
                27.908327709728525
              ],
              [
                -97.14986999880772,
                27.908440000366905
              ],
              [
                -97.1499197741695,
                27.90865154304541
              ],
              [
                -97.1499338,
                27.9086962
              ],
              [
                -97.1499508,
                27.9087805
              ],
              [
                -97.14995059380344,
                27.90878297039335
              ]
            ]
          ],
          [
            [
              [
                -97.1442279,
                27.9126351
              ],
              [
                -97.14420341964619,
                27.912621212488645
              ],
              [
                -97.14418999977525,
                27.912640000284494
              ],
              [
                -97.14373000036602,
                27.912389999874044
              ],
              [
                -97.14434000046141,
                27.911460000704114
              ],
              [
                -97.14484000005359,
                27.91173000103087
              ],
              [
                -97.14458788500109,
                27.912082961663753
              ],
              [
                -97.1445935,
                27.9120861
              ],
              [
                -97.1442279,
                27.9126351
              ]
            ]
          ],
          [
            [
              [
                -97.1696837,
                27.9131233
              ],
              [
                -97.1691527,
                27.9128116
              ],
              [
                -97.1691848,
                27.912756
              ],
              [
                -97.1692194,
                27.9127089
              ],
              [
                -97.1692579,
                27.912669099999984
              ],
              [
                -97.1693333,
                27.912604399999978
              ],
              [
                -97.1694031,
                27.9125612
              ],
              [
                -97.1694668,
                27.9125326
              ],
              [
                -97.1695484,
                27.912506899999986
              ],
              [
                -97.16962740000001,
                27.912492
              ],
              [
                -97.1696898,
                27.9124868
              ],
              [
                -97.1697527,
                27.912486499999986
              ],
              [
                -97.1698455,
                27.912497799999986
              ],
              [
                -97.1699244,
                27.912517
              ],
              [
                -97.1700025,
                27.9125495
              ],
              [
                -97.1700729,
                27.9125865
              ],
              [
                -97.1701362,
                27.9126309
              ],
              [
                -97.16978370000001,
                27.913106199999987
              ],
              [
                -97.1696837,
                27.9131233
              ]
            ]
          ],
          [
            [
              [
                -97.170587,
                27.91322489999999
              ],
              [
                -97.1706736,
                27.913155699999983
              ],
              [
                -97.1707587,
                27.913112
              ],
              [
                -97.17085,
                27.9130835
              ],
              [
                -97.1709531,
                27.91306649999999
              ],
              [
                -97.1710562,
                27.9130664
              ],
              [
                -97.1711419,
                27.9130832
              ],
              [
                -97.1712144,
                27.91310969999997
              ],
              [
                -97.1712895,
                27.9131514
              ],
              [
                -97.1717161,
                27.913387
              ],
              [
                -97.1711744,
                27.9141195
              ],
              [
                -97.1710774,
                27.914137099999987
              ],
              [
                -97.1707949,
                27.9139709
              ],
              [
                -97.1702563,
                27.913655399999985
              ],
              [
                -97.1705414,
                27.913275
              ],
              [
                -97.170587,
                27.91322489999999
              ]
            ]
          ],
          [
            [
              [
                -97.16840519999998,
                27.9142296
              ],
              [
                -97.1684957,
                27.914427499999984
              ],
              [
                -97.1683932,
                27.914464099999986
              ],
              [
                -97.1683027,
                27.9142662
              ],
              [
                -97.16840519999998,
                27.9142296
              ]
            ]
          ],
          [
            [
              [
                -97.1682665,
                27.9142774
              ],
              [
                -97.168357,
                27.9144753
              ],
              [
                -97.1682546,
                27.9145119
              ],
              [
                -97.168164,
                27.914314
              ],
              [
                -97.1682665,
                27.9142774
              ]
            ]
          ],
          [
            [
              [
                -97.1681279,
                27.9143281
              ],
              [
                -97.1682184,
                27.914526
              ],
              [
                -97.1681159,
                27.9145626
              ],
              [
                -97.1680254,
                27.9143647
              ],
              [
                -97.1681279,
                27.9143281
              ]
            ]
          ],
          [
            [
              [
                -97.1696415,
                27.9139856
              ],
              [
                -97.1700559,
                27.914229099999982
              ],
              [
                -97.1694362,
                27.9150526
              ],
              [
                -97.1690217,
                27.91480890000001
              ],
              [
                -97.1696415,
                27.9139856
              ]
            ]
          ],
          [
            [
              [
                -97.1686385,
                27.9147343
              ],
              [
                -97.1685361,
                27.9147709
              ],
              [
                -97.1684455,
                27.914573
              ],
              [
                -97.168548,
                27.9145364
              ],
              [
                -97.1686385,
                27.9147343
              ]
            ]
          ],
          [
            [
              [
                -97.16849940000002,
                27.9147825
              ],
              [
                -97.1683969,
                27.9148191
              ],
              [
                -97.1683064,
                27.91462119999998
              ],
              [
                -97.1684089,
                27.9145846
              ],
              [
                -97.16849940000002,
                27.9147825
              ]
            ]
          ],
          [
            [
              [
                -97.1681678,
                27.914671
              ],
              [
                -97.1682702,
                27.914634400000015
              ],
              [
                -97.1683607,
                27.9148323
              ],
              [
                -97.16825830000002,
                27.9148689
              ],
              [
                -97.1681678,
                27.914671
              ]
            ]
          ],
          [
            [
              [
                -97.1687746,
                27.9150402
              ],
              [
                -97.16867220000002,
                27.915076799999987
              ],
              [
                -97.1685816,
                27.9148789
              ],
              [
                -97.1686841,
                27.9148423
              ],
              [
                -97.1687746,
                27.9150402
              ]
            ]
          ],
          [
            [
              [
                -97.1686012,
                27.915101900000014
              ],
              [
                -97.1684988,
                27.915138500000012
              ],
              [
                -97.1684082,
                27.914940599999987
              ],
              [
                -97.1685107,
                27.914904
              ],
              [
                -97.1686012,
                27.915101900000014
              ]
            ]
          ],
          [
            [
              [
                -97.03359983975682,
                28.0658757323242
              ],
              [
                -97.03341380854293,
                28.06568350014087
              ],
              [
                -97.0330231447006,
                28.06516571628176
              ],
              [
                -97.03279060680617,
                28.064464999354765
              ],
              [
                -97.03319987385972,
                28.06437818387671
              ],
              [
                -97.03430055622115,
                28.06439678833174
              ],
              [
                -97.03430365451055,
                28.06421075711209
              ],
              [
                -97.03447108341152,
                28.064207656892897
              ],
              [
                -97.03451449000606,
                28.064644829721242
              ],
              [
                -97.0345330941156,
                28.06470993958944
              ],
              [
                -97.03456719865535,
                28.06486496477591
              ],
              [
                -97.0346819171104,
                28.06504789546086
              ],
              [
                -97.03480283933078,
                28.06522462386937
              ],
              [
                -97.03481213958892,
                28.06528663399092
              ],
              [
                -97.03458890285094,
                28.065392052225153
              ],
              [
                -97.03396880030188,
                28.065655594583916
              ],
              [
                -97.03359983975682,
                28.0658757323242
              ]
            ]
          ],
          [
            [
              [
                -97.0009775,
                28.158646699999988
              ],
              [
                -97.00109125017062,
                28.158274812422988
              ],
              [
                -97.00888075121362,
                28.15827481260872
              ],
              [
                -97.0085614,
                28.1586555
              ],
              [
                -97.0009775,
                28.158646699999988
              ]
            ]
          ],
          [
            [
              [
                -96.8925896,
                28.4584931
              ],
              [
                -96.8924981,
                28.45881039999998
              ],
              [
                -96.89176870000001,
                28.45864789999999
              ],
              [
                -96.8918601,
                28.4583307
              ],
              [
                -96.8925896,
                28.4584931
              ]
            ]
          ],
          [
            [
              [
                -97.7926635,
                27.581292899999983
              ],
              [
                -97.792735,
                27.5810881
              ],
              [
                -97.7928444,
                27.5811182
              ],
              [
                -97.792773,
                27.5813229
              ],
              [
                -97.7926635,
                27.581292899999983
              ]
            ]
          ],
          [
            [
              [
                -97.7928107,
                27.5813358
              ],
              [
                -97.7928822,
                27.5811311
              ],
              [
                -97.7929916,
                27.5811611
              ],
              [
                -97.7929202,
                27.58136580000001
              ],
              [
                -97.7928107,
                27.5813358
              ]
            ]
          ],
          [
            [
              [
                -97.792666,
                27.5821026
              ],
              [
                -97.7922197,
                27.5819813
              ],
              [
                -97.7923661,
                27.581558399999988
              ],
              [
                -97.7928124,
                27.581679699999988
              ],
              [
                -97.792666,
                27.5821026
              ]
            ]
          ],
          [
            [
              [
                -97.81776490247944,
                27.8010838748916
              ],
              [
                -97.81769490233243,
                27.801160874839045
              ],
              [
                -97.81767290225065,
                27.8012098748324
              ],
              [
                -97.81768690215182,
                27.801283874878585
              ],
              [
                -97.81771490209475,
                27.801333874931863
              ],
              [
                -97.81773104050954,
                27.801361829085305
              ],
              [
                -97.8175988,
                27.8014474
              ],
              [
                -97.8174029,
                27.80126509999998
              ],
              [
                -97.8174811548798,
                27.801192696768567
              ],
              [
                -97.81747999927039,
                27.801190000328827
              ],
              [
                -97.81751999855504,
                27.80111000074278
              ],
              [
                -97.81763999910395,
                27.80094999980476
              ],
              [
                -97.81782999817644,
                27.80072000152014
              ],
              [
                -97.81796000056771,
                27.800519999195693
              ],
              [
                -97.81814000049276,
                27.80025999951728
              ],
              [
                -97.81880999996429,
                27.799229999873667
              ],
              [
                -97.81993999884502,
                27.797400000937365
              ],
              [
                -97.81995678400608,
                27.7973718260143
              ],
              [
                -97.8199719089441,
                27.79737787600802
              ],
              [
                -97.8200489089412,
                27.79740787611082
              ],
              [
                -97.82008190894979,
                27.797413876152078
              ],
              [
                -97.8201199089581,
                27.79742187620003
              ],
              [
                -97.82005890876869,
                27.79753187617314
              ],
              [
                -97.81966190770906,
                27.798126875947645
              ],
              [
                -97.81899490592637,
                27.799127875565443
              ],
              [
                -97.81855683281816,
                27.7997585247456
              ],
              [
                -97.81855687979944,
                27.79975845490642
              ],
              [
                -97.81839890438518,
                27.799985875205113
              ],
              [
                -97.81837991380998,
                27.800021518931178
              ],
              [
                -97.81837991408466,
                27.800021518522865
              ],
              [
                -97.81826890396741,
                27.80022987514882
              ],
              [
                -97.81787490269467,
                27.800973874978546
              ],
              [
                -97.81779590254153,
                27.801051874915732
              ],
              [
                -97.81776490247944,
                27.8010838748916
              ]
            ]
          ],
          [
            [
              [
                -97.67568740672868,
                27.792676128276934
              ],
              [
                -97.67561488483747,
                27.7931057713203
              ],
              [
                -97.67519017754083,
                27.793041835874078
              ],
              [
                -97.67526634659207,
                27.79262578092375
              ],
              [
                -97.67568740672868,
                27.792676128276934
              ]
            ]
          ],
          [
            [
              [
                -97.6654033,
                27.7962759
              ],
              [
                -97.6654429,
                27.79606420000001
              ],
              [
                -97.665552,
                27.7960802
              ],
              [
                -97.6655123,
                27.7962918
              ],
              [
                -97.6654033,
                27.7962759
              ]
            ]
          ],
          [
            [
              [
                -97.66554290000002,
                27.79629639999999
              ],
              [
                -97.66558250000001,
                27.79608480000001
              ],
              [
                -97.6656915,
                27.7961008
              ],
              [
                -97.6656519,
                27.7963124
              ],
              [
                -97.66554290000002,
                27.79629639999999
              ]
            ]
          ],
          [
            [
              [
                -97.66069028974776,
                27.796688267035783
              ],
              [
                -97.66069000072096,
                27.796690001234314
              ],
              [
                -97.6590899996903,
                27.79649000102911
              ],
              [
                -97.65869000055555,
                27.796469999478518
              ],
              [
                -97.65814182007982,
                27.796626622698177
              ],
              [
                -97.6581282,
                27.796632
              ],
              [
                -97.65812749503016,
                27.796630715575436
              ],
              [
                -97.65806000036868,
                27.796649999792322
              ],
              [
                -97.65800999924167,
                27.79657000083748
              ],
              [
                -97.65766999858472,
                27.796009999352933
              ],
              [
                -97.65779681712617,
                27.79602823472989
              ],
              [
                -97.6577766,
                27.7959914
              ],
              [
                -97.6607407,
                27.7964374
              ],
              [
                -97.6606948,
                27.7966889
              ],
              [
                -97.66069028974776,
                27.796688267035783
              ]
            ]
          ],
          [
            [
              [
                -97.6653418,
                27.7966043
              ],
              [
                -97.6653815,
                27.7963927
              ],
              [
                -97.66549050000002,
                27.7964087
              ],
              [
                -97.6654508,
                27.7966203
              ],
              [
                -97.6653418,
                27.7966043
              ]
            ]
          ],
          [
            [
              [
                -97.6654832,
                27.7966248
              ],
              [
                -97.6655229,
                27.7964132
              ],
              [
                -97.6656319,
                27.796429199999988
              ],
              [
                -97.6655922,
                27.796640799999977
              ],
              [
                -97.6654832,
                27.7966248
              ]
            ]
          ],
          [
            [
              [
                -97.6697485,
                27.7967624
              ],
              [
                -97.6694735,
                27.7967206
              ],
              [
                -97.6695061,
                27.796553
              ],
              [
                -97.6697811,
                27.7965948
              ],
              [
                -97.6697485,
                27.7967624
              ]
            ]
          ],
          [
            [
              [
                -97.6759316,
                27.7978266
              ],
              [
                -97.6760232,
                27.79781739999999
              ],
              [
                -97.67609581097518,
                27.79782687455379
              ],
              [
                -97.67609581097507,
                27.797826874547923
              ],
              [
                -97.6761121,
                27.797829
              ],
              [
                -97.6761355,
                27.797859199999984
              ],
              [
                -97.6761362,
                27.7981511
              ],
              [
                -97.67610870000001,
                27.798317199999968
              ],
              [
                -97.6759733,
                27.798403200000017
              ],
              [
                -97.67581160000002,
                27.79838
              ],
              [
                -97.6754884,
                27.798289299999983
              ],
              [
                -97.6754502,
                27.7982478
              ],
              [
                -97.675471,
                27.7981703
              ],
              [
                -97.6755059,
                27.7980959
              ],
              [
                -97.6755532,
                27.798028
              ],
              [
                -97.6756125,
                27.7979671
              ],
              [
                -97.6756799,
                27.797915
              ],
              [
                -97.6757593,
                27.7978742
              ],
              [
                -97.6758418,
                27.7978426
              ],
              [
                -97.6759316,
                27.7978266
              ]
            ]
          ],
          [
            [
              [
                -97.67193099985852,
                27.79898999978869
              ],
              [
                -97.6729852539599,
                27.799141537685387
              ],
              [
                -97.6729932,
                27.79909220000002
              ],
              [
                -97.676014,
                27.79952229999999
              ],
              [
                -97.6760344,
                27.7995325
              ],
              [
                -97.6760455,
                27.7995505
              ],
              [
                -97.6760459,
                27.7995682
              ],
              [
                -97.67604240000001,
                27.7995994
              ],
              [
                -97.6759284,
                27.800194399999988
              ],
              [
                -97.6758924,
                27.8003761
              ],
              [
                -97.6758755,
                27.800401
              ],
              [
                -97.6758592,
                27.8004189
              ],
              [
                -97.6758327,
                27.8004284
              ],
              [
                -97.6757979,
                27.8004358
              ],
              [
                -97.6752405,
                27.8004958
              ],
              [
                -97.6752269,
                27.8003469
              ],
              [
                -97.6751847,
                27.8002674
              ],
              [
                -97.67513054437414,
                27.800247947713558
              ],
              [
                -97.6750594143378,
                27.800237708118804
              ],
              [
                -97.67515047919179,
                27.800260386502437
              ],
              [
                -97.67520402776587,
                27.800353734115305
              ],
              [
                -97.67523715134533,
                27.80049107788174
              ],
              [
                -97.67443613079301,
                27.80054968414001
              ],
              [
                -97.67339194797138,
                27.800575032789062
              ],
              [
                -97.67220928895038,
                27.800541562240873
              ],
              [
                -97.67173749196652,
                27.800506090012185
              ],
              [
                -97.67168340170832,
                27.800456947765397
              ],
              [
                -97.67164406987192,
                27.8004212029511
              ],
              [
                -97.67174683983536,
                27.799737045432426
              ],
              [
                -97.67179414381721,
                27.799744166652946
              ],
              [
                -97.67193099985852,
                27.79898999978869
              ]
            ]
          ],
          [
            [
              [
                -97.67682999909138,
                27.79982000047819
              ],
              [
                -97.67684000003545,
                27.799780000188253
              ],
              [
                -97.67895999985144,
                27.79945000081031
              ],
              [
                -97.67897999994292,
                27.799479999928273
              ],
              [
                -97.67901000008015,
                27.799510001421886
              ],
              [
                -97.67904999936482,
                27.799909999090158
              ],
              [
                -97.6790400002174,
                27.799940000465067
              ],
              [
                -97.67693999959454,
                27.80025000147326
              ],
              [
                -97.6769299995488,
                27.800229999025373
              ],
              [
                -97.67682999909138,
                27.79982000047819
              ]
            ]
          ],
          [
            [
              [
                -97.6588947494457,
                27.801294940053758
              ],
              [
                -97.65888999967376,
                27.80131999913324
              ],
              [
                -97.65849000053899,
                27.80125999952097
              ],
              [
                -97.65876999912486,
                27.799759999243122
              ],
              [
                -97.65880000016038,
                27.799700000358847
              ],
              [
                -97.65882602336525,
                27.799695662840023
              ],
              [
                -97.6588387,
                27.7996862
              ],
              [
                -97.6588638,
                27.799681099999987
              ],
              [
                -97.6592124,
                27.7997286
              ],
              [
                -97.6589343,
                27.8013018
              ],
              [
                -97.6588947494457,
                27.801294940053758
              ]
            ]
          ],
          [
            [
              [
                -97.6780808,
                27.8043672
              ],
              [
                -97.678066,
                27.8033891
              ],
              [
                -97.6786162,
                27.8033894
              ],
              [
                -97.6786156,
                27.8043674
              ],
              [
                -97.6780808,
                27.8043672
              ]
            ]
          ],
          [
            [
              [
                -97.7943572,
                27.804484499999987
              ],
              [
                -97.7942829,
                27.8043499
              ],
              [
                -97.7942599,
                27.80424969999999
              ],
              [
                -97.794244,
                27.804141699999985
              ],
              [
                -97.7942616,
                27.8040619
              ],
              [
                -97.794881,
                27.8040885
              ],
              [
                -97.7949659,
                27.8041996
              ],
              [
                -97.7949536,
                27.804731799999985
              ],
              [
                -97.7947678,
                27.804724
              ],
              [
                -97.7946545,
                27.8046911
              ],
              [
                -97.7945589,
                27.80465670000001
              ],
              [
                -97.7944121,
                27.8045518
              ],
              [
                -97.7943572,
                27.804484499999987
              ]
            ]
          ],
          [
            [
              [
                -97.7916483,
                27.8070502
              ],
              [
                -97.7917621,
                27.807056
              ],
              [
                -97.7917479,
                27.80727479999998
              ],
              [
                -97.791634,
                27.807269
              ],
              [
                -97.7916483,
                27.8070502
              ]
            ]
          ],
          [
            [
              [
                -97.791797,
                27.8070573
              ],
              [
                -97.7919108,
                27.80706310000002
              ],
              [
                -97.7918966,
                27.807281900000017
              ],
              [
                -97.7917828,
                27.8072761
              ],
              [
                -97.791797,
                27.8070573
              ]
            ]
          ],
          [
            [
              [
                -97.7919445,
                27.8070632
              ],
              [
                -97.7920583,
                27.807069
              ],
              [
                -97.7920441,
                27.8072878
              ],
              [
                -97.7919302,
                27.807282
              ],
              [
                -97.7919445,
                27.8070632
              ]
            ]
          ],
          [
            [
              [
                -97.7934438,
                27.8079499
              ],
              [
                -97.7934961,
                27.80695930000002
              ],
              [
                -97.7939936,
                27.80697980000002
              ],
              [
                -97.7939413,
                27.8079704
              ],
              [
                -97.7934438,
                27.8079499
              ]
            ]
          ],
          [
            [
              [
                -97.7917796,
                27.8073833
              ],
              [
                -97.7918934,
                27.8073891
              ],
              [
                -97.7918792,
                27.8076079
              ],
              [
                -97.7917654,
                27.80760209999998
              ],
              [
                -97.7917796,
                27.8073833
              ]
            ]
          ],
          [
            [
              [
                -97.7919268,
                27.807389599999986
              ],
              [
                -97.7920406,
                27.8073954
              ],
              [
                -97.7920264,
                27.8076142
              ],
              [
                -97.7919125,
                27.807608399999985
              ],
              [
                -97.7919268,
                27.807389599999986
              ]
            ]
          ],
          [
            [
              [
                -97.7917447,
                27.807382
              ],
              [
                -97.7917305,
                27.8076008
              ],
              [
                -97.7916166,
                27.807595
              ],
              [
                -97.7916309,
                27.8073762
              ],
              [
                -97.7917447,
                27.807382
              ]
            ]
          ],
          [
            [
              [
                -97.66289238592998,
                27.808595393277226
              ],
              [
                -97.66290878737044,
                27.80837298582562
              ],
              [
                -97.66292792148599,
                27.808262497441284
              ],
              [
                -97.66358732443041,
                27.808363744165554
              ],
              [
                -97.66358981995026,
                27.80849511852863
              ],
              [
                -97.66361074800145,
                27.808573158035113
              ],
              [
                -97.66336769622491,
                27.80865107432727
              ],
              [
                -97.66317526002307,
                27.80872826671144
              ],
              [
                -97.66299770351556,
                27.808818979412624
              ],
              [
                -97.66289238592998,
                27.808595393277226
              ]
            ]
          ],
          [
            [
              [
                -97.6785578653547,
                27.80941485573023
              ],
              [
                -97.6785306242206,
                27.809534832530943
              ],
              [
                -97.67879438554735,
                27.808017728409613
              ],
              [
                -97.67885322879172,
                27.808026685641696
              ],
              [
                -97.67887331782433,
                27.80802973998183
              ],
              [
                -97.6785578653547,
                27.80941485573023
              ]
            ]
          ],
          [
            [
              [
                -97.59320760000001,
                27.9480115
              ],
              [
                -97.59238660000001,
                27.94744519999998
              ],
              [
                -97.5928345,
                27.9468955
              ],
              [
                -97.59328,
                27.9468293
              ],
              [
                -97.593902,
                27.9472272
              ],
              [
                -97.59332,
                27.947992499999984
              ],
              [
                -97.59320760000001,
                27.9480115
              ]
            ]
          ],
          [
            [
              [
                -97.4955357,
                28.0382364
              ],
              [
                -97.4966462,
                28.03823949999999
              ],
              [
                -97.4966446,
                28.038675399999967
              ],
              [
                -97.4955342,
                28.03867230000002
              ],
              [
                -97.4955357,
                28.0382364
              ]
            ]
          ],
          [
            [
              [
                -97.4962648,
                28.0391251
              ],
              [
                -97.4963813,
                28.039123799999988
              ],
              [
                -97.4963793,
                28.0393424
              ],
              [
                -97.4962658,
                28.0393398
              ],
              [
                -97.4962648,
                28.0391251
              ]
            ]
          ],
          [
            [
              [
                -97.4940115,
                28.03910939999998
              ],
              [
                -97.49416440000002,
                28.03893419999999
              ],
              [
                -97.49445410000001,
                28.0387708
              ],
              [
                -97.4949771,
                28.0387472
              ],
              [
                -97.4951354,
                28.039336700000018
              ],
              [
                -97.49513,
                28.0396634
              ],
              [
                -97.4950254,
                28.039777
              ],
              [
                -97.4946767,
                28.039774600000023
              ],
              [
                -97.4941054,
                28.039642
              ],
              [
                -97.4939686,
                28.03965859999999
              ],
              [
                -97.4939445,
                28.0395971
              ],
              [
                -97.4940115,
                28.03910939999998
              ]
            ]
          ],
          [
            [
              [
                -97.4964249,
                28.03967380000001
              ],
              [
                -97.49642040000002,
                28.0394544
              ],
              [
                -97.4965249,
                28.039459
              ],
              [
                -97.4965286,
                28.0396749
              ],
              [
                -97.4964249,
                28.03967380000001
              ]
            ]
          ],
          [
            [
              [
                -97.50674929502787,
                28.034651636140662
              ],
              [
                -97.5067415,
                28.034649899999987
              ],
              [
                -97.5067550999089,
                28.034117545166254
              ],
              [
                -97.50676031439296,
                28.033637774974867
              ],
              [
                -97.50922305742249,
                28.033697262807358
              ],
              [
                -97.50896131529814,
                28.03398279744366
              ],
              [
                -97.50864009032894,
                28.034315921946384
              ],
              [
                -97.50844973282868,
                28.03444679208949
              ],
              [
                -97.50798573771306,
                28.034637148593426
              ],
              [
                -97.50750984530983,
                28.03473232790849
              ],
              [
                -97.5072362076945,
                28.034791815135865
              ],
              [
                -97.50674841800367,
                28.034732328701388
              ],
              [
                -97.50674929502787,
                28.034651636140662
              ]
            ]
          ],
          [
            [
              [
                -97.4965317,
                28.0391307
              ],
              [
                -97.4965268,
                28.0393416
              ],
              [
                -97.4964275,
                28.0393403
              ],
              [
                -97.4964196,
                28.0391294
              ],
              [
                -97.4965317,
                28.0391307
              ]
            ]
          ],
          [
            [
              [
                -97.5124199998219,
                28.049190001202938
              ],
              [
                -97.5122552544693,
                28.049195956946456
              ],
              [
                -97.51225769325669,
                28.04912499339714
              ],
              [
                -97.51234269423702,
                28.048718993771384
              ],
              [
                -97.51234269430446,
                28.048692993798262
              ],
              [
                -97.51234269621872,
                28.047954994560964
              ],
              [
                -97.51234269685423,
                28.047709994814177
              ],
              [
                -97.5123106977274,
                28.047383995168587
              ],
              [
                -97.51238931023852,
                28.047386024207825
              ],
              [
                -97.5124699991523,
                28.047409999545735
              ],
              [
                -97.51250000108617,
                28.049030000762595
              ],
              [
                -97.5124900001421,
                28.049140000694525
              ],
              [
                -97.5124199998219,
                28.049190001202938
              ]
            ]
          ],
          [
            [
              [
                -97.49627090000001,
                28.03968050000002
              ],
              [
                -97.4962679,
                28.039457
              ],
              [
                -97.4963844,
                28.0394544
              ],
              [
                -97.4963821,
                28.039676499999985
              ],
              [
                -97.49627090000001,
                28.03968050000002
              ]
            ]
          ],
          [
            [
              [
                -97.49635037714013,
                30.21610612267968
              ],
              [
                -97.49650155889366,
                30.21602722639033
              ],
              [
                -97.4959968,
                30.2168155
              ],
              [
                -97.49595179215596,
                30.2167939587812
              ],
              [
                -97.49635037714013,
                30.21610612267968
              ]
            ]
          ],
          [
            [
              [
                -97.3912992,
                30.452943600000022
              ],
              [
                -97.3912693,
                30.4532169
              ],
              [
                -97.3911099,
                30.453204
              ],
              [
                -97.3911398,
                30.45293070000003
              ],
              [
                -97.3912992,
                30.452943600000022
              ]
            ]
          ],
          [
            [
              [
                -97.21206161634665,
                28.092292894118376
              ],
              [
                -97.21208661656844,
                28.092176894365714
              ],
              [
                -97.21211761672606,
                28.092099894521965
              ],
              [
                -97.21244061775151,
                28.09164889535895
              ],
              [
                -97.21249561792654,
                28.091571895501804
              ],
              [
                -97.21253261814657,
                28.09146189572874
              ],
              [
                -97.2127126187406,
                28.091197896222837
              ],
              [
                -97.21276861886895,
                28.09114789630427
              ],
              [
                -97.21290561905408,
                28.09109889633866
              ],
              [
                -97.21296761921494,
                28.091032896452685
              ],
              [
                -97.21300461940696,
                28.09093889664333
              ],
              [
                -97.21301661965653,
                28.090801896944388
              ],
              [
                -97.21303561973885,
                28.090762897021488
              ],
              [
                -97.2132216203271,
                28.090504897497638
              ],
              [
                -97.21323188201242,
                28.090479408994952
              ],
              [
                -97.21329722210604,
                28.090404236178426
              ],
              [
                -97.21386791102626,
                28.09076125079071
              ],
              [
                -97.21231855611302,
                28.092489363739677
              ],
              [
                -97.21216390664527,
                28.092384957949687
              ],
              [
                -97.21205080214953,
                28.09231626038857
              ],
              [
                -97.21206161634665,
                28.092292894118376
              ]
            ]
          ],
          [
            [
              [
                -97.2289172,
                30.1519967
              ],
              [
                -97.2288073,
                30.1520189
              ],
              [
                -97.2287497,
                30.1518058
              ],
              [
                -97.2288597,
                30.1517836
              ],
              [
                -97.2289172,
                30.1519967
              ]
            ]
          ],
          [
            [
              [
                -97.2281128,
                30.152429099999985
              ],
              [
                -97.2278562,
                30.152407399999987
              ],
              [
                -97.22787230000002,
                30.15226510000001
              ],
              [
                -97.2281289,
                30.15228680000002
              ],
              [
                -97.2281128,
                30.152429099999985
              ]
            ]
          ],
          [
            [
              [
                -96.51474077689886,
                29.0305922334382
              ],
              [
                -96.51474752333763,
                29.030596653526864
              ],
              [
                -96.51457401428573,
                29.03067357757126
              ],
              [
                -96.51446021211228,
                29.03068756723777
              ],
              [
                -96.51444744877782,
                29.03065070396585
              ],
              [
                -96.51474077689886,
                29.0305922334382
              ]
            ]
          ],
          [
            [
              [
                -96.5154677,
                29.0349332
              ],
              [
                -96.5158279,
                29.035381099999977
              ],
              [
                -96.5154488,
                29.0356142
              ],
              [
                -96.51508860000001,
                29.0351664
              ],
              [
                -96.5154677,
                29.0349332
              ]
            ]
          ],
          [
            [
              [
                -94.93175800835189,
                29.32783248323209
              ],
              [
                -94.93189482805784,
                29.327921713967363
              ],
              [
                -94.93231718176845,
                29.328067455610793
              ],
              [
                -94.93235584885156,
                29.328112070885407
              ],
              [
                -94.93215954180914,
                29.32832027367591
              ],
              [
                -94.93213872155579,
                29.328329196396957
              ],
              [
                -94.9316122665785,
                29.328022840316674
              ],
              [
                -94.93175800835189,
                29.32783248323209
              ]
            ]
          ],
          [
            [
              [
                -94.93245548818622,
                29.328498731865317
              ],
              [
                -94.93251497552266,
                29.328394631488504
              ],
              [
                -94.93263394750058,
                29.328281607497882
              ],
              [
                -94.93277374063015,
                29.328171557104675
              ],
              [
                -94.93291948330183,
                29.328320273675903
              ],
              [
                -94.9333120946917,
                29.32848683544555
              ],
              [
                -94.93353219451274,
                29.32863852604925
              ],
              [
                -94.9333120937934,
                29.32895677899581
              ],
              [
                -94.93245548818622,
                29.328498731865317
              ]
            ]
          ],
          [
            [
              [
                -94.9369601054498,
                29.32968846394331
              ],
              [
                -94.93755199640738,
                29.329334519622748
              ],
              [
                -94.93802788791228,
                29.329477285562547
              ],
              [
                -94.93770071250265,
                29.32983420541132
              ],
              [
                -94.93739733076997,
                29.329777693837872
              ],
              [
                -94.9369571311279,
                29.329742001889382
              ],
              [
                -94.93694523384029,
                29.32972118066665
              ],
              [
                -94.9369601054498,
                29.32968846394331
              ]
            ]
          ],
          [
            [
              [
                -97.2112547,
                30.1657577
              ],
              [
                -97.2111353,
                30.1657549
              ],
              [
                -97.2111422,
                30.165538799999986
              ],
              [
                -97.21126160000001,
                30.1655416
              ],
              [
                -97.2112547,
                30.1657577
              ]
            ]
          ]
        ]
      }
    }
  ]
}