{
  "type": "FeatureCollection",
  "name": "Southlake",
  "crs": {
    "type": "name",
    "properties": {
      "name": "urn:ogc:def:crs:OGC:1.3:CRS84"
    }
  },
  "features": [
    {
      "type": "Feature",
      "properties": {
        "largest_city": "Southlake",
        "all_cities": "Bridgeport, Decatur, Grapevine, Hurst, Justin, Southlake",
        "total_area_ft2": 19959135.031418227
      },
      "geometry": {
        "type": "MultiPolygon",
        "coordinates": [
          [
            [
              [
                -97.1541471,
                32.9253195
              ],
              [
                -97.1541457,
                32.9251047
              ],
              [
                -97.1542611,
                32.9251042
              ],
              [
                -97.1542625,
                32.925319
              ],
              [
                -97.1541471,
                32.9253195
              ]
            ]
          ],
          [
            [
              [
                -97.1535417,
                32.9253705
              ],
              [
                -97.1535411,
                32.9252088
              ],
              [
                -97.1536853,
                32.92520840000002
              ],
              [
                -97.153686,
                32.9253701
              ],
              [
                -97.1535417,
                32.9253705
              ]
            ]
          ],
          [
            [
              [
                -97.15435570000001,
                32.9256572
              ],
              [
                -97.1543544,
                32.92544239999999
              ],
              [
                -97.1544697,
                32.92544189999998
              ],
              [
                -97.1544711,
                32.9256567
              ],
              [
                -97.15435570000001,
                32.9256572
              ]
            ]
          ],
          [
            [
              [
                -97.1545145,
                32.925657700000016
              ],
              [
                -97.1545132,
                32.925442899999965
              ],
              [
                -97.1546286,
                32.9254424
              ],
              [
                -97.15463,
                32.9256572
              ],
              [
                -97.1545145,
                32.925657700000016
              ]
            ]
          ],
          [
            [
              [
                -97.1526518,
                32.93630039999996
              ],
              [
                -97.1526523,
                32.936086
              ],
              [
                -97.1527693,
                32.9360862
              ],
              [
                -97.15276880000002,
                32.9363006
              ],
              [
                -97.1526518,
                32.93630039999996
              ]
            ]
          ],
          [
            [
              [
                -97.1494222,
                32.9376946
              ],
              [
                -97.1494225,
                32.937480900000025
              ],
              [
                -97.1495413,
                32.9374811
              ],
              [
                -97.149541,
                32.9376948
              ],
              [
                -97.1494222,
                32.9376946
              ]
            ]
          ],
          [
            [
              [
                -97.157712,
                32.940287
              ],
              [
                -97.1575961,
                32.9401861
              ],
              [
                -97.1576672,
                32.9401286
              ],
              [
                -97.1577831,
                32.94022960000002
              ],
              [
                -97.157712,
                32.940287
              ]
            ]
          ],
          [
            [
              [
                -97.1571869,
                32.9504943
              ],
              [
                -97.1571855,
                32.950245
              ],
              [
                -97.1574229,
                32.9502439
              ],
              [
                -97.1574236,
                32.95049370000002
              ],
              [
                -97.1571869,
                32.9504943
              ]
            ]
          ],
          [
            [
              [
                -97.1552751,
                32.9511795
              ],
              [
                -97.1551571,
                32.951085
              ],
              [
                -97.1551678,
                32.9502162
              ],
              [
                -97.1559242,
                32.95015769999998
              ],
              [
                -97.1561227,
                32.9502117
              ],
              [
                -97.1562675,
                32.95033769999998
              ],
              [
                -97.156348,
                32.950481799999984
              ],
              [
                -97.1563319,
                32.9511795
              ],
              [
                -97.1552751,
                32.9511795
              ]
            ]
          ],
          [
            [
              [
                -97.1563265,
                32.9514316
              ],
              [
                -97.1563855,
                32.95149459999998
              ],
              [
                -97.1563962,
                32.9516882
              ],
              [
                -97.1562997,
                32.95188619999998
              ],
              [
                -97.1561495,
                32.952007800000025
              ],
              [
                -97.15599930000002,
                32.952066299999984
              ],
              [
                -97.1557525,
                32.9520573
              ],
              [
                -97.1556881,
                32.9519988
              ],
              [
                -97.1556828,
                32.9514676
              ],
              [
                -97.155715,
                32.951445100000015
              ],
              [
                -97.1563265,
                32.9514316
              ]
            ]
          ],
          [
            [
              [
                -97.1553483,
                32.95273769999998
              ],
              [
                -97.154825,
                32.95274209999999
              ],
              [
                -97.1548131,
                32.951761
              ],
              [
                -97.1553364,
                32.95175649999998
              ],
              [
                -97.1553483,
                32.95273769999998
              ]
            ]
          ],
          [
            [
              [
                -97.17971182413703,
                32.926874287060656
              ],
              [
                -97.17971190810414,
                32.9268685580001
              ],
              [
                -97.17970419474531,
                32.926868537700585
              ],
              [
                -97.17971577065224,
                32.92607863138153
              ],
              [
                -97.1795131,
                32.92562689999998
              ],
              [
                -97.1797222661371,
                32.92563539833133
              ],
              [
                -97.17972429454983,
                32.92549698532949
              ],
              [
                -97.1794933287071,
                32.925081142703284
              ],
              [
                -97.17975971152819,
                32.925192813675785
              ],
              [
                -97.18022022657037,
                32.92529135235838
              ],
              [
                -97.18053928390479,
                32.925343433803974
              ],
              [
                -97.180544606281,
                32.92534880577939
              ],
              [
                -97.18054691419484,
                32.92534918250911
              ],
              [
                -97.18075075765775,
                32.92555492088974
              ],
              [
                -97.18120949717533,
                32.9253805025399
              ],
              [
                -97.18121281289854,
                32.925387892029214
              ],
              [
                -97.18121712836367,
                32.925386251242564
              ],
              [
                -97.18126442196845,
                32.92549164833227
              ],
              [
                -97.18129384089568,
                32.92560435029312
              ],
              [
                -97.1813142066015,
                32.9257281950804
              ],
              [
                -97.18130326062976,
                32.925866695640515
              ],
              [
                -97.18127454957497,
                32.926005007478324
              ],
              [
                -97.18122340489256,
                32.92615806472628
              ],
              [
                -97.18116333873958,
                32.92632593389085
              ],
              [
                -97.18110572599466,
                32.92660314304025
              ],
              [
                -97.18110171191766,
                32.926872818994575
              ],
              [
                -97.18060011871414,
                32.926877925180065
              ],
              [
                -97.17992247996946,
                32.92687484050723
              ],
              [
                -97.17971182413703,
                32.926874287060656
              ]
            ]
          ],
          [
            [
              [
                -97.18459226745838,
                32.936462783334804
              ],
              [
                -97.184593260183,
                32.936459457141694
              ],
              [
                -97.18459463658682,
                32.93645622862973
              ],
              [
                -97.18459638341436,
                32.9364531288913
              ],
              [
                -97.18459848384268,
                32.936450187778554
              ],
              [
                -97.18460091764354,
                32.93644743361602
              ],
              [
                -97.18460366137808,
                32.93644489292785
              ],
              [
                -97.1846066886226,
                32.936442590182246
              ],
              [
                -97.18460997022315,
                32.93644054755594
              ],
              [
                -97.1846134745761,
                32.93643878472055
              ],
              [
                -97.1846171679326,
                32.93643731865318
              ],
              [
                -97.18462101472362,
                32.93643616347284
              ],
              [
                -97.18462497790247,
                32.93643533030462
              ],
              [
                -97.18462901930155,
                32.93643482717234
              ],
              [
                -97.18463309999999,
                32.93643465892147
              ],
              [
                -97.18463718069842,
                32.93643482717233
              ],
              [
                -97.18464122209751,
                32.93643533030461
              ],
              [
                -97.18464518527635,
                32.93643616347284
              ],
              [
                -97.18464903206738,
                32.93643731865317
              ],
              [
                -97.18465272542389,
                32.93643878472054
              ],
              [
                -97.18465622977682,
                32.93644054755593
              ],
              [
                -97.18465951137736,
                32.93644259018224
              ],
              [
                -97.18466253862192,
                32.936444892927845
              ],
              [
                -97.18466528235645,
                32.93644743361603
              ],
              [
                -97.18466771615729,
                32.936450187778526
              ],
              [
                -97.18466981658563,
                32.93645312889131
              ],
              [
                -97.18467156341315,
                32.93645622862975
              ],
              [
                -97.18467293981698,
                32.9364594571417
              ],
              [
                -97.18467393254159,
                32.93646278333484
              ],
              [
                -97.18467453202653,
                32.936466175175994
              ],
              [
                -97.1846747324984,
                32.9364696
              ],
              [
                -97.18467453202653,
                32.93647302482384
              ],
              [
                -97.18467393254159,
                32.936476416664654
              ],
              [
                -97.18467293981698,
                32.93647974285708
              ],
              [
                -97.18467156341315,
                32.936482971368186
              ],
              [
                -97.18466981658563,
                32.93648607110559
              ],
              [
                -97.18466813293234,
                32.93648842863049
              ],
              [
                -97.18465755423473,
                32.9364950918848
              ],
              [
                -97.18464481893075,
                32.93650311353024
              ],
              [
                -97.1846412220975,
                32.93650386968209
              ],
              [
                -97.18463718069842,
                32.93650437281395
              ],
              [
                -97.18463309999999,
                32.93650454106471
              ],
              [
                -97.18462901930155,
                32.93650437281394
              ],
              [
                -97.18462497790247,
                32.93650386968206
              ],
              [
                -97.18462101472362,
                32.93650303651448
              ],
              [
                -97.1846171679326,
                32.93650188133499
              ],
              [
                -97.1846134745761,
                32.93650041526868
              ],
              [
                -97.18460997022315,
                32.93649865243449
              ],
              [
                -97.1846066886226,
                32.93649660980949
              ],
              [
                -97.18460366137808,
                32.9364943070652
              ],
              [
                -97.18460091764354,
                32.936491766378396
              ],
              [
                -97.18459848384268,
                32.936489012217145
              ],
              [
                -97.18459638341436,
                32.93648607110558
              ],
              [
                -97.18459463658682,
                32.9364829713682
              ],
              [
                -97.184593260183,
                32.936479742857095
              ],
              [
                -97.18459226745838,
                32.936476416664654
              ],
              [
                -97.18459166797345,
                32.93647302482382
              ],
              [
                -97.18459146750159,
                32.93646959999999
              ],
              [
                -97.18459166797345,
                32.93646617517599
              ],
              [
                -97.18459226745838,
                32.936462783334804
              ]
            ]
          ],
          [
            [
              [
                -97.1732874,
                32.93675
              ],
              [
                -97.1733461,
                32.9367155
              ],
              [
                -97.1734036,
                32.9366917
              ],
              [
                -97.1734619,
                32.9366737
              ],
              [
                -97.1735219,
                32.9366654
              ],
              [
                -97.1738552,
                32.9366649
              ],
              [
                -97.1738504,
                32.937241
              ],
              [
                -97.173806,
                32.9372805
              ],
              [
                -97.1731218,
                32.937277299999984
              ],
              [
                -97.1731235,
                32.93709369999997
              ],
              [
                -97.1731223,
                32.93703079999999
              ],
              [
                -97.1731317,
                32.9369681
              ],
              [
                -97.1731557,
                32.9368958
              ],
              [
                -97.1731892,
                32.93684720000001
              ],
              [
                -97.1732123,
                32.9368126
              ],
              [
                -97.1732488,
                32.9367784
              ],
              [
                -97.1732874,
                32.93675
              ]
            ]
          ],
          [
            [
              [
                -97.1761935,
                32.93808979999997
              ],
              [
                -97.1762007,
                32.9370995
              ],
              [
                -97.1767277,
                32.9371022
              ],
              [
                -97.1767206,
                32.93809249999999
              ],
              [
                -97.1761935,
                32.93808979999997
              ]
            ]
          ],
          [
            [
              [
                -97.1733187,
                32.93865779999998
              ],
              [
                -97.17317,
                32.9385654
              ],
              [
                -97.1730489,
                32.9384082
              ],
              [
                -97.17307090000001,
                32.937775
              ],
              [
                -97.1731425,
                32.937705700000016
              ],
              [
                -97.1735996,
                32.9376548
              ],
              [
                -97.1738299,
                32.937651
              ],
              [
                -97.17415590000002,
                32.9376456
              ],
              [
                -97.174277,
                32.93773340000003
              ],
              [
                -97.174277,
                32.9382465
              ],
              [
                -97.17415590000002,
                32.9386671
              ],
              [
                -97.1733187,
                32.93865779999998
              ]
            ]
          ],
          [
            [
              [
                -97.181229,
                32.938049
              ],
              [
                -97.181739,
                32.938033
              ],
              [
                -97.18175,
                32.938275
              ],
              [
                -97.181845,
                32.938272
              ],
              [
                -97.181859,
                32.938569
              ],
              [
                -97.181178,
                32.938591
              ],
              [
                -97.181173,
                32.938481
              ],
              [
                -97.181169,
                32.938481
              ],
              [
                -97.181156,
                32.938194
              ],
              [
                -97.181235,
                32.938192
              ],
              [
                -97.181229,
                32.938049
              ]
            ]
          ],
          [
            [
              [
                -97.1732225,
                32.9392732
              ],
              [
                -97.17322280000002,
                32.9390611
              ],
              [
                -97.1733405,
                32.9390612
              ],
              [
                -97.1733402,
                32.93927329999998
              ],
              [
                -97.1732225,
                32.9392732
              ]
            ]
          ],
          [
            [
              [
                -97.1730661,
                32.93906160000002
              ],
              [
                -97.1731838,
                32.939061700000025
              ],
              [
                -97.1731835,
                32.9392738
              ],
              [
                -97.1730658,
                32.93927369999997
              ],
              [
                -97.1730661,
                32.93906160000002
              ]
            ]
          ],
          [
            [
              [
                -97.1656166,
                32.9353858
              ],
              [
                -97.1657324,
                32.9353627
              ],
              [
                -97.16579090000002,
                32.9355694
              ],
              [
                -97.1656751,
                32.9355925
              ],
              [
                -97.1656166,
                32.9353858
              ]
            ]
          ],
          [
            [
              [
                -97.1637621,
                32.9404508
              ],
              [
                -97.16364380000002,
                32.94045029999999
              ],
              [
                -97.1636451,
                32.940237400000015
              ],
              [
                -97.1637634,
                32.9402379
              ],
              [
                -97.1637621,
                32.9404508
              ]
            ]
          ],
          [
            [
              [
                -97.1636043,
                32.94045179999997
              ],
              [
                -97.163486,
                32.940451299999985
              ],
              [
                -97.1634873,
                32.9402384
              ],
              [
                -97.16360560000001,
                32.9402389
              ],
              [
                -97.1636043,
                32.94045179999997
              ]
            ]
          ],
          [
            [
              [
                -97.1700543,
                32.94208129999998
              ],
              [
                -97.170172,
                32.94208139999998
              ],
              [
                -97.1701717,
                32.942293499999984
              ],
              [
                -97.170054,
                32.9422934
              ],
              [
                -97.1700543,
                32.94208129999998
              ]
            ]
          ],
          [
            [
              [
                -97.1734325,
                32.9392753
              ],
              [
                -97.1734328,
                32.9390632
              ],
              [
                -97.1735505,
                32.93906330000002
              ],
              [
                -97.1735502,
                32.939275400000014
              ],
              [
                -97.1734325,
                32.9392753
              ]
            ]
          ],
          [
            [
              [
                -97.1735892,
                32.93927650000002
              ],
              [
                -97.1735895,
                32.9390644
              ],
              [
                -97.1737072,
                32.9390645
              ],
              [
                -97.1737069,
                32.93927659999998
              ],
              [
                -97.1735892,
                32.93927650000002
              ]
            ]
          ],
          [
            [
              [
                -97.1730634,
                32.93940569999998
              ],
              [
                -97.1731811,
                32.9394058
              ],
              [
                -97.1731808,
                32.9396179
              ],
              [
                -97.1730631,
                32.93961779999998
              ],
              [
                -97.1730634,
                32.93940569999998
              ]
            ]
          ],
          [
            [
              [
                -97.1734285,
                32.939619499999985
              ],
              [
                -97.1734288,
                32.939407399999986
              ],
              [
                -97.1735465,
                32.9394075
              ],
              [
                -97.1735462,
                32.9396196
              ],
              [
                -97.1734285,
                32.939619499999985
              ]
            ]
          ],
          [
            [
              [
                -97.1413921,
                32.9376928
              ],
              [
                -97.1415352,
                32.937518799999985
              ],
              [
                -97.14165710000002,
                32.9375894
              ],
              [
                -97.1415139,
                32.9377634
              ],
              [
                -97.1413921,
                32.9376928
              ]
            ]
          ],
          [
            [
              [
                -97.13165197619959,
                32.94089617728561
              ],
              [
                -97.13081934752564,
                32.940883720679516
              ],
              [
                -97.1308249278602,
                32.94038364488584
              ],
              [
                -97.13166946819477,
                32.94041711876031
              ],
              [
                -97.13165197619959,
                32.94089617728561
              ]
            ]
          ],
          [
            [
              [
                -97.1309257,
                32.94111909999998
              ],
              [
                -97.1315224,
                32.9411259
              ],
              [
                -97.13156690000001,
                32.941138
              ],
              [
                -97.1316036,
                32.941157899999986
              ],
              [
                -97.1316296,
                32.9411817
              ],
              [
                -97.13164810000002,
                32.941211199999984
              ],
              [
                -97.1316461,
                32.9412954
              ],
              [
                -97.1315642,
                32.9412961
              ],
              [
                -97.1315599,
                32.9417489
              ],
              [
                -97.13154028427537,
                32.9417487667611
              ],
              [
                -97.13153991136785,
                32.94175811090776
              ],
              [
                -97.13088781981155,
                32.94175067983798
              ],
              [
                -97.13089425271988,
                32.941283438983895
              ],
              [
                -97.130805,
                32.94128389999998
              ],
              [
                -97.1308069,
                32.9412049
              ],
              [
                -97.1308156,
                32.94117109999997
              ],
              [
                -97.1308399,
                32.9411438
              ],
              [
                -97.1308731,
                32.9411256
              ],
              [
                -97.1309257,
                32.94111909999998
              ]
            ]
          ],
          [
            [
              [
                -97.1309002,
                32.9419702
              ],
              [
                -97.1315554,
                32.94197089999998
              ],
              [
                -97.1315527,
                32.942464
              ],
              [
                -97.13153222226775,
                32.94246396861169
              ],
              [
                -97.13153214722887,
                32.94246986909823
              ],
              [
                -97.13088072401912,
                32.94246511587543
              ],
              [
                -97.13088689275018,
                32.9419803363194
              ],
              [
                -97.13090020207659,
                32.9419804334343
              ],
              [
                -97.1309002,
                32.9419702
              ]
            ]
          ],
          [
            [
              [
                -97.1271483,
                32.9425069
              ],
              [
                -97.1271396,
                32.9424815
              ],
              [
                -97.1271391804182,
                32.94214471566647
              ],
              [
                -97.12713566826088,
                32.942008565562745
              ],
              [
                -97.12713901082248,
                32.942008586836984
              ],
              [
                -97.127139,
                32.9419999
              ],
              [
                -97.12892,
                32.9419942
              ],
              [
                -97.1289213,
                32.9424764
              ],
              [
                -97.1289159,
                32.94250180000002
              ],
              [
                -97.12890340000001,
                32.94252379999998
              ],
              [
                -97.1288832,
                32.9425413
              ],
              [
                -97.1288575,
                32.94255259999996
              ],
              [
                -97.1288288,
                32.9425564
              ],
              [
                -97.1272201,
                32.9425541
              ],
              [
                -97.12719776974022,
                32.94254721168258
              ],
              [
                -97.12714956250338,
                32.94254718111678
              ],
              [
                -97.12714853085555,
                32.94250718889921
              ],
              [
                -97.1271483,
                32.9425069
              ]
            ]
          ],
          [
            [
              [
                -97.1272009,
                32.943587
              ],
              [
                -97.1271942,
                32.9435621
              ],
              [
                -97.1272019,
                32.94352970000001
              ],
              [
                -97.1272271,
                32.9435037
              ],
              [
                -97.1272482,
                32.94349030000002
              ],
              [
                -97.1272676,
                32.94348579999998
              ],
              [
                -97.12732170000001,
                32.94348479999998
              ],
              [
                -97.12732050000001,
                32.94350080000001
              ],
              [
                -97.1273626,
                32.94350109999998
              ],
              [
                -97.1273634,
                32.943485399999986
              ],
              [
                -97.1276064,
                32.94348509999998
              ],
              [
                -97.1276062,
                32.9435013
              ],
              [
                -97.1276467,
                32.9435003
              ],
              [
                -97.1276476,
                32.94348479999998
              ],
              [
                -97.1277782,
                32.9434871
              ],
              [
                -97.1277782,
                32.9434928
              ],
              [
                -97.1277956,
                32.94349289999998
              ],
              [
                -97.1277949,
                32.943628
              ],
              [
                -97.1277802,
                32.9436288
              ],
              [
                -97.127779,
                32.9436384
              ],
              [
                -97.1276473,
                32.943638
              ],
              [
                -97.1276474,
                32.943621
              ],
              [
                -97.1276052,
                32.943620899999985
              ],
              [
                -97.1276051,
                32.9436349
              ],
              [
                -97.1273589,
                32.94363409999998
              ],
              [
                -97.127359,
                32.9436184
              ],
              [
                -97.12731970000002,
                32.9436182
              ],
              [
                -97.127318,
                32.9436362
              ],
              [
                -97.1272781,
                32.9436365
              ],
              [
                -97.1272451,
                32.943627599999985
              ],
              [
                -97.1272188,
                32.94361089999999
              ],
              [
                -97.1272009,
                32.943587
              ]
            ]
          ],
          [
            [
              [
                -97.1300516,
                32.944502
              ],
              [
                -97.13004089528438,
                32.944517594680384
              ],
              [
                -97.13009351506427,
                32.94454106934007
              ],
              [
                -97.1300162888001,
                32.94464891224599
              ],
              [
                -97.130052,
                32.9446662
              ],
              [
                -97.1299136,
                32.94486780000001
              ],
              [
                -97.12987344583485,
                32.94484838583997
              ],
              [
                -97.12980066787492,
                32.94495001689477
              ],
              [
                -97.12975880724241,
                32.94492880977504
              ],
              [
                -97.12975010000001,
                32.9449415
              ],
              [
                -97.12973682302987,
                32.94493509766657
              ],
              [
                -97.12972495876109,
                32.94495315069208
              ],
              [
                -97.12966214590392,
                32.944922457582365
              ],
              [
                -97.1296247,
                32.944977
              ],
              [
                -97.1295456,
                32.9449388
              ],
              [
                -97.1295832781258,
                32.94488391933593
              ],
              [
                -97.12949878992201,
                32.944842634703676
              ],
              [
                -97.12950650285705,
                32.944831013178096
              ],
              [
                -97.12952131796351,
                32.94480849424762
              ],
              [
                -97.12947630419215,
                32.94478568951514
              ],
              [
                -97.12954187355561,
                32.944688198459446
              ],
              [
                -97.1295129,
                32.94467419999999
              ],
              [
                -97.1296512,
                32.9444725
              ],
              [
                -97.12967817873384,
                32.94448553466915
              ],
              [
                -97.1297453065006,
                32.94438572651937
              ],
              [
                -97.12978716711162,
                32.94440440146756
              ],
              [
                -97.12979343913184,
                32.944394867887496
              ],
              [
                -97.12980648790044,
                32.944401665910725
              ],
              [
                -97.1298158,
                32.944388099999976
              ],
              [
                -97.129951,
                32.9444534
              ],
              [
                -97.1300516,
                32.944502
              ]
            ]
          ],
          [
            [
              [
                -97.13074722358812,
                32.94669145251959
              ],
              [
                -97.1307941016301,
                32.94662505521256
              ],
              [
                -97.13120870585658,
                32.945917766360395
              ],
              [
                -97.13117941205445,
                32.94590188255273
              ],
              [
                -97.13141929008309,
                32.945554841485524
              ],
              [
                -97.13142143580066,
                32.94555485660492
              ],
              [
                -97.13142335495975,
                32.945551582569564
              ],
              [
                -97.13145326492946,
                32.94555154027344
              ],
              [
                -97.1314987,
                32.94548540000001
              ],
              [
                -97.1321582,
                32.945484399999984
              ],
              [
                -97.13215742060771,
                32.94671272421244
              ],
              [
                -97.1321573,
                32.9469028
              ],
              [
                -97.13212365240206,
                32.946902624736616
              ],
              [
                -97.13212261435669,
                32.946951972839095
              ],
              [
                -97.1320229678355,
                32.94698030754082
              ],
              [
                -97.13128044826941,
                32.946963236764226
              ],
              [
                -97.13116092742943,
                32.9469119093843
              ],
              [
                -97.13114184540758,
                32.94691203270685
              ],
              [
                -97.13111562078535,
                32.946897374108445
              ],
              [
                -97.1310246,
                32.9468969
              ],
              [
                -97.1308976,
                32.9468359
              ],
              [
                -97.1308006,
                32.946789299999985
              ],
              [
                -97.1307339,
                32.946757
              ],
              [
                -97.13074851391971,
                32.9467347997799
              ],
              [
                -97.1307335395514,
                32.94672836907859
              ],
              [
                -97.13075321628062,
                32.94669480225101
              ],
              [
                -97.13074722358812,
                32.94669145251959
              ]
            ]
          ],
          [
            [
              [
                -97.1194575,
                32.93789369999999
              ],
              [
                -97.1194599,
                32.9376783
              ],
              [
                -97.1195788,
                32.9376793
              ],
              [
                -97.1195764,
                32.9378946
              ],
              [
                -97.1194575,
                32.93789369999999
              ]
            ]
          ],
          [
            [
              [
                -97.119297,
                32.937679
              ],
              [
                -97.1194159,
                32.937679899999985
              ],
              [
                -97.1194134,
                32.9378953
              ],
              [
                -97.1192946,
                32.9378944
              ],
              [
                -97.119297,
                32.937679
              ]
            ]
          ],
          [
            [
              [
                -97.11899158162413,
                32.94499332006435
              ],
              [
                -97.1189964165207,
                32.945000089446474
              ],
              [
                -97.11900043747697,
                32.94500722392744
              ],
              [
                -97.11900360576894,
                32.94501465479832
              ],
              [
                -97.11900589088421,
                32.94502231049561
              ],
              [
                -97.1190072708159,
                32.94503011729074
              ],
              [
                -97.1190077322745,
                32.945038
              ],
              [
                -97.1190072708159,
                32.945045882708534
              ],
              [
                -97.11900589088421,
                32.94505368950156
              ],
              [
                -97.11900360576894,
                32.94506134519549
              ],
              [
                -97.11900043747697,
                32.94506877606176
              ],
              [
                -97.1189964165207,
                32.945075910537234
              ],
              [
                -97.11899158162413,
                32.94508267991302
              ],
              [
                -97.11898597934994,
                32.94508901899646
              ],
              [
                -97.11897966365116,
                32.945094866738806
              ],
              [
                -97.11897269535133,
                32.94510016682314
              ],
              [
                -97.11896514155906,
                32.94510486820694
              ],
              [
                -97.11895707502148,
                32.945108925613404
              ],
              [
                -97.11894857342372,
                32.94511229996751
              ],
              [
                -97.11893971864086,
                32.94511495877254
              ],
              [
                -97.11893059594928,
                32.94511687642277
              ],
              [
                -97.1189212932055,
                32.9451180344502
              ],
              [
                -97.11891189999997,
                32.94511842170253
              ],
              [
                -97.11890250679448,
                32.94511803445021
              ],
              [
                -97.1188932040507,
                32.945116876422745
              ],
              [
                -97.11888408135911,
                32.94511495877254
              ],
              [
                -97.11887522657628,
                32.94511229996751
              ],
              [
                -97.1188667249785,
                32.94510892561339
              ],
              [
                -97.11885865844091,
                32.94510486820695
              ],
              [
                -97.11885110464864,
                32.94510016682312
              ],
              [
                -97.11884413634883,
                32.94509486673878
              ],
              [
                -97.11883782065003,
                32.94508901899648
              ],
              [
                -97.11883221837586,
                32.94508267991304
              ],
              [
                -97.11882738347929,
                32.94507591053724
              ],
              [
                -97.11882336252302,
                32.9450687760618
              ],
              [
                -97.11882019423105,
                32.945061345195455
              ],
              [
                -97.11881790911578,
                32.94505368950157
              ],
              [
                -97.11881652918407,
                32.94504588270854
              ],
              [
                -97.11881606772549,
                32.945038
              ],
              [
                -97.11881652918407,
                32.945030117290734
              ],
              [
                -97.11881790911578,
                32.9450223104956
              ],
              [
                -97.11882019423105,
                32.94501465479831
              ],
              [
                -97.11882079318198,
                32.94501325002663
              ],
              [
                -97.11883359999999,
                32.9450132
              ],
              [
                -97.11883357261853,
                32.94499178771047
              ],
              [
                -97.11883782065003,
                32.94498698097405
              ],
              [
                -97.11884413634883,
                32.9449811332246
              ],
              [
                -97.11885110464864,
                32.94497583313313
              ],
              [
                -97.11885865844091,
                32.94497113174247
              ],
              [
                -97.1188667249785,
                32.94496707432969
              ],
              [
                -97.11887522657628,
                32.944963699970025
              ],
              [
                -97.11888408135911,
                32.944961041160454
              ],
              [
                -97.1188932040507,
                32.944959123506834
              ],
              [
                -97.11890250679448,
                32.944957965477265
              ],
              [
                -97.11891189999999,
                32.94495757822427
              ],
              [
                -97.1189212932055,
                32.94495796547729
              ],
              [
                -97.11893059594928,
                32.94495912350682
              ],
              [
                -97.11893971864086,
                32.94496104116045
              ],
              [
                -97.11894857342372,
                32.94496369996999
              ],
              [
                -97.11895707502147,
                32.9449670743297
              ],
              [
                -97.11896514155906,
                32.94497113174244
              ],
              [
                -97.11897269535133,
                32.94497583313311
              ],
              [
                -97.11897966365116,
                32.944981133224594
              ],
              [
                -97.11898597934994,
                32.94498698097405
              ],
              [
                -97.11899158162413,
                32.94499332006435
              ]
            ]
          ],
          [
            [
              [
                -97.11684254535999,
                32.95110984451302
              ],
              [
                -97.11700367527419,
                32.95094905414866
              ],
              [
                -97.11711201928398,
                32.95092824675181
              ],
              [
                -97.11721926465417,
                32.950903733622326
              ],
              [
                -97.11732523621329,
                32.9508755562167
              ],
              [
                -97.11744869617436,
                32.950819041570746
              ],
              [
                -97.11757572963363,
                32.95076846691732
              ],
              [
                -97.11770593414583,
                32.95072399508965
              ],
              [
                -97.11783889828266,
                32.95068576479827
              ],
              [
                -97.11797420163242,
                32.950653897415094
              ],
              [
                -97.11811141390217,
                32.95062849471153
              ],
              [
                -97.1182501056972,
                32.95060963584341
              ],
              [
                -97.11838983414808,
                32.95059738036599
              ],
              [
                -97.11853015908028,
                32.95059176748047
              ],
              [
                -97.11867063582778,
                32.95059281527941
              ],
              [
                -97.11881082152114,
                32.95060051923981
              ],
              [
                -97.11895027149428,
                32.95061485674555
              ],
              [
                -97.11908854377606,
                32.95063578105701
              ],
              [
                -97.11922520358193,
                32.950663226588
              ],
              [
                -97.11935981702555,
                32.9506971081517
              ],
              [
                -97.11949195830556,
                32.950737314176685
              ],
              [
                -97.11962120970526,
                32.95078372102943
              ],
              [
                -97.11974716249124,
                32.95083618095337
              ],
              [
                -97.11986941601488,
                32.95089452885336
              ],
              [
                -97.11998758669556,
                32.950958579280766
              ],
              [
                -97.11929782069454,
                32.95098650413395
              ],
              [
                -97.11907589639517,
                32.95122740151442
              ],
              [
                -97.11888722862594,
                32.951316467511205
              ],
              [
                -97.1191234109855,
                32.951523375718224
              ],
              [
                -97.11856644562788,
                32.951520456234235
              ],
              [
                -97.11856307065736,
                32.951860630873895
              ],
              [
                -97.11865021891799,
                32.95202926211509
              ],
              [
                -97.11897660740345,
                32.95190823718809
              ],
              [
                -97.11898919729217,
                32.95192692617396
              ],
              [
                -97.11900456387342,
                32.95194407438731
              ],
              [
                -97.1190224484324,
                32.95195939161583
              ],
              [
                -97.1188353221722,
                32.952140490505045
              ],
              [
                -97.11883405554767,
                32.95222172964805
              ],
              [
                -97.1189539707566,
                32.952326138944564
              ],
              [
                -97.11920708366432,
                32.95232894457862
              ],
              [
                -97.11922626449226,
                32.95239039864398
              ],
              [
                -97.11941753647751,
                32.95234643493788
              ],
              [
                -97.11982002304731,
                32.95259404341939
              ],
              [
                -97.11994273830501,
                32.95261116813567
              ],
              [
                -97.12001292188151,
                32.95259057370032
              ],
              [
                -97.12002560699165,
                32.95261548135048
              ],
              [
                -97.12004298040924,
                32.95263828816775
              ],
              [
                -97.12006457321372,
                32.95265837227304
              ],
              [
                -97.12008979072039,
                32.95267518716739
              ],
              [
                -97.12011794841297,
                32.95268827228418
              ],
              [
                -97.12014827463867,
                32.9526972703267
              ],
              [
                -97.1201799465406,
                32.95270193706689
              ],
              [
                -97.12021209634631,
                32.95270214436025
              ],
              [
                -97.12022772793057,
                32.952897967820086
              ],
              [
                -97.12079554673346,
                32.953328997407866
              ],
              [
                -97.12079026374127,
                32.95392328255538
              ],
              [
                -97.12074198648128,
                32.95392250163538
              ],
              [
                -97.12036181945304,
                32.95391659423146
              ],
              [
                -97.1202140178427,
                32.95391395975682
              ],
              [
                -97.12021364234691,
                32.95391395372656
              ],
              [
                -97.12021289045703,
                32.95391393865092
              ],
              [
                -97.11999889558666,
                32.95391046370712
              ],
              [
                -97.11999954057704,
                32.953910091337846
              ],
              [
                -97.12041098065528,
                32.95367179429258
              ],
              [
                -97.12022705149917,
                32.95344593636693
              ],
              [
                -97.1197981643415,
                32.95340127140904
              ],
              [
                -97.11979962590046,
                32.95337425714143
              ],
              [
                -97.11979582423018,
                32.95334740719154
              ],
              [
                -97.1197868626369,
                32.9533214421817
              ],
              [
                -97.11977298186913,
                32.95329706389039
              ],
              [
                -97.1197545538294,
                32.95327492811564
              ],
              [
                -97.1197320788793,
                32.95325563562939
              ],
              [
                -97.11983941408103,
                32.9531514942726
              ],
              [
                -97.11976580971991,
                32.952902135539006
              ],
              [
                -97.11950958055647,
                32.95285953042225
              ],
              [
                -97.11927885725889,
                32.9529095227053
              ],
              [
                -97.11812011678064,
                32.95289257292666
              ],
              [
                -97.11812280723494,
                32.95234937851612
              ],
              [
                -97.11683240787201,
                32.95232750633311
              ],
              [
                -97.11684228574688,
                32.95143909206884
              ],
              [
                -97.11684254535999,
                32.95110984451302
              ]
            ]
          ],
          [
            [
              [
                -97.1211445,
                32.95324269999998
              ],
              [
                -97.1211543,
                32.9522568
              ],
              [
                -97.1217207,
                32.9522607
              ],
              [
                -97.1217111,
                32.9532466
              ],
              [
                -97.1211445,
                32.95324269999998
              ]
            ]
          ],
          [
            [
              [
                -97.1216052,
                32.95389159999998
              ],
              [
                -97.1216085,
                32.95367429999999
              ],
              [
                -97.1217234,
                32.9536755
              ],
              [
                -97.1217201,
                32.9538929
              ],
              [
                -97.1216052,
                32.95389159999998
              ]
            ]
          ],
          [
            [
              [
                -97.1217974,
                32.95389639999998
              ],
              [
                -97.1218006,
                32.9536791
              ],
              [
                -97.1219155,
                32.95368029999999
              ],
              [
                -97.1219122,
                32.9538976
              ],
              [
                -97.1217974,
                32.95389639999998
              ]
            ]
          ],
          [
            [
              [
                -97.1228608,
                32.95443539999997
              ],
              [
                -97.1233356,
                32.954435
              ],
              [
                -97.12333690000001,
                32.9553566
              ],
              [
                -97.1228622,
                32.955357099999986
              ],
              [
                -97.1228608,
                32.95443539999997
              ]
            ]
          ],
          [
            [
              [
                -97.17818760588207,
                32.81351311886577
              ],
              [
                -97.17819293019676,
                32.81315581374862
              ],
              [
                -97.17827563578753,
                32.813155650988904
              ],
              [
                -97.1782755,
                32.8131391
              ],
              [
                -97.1788334,
                32.8131391
              ],
              [
                -97.17883656449784,
                32.81315454711428
              ],
              [
                -97.17895714228031,
                32.81315430982433
              ],
              [
                -97.17900990123526,
                32.813491616305164
              ],
              [
                -97.17905160192907,
                32.813751833101726
              ],
              [
                -97.17908964288642,
                32.81398452350585
              ],
              [
                -97.17909192101398,
                32.81421408469221
              ],
              [
                -97.17909389910422,
                32.81440928050294
              ],
              [
                -97.17909498337077,
                32.8145549853382
              ],
              [
                -97.17909730551578,
                32.81472682016085
              ],
              [
                -97.17909962766079,
                32.81495363135044
              ],
              [
                -97.17910131379857,
                32.81522304612835
              ],
              [
                -97.17910446778355,
                32.81544849183385
              ],
              [
                -97.17910621231182,
                32.81571378453785
              ],
              [
                -97.17909237915475,
                32.81571363732057
              ],
              [
                -97.1789859582693,
                32.81572248001507
              ],
              [
                -97.1789863,
                32.81575179999999
              ],
              [
                -97.1779423,
                32.815759
              ],
              [
                -97.1779376,
                32.815474499999986
              ],
              [
                -97.17796148467326,
                32.815445491878705
              ],
              [
                -97.1779612214473,
                32.81543359944049
              ],
              [
                -97.17803508212457,
                32.81531138264521
              ],
              [
                -97.17803653495423,
                32.81524345837418
              ],
              [
                -97.17803534503466,
                32.81510176703707
              ],
              [
                -97.17803326812974,
                32.81491343992891
              ],
              [
                -97.17803192245344,
                32.81473062293824
              ],
              [
                -97.17803039621576,
                32.814560170473285
              ],
              [
                -97.17802837859962,
                32.81436772309131
              ],
              [
                -97.17802800186548,
                32.81429907005812
              ],
              [
                -97.1779376,
                32.8142212
              ],
              [
                -97.1779379897515,
                32.81421130504733
              ],
              [
                -97.17792346795086,
                32.81419892332151
              ],
              [
                -97.17791863321801,
                32.813922602697126
              ],
              [
                -97.17760203996241,
                32.81392335993761
              ],
              [
                -97.1776009152717,
                32.81378040444708
              ],
              [
                -97.177954760367,
                32.81378553516853
              ],
              [
                -97.17795555663287,
                32.81376531968994
              ],
              [
                -97.17794727150925,
                32.81358478824182
              ],
              [
                -97.1780654691394,
                32.813517319568994
              ],
              [
                -97.17818760588207,
                32.81351311886577
              ]
            ]
          ],
          [
            [
              [
                -97.1709616,
                32.81744790000001
              ],
              [
                -97.1707825,
                32.8174469
              ],
              [
                -97.1707852,
                32.8171161
              ],
              [
                -97.1709644,
                32.8171171
              ],
              [
                -97.1711433,
                32.8171181
              ],
              [
                -97.1711406,
                32.817449
              ],
              [
                -97.1709616,
                32.81744790000001
              ]
            ]
          ],
          [
            [
              [
                -97.1713578,
                32.818918400000015
              ],
              [
                -97.1708355,
                32.8189147
              ],
              [
                -97.1708456,
                32.81792619999999
              ],
              [
                -97.171368,
                32.8179301
              ],
              [
                -97.1713578,
                32.818918400000015
              ]
            ]
          ],
          [
            [
              [
                -97.17968335562735,
                32.831172053764185
              ],
              [
                -97.17966383074464,
                32.83069350374308
              ],
              [
                -97.17975825837775,
                32.830691864927125
              ],
              [
                -97.17975756538422,
                32.8305787209687
              ],
              [
                -97.17962557868323,
                32.83057732052151
              ],
              [
                -97.1796685999005,
                32.82884802423364
              ],
              [
                -97.17968537054854,
                32.82848022494316
              ],
              [
                -97.1796116997121,
                32.82811962091648
              ],
              [
                -97.18002842727407,
                32.82812129518467
              ],
              [
                -97.18019446917624,
                32.82812168318009
              ],
              [
                -97.18019393473563,
                32.82816968894034
              ],
              [
                -97.1802236,
                32.82816979999998
              ],
              [
                -97.1801932,
                32.83158619999998
              ],
              [
                -97.1801526194899,
                32.831585616753294
              ],
              [
                -97.18015251785246,
                32.83159726979205
              ],
              [
                -97.17993437995203,
                32.83159633003445
              ],
              [
                -97.17975526217259,
                32.83160391829348
              ],
              [
                -97.17970299549441,
                32.83145935554517
              ],
              [
                -97.17968335562735,
                32.831172053764185
              ]
            ]
          ],
          [
            [
              [
                -97.1685615,
                32.8265915
              ],
              [
                -97.168561,
                32.8264986
              ],
              [
                -97.1687482,
                32.8264959
              ],
              [
                -97.1687486,
                32.82658879999999
              ],
              [
                -97.1685615,
                32.8265915
              ]
            ]
          ],
          [
            [
              [
                -97.16305312117355,
                32.84154660277286
              ],
              [
                -97.1630508,
                32.8415649
              ],
              [
                -97.16270226002067,
                32.84155954267921
              ],
              [
                -97.16305312117355,
                32.84154660277286
              ]
            ]
          ],
          [
            [
              [
                -97.1619563,
                32.84167379999999
              ],
              [
                -97.161841,
                32.8416738
              ],
              [
                -97.16184103895178,
                32.84159130027375
              ],
              [
                -97.1619563,
                32.841587050392384
              ],
              [
                -97.1619563,
                32.84167379999999
              ]
            ]
          ],
          [
            [
              [
                -97.1647022,
                32.841671699999985
              ],
              [
                -97.1642427,
                32.8418971
              ],
              [
                -97.16397557818645,
                32.84151257699633
              ],
              [
                -97.16457628570984,
                32.84149041524946
              ],
              [
                -97.1647022,
                32.841671699999985
              ]
            ]
          ],
          [
            [
              [
                -97.18882559920706,
                32.82725493342639
              ],
              [
                -97.18899939177349,
                32.82722652644529
              ],
              [
                -97.18963192431114,
                32.82722082119433
              ],
              [
                -97.1896421391325,
                32.827220903961795
              ],
              [
                -97.1896405,
                32.82719059999998
              ],
              [
                -97.1908301,
                32.8272098
              ],
              [
                -97.1908251,
                32.8274297
              ],
              [
                -97.19079630421265,
                32.82742941260708
              ],
              [
                -97.19079579955954,
                32.82744748876699
              ],
              [
                -97.19040029559446,
                32.827441951109336
              ],
              [
                -97.19014637779625,
                32.8274392781476
              ],
              [
                -97.18990873747099,
                32.82743677880386
              ],
              [
                -97.1896841200224,
                32.827434413070335
              ],
              [
                -97.1894725209589,
                32.82743218396651
              ],
              [
                -97.18924139162282,
                32.82742974878568
              ],
              [
                -97.18923387002896,
                32.827608350929886
              ],
              [
                -97.18901563870372,
                32.827614298465754
              ],
              [
                -97.18877787441096,
                32.827620039924724
              ],
              [
                -97.1887791293574,
                32.82725994193734
              ],
              [
                -97.18882559920706,
                32.82725493342639
              ]
            ]
          ],
          [
            [
              [
                -97.1892838,
                32.8306338
              ],
              [
                -97.1892855,
                32.83050309999999
              ],
              [
                -97.1895788,
                32.83050570000002
              ],
              [
                -97.1895771,
                32.8306365
              ],
              [
                -97.1892838,
                32.8306338
              ]
            ]
          ],
          [
            [
              [
                -97.18645170045745,
                32.840196622341615
              ],
              [
                -97.1865678121995,
                32.839832240041446
              ],
              [
                -97.18770599742741,
                32.839660069614524
              ],
              [
                -97.18772663801771,
                32.84035576774749
              ],
              [
                -97.18855998534384,
                32.840374175365035
              ],
              [
                -97.18854421002914,
                32.84122067937339
              ],
              [
                -97.18846181744959,
                32.84128716017818
              ],
              [
                -97.18643631141833,
                32.84123555763146
              ],
              [
                -97.18645170045745,
                32.840196622341615
              ]
            ]
          ],
          [
            [
              [
                -97.19226053676627,
                32.84056554069776
              ],
              [
                -97.19225998340406,
                32.84054906905178
              ],
              [
                -97.19284639374007,
                32.84055673579426
              ],
              [
                -97.19284104337426,
                32.84165085271167
              ],
              [
                -97.192316574572,
                32.84191554110196
              ],
              [
                -97.19198225306431,
                32.84203893608991
              ],
              [
                -97.19176396963678,
                32.84210124259153
              ],
              [
                -97.19170494403444,
                32.84185321711095
              ],
              [
                -97.19167328920042,
                32.8415669550324
              ],
              [
                -97.19165893591884,
                32.840950147933285
              ],
              [
                -97.19164820554275,
                32.84055572065661
              ],
              [
                -97.19207128688875,
                32.84056290435909
              ],
              [
                -97.19226053676627,
                32.84056554069776
              ]
            ]
          ],
          [
            [
              [
                -97.1631436,
                32.8429436
              ],
              [
                -97.1631472,
                32.84273
              ],
              [
                -97.1632619,
                32.842731299999976
              ],
              [
                -97.16325840000002,
                32.84294489999998
              ],
              [
                -97.1631436,
                32.8429436
              ]
            ]
          ],
          [
            [
              [
                -97.1633016,
                32.8429438
              ],
              [
                -97.1633052,
                32.8427302
              ],
              [
                -97.1634199,
                32.8427316
              ],
              [
                -97.1634163,
                32.8429451
              ],
              [
                -97.1633016,
                32.8429438
              ]
            ]
          ],
          [
            [
              [
                -97.1635964,
                32.842926599999984
              ],
              [
                -97.163709,
                32.842786900000014
              ],
              [
                -97.1638163,
                32.8427013
              ],
              [
                -97.1639719,
                32.8426021
              ],
              [
                -97.164165,
                32.842512
              ],
              [
                -97.1643849,
                32.84245789999998
              ],
              [
                -97.1646263,
                32.8424849
              ],
              [
                -97.1648248,
                32.842543499999984
              ],
              [
                -97.1649697,
                32.842624700000016
              ],
              [
                -97.165077,
                32.84272830000001
              ],
              [
                -97.1651896,
                32.842859
              ],
              [
                -97.1644064,
                32.843472
              ],
              [
                -97.1635964,
                32.842926599999984
              ]
            ]
          ],
          [
            [
              [
                -97.16725004147781,
                32.84501201481769
              ],
              [
                -97.1672947982402,
                32.84506747249598
              ],
              [
                -97.16717905750238,
                32.845401603481776
              ],
              [
                -97.16729896732143,
                32.845548581230794
              ],
              [
                -97.16729680327992,
                32.84585506710676
              ],
              [
                -97.16728294497004,
                32.845856291236835
              ],
              [
                -97.1671598865559,
                32.845864594491196
              ],
              [
                -97.16703672393719,
                32.84587976856949
              ],
              [
                -97.1668751170176,
                32.845906900925876
              ],
              [
                -97.16678935755233,
                32.84592522512954
              ],
              [
                -97.1667351002075,
                32.84558102606736
              ],
              [
                -97.16659238306168,
                32.84532659604228
              ],
              [
                -97.16655112972887,
                32.84525468058321
              ],
              [
                -97.16641803084481,
                32.845118557347725
              ],
              [
                -97.16632666140063,
                32.84502273850989
              ],
              [
                -97.16636621422259,
                32.84488296588433
              ],
              [
                -97.16644277314269,
                32.84461026749973
              ],
              [
                -97.16637536985199,
                32.844544946162436
              ],
              [
                -97.16638031417929,
                32.844540875228176
              ],
              [
                -97.16638526030326,
                32.844536805803166
              ],
              [
                -97.16639266691277,
                32.84453138694683
              ],
              [
                -97.16639761573165,
                32.84452731525726
              ],
              [
                -97.16640504300243,
                32.84452052357296
              ],
              [
                -97.16640917704937,
                32.844516445090385
              ],
              [
                -97.16641330840136,
                32.84451236358883
              ],
              [
                -97.16641746131292,
                32.84450691303297
              ],
              [
                -97.16642077879126,
                32.84450282398381
              ],
              [
                -97.16642411872749,
                32.844497361351884
              ],
              [
                -97.166429103479,
                32.8444905424955
              ],
              [
                -97.16643244251692,
                32.84448508137233
              ],
              [
                -97.16643578155482,
                32.844479618739385
              ],
              [
                -97.1664383076174,
                32.84447414704946
              ],
              [
                -97.16644001800971,
                32.844468668566755
              ],
              [
                -97.16644254137734,
                32.84446319687619
              ],
              [
                -97.16644425266796,
                32.844457718392775
              ],
              [
                -97.16644681735809,
                32.84444949878039
              ],
              [
                -97.16644852864871,
                32.84444401878677
              ],
              [
                -97.166449426964,
                32.84443853200028
              ],
              [
                -97.16645032258432,
                32.844433043704136
              ],
              [
                -97.16645128198506,
                32.8444234316378
              ],
              [
                -97.16645136373174,
                32.844417934284074
              ],
              [
                -97.16645148859757,
                32.844409689007556
              ],
              [
                -97.1664515721409,
                32.844404192407744
              ],
              [
                -97.1664508382173,
                32.844398687505624
              ],
              [
                -97.16645012854822,
                32.84439180675495
              ],
              [
                -97.16644939552296,
                32.84438630185211
              ],
              [
                -97.16644785131898,
                32.84438078562812
              ],
              [
                -97.16644630711498,
                32.84437527317743
              ],
              [
                -97.16644476111442,
                32.84436975770752
              ],
              [
                -97.16644240213847,
                32.84436423469014
              ],
              [
                -97.16643926971307,
                32.844355954691615
              ],
              [
                -97.16643691073716,
                32.84435043091864
              ],
              [
                -97.1664345517612,
                32.844344907145334
              ],
              [
                -97.16643135735205,
                32.84434075016418
              ],
              [
                -97.16642818360415,
                32.844335218088325
              ],
              [
                -97.1664250125512,
                32.84432968752158
              ],
              [
                -97.16642100426841,
                32.844325519218955
              ],
              [
                -97.16641782872387,
                32.84431998789688
              ],
              [
                -97.16641382223773,
                32.84431582185796
              ],
              [
                -97.16640981395491,
                32.8443116558188
              ],
              [
                -97.16640501335803,
                32.844306106382646
              ],
              [
                -97.16639858501387,
                32.84430054034237
              ],
              [
                -97.1663937619591,
                32.844296362227055
              ],
              [
                -97.16638893980264,
                32.84429219090401
              ],
              [
                -97.16638088281286,
                32.84428660599486
              ],
              [
                -97.16637524678278,
                32.844282419576984
              ],
              [
                -97.16636716733511,
                32.84427821051742
              ],
              [
                -97.16649608545984,
                32.84409678831134
              ],
              [
                -97.16637020453908,
                32.84391400874681
              ],
              [
                -97.16638351936822,
                32.84378632577263
              ],
              [
                -97.16642101235323,
                32.84340462595117
              ],
              [
                -97.16598849779845,
                32.84298627487868
              ],
              [
                -97.16586012225613,
                32.84286119589652
              ],
              [
                -97.16597223020698,
                32.84276893393017
              ],
              [
                -97.16604322406387,
                32.84270371916427
              ],
              [
                -97.16625829691256,
                32.84253146751261
              ],
              [
                -97.16641372432134,
                32.84269806924838
              ],
              [
                -97.1667578455505,
                32.843093480227026
              ],
              [
                -97.16681395701809,
                32.84315181008609
              ],
              [
                -97.16686445221852,
                32.84320458059035
              ],
              [
                -97.16702318991912,
                32.843530655874325
              ],
              [
                -97.16709907959431,
                32.843952057224676
              ],
              [
                -97.16709831512802,
                32.84427367391015
              ],
              [
                -97.16726856833223,
                32.8444294391794
              ],
              [
                -97.167256965692,
                32.844443058033114
              ],
              [
                -97.1672335546974,
                32.8444840421287
              ],
              [
                -97.16723186496635,
                32.84448814702776
              ],
              [
                -97.16721652982613,
                32.84453334090498
              ],
              [
                -97.16721484099341,
                32.844537445047074
              ],
              [
                -97.16720544192059,
                32.8446211867115
              ],
              [
                -97.16719974031348,
                32.84472971007945
              ],
              [
                -97.16720376566427,
                32.844841083864786
              ],
              [
                -97.16721028473827,
                32.84489475977413
              ],
              [
                -97.1672153224904,
                32.84493879647091
              ],
              [
                -97.16721684603311,
                32.84494568397167
              ],
              [
                -97.16723018871004,
                32.84497881506149
              ],
              [
                -97.16725004147781,
                32.84501201481769
              ]
            ]
          ],
          [
            [
              [
                -97.17834385435101,
                32.83339649478411
              ],
              [
                -97.1783484267758,
                32.833035057027345
              ],
              [
                -97.1789662691636,
                32.833034745289496
              ],
              [
                -97.17896336311365,
                32.833448429474814
              ],
              [
                -97.17864181475096,
                32.833449138995825
              ],
              [
                -97.17834307640997,
                32.8334487155476
              ],
              [
                -97.17834385435101,
                32.83339649478411
              ]
            ]
          ],
          [
            [
              [
                -97.18302097869186,
                32.84092181778906
              ],
              [
                -97.18302075231263,
                32.84093705690545
              ],
              [
                -97.1830376,
                32.840937299999986
              ],
              [
                -97.1830241,
                32.8424742
              ],
              [
                -97.1830063,
                32.842472
              ],
              [
                -97.18299856521244,
                32.84247168571584
              ],
              [
                -97.18299876784646,
                32.84252695874119
              ],
              [
                -97.18245822728548,
                32.84252536021784
              ],
              [
                -97.18186884891578,
                32.84252324092916
              ],
              [
                -97.18159205641719,
                32.84252305979339
              ],
              [
                -97.18131528457984,
                32.842521502025505
              ],
              [
                -97.18132018938127,
                32.84219168105679
              ],
              [
                -97.18132304512555,
                32.84205426327902
              ],
              [
                -97.18132795082532,
                32.84172444585727
              ],
              [
                -97.18133387701128,
                32.84132591018332
              ],
              [
                -97.18133868838791,
                32.840905200543084
              ],
              [
                -97.18209873947508,
                32.840913428031286
              ],
              [
                -97.18302097869186,
                32.84092181778906
              ]
            ]
          ],
          [
            [
              [
                -97.17903178299592,
                32.847790125879605
              ],
              [
                -97.17903906674358,
                32.84779231535783
              ],
              [
                -97.17904605996904,
                32.84779509407775
              ],
              [
                -97.1790526953236,
                32.847798435278726
              ],
              [
                -97.1790589089053,
                32.84780230678307
              ],
              [
                -97.17906464087392,
                32.84780667130602
              ],
              [
                -97.17906983602744,
                32.84781148681481
              ],
              [
                -97.17907444433371,
                32.84781670693335
              ],
              [
                -97.1790784214122,
                32.84782228138893
              ],
              [
                -97.17908172896149,
                32.847828156496504
              ],
              [
                -97.17908433512808,
                32.847834275675524
              ],
              [
                -97.17908621481314,
                32.847840579994866
              ],
              [
                -97.1790873499143,
                32.84784700874048
              ],
              [
                -97.17908772949988,
                32.8478535
              ],
              [
                -97.1790873499143,
                32.84785999125903
              ],
              [
                -97.17908621481314,
                32.84786642000324
              ],
              [
                -97.17908433512808,
                32.84787272432029
              ],
              [
                -97.17908172896149,
                32.84787884349623
              ],
              [
                -97.1790784214122,
                32.84788471860004
              ],
              [
                -97.17907444433371,
                32.847890293051385
              ],
              [
                -97.17906983602744,
                32.847895513165284
              ],
              [
                -97.17906464087392,
                32.84790032866922
              ],
              [
                -97.1790589089053,
                32.847904693187374
              ],
              [
                -97.1790526953236,
                32.84790856468709
              ],
              [
                -97.17904605996904,
                32.847911905883755
              ],
              [
                -97.17903906674358,
                32.84791468459994
              ],
              [
                -97.17903178299592,
                32.84791687407514
              ],
              [
                -97.17902427887252,
                32.84791845322349
              ],
              [
                -97.17901662664215,
                32.847919406837015
              ],
              [
                -97.1790089,
                32.8479197257319
              ],
              [
                -97.17900117335785,
                32.84791940683701
              ],
              [
                -97.17899352112747,
                32.8479184532235
              ],
              [
                -97.17898601700408,
                32.84791687407514
              ],
              [
                -97.1789787332564,
                32.847914684599964
              ],
              [
                -97.17897174003099,
                32.84791190588378
              ],
              [
                -97.17896510467638,
                32.84790856468708
              ],
              [
                -97.17896485076761,
                32.84790840648401
              ],
              [
                -97.17893711813053,
                32.8478668616339
              ],
              [
                -97.17893025020656,
                32.84785657314407
              ],
              [
                -97.1789300705001,
                32.8478535
              ],
              [
                -97.1789304500857,
                32.847847008740466
              ],
              [
                -97.17893158518685,
                32.84784057999486
              ],
              [
                -97.17893346487192,
                32.847834275675524
              ],
              [
                -97.1789360710385,
                32.84782815649651
              ],
              [
                -97.1789393785878,
                32.84782228138894
              ],
              [
                -97.17894335566629,
                32.84781670693334
              ],
              [
                -97.17894796397255,
                32.8478114868148
              ],
              [
                -97.17895315912607,
                32.847806671306046
              ],
              [
                -97.17895889109468,
                32.84780230678307
              ],
              [
                -97.17896510467638,
                32.84779843527873
              ],
              [
                -97.17897174003099,
                32.847795094077746
              ],
              [
                -97.1789787332564,
                32.847792315357836
              ],
              [
                -97.17898601700406,
                32.8477901258796
              ],
              [
                -97.17899352112747,
                32.847788546728964
              ],
              [
                -97.17900117335785,
                32.84778759311402
              ],
              [
                -97.1790089,
                32.84778727421865
              ],
              [
                -97.17901662664215,
                32.847787593114035
              ],
              [
                -97.17902427887252,
                32.847788546728964
              ],
              [
                -97.17903178299592,
                32.847790125879605
              ]
            ]
          ],
          [
            [
              [
                -97.1780473779679,
                32.861696374850474
              ],
              [
                -97.1778407447913,
                32.86151962283137
              ],
              [
                -97.17810013332958,
                32.86110728962656
              ],
              [
                -97.17829359989908,
                32.86063790236002
              ],
              [
                -97.17836482013142,
                32.8601754645768
              ],
              [
                -97.17851950643009,
                32.86017710654792
              ],
              [
                -97.17878004930351,
                32.86017849799771
              ],
              [
                -97.17904057331234,
                32.860181262787194
              ],
              [
                -97.17905848482077,
                32.860181452941944
              ],
              [
                -97.17930109642282,
                32.86018402833125
              ],
              [
                -97.1793190088296,
                32.86018421848592
              ],
              [
                -97.17965933826991,
                32.86018645355853
              ],
              [
                -97.1796731786135,
                32.86018660070208
              ],
              [
                -97.18004116807975,
                32.860190504155916
              ],
              [
                -97.18002951872714,
                32.8605353709431
              ],
              [
                -97.1800281119654,
                32.86057521573775
              ],
              [
                -97.17834488651526,
                32.86194968720568
              ],
              [
                -97.1780473779679,
                32.861696374850474
              ]
            ]
          ],
          [
            [
              [
                -97.16757166529901,
                32.84598446028069
              ],
              [
                -97.16757815742353,
                32.845985904027536
              ],
              [
                -97.16756462610041,
                32.846073725000586
              ],
              [
                -97.1675516184951,
                32.84618079454701
              ],
              [
                -97.16754649540303,
                32.846250836843076
              ],
              [
                -97.1675125983741,
                32.84715212610623
              ],
              [
                -97.16712185009013,
                32.84714931638372
              ],
              [
                -97.16693299906458,
                32.84714729456086
              ],
              [
                -97.16693482983113,
                32.846971379189
              ],
              [
                -97.16677486503185,
                32.84656419936734
              ],
              [
                -97.16675613246323,
                32.8460774358716
              ],
              [
                -97.16676840345002,
                32.84607344274196
              ],
              [
                -97.16688933285694,
                32.84604450141445
              ],
              [
                -97.16701099079755,
                32.84602106487939
              ],
              [
                -97.16713419384045,
                32.84600314068807
              ],
              [
                -97.16725812990862,
                32.84599072205141
              ],
              [
                -97.16742514468625,
                32.845982889743595
              ],
              [
                -97.16754970777849,
                32.84598284898969
              ],
              [
                -97.16757166529901,
                32.84598446028069
              ]
            ]
          ],
          [
            [
              [
                -97.1677263,
                32.8464532
              ],
              [
                -97.1677287,
                32.846331
              ],
              [
                -97.1689285,
                32.8463459
              ],
              [
                -97.1707158,
                32.8463578
              ],
              [
                -97.1707143,
                32.8464049
              ],
              [
                -97.1706975,
                32.8471432
              ],
              [
                -97.170696,
                32.8472095
              ],
              [
                -97.1704928,
                32.84723489999998
              ],
              [
                -97.1684189,
                32.8472171
              ],
              [
                -97.167711,
                32.84722
              ],
              [
                -97.16771253110406,
                32.84714326466719
              ],
              [
                -97.16771138207174,
                32.847143257707124
              ],
              [
                -97.1677136914138,
                32.84708511267309
              ],
              [
                -97.1677263,
                32.8464532
              ]
            ]
          ],
          [
            [
              [
                -97.16864676530508,
                32.86013653319136
              ],
              [
                -97.1686422,
                32.86013659999997
              ],
              [
                -97.1686428795843,
                32.86010000701535
              ],
              [
                -97.16864676530508,
                32.86013653319136
              ]
            ]
          ],
          [
            [
              [
                -97.1659051,
                32.93532509999998
              ],
              [
                -97.1659636,
                32.9355318
              ],
              [
                -97.1658478,
                32.9355549
              ],
              [
                -97.1657893,
                32.9353482
              ],
              [
                -97.1659051,
                32.93532509999998
              ]
            ]
          ],
          [
            [
              [
                -97.18719588011018,
                32.85283719351954
              ],
              [
                -97.1871201916576,
                32.85283502014262
              ],
              [
                -97.18704452386628,
                32.85283147180292
              ],
              [
                -97.1869688776345,
                32.85282655076398
              ],
              [
                -97.18689322960611,
                32.852821629724886
              ],
              [
                -97.1868184376722,
                32.85281396856965
              ],
              [
                -97.18673794592779,
                32.85280624704227
              ],
              [
                -97.18665743442044,
                32.85279989896817
              ],
              [
                -97.1865760874799,
                32.85279491680131
              ],
              [
                -97.18649553554837,
                32.852791317144074
              ],
              [
                -97.18641416884488,
                32.85278771069489
              ],
              [
                -97.186314853802,
                32.85278666173808
              ],
              [
                -97.18633507128581,
                32.85142203014029
              ],
              [
                -97.18730300600444,
                32.851430870189425
              ],
              [
                -97.1873113890827,
                32.85119455063524
              ],
              [
                -97.18846742832686,
                32.85125621906041
              ],
              [
                -97.1884812659755,
                32.85125636546412
              ],
              [
                -97.18846998044059,
                32.85284512785406
              ],
              [
                -97.18728542777095,
                32.85283813682548
              ],
              [
                -97.18719588011018,
                32.85283719351954
              ]
            ]
          ],
          [
            [
              [
                -97.19598870000002,
                32.9297056
              ],
              [
                -97.1957883,
                32.929656099999974
              ],
              [
                -97.1957087,
                32.9296215
              ],
              [
                -97.1956763,
                32.92955720000002
              ],
              [
                -97.1957323,
                32.9294533
              ],
              [
                -97.1958354,
                32.9293395
              ],
              [
                -97.1959268,
                32.9292554
              ],
              [
                -97.1962304,
                32.928978299999976
              ],
              [
                -97.1963567,
                32.92886259999999
              ],
              [
                -97.1966306,
                32.92847470000002
              ],
              [
                -97.1967196,
                32.9283253
              ],
              [
                -97.1968223,
                32.92809539999999
              ],
              [
                -97.1968942,
                32.92788569999997
              ],
              [
                -97.1968925,
                32.9277098
              ],
              [
                -97.1969094,
                32.927623
              ],
              [
                -97.19692611744996,
                32.92761105426313
              ],
              [
                -97.19692586173588,
                32.92759336355053
              ],
              [
                -97.19695095188936,
                32.92759330839403
              ],
              [
                -97.1969602,
                32.9275867
              ],
              [
                -97.19711630000002,
                32.9275819
              ],
              [
                -97.1971201,
                32.9276183
              ],
              [
                -97.1971125788828,
                32.92922118862284
              ],
              [
                -97.19759772341496,
                32.92921890074
              ],
              [
                -97.19759879339654,
                32.92923508581184
              ],
              [
                -97.1976298,
                32.9292349
              ],
              [
                -97.1976317,
                32.92930910000001
              ],
              [
                -97.1973815,
                32.92931220000003
              ],
              [
                -97.1961006,
                32.9293059
              ],
              [
                -97.1959689,
                32.9293028
              ],
              [
                -97.195968,
                32.929319699999986
              ],
              [
                -97.19598870000002,
                32.9297056
              ]
            ]
          ],
          [
            [
              [
                -97.1957184,
                32.9325746
              ],
              [
                -97.1958801,
                32.9323836
              ],
              [
                -97.1959215,
                32.93227310000001
              ],
              [
                -97.1959422,
                32.931962099999986
              ],
              [
                -97.19594410000002,
                32.93176
              ],
              [
                -97.1959938,
                32.9317628
              ],
              [
                -97.1965318,
                32.9317586
              ],
              [
                -97.19653014560231,
                32.931821554185966
              ],
              [
                -97.19656387840561,
                32.931821853271785
              ],
              [
                -97.19656391613485,
                32.931821853271764
              ],
              [
                -97.19656351638454,
                32.93198712835615
              ],
              [
                -97.19656332773835,
                32.93199862339468
              ],
              [
                -97.1965500479435,
                32.93280845814407
              ],
              [
                -97.19654811566733,
                32.932995479428456
              ],
              [
                -97.19649930766693,
                32.93299501877947
              ],
              [
                -97.1964957,
                32.93313229999998
              ],
              [
                -97.1960094,
                32.9331026
              ],
              [
                -97.1958444,
                32.9330828
              ],
              [
                -97.1955261,
                32.9330581
              ],
              [
                -97.1955281,
                32.9328513
              ],
              [
                -97.1956089,
                32.932698
              ],
              [
                -97.1957184,
                32.9325746
              ]
            ]
          ],
          [
            [
              [
                -97.19532240834755,
                32.934097391109795
              ],
              [
                -97.1953174,
                32.934351399999976
              ],
              [
                -97.1947642,
                32.93434929999999
              ],
              [
                -97.1944978,
                32.9344068
              ],
              [
                -97.1940689,
                32.9345538
              ],
              [
                -97.19405931753403,
                32.934430504405796
              ],
              [
                -97.19404791828035,
                32.93443392514
              ],
              [
                -97.19405073565336,
                32.934320083134615
              ],
              [
                -97.19401560000001,
                32.933868
              ],
              [
                -97.1940258,
                32.93376149999998
              ],
              [
                -97.1951575,
                32.9337423
              ],
              [
                -97.1952413,
                32.93363589999998
              ],
              [
                -97.195259,
                32.93358259999998
              ],
              [
                -97.1953326,
                32.93358050000001
              ],
              [
                -97.19532865888928,
                32.933780381726876
              ],
              [
                -97.19533198541883,
                32.93378041622832
              ],
              [
                -97.19532879100969,
                32.93409720667049
              ],
              [
                -97.19532240834755,
                32.934097391109795
              ]
            ]
          ],
          [
            [
              [
                -97.18001595660436,
                32.862247296999016
              ],
              [
                -97.18001968071164,
                32.86208630292791
              ],
              [
                -97.1801720322745,
                32.86208630292791
              ],
              [
                -97.1801720322745,
                32.862247296999
              ],
              [
                -97.18001595660436,
                32.862247296999016
              ]
            ]
          ],
          [
            [
              [
                -97.17480745387708,
                32.87492825745393
              ],
              [
                -97.17479279606657,
                32.87492810052695
              ],
              [
                -97.17453465169497,
                32.87492672816998
              ],
              [
                -97.17451348109864,
                32.874926501832924
              ],
              [
                -97.17443610471166,
                32.87492705334084
              ],
              [
                -97.17465826077637,
                32.87461191767972
              ],
              [
                -97.17477612062467,
                32.87444531930058
              ],
              [
                -97.1752689,
                32.8737217
              ],
              [
                -97.17528491005571,
                32.87372446151292
              ],
              [
                -97.17528491005534,
                32.873724461487974
              ],
              [
                -97.1756098,
                32.87378049999998
              ],
              [
                -97.17636106664611,
                32.873792206110835
              ],
              [
                -97.17636106665363,
                32.87379220661758
              ],
              [
                -97.1765147,
                32.87379459999999
              ],
              [
                -97.1771766,
                32.87380490000001
              ],
              [
                -97.1773751,
                32.873808
              ],
              [
                -97.17732756939111,
                32.87466652162322
              ],
              [
                -97.17732894133627,
                32.874812129878165
              ],
              [
                -97.1773246527791,
                32.87493578617802
              ],
              [
                -97.17721721067787,
                32.87493189619895
              ],
              [
                -97.17694196507817,
                32.874930344281424
              ],
              [
                -97.17670092193462,
                32.874929157520896
              ],
              [
                -97.17643054250883,
                32.87492903077212
              ],
              [
                -97.17611053385853,
                32.87492562817191
              ],
              [
                -97.17595337898948,
                32.87492395705004
              ],
              [
                -97.17562842511354,
                32.87492462474436
              ],
              [
                -97.17535071723165,
                32.874924419532086
              ],
              [
                -97.17508359419878,
                32.8749243237161
              ],
              [
                -97.17506405224809,
                32.874924115486024
              ],
              [
                -97.17480745387708,
                32.87492825745393
              ]
            ]
          ],
          [
            [
              [
                -97.17707856691838,
                32.8862027725848
              ],
              [
                -97.17410056438078,
                32.88848776854014
              ],
              [
                -97.1739315642376,
                32.88861676831212
              ],
              [
                -97.17393153065208,
                32.88861089456647
              ],
              [
                -97.1752229094246,
                32.88759847115484
              ],
              [
                -97.17693743936577,
                32.886268755190706
              ],
              [
                -97.17821161515465,
                32.8853275499663
              ],
              [
                -97.17940830226715,
                32.88440720908911
              ],
              [
                -97.18057796086936,
                32.883573365328374
              ],
              [
                -97.18156761325831,
                32.88273760511432
              ],
              [
                -97.18255498931632,
                32.88205370237542
              ],
              [
                -97.18333536838004,
                32.88145439823704
              ],
              [
                -97.18499668661535,
                32.880408726295435
              ],
              [
                -97.18587794918045,
                32.879940663348734
              ],
              [
                -97.1859088745824,
                32.88018753975136
              ],
              [
                -97.18477571003861,
                32.88082935422397
              ],
              [
                -97.18351417983398,
                32.881608245414775
              ],
              [
                -97.18135242003535,
                32.883207995659696
              ],
              [
                -97.1805911876636,
                32.88381080184764
              ],
              [
                -97.17924741579638,
                32.884827400872624
              ],
              [
                -97.1780807845167,
                32.88568360353822
              ],
              [
                -97.17725973333015,
                32.88626001894396
              ],
              [
                -97.17719372473319,
                32.8863102476157
              ],
              [
                -97.17718256680544,
                32.88629977278647
              ],
              [
                -97.17707856691838,
                32.8862027725848
              ]
            ]
          ],
          [
            [
              [
                -97.1775598,
                32.92327269999997
              ],
              [
                -97.1776614,
                32.92342929999998
              ],
              [
                -97.1777652,
                32.9234881
              ],
              [
                -97.1778712,
                32.923548100000026
              ],
              [
                -97.1779625,
                32.92359979999996
              ],
              [
                -97.1785971,
                32.92395909999998
              ],
              [
                -97.1787008,
                32.92439870000001
              ],
              [
                -97.1787272,
                32.9245106
              ],
              [
                -97.178805,
                32.9249113
              ],
              [
                -97.1768321,
                32.925591599999976
              ],
              [
                -97.1768966,
                32.924058
              ],
              [
                -97.1769099,
                32.9237831
              ],
              [
                -97.176916,
                32.923656
              ],
              [
                -97.17694760000002,
                32.9230032
              ],
              [
                -97.1769547,
                32.92285519999999
              ],
              [
                -97.1774178,
                32.923054
              ],
              [
                -97.1774873,
                32.923161
              ],
              [
                -97.1775598,
                32.92327269999997
              ]
            ]
          ],
          [
            [
              [
                -97.20322616633663,
                32.81684718039102
              ],
              [
                -97.20310199580818,
                32.81678780802772
              ],
              [
                -97.20295801652938,
                32.81668901807698
              ],
              [
                -97.2027988440442,
                32.81653672750859
              ],
              [
                -97.20269735058676,
                32.81642111840769
              ],
              [
                -97.2025751976744,
                32.816294433206295
              ],
              [
                -97.20250211972605,
                32.81621133598102
              ],
              [
                -97.20293097813764,
                32.816217372609856
              ],
              [
                -97.20328743503228,
                32.81621833895358
              ],
              [
                -97.20372363717131,
                32.81622013650393
              ],
              [
                -97.20393493605795,
                32.816311668181775
              ],
              [
                -97.20462940000002,
                32.81658009999999
              ],
              [
                -97.20461978885675,
                32.81658887258713
              ],
              [
                -97.20466911400784,
                32.81660855827061
              ],
              [
                -97.20451048320678,
                32.81671861521221
              ],
              [
                -97.20436024626372,
                32.81682884867605
              ],
              [
                -97.20422689585136,
                32.816935900644054
              ],
              [
                -97.20409502855755,
                32.816993351562026
              ],
              [
                -97.20395917813376,
                32.81704362740755
              ],
              [
                -97.20381599835558,
                32.81705829531118
              ],
              [
                -97.20373208672488,
                32.81705650457238
              ],
              [
                -97.20365677825966,
                32.81704780605038
              ],
              [
                -97.20352294365537,
                32.81703076986955
              ],
              [
                -97.20337057051854,
                32.81693179900089
              ],
              [
                -97.20322616633663,
                32.81684718039102
              ]
            ]
          ],
          [
            [
              [
                -97.1882228,
                32.81781489999998
              ],
              [
                -97.1879605,
                32.81781079999998
              ],
              [
                -97.1879663,
                32.817483899999985
              ],
              [
                -97.1882276,
                32.81748389999997
              ],
              [
                -97.1882228,
                32.81781489999998
              ]
            ]
          ],
          [
            [
              [
                -97.1936986,
                32.818106100000016
              ],
              [
                -97.1936998,
                32.818287599999984
              ],
              [
                -97.1933756,
                32.8182892
              ],
              [
                -97.1933743,
                32.8181077
              ],
              [
                -97.1936986,
                32.818106100000016
              ]
            ]
          ],
          [
            [
              [
                -97.2100513,
                32.81848269999998
              ],
              [
                -97.2099243,
                32.8185033
              ],
              [
                -97.20988,
                32.8183107
              ],
              [
                -97.210007,
                32.81829
              ],
              [
                -97.2100513,
                32.81848269999998
              ]
            ]
          ],
          [
            [
              [
                -97.2031646,
                32.81952779999998
              ],
              [
                -97.2029893,
                32.8195289
              ],
              [
                -97.202814,
                32.8195303
              ],
              [
                -97.2028105,
                32.8192031
              ],
              [
                -97.2029858,
                32.8192018
              ],
              [
                -97.2031595,
                32.8192004
              ],
              [
                -97.2031646,
                32.81952779999998
              ]
            ]
          ],
          [
            [
              [
                -97.1950479,
                32.8191695
              ],
              [
                -97.1950257,
                32.82040539999996
              ],
              [
                -97.1930989,
                32.8203997
              ],
              [
                -97.1930992965513,
                32.82036710103
              ],
              [
                -97.19308643616039,
                32.82036694755258
              ],
              [
                -97.19309590530182,
                32.81989010583464
              ],
              [
                -97.19310509858872,
                32.819890137666135
              ],
              [
                -97.19310860000002,
                32.8196023
              ],
              [
                -97.19397629602169,
                32.81959553044139
              ],
              [
                -97.1939793,
                32.819321
              ],
              [
                -97.1942443,
                32.819323
              ],
              [
                -97.19424125833304,
                32.81959346195073
              ],
              [
                -97.194262,
                32.8195933
              ],
              [
                -97.19446833876663,
                32.819482030920874
              ],
              [
                -97.19447699588088,
                32.81878991155532
              ],
              [
                -97.19502316798035,
                32.818786022134276
              ],
              [
                -97.19501860543704,
                32.819151580166164
              ],
              [
                -97.19501812839397,
                32.8191855544683
              ],
              [
                -97.1950479,
                32.8191695
              ]
            ]
          ],
          [
            [
              [
                -97.2004982,
                32.8200264
              ],
              [
                -97.2003204,
                32.82002809999999
              ],
              [
                -97.2001468,
                32.8200296
              ],
              [
                -97.2001426,
                32.8196985
              ],
              [
                -97.2003161,
                32.8196969
              ],
              [
                -97.2004937,
                32.8196954
              ],
              [
                -97.2004982,
                32.8200264
              ]
            ]
          ],
          [
            [
              [
                -97.2032013,
                32.8200602
              ],
              [
                -97.2031128,
                32.820127800000016
              ],
              [
                -97.2030484,
                32.8201041
              ],
              [
                -97.20304570000002,
                32.82005569999998
              ],
              [
                -97.2030658,
                32.82004220000002
              ],
              [
                -97.2030685,
                32.82000379999999
              ],
              [
                -97.2030471,
                32.81999479999999
              ],
              [
                -97.2030524,
                32.81992610000001
              ],
              [
                -97.2030846,
                32.8199238
              ],
              [
                -97.2031128,
                32.8199407
              ],
              [
                -97.2031477,
                32.8199306
              ],
              [
                -97.2031973,
                32.819952
              ],
              [
                -97.2032013,
                32.8200602
              ]
            ]
          ],
          [
            [
              [
                -97.2000351,
                32.8204087
              ],
              [
                -97.1998575,
                32.8203627
              ],
              [
                -97.1998953,
                32.8202598
              ],
              [
                -97.1999814,
                32.82028219999999
              ],
              [
                -97.2000106,
                32.8203061
              ],
              [
                -97.2000673,
                32.8203208
              ],
              [
                -97.2000351,
                32.8204087
              ]
            ]
          ],
          [
            [
              [
                -97.2018257,
                32.8209053
              ],
              [
                -97.2016603,
                32.8209087
              ],
              [
                -97.2016559,
                32.82075360000001
              ],
              [
                -97.2018213,
                32.8207503
              ],
              [
                -97.2018257,
                32.8209053
              ]
            ]
          ],
          [
            [
              [
                -97.207363,
                32.822687
              ],
              [
                -97.206728,
                32.822668
              ],
              [
                -97.206753,
                32.822081
              ],
              [
                -97.207388,
                32.8221
              ],
              [
                -97.207363,
                32.822687
              ]
            ]
          ],
          [
            [
              [
                -97.18724799227813,
                32.82423173637312
              ],
              [
                -97.18723540328773,
                32.82378056813749
              ],
              [
                -97.18742925792941,
                32.82377588856313
              ],
              [
                -97.18749031462264,
                32.82383466895082
              ],
              [
                -97.1875147443068,
                32.82389266119357
              ],
              [
                -97.18751345522435,
                32.82463086436507
              ],
              [
                -97.18791163257575,
                32.82462173101631
              ],
              [
                -97.18789722270026,
                32.824926438923775
              ],
              [
                -97.18793029956734,
                32.82678377885812
              ],
              [
                -97.1865067159804,
                32.826766474302225
              ],
              [
                -97.18655683388842,
                32.825971851560844
              ],
              [
                -97.1865504621381,
                32.82514065229975
              ],
              [
                -97.18666033687714,
                32.825143011300455
              ],
              [
                -97.18666227860682,
                32.825154666142716
              ],
              [
                -97.1866712,
                32.8251547
              ],
              [
                -97.18667162371813,
                32.82516967137338
              ],
              [
                -97.18723011490566,
                32.82517293021765
              ],
              [
                -97.18724799227813,
                32.82423173637312
              ]
            ]
          ],
          [
            [
              [
                -97.18739180000001,
                32.93931579999999
              ],
              [
                -97.187392,
                32.9392321
              ],
              [
                -97.1874584,
                32.9392322
              ],
              [
                -97.1874581,
                32.93931589999998
              ],
              [
                -97.18739180000001,
                32.93931579999999
              ]
            ]
          ],
          [
            [
              [
                -97.19849887468042,
                32.93796161838598
              ],
              [
                -97.19849080747944,
                32.93837065346587
              ],
              [
                -97.1984689,
                32.9404731
              ],
              [
                -97.1984656,
                32.9410326
              ],
              [
                -97.1984662,
                32.9411572
              ],
              [
                -97.1984648,
                32.9413428
              ],
              [
                -97.198476,
                32.94156179999998
              ],
              [
                -97.19842786862944,
                32.94156187153788
              ],
              [
                -97.19842765444808,
                32.94157273127594
              ],
              [
                -97.1970171916542,
                32.94156810541218
              ],
              [
                -97.19707043749602,
                32.93794816996173
              ],
              [
                -97.1970797196739,
                32.9379482573514
              ],
              [
                -97.1970798,
                32.9379184
              ],
              [
                -97.19763006982281,
                32.93795343877792
              ],
              [
                -97.19849887468042,
                32.93796161838598
              ]
            ]
          ],
          [
            [
              [
                -97.30025701891266,
                33.07003436604926
              ],
              [
                -97.30027540171311,
                33.070034960993084
              ],
              [
                -97.3002761,
                33.07001020000001
              ],
              [
                -97.3012256,
                33.07002589999998
              ],
              [
                -97.3013007,
                33.0700911
              ],
              [
                -97.3013007,
                33.07056090000001
              ],
              [
                -97.301298,
                33.0709992
              ],
              [
                -97.3013007,
                33.0713071
              ],
              [
                -97.3013195,
                33.07165319999998
              ],
              [
                -97.301357,
                33.07176789999998
              ],
              [
                -97.3014616,
                33.0720016
              ],
              [
                -97.30154480000002,
                33.0721342
              ],
              [
                -97.3016118,
                33.072291599999986
              ],
              [
                -97.301636,
                33.072386
              ],
              [
                -97.3015904,
                33.07241519999999
              ],
              [
                -97.30153717975311,
                33.07241782599902
              ],
              [
                -97.30152916900059,
                33.072419489657705
              ],
              [
                -97.30151101732316,
                33.07241911690839
              ],
              [
                -97.3013168,
                33.0724287
              ],
              [
                -97.30131722325187,
                33.07241169585596
              ],
              [
                -97.3013122393342,
                33.07241144855126
              ],
              [
                -97.30130383559474,
                33.072113714060656
              ],
              [
                -97.30095771420795,
                33.07211340218766
              ],
              [
                -97.300248,
                33.0721252
              ],
              [
                -97.30024777453437,
                33.072112762495884
              ],
              [
                -97.30002644743035,
                33.072112563068906
              ],
              [
                -97.30025701891266,
                33.07003436604926
              ]
            ]
          ],
          [
            [
              [
                -97.29571121153592,
                33.07555884320614
              ],
              [
                -97.29570903009242,
                33.07551775777463
              ],
              [
                -97.29591346997492,
                33.07551510373041
              ],
              [
                -97.2959131,
                33.0754985
              ],
              [
                -97.2968033,
                33.0754938
              ],
              [
                -97.2968411,
                33.07683559999999
              ],
              [
                -97.29678395339991,
                33.07685923119842
              ],
              [
                -97.29679822120117,
                33.07770047474635
              ],
              [
                -97.29677458293278,
                33.07770073669513
              ],
              [
                -97.29619378167742,
                33.0777071898183
              ],
              [
                -97.29596703611992,
                33.07770970693515
              ],
              [
                -97.29584556323225,
                33.07771104979892
              ],
              [
                -97.29580310323209,
                33.07771151952526
              ],
              [
                -97.29580020568206,
                33.0776088417331
              ],
              [
                -97.29577420819916,
                33.07672784236934
              ],
              [
                -97.29571121153592,
                33.07555884320614
              ]
            ]
          ],
          [
            [
              [
                -97.1732201,
                32.9394074
              ],
              [
                -97.1733378,
                32.9394075
              ],
              [
                -97.1733375,
                32.93961960000003
              ],
              [
                -97.1732198,
                32.9396195
              ],
              [
                -97.1732201,
                32.9394074
              ]
            ]
          ],
          [
            [
              [
                -97.1735868,
                32.93941080000001
              ],
              [
                -97.1737045,
                32.9394109
              ],
              [
                -97.1737042,
                32.939623
              ],
              [
                -97.1735865,
                32.93962290000002
              ],
              [
                -97.1735868,
                32.93941080000001
              ]
            ]
          ],
          [
            [
              [
                -97.1762523,
                32.9392144
              ],
              [
                -97.17677560000001,
                32.939217099999986
              ],
              [
                -97.1767696,
                32.9400416
              ],
              [
                -97.1762464,
                32.9400389
              ],
              [
                -97.1762523,
                32.9392144
              ]
            ]
          ],
          [
            [
              [
                -97.173581,
                32.939832
              ],
              [
                -97.173681,
                32.939832
              ],
              [
                -97.173681,
                32.939931
              ],
              [
                -97.173581,
                32.939931
              ],
              [
                -97.173581,
                32.939832
              ]
            ]
          ],
          [
            [
              [
                -97.1723393,
                32.940268
              ],
              [
                -97.1728435,
                32.940268
              ],
              [
                -97.1728569,
                32.94094779999999
              ],
              [
                -97.1723205,
                32.9409455
              ],
              [
                -97.1723393,
                32.940268
              ]
            ]
          ],
          [
            [
              [
                -97.1703468,
                32.94208079999998
              ],
              [
                -97.1703465,
                32.94229290000002
              ],
              [
                -97.1702288,
                32.9422928
              ],
              [
                -97.1702291,
                32.9420807
              ],
              [
                -97.1703468,
                32.94208079999998
              ]
            ]
          ],
          [
            [
              [
                -97.1708295,
                32.9427901
              ],
              [
                -97.1705458,
                32.942688
              ],
              [
                -97.1706903,
                32.942420400000024
              ],
              [
                -97.17084540000002,
                32.9424189
              ],
              [
                -97.1708965,
                32.942476599999985
              ],
              [
                -97.17095110000001,
                32.94260079999998
              ],
              [
                -97.1710234,
                32.9426318
              ],
              [
                -97.1709529,
                32.942762
              ],
              [
                -97.170863,
                32.9427309
              ],
              [
                -97.1708295,
                32.9427901
              ]
            ]
          ],
          [
            [
              [
                -97.1704978,
                32.94276710000001
              ],
              [
                -97.17049220000001,
                32.9429015
              ],
              [
                -97.1702687,
                32.9428978
              ],
              [
                -97.1702653,
                32.942759600000024
              ],
              [
                -97.1704978,
                32.94276710000001
              ]
            ]
          ],
          [
            [
              [
                -97.1824612,
                32.9450256
              ],
              [
                -97.1822946,
                32.9450418
              ],
              [
                -97.18212910000001,
                32.9450584
              ],
              [
                -97.182085,
                32.9447379
              ],
              [
                -97.1822515,
                32.94472170000002
              ],
              [
                -97.1824169,
                32.9447051
              ],
              [
                -97.1824612,
                32.9450256
              ]
            ]
          ],
          [
            [
              [
                -97.1700339,
                32.94240909999998
              ],
              [
                -97.1701516,
                32.9424092
              ],
              [
                -97.1701513,
                32.9426213
              ],
              [
                -97.1700336,
                32.942621199999984
              ],
              [
                -97.1700339,
                32.94240909999998
              ]
            ]
          ],
          [
            [
              [
                -97.1702092,
                32.94241029999998
              ],
              [
                -97.1703269,
                32.9424104
              ],
              [
                -97.17032660000001,
                32.942622499999985
              ],
              [
                -97.17020890000002,
                32.9426224
              ],
              [
                -97.1702092,
                32.94241029999998
              ]
            ]
          ],
          [
            [
              [
                -97.1702275,
                32.9427195
              ],
              [
                -97.1702286,
                32.94284179999998
              ],
              [
                -97.1700662,
                32.942839
              ],
              [
                -97.1700673,
                32.9427186
              ],
              [
                -97.1702275,
                32.9427195
              ]
            ]
          ],
          [
            [
              [
                -97.1669517,
                32.9687012
              ],
              [
                -97.1670756,
                32.96870959999998
              ],
              [
                -97.1670603,
                32.968869599999984
              ],
              [
                -97.1669364,
                32.96886119999998
              ],
              [
                -97.1669517,
                32.9687012
              ]
            ]
          ],
          [
            [
              [
                -97.28584337498953,
                33.084785220881436
              ],
              [
                -97.28537767747937,
                33.084705238538234
              ],
              [
                -97.28513927279285,
                33.08468594396472
              ],
              [
                -97.28395746088314,
                33.084709322539524
              ],
              [
                -97.28217492488172,
                33.084691582190224
              ],
              [
                -97.28215844528783,
                33.08408892000094
              ],
              [
                -97.28524574652445,
                33.084072101828724
              ],
              [
                -97.2852459,
                33.0839826
              ],
              [
                -97.2870564,
                33.083989599999974
              ],
              [
                -97.2870558,
                33.0840871
              ],
              [
                -97.2871468,
                33.084092499999976
              ],
              [
                -97.2871823,
                33.0847821
              ],
              [
                -97.2873083,
                33.0851156
              ],
              [
                -97.28697562671721,
                33.085130990384016
              ],
              [
                -97.28694305215411,
                33.085143871165734
              ],
              [
                -97.28682815673096,
                33.08518930187459
              ],
              [
                -97.28669251202136,
                33.08516737982936
              ],
              [
                -97.28658012379617,
                33.08512681507455
              ],
              [
                -97.28644614815637,
                33.085047563404366
              ],
              [
                -97.28630193711226,
                33.08492985804016
              ],
              [
                -97.28604338760044,
                33.084838471723096
              ],
              [
                -97.28584337498953,
                33.084785220881436
              ]
            ]
          ],
          [
            [
              [
                -97.3030883840559,
                33.08824828981702
              ],
              [
                -97.30308750000002,
                33.088248200000024
              ],
              [
                -97.30309259798518,
                33.088212940251246
              ],
              [
                -97.3031955645139,
                33.08734918060297
              ],
              [
                -97.30322230724973,
                33.08735057351747
              ],
              [
                -97.30325430000002,
                33.0873276
              ],
              [
                -97.30385780471522,
                33.08738367385698
              ],
              [
                -97.30413240764223,
                33.08739797674661
              ],
              [
                -97.30414450353551,
                33.08741031210559
              ],
              [
                -97.304252,
                33.0874203
              ],
              [
                -97.30427620000002,
                33.087458499999975
              ],
              [
                -97.3041059,
                33.0885933
              ],
              [
                -97.3040831,
                33.088608
              ],
              [
                -97.3037931,
                33.0885785
              ],
              [
                -97.30379885671162,
                33.08853835062656
              ],
              [
                -97.30305639212015,
                33.088516661913296
              ],
              [
                -97.3030883840559,
                33.08824828981702
              ]
            ]
          ],
          [
            [
              [
                -97.5729806,
                33.2150001
              ],
              [
                -97.5730888,
                33.2149651
              ],
              [
                -97.573181,
                33.2151649
              ],
              [
                -97.5730728,
                33.2151999
              ],
              [
                -97.5729806,
                33.2150001
              ]
            ]
          ],
          [
            [
              [
                -97.5735809,
                33.2149687
              ],
              [
                -97.5736748,
                33.215168
              ],
              [
                -97.573565,
                33.21520419999998
              ],
              [
                -97.573471,
                33.215005
              ],
              [
                -97.5735809,
                33.2149687
              ]
            ]
          ],
          [
            [
              [
                -97.7465672,
                33.202365299999975
              ],
              [
                -97.74740020000002,
                33.2023667
              ],
              [
                -97.7473972,
                33.2028797
              ],
              [
                -97.747381,
                33.203270099999976
              ],
              [
                -97.7473076,
                33.20332660000002
              ],
              [
                -97.7462332,
                33.2033174
              ],
              [
                -97.7462322,
                33.2026188
              ],
              [
                -97.7465672,
                33.202365299999975
              ]
            ]
          ],
          [
            [
              [
                -97.7465644,
                33.203757699999976
              ],
              [
                -97.7470923,
                33.2037605
              ],
              [
                -97.7470848,
                33.2047549
              ],
              [
                -97.7465568,
                33.204752
              ],
              [
                -97.7465644,
                33.203757699999976
              ]
            ]
          ],
          [
            [
              [
                -97.75810455699249,
                33.206362614000845
              ],
              [
                -97.75883118715781,
                33.20670746196179
              ],
              [
                -97.75914779119319,
                33.206981190475894
              ],
              [
                -97.75972836876805,
                33.20747059705227
              ],
              [
                -97.75952258360108,
                33.2077618710561
              ],
              [
                -97.75852386721091,
                33.20726323701827
              ],
              [
                -97.75809763098165,
                33.20718716068767
              ],
              [
                -97.75810455699249,
                33.206362614000845
              ]
            ]
          ],
          [
            [
              [
                -97.7583858,
                33.20752129999999
              ],
              [
                -97.75875060000001,
                33.2076694
              ],
              [
                -97.7603572,
                33.2084841
              ],
              [
                -97.76037330000001,
                33.2085177
              ],
              [
                -97.760384,
                33.2085738
              ],
              [
                -97.7603089,
                33.20893959999999
              ],
              [
                -97.76020586343986,
                33.20893455361876
              ],
              [
                -97.76020249149019,
                33.209337136937215
              ],
              [
                -97.759751,
                33.20933339064951
              ],
              [
                -97.759751,
                33.209384
              ],
              [
                -97.7591341,
                33.20938169999999
              ],
              [
                -97.7591310206032,
                33.209328246319565
              ],
              [
                -97.75807339982518,
                33.20931947062432
              ],
              [
                -97.75808790582039,
                33.20745904399227
              ],
              [
                -97.75817336221247,
                33.20748676124259
              ],
              [
                -97.7582383,
                33.2074787
              ],
              [
                -97.75825328106654,
                33.20748302673515
              ],
              [
                -97.75825328106679,
                33.20748302674611
              ],
              [
                -97.7583858,
                33.20752129999999
              ]
            ]
          ],
          [
            [
              [
                -97.775706,
                33.2092075
              ],
              [
                -97.7756926,
                33.2092344
              ],
              [
                -97.7754673,
                33.2093421
              ],
              [
                -97.7751669,
                33.2094341
              ],
              [
                -97.7748102,
                33.209497
              ],
              [
                -97.7735924,
                33.2095082
              ],
              [
                -97.7721843,
                33.209488
              ],
              [
                -97.7711758,
                33.20947449999998
              ],
              [
                -97.77062060000002,
                33.209466699999986
              ],
              [
                -97.7697837,
                33.20945320000001
              ],
              [
                -97.7697676,
                33.20915919999998
              ],
              [
                -97.774837,
                33.2091839
              ],
              [
                -97.7756899,
                33.2091761
              ],
              [
                -97.775706,
                33.2092075
              ]
            ]
          ],
          [
            [
              [
                -97.7355192,
                33.21106189999998
              ],
              [
                -97.73558807590658,
                33.211005644950305
              ],
              [
                -97.73558807625932,
                33.211005644944954
              ],
              [
                -97.7358963,
                33.2107539
              ],
              [
                -97.736172,
                33.2109902
              ],
              [
                -97.7357948,
                33.2112981
              ],
              [
                -97.7355192,
                33.21106189999998
              ]
            ]
          ],
          [
            [
              [
                -97.7379115,
                33.2117193
              ],
              [
                -97.7379097,
                33.211933899999984
              ],
              [
                -97.7377923,
                33.21193319999998
              ],
              [
                -97.73779284721444,
                33.211867960009116
              ],
              [
                -97.73779284721334,
                33.21186796000913
              ],
              [
                -97.7377941,
                33.2117186
              ],
              [
                -97.7379115,
                33.2117193
              ]
            ]
          ],
          [
            [
              [
                -97.7379903,
                33.2117199
              ],
              [
                -97.73810770000001,
                33.2117206
              ],
              [
                -97.7381058,
                33.21193529999998
              ],
              [
                -97.7379885,
                33.211934499999984
              ],
              [
                -97.73798908319658,
                33.21186497014362
              ],
              [
                -97.73798908319544,
                33.211864970143644
              ],
              [
                -97.7379903,
                33.2117199
              ]
            ]
          ],
          [
            [
              [
                -97.5741634,
                33.21517209999998
              ],
              [
                -97.574054,
                33.2152083
              ],
              [
                -97.5739601,
                33.2150101
              ],
              [
                -97.5740696,
                33.21497379999999
              ],
              [
                -97.5741634,
                33.21517209999998
              ]
            ]
          ],
          [
            [
              [
                -97.5728036,
                33.2150588
              ],
              [
                -97.5729118,
                33.2150238
              ],
              [
                -97.5730041,
                33.2152236
              ],
              [
                -97.5728959,
                33.21525860000001
              ],
              [
                -97.5728036,
                33.2150588
              ]
            ]
          ],
          [
            [
              [
                -97.5733829,
                33.2152647
              ],
              [
                -97.5732906,
                33.2150649
              ],
              [
                -97.5733988,
                33.2150299
              ],
              [
                -97.5734911,
                33.21522969999997
              ],
              [
                -97.5733829,
                33.2152647
              ]
            ]
          ],
          [
            [
              [
                -97.5737792,
                33.21506930000001
              ],
              [
                -97.5738883,
                33.215033
              ],
              [
                -97.5739831,
                33.2152322
              ],
              [
                -97.573874,
                33.2152686
              ],
              [
                -97.5737792,
                33.21506930000001
              ]
            ]
          ],
          [
            [
              [
                -97.7383928,
                33.2119393
              ],
              [
                -97.7382754,
                33.2119386
              ],
              [
                -97.73827609061249,
                33.211860597278076
              ],
              [
                -97.73827609061124,
                33.211860597278076
              ],
              [
                -97.7382773,
                33.211724
              ],
              [
                -97.7383947,
                33.2117247
              ],
              [
                -97.7383928,
                33.2119393
              ]
            ]
          ],
          [
            [
              [
                -97.738589,
                33.21194089999999
              ],
              [
                -97.7384716,
                33.2119402
              ],
              [
                -97.73847233125038,
                33.21185760734166
              ],
              [
                -97.73847233124907,
                33.21185760734167
              ],
              [
                -97.7384735,
                33.21172559999999
              ],
              [
                -97.7385908,
                33.21172629999998
              ],
              [
                -97.738589,
                33.21194089999999
              ]
            ]
          ],
          [
            [
              [
                -97.5949994,
                33.2147114
              ],
              [
                -97.595104,
                33.2148752
              ],
              [
                -97.5951254,
                33.2150346
              ],
              [
                -97.5951174,
                33.21519169999998
              ],
              [
                -97.595045,
                33.215342
              ],
              [
                -97.594935,
                33.2154879
              ],
              [
                -97.5946051,
                33.2152545
              ],
              [
                -97.5943449,
                33.2150907
              ],
              [
                -97.5943449,
                33.2150144
              ],
              [
                -97.5945729,
                33.2148326
              ],
              [
                -97.5948465,
                33.21456329999999
              ],
              [
                -97.5949994,
                33.2147114
              ]
            ]
          ],
          [
            [
              [
                -97.6028629,
                33.2188895
              ],
              [
                -97.6034585,
                33.2189038
              ],
              [
                -97.6034281,
                33.21981289999999
              ],
              [
                -97.6033598,
                33.219866900000014
              ],
              [
                -97.6022655,
                33.21983989999998
              ],
              [
                -97.60227690000002,
                33.219348
              ],
              [
                -97.6024286,
                33.21909260000001
              ],
              [
                -97.6025348,
                33.219000600000015
              ],
              [
                -97.6028629,
                33.2188895
              ]
            ]
          ],
          [
            [
              [
                -97.5732951,
                33.216906399999985
              ],
              [
                -97.5733031,
                33.2159597
              ],
              [
                -97.5738294,
                33.2159628
              ],
              [
                -97.57382170000001,
                33.2169094
              ],
              [
                -97.5732951,
                33.216906399999985
              ]
            ]
          ],
          [
            [
              [
                -97.5974979,
                33.2191736
              ],
              [
                -97.5974913,
                33.220199499999964
              ],
              [
                -97.59695490000001,
                33.220197099999986
              ],
              [
                -97.5969615,
                33.2191712
              ],
              [
                -97.5974979,
                33.2191736
              ]
            ]
          ],
          [
            [
              [
                -97.6027029,
                33.22068
              ],
              [
                -97.6026868,
                33.220617099999984
              ],
              [
                -97.602692,
                33.220467
              ],
              [
                -97.6033842,
                33.220464600000014
              ],
              [
                -97.6034645,
                33.2205343
              ],
              [
                -97.60348060000001,
                33.2211133
              ],
              [
                -97.6033331,
                33.22112
              ],
              [
                -97.6032313,
                33.2211108
              ],
              [
                -97.603124,
                33.2210816
              ],
              [
                -97.6030247,
                33.221045699999976
              ],
              [
                -97.6029415,
                33.22099209999999
              ],
              [
                -97.6028611,
                33.2209313
              ],
              [
                -97.6027939,
                33.22085070000002
              ],
              [
                -97.60274040000002,
                33.2207675
              ],
              [
                -97.6027029,
                33.22068
              ]
            ]
          ],
          [
            [
              [
                -97.5979847,
                33.2212664
              ],
              [
                -97.5981041,
                33.2212663
              ],
              [
                -97.5981044,
                33.2214858
              ],
              [
                -97.597985,
                33.22148590000001
              ],
              [
                -97.5979847,
                33.2212664
              ]
            ]
          ],
          [
            [
              [
                -97.5982891,
                33.2212685
              ],
              [
                -97.5982893,
                33.221488
              ],
              [
                -97.5981699,
                33.2214881
              ],
              [
                -97.5981696,
                33.22126870000001
              ],
              [
                -97.5982891,
                33.2212685
              ]
            ]
          ],
          [
            [
              [
                -97.59019553227449,
                33.22491303383347
              ],
              [
                -97.59019553227449,
                33.22507336609304
              ],
              [
                -97.5900263035264,
                33.22507336609305
              ],
              [
                -97.5900272860967,
                33.224913033833495
              ],
              [
                -97.59019553227449,
                33.22491303383347
              ]
            ]
          ],
          [
            [
              [
                -97.5818544,
                33.2303801
              ],
              [
                -97.5818303,
                33.23138749999998
              ],
              [
                -97.5811946,
                33.2313763
              ],
              [
                -97.5812161,
                33.23037119999998
              ],
              [
                -97.5818544,
                33.2303801
              ]
            ]
          ],
          [
            [
              [
                -97.58317154965272,
                33.235677029108885
              ],
              [
                -97.58317755481099,
                33.235676994686884
              ],
              [
                -97.5831801,
                33.23566409999999
              ],
              [
                -97.5844502,
                33.23566410000002
              ],
              [
                -97.584481,
                33.2356832
              ],
              [
                -97.5844716,
                33.2364022
              ],
              [
                -97.5844569,
                33.2369754
              ],
              [
                -97.58444664841272,
                33.23697532328296
              ],
              [
                -97.5844464072629,
                33.23707746060657
              ],
              [
                -97.58408592232253,
                33.23706623529191
              ],
              [
                -97.58377991211931,
                33.23706256489918
              ],
              [
                -97.5837758499376,
                33.23699680360785
              ],
              [
                -97.58352563499498,
                33.23698925919773
              ],
              [
                -97.58310443112795,
                33.23696969301775
              ],
              [
                -97.58310443233422,
                33.236965335113446
              ],
              [
                -97.5830997,
                33.2369653
              ],
              [
                -97.58310459045488,
                33.23639409487025
              ],
              [
                -97.58310468355452,
                33.23605775510241
              ],
              [
                -97.58310761287706,
                33.236041075959115
              ],
              [
                -97.5831077,
                33.23603090000002
              ],
              [
                -97.58312312468617,
                33.235952753938065
              ],
              [
                -97.58317154965272,
                33.235677029108885
              ]
            ]
          ],
          [
            [
              [
                -97.5865066,
                33.2372874
              ],
              [
                -97.586512,
                33.236987899999974
              ],
              [
                -97.5871893,
                33.2369958
              ],
              [
                -97.58718897751454,
                33.23701368599965
              ],
              [
                -97.5871930592447,
                33.23701377082666
              ],
              [
                -97.58718665515504,
                33.237298574968996
              ],
              [
                -97.58650876847534,
                33.23729029876239
              ],
              [
                -97.58650882351994,
                33.237287425935044
              ],
              [
                -97.5865066,
                33.2372874
              ]
            ]
          ],
          [
            [
              [
                -97.57759851004288,
                33.23707866700426
              ],
              [
                -97.57781839544985,
                33.237080626084946
              ],
              [
                -97.57781832527122,
                33.23708345164991
              ],
              [
                -97.5778573,
                33.237084299999985
              ],
              [
                -97.5778644,
                33.2373409
              ],
              [
                -97.57786640000002,
                33.237412099999986
              ],
              [
                -97.5777879,
                33.2374121
              ],
              [
                -97.5770093,
                33.237412
              ],
              [
                -97.576989,
                33.2370654
              ],
              [
                -97.57716355685996,
                33.23706919952165
              ],
              [
                -97.5771637041691,
                33.23706091716706
              ],
              [
                -97.57744350220757,
                33.23707529299978
              ],
              [
                -97.57759851004288,
                33.23707866700426
              ]
            ]
          ],
          [
            [
              [
                -97.5878671,
                33.2431348
              ],
              [
                -97.5878514,
                33.2434602
              ],
              [
                -97.58688825202384,
                33.243450719603054
              ],
              [
                -97.586409,
                33.243446
              ],
              [
                -97.5864135,
                33.2434281
              ],
              [
                -97.5864315,
                33.2434074
              ],
              [
                -97.5864631,
                33.2434036
              ],
              [
                -97.58652844457036,
                33.2434070923978
              ],
              [
                -97.58652844457032,
                33.24340709239616
              ],
              [
                -97.5865342,
                33.24340739999998
              ],
              [
                -97.5866007,
                33.24340739999998
              ],
              [
                -97.5866593,
                33.24339890000002
              ],
              [
                -97.5867101,
                33.2433857
              ],
              [
                -97.5867699,
                33.243364
              ],
              [
                -97.5868195,
                33.24333850000002
              ],
              [
                -97.5868668,
                33.2433196
              ],
              [
                -97.5869277,
                33.243298
              ],
              [
                -97.5869729,
                33.2432848
              ],
              [
                -97.5870213,
                33.2432781
              ],
              [
                -97.5870766,
                33.2432753
              ],
              [
                -97.587186,
                33.2432687
              ],
              [
                -97.5873213,
                33.2432433
              ],
              [
                -97.5874431,
                33.2432036
              ],
              [
                -97.5874927,
                33.2431885
              ],
              [
                -97.5875649,
                33.24316589999998
              ],
              [
                -97.58760371673061,
                33.24315942098884
              ],
              [
                -97.58760371673073,
                33.24315942099412
              ],
              [
                -97.5876326,
                33.243154599999976
              ],
              [
                -97.5878671,
                33.2431348
              ]
            ]
          ],
          [
            [
              [
                -97.59913344967988,
                33.2463629022713
              ],
              [
                -97.59918482088939,
                33.24641572957784
              ],
              [
                -97.59925576803388,
                33.24745157551958
              ],
              [
                -97.59904377191503,
                33.24722831190338
              ],
              [
                -97.59837007592293,
                33.24706839250239
              ],
              [
                -97.598042,
                33.2470467
              ],
              [
                -97.5977495,
                33.24712359999999
              ],
              [
                -97.5972062,
                33.2470258
              ],
              [
                -97.5969805,
                33.2470258
              ],
              [
                -97.5969686,
                33.24687909999999
              ],
              [
                -97.5971242,
                33.24607149999998
              ],
              [
                -97.59717672452152,
                33.246071841561175
              ],
              [
                -97.59717678080217,
                33.24607015462376
              ],
              [
                -97.59783201458,
                33.246074112663294
              ],
              [
                -97.5982293,
                33.2460267
              ],
              [
                -97.5987872,
                33.24583830000002
              ],
              [
                -97.5990768,
                33.2461463
              ],
              [
                -97.5991278,
                33.2463224
              ],
              [
                -97.59913344967988,
                33.2463629022713
              ]
            ]
          ],
          [
            [
              [
                -97.5767876,
                33.25894069999998
              ],
              [
                -97.5767591,
                33.2589375
              ],
              [
                -97.5767402,
                33.2589328
              ],
              [
                -97.5767212,
                33.25892319999997
              ],
              [
                -97.5767098,
                33.2589058
              ],
              [
                -97.5766984,
                33.258889899999986
              ],
              [
                -97.5766947,
                33.2588709
              ],
              [
                -97.5766909,
                33.2588487
              ],
              [
                -97.5766984,
                33.25882649999998
              ],
              [
                -97.5767136,
                33.25880749999998
              ],
              [
                -97.5767288,
                33.2587916
              ],
              [
                -97.57674969999998,
                33.2587805
              ],
              [
                -97.5767743,
                33.2587789
              ],
              [
                -97.5767971,
                33.25878049999998
              ],
              [
                -97.57682739999998,
                33.2587884
              ],
              [
                -97.5768502,
                33.2587995
              ],
              [
                -97.5768653,
                33.258817
              ],
              [
                -97.5768729,
                33.2588392
              ],
              [
                -97.5768729,
                33.2588582
              ],
              [
                -97.5768691,
                33.258886799999964
              ],
              [
                -97.5768578,
                33.258909
              ],
              [
                -97.5768255,
                33.25893749999999
              ],
              [
                -97.5767876,
                33.25894069999998
              ]
            ]
          ],
          [
            [
              [
                -97.578291,
                33.26038519999999
              ],
              [
                -97.5782639,
                33.260355
              ],
              [
                -97.5782639,
                33.2603229
              ],
              [
                -97.5782729,
                33.2602928
              ],
              [
                -97.5782865,
                33.26026260000001
              ],
              [
                -97.578309,
                33.26024
              ],
              [
                -97.5783361,
                33.2602249
              ],
              [
                -97.5783812,
                33.2602249
              ],
              [
                -97.578424,
                33.2602268
              ],
              [
                -97.5784534,
                33.2602494
              ],
              [
                -97.5784804,
                33.260272
              ],
              [
                -97.5784895,
                33.2603041
              ],
              [
                -97.5784895,
                33.26034369999998
              ],
              [
                -97.5784804,
                33.26037759999998
              ],
              [
                -97.5784511,
                33.2604022
              ],
              [
                -97.57841730000001,
                33.2604229
              ],
              [
                -97.5783812,
                33.2604286
              ],
              [
                -97.5783361,
                33.26042480000001
              ],
              [
                -97.5783068,
                33.2604078
              ],
              [
                -97.578291,
                33.26038519999999
              ]
            ]
          ],
          [
            [
              [
                -97.5766523,
                33.262034300000025
              ],
              [
                -97.5766456,
                33.2619906
              ],
              [
                -97.5766496,
                33.261957
              ],
              [
                -97.5766792,
                33.26193449999998
              ],
              [
                -97.576706,
                33.2619233
              ],
              [
                -97.5767489,
                33.26191879999999
              ],
              [
                -97.5767811,
                33.2619323
              ],
              [
                -97.576824,
                33.261957
              ],
              [
                -97.5768454,
                33.2619727
              ],
              [
                -97.5768642,
                33.2620119
              ],
              [
                -97.5768656,
                33.262043300000016
              ],
              [
                -97.5768508,
                33.2620747
              ],
              [
                -97.5768133,
                33.262105
              ],
              [
                -97.5767811,
                33.26210829999998
              ],
              [
                -97.5767435,
                33.2621061
              ],
              [
                -97.57670460000001,
                33.262093800000024
              ],
              [
                -97.5766711,
                33.2620668
              ],
              [
                -97.5766523,
                33.262034300000025
              ]
            ]
          ],
          [
            [
              [
                -97.5794497,
                33.262394599999986
              ],
              [
                -97.5794309,
                33.2623767
              ],
              [
                -97.5794148,
                33.26235089999999
              ],
              [
                -97.5794041,
                33.262316099999985
              ],
              [
                -97.5794121,
                33.2622825
              ],
              [
                -97.5794202,
                33.26226
              ],
              [
                -97.5794416,
                33.262239899999976
              ],
              [
                -97.5794712,
                33.262233099999975
              ],
              [
                -97.5795114,
                33.2622298
              ],
              [
                -97.57953819999999,
                33.2622354
              ],
              [
                -97.579565,
                33.26226
              ],
              [
                -97.57958110000001,
                33.262278
              ],
              [
                -97.5795892,
                33.2623116
              ],
              [
                -97.5795919,
                33.2623419
              ],
              [
                -97.5795919,
                33.2623677
              ],
              [
                -97.5795798,
                33.2623856
              ],
              [
                -97.5795583,
                33.2624002
              ],
              [
                -97.5795382,
                33.2624069
              ],
              [
                -97.5795087,
                33.2624092
              ],
              [
                -97.5794792,
                33.2624036
              ],
              [
                -97.5794497,
                33.262394599999986
              ]
            ]
          ],
          [
            [
              [
                -97.5809479,
                33.2631172
              ],
              [
                -97.5809112,
                33.2631092
              ],
              [
                -97.5808745,
                33.2630919
              ],
              [
                -97.580849,
                33.26307049999998
              ],
              [
                -97.5808298,
                33.2630439
              ],
              [
                -97.5808235,
                33.26301849999999
              ],
              [
                -97.5808298,
                33.26298919999997
              ],
              [
                -97.5808458,
                33.2629599
              ],
              [
                -97.5808681,
                33.26294249999998
              ],
              [
                -97.5809,
                33.262930499999975
              ],
              [
                -97.5809415,
                33.2629252
              ],
              [
                -97.5809702,
                33.26293050000001
              ],
              [
                -97.58099569999999,
                33.2629399
              ],
              [
                -97.5810324,
                33.262967899999985
              ],
              [
                -97.5810499,
                33.262987899999985
              ],
              [
                -97.5810595,
                33.26301189999999
              ],
              [
                -97.5810659,
                33.2630425
              ],
              [
                -97.58105310000002,
                33.2630705
              ],
              [
                -97.5810404,
                33.2630905
              ],
              [
                -97.5810212,
                33.2631105
              ],
              [
                -97.5809877,
                33.2631199
              ],
              [
                -97.5809479,
                33.2631172
              ]
            ]
          ],
          [
            [
              [
                -97.576552,
                33.2632076
              ],
              [
                -97.5765138,
                33.263189
              ],
              [
                -97.576501,
                33.263173
              ],
              [
                -97.5764867,
                33.263147600000025
              ],
              [
                -97.5764819,
                33.263125
              ],
              [
                -97.5764946,
                33.26309559999997
              ],
              [
                -97.5765106,
                33.2630716
              ],
              [
                -97.5765329,
                33.26305829999998
              ],
              [
                -97.57657120000002,
                33.263051599999976
              ],
              [
                -97.5766015,
                33.2630503
              ],
              [
                -97.5766414,
                33.2630623
              ],
              [
                -97.5766733,
                33.2630769
              ],
              [
                -97.5766972,
                33.26309689999999
              ],
              [
                -97.5767099,
                33.2631183
              ],
              [
                -97.5767083,
                33.2631423
              ],
              [
                -97.5767052,
                33.2631663
              ],
              [
                -97.5766908,
                33.2631916
              ],
              [
                -97.5766525,
                33.26321559999998
              ],
              [
                -97.57661580000001,
                33.2632196
              ],
              [
                -97.5765839,
                33.263217
              ],
              [
                -97.576552,
                33.2632076
              ]
            ]
          ],
          [
            [
              [
                -97.5769124,
                33.2641929
              ],
              [
                -97.5768853,
                33.26417559999998
              ],
              [
                -97.5768565,
                33.264147500000014
              ],
              [
                -97.57685490000001,
                33.264107500000016
              ],
              [
                -97.5768613,
                33.26408089999999
              ],
              [
                -97.5768821,
                33.2640529
              ],
              [
                -97.5769108,
                33.2640369
              ],
              [
                -97.5769459,
                33.264022199999985
              ],
              [
                -97.5769873,
                33.264019499999975
              ],
              [
                -97.5770224,
                33.2640235
              ],
              [
                -97.5770543,
                33.2640422
              ],
              [
                -97.5770734,
                33.264058200000015
              ],
              [
                -97.5770894,
                33.26409150000001
              ],
              [
                -97.5770894,
                33.2641169
              ],
              [
                -97.5770734,
                33.2641382
              ],
              [
                -97.5770543,
                33.26416349999999
              ],
              [
                -97.5770144,
                33.26417959999998
              ],
              [
                -97.5769841,
                33.2641876
              ],
              [
                -97.576957,
                33.264194199999984
              ],
              [
                -97.5769124,
                33.2641929
              ]
            ]
          ],
          [
            [
              [
                -97.5808714,
                33.26457780000001
              ],
              [
                -97.5808339,
                33.264565399999974
              ],
              [
                -97.58079630000002,
                33.2645486
              ],
              [
                -97.5807749,
                33.2645273
              ],
              [
                -97.580748,
                33.26450149999998
              ],
              [
                -97.580748,
                33.2644791
              ],
              [
                -97.5807615,
                33.264447699999984
              ],
              [
                -97.5807802,
                33.2644253
              ],
              [
                -97.5808071,
                33.264404
              ],
              [
                -97.5808339,
                33.264386
              ],
              [
                -97.5808701,
                33.264380399999986
              ],
              [
                -97.58090360000001,
                33.2643815
              ],
              [
                -97.5809438,
                33.264388300000014
              ],
              [
                -97.5809787,
                33.2644028
              ],
              [
                -97.5809894,
                33.26442969999998
              ],
              [
                -97.5809894,
                33.2644701
              ],
              [
                -97.5809841,
                33.26451609999999
              ],
              [
                -97.5809653,
                33.26454969999998
              ],
              [
                -97.58090360000001,
                33.2645778
              ],
              [
                -97.5808714,
                33.26457780000001
              ]
            ]
          ],
          [
            [
              [
                -97.5811557,
                33.264724700000016
              ],
              [
                -97.58115840000002,
                33.26474709999998
              ],
              [
                -97.5811504,
                33.26477060000001
              ],
              [
                -97.5811343,
                33.2647998
              ],
              [
                -97.5811075,
                33.2648177
              ],
              [
                -97.581086,
                33.26483790000002
              ],
              [
                -97.5810592,
                33.2648458
              ],
              [
                -97.581031,
                33.264844699999976
              ],
              [
                -97.5809988,
                33.2648413
              ],
              [
                -97.580968,
                33.2648323
              ],
              [
                -97.5809465,
                33.26482
              ],
              [
                -97.5809358,
                33.2648065
              ],
              [
                -97.58092370000001,
                33.2647852
              ],
              [
                -97.5809143,
                33.26475489999998
              ],
              [
                -97.5809143,
                33.2647247
              ],
              [
                -97.5809251,
                33.2647034
              ],
              [
                -97.5809412,
                33.26468649999999
              ],
              [
                -97.5809546,
                33.26467309999999
              ],
              [
                -97.5809787,
                33.2646607
              ],
              [
                -97.5810096,
                33.2646518
              ],
              [
                -97.5810364,
                33.26464949999998
              ],
              [
                -97.5810645,
                33.26465289999998
              ],
              [
                -97.5810967,
                33.264660699999986
              ],
              [
                -97.5811075,
                33.264669699999985
              ],
              [
                -97.5811289,
                33.2646821
              ],
              [
                -97.5811396,
                33.2647
              ],
              [
                -97.5811557,
                33.264724700000016
              ]
            ]
          ],
          [
            [
              [
                -97.5773781,
                33.2648703
              ],
              [
                -97.5773398,
                33.2648783
              ],
              [
                -97.5773015,
                33.264886299999986
              ],
              [
                -97.5772122,
                33.2648917
              ],
              [
                -97.5771596,
                33.2648917
              ],
              [
                -97.5771197,
                33.264881
              ],
              [
                -97.5771006,
                33.264853
              ],
              [
                -97.5771037,
                33.2648223
              ],
              [
                -97.5771261,
                33.264793
              ],
              [
                -97.5771723,
                33.2647783
              ],
              [
                -97.5772377,
                33.26476229999999
              ],
              [
                -97.5773238,
                33.26475430000002
              ],
              [
                -97.5773892,
                33.264757
              ],
              [
                -97.5774419,
                33.26477029999998
              ],
              [
                -97.5774706,
                33.2647836
              ],
              [
                -97.5774785,
                33.264810300000015
              ],
              [
                -97.57747380000002,
                33.264833
              ],
              [
                -97.5774419,
                33.264857
              ],
              [
                -97.5773781,
                33.2648703
              ]
            ]
          ]
        ]
      }
    }
  ]
}