{
  "type": "FeatureCollection",
  "name": "Montgomery",
  "crs": {
    "type": "name",
    "properties": {
      "name": "urn:ogc:def:crs:OGC:1.3:CRS84"
    }
  },
  "features": [
    {
      "type": "Feature",
      "properties": {
        "largest_city": "Montgomery",
        "all_cities": "Alexander City, Childersburg, Dadeville, Montgomery, Moody, Remlap, Shoal Creek, Sylacauga, Vandiver, Wilsonville",
        "total_area_ft2": 19930005.25801353
      },
      "geometry": {
        "type": "MultiPolygon",
        "coordinates": [
          [
            [
              [
                -86.31127119999998,
                32.3454721
              ],
              [
                -86.31179119999999,
                32.345457500000016
              ],
              [
                -86.3118026,
                32.34645029999999
              ],
              [
                -86.3112846,
                32.34646209999997
              ],
              [
                -86.31127119999998,
                32.3454721
              ]
            ]
          ],
          [
            [
              [
                -86.29231539370676,
                32.349319444426406
              ],
              [
                -86.2923398503404,
                32.34932678145345
              ],
              [
                -86.29237164171829,
                32.349353682868895
              ],
              [
                -86.29297080274144,
                32.35071096530912
              ],
              [
                -86.29215398711149,
                32.35073052940037
              ],
              [
                -86.29212708616197,
                32.35071096606803
              ],
              [
                -86.29211241308012,
                32.350331904514334
              ],
              [
                -86.29211241308012,
                32.35010691470025
              ],
              [
                -86.29212464094778,
                32.349923496499265
              ],
              [
                -86.29215643322398,
                32.34972051513866
              ],
              [
                -86.29220045246953,
                32.349488187549504
              ],
              [
                -86.2922346908583,
                32.34934634508518
              ],
              [
                -86.29226159090945,
                32.34932922738201
              ],
              [
                -86.29228849185895,
                32.34931944366755
              ],
              [
                -86.29231539370676,
                32.349319444426406
              ]
            ]
          ],
          [
            [
              [
                -86.2996984,
                32.35309013922341
              ],
              [
                -86.2996984,
                32.35314719999997
              ],
              [
                -86.29965744232183,
                32.35311403078854
              ],
              [
                -86.29965133815081,
                32.35311759149329
              ],
              [
                -86.29816814146331,
                32.35207062998213
              ],
              [
                -86.29816814146331,
                32.352030971921195
              ],
              [
                -86.29817798605318,
                32.3520169078405
              ],
              [
                -86.2981332,
                32.35198289999998
              ],
              [
                -86.29827959999999,
                32.35196919999998
              ],
              [
                -86.29868209999998,
                32.35196569999997
              ],
              [
                -86.2992025,
                32.351952
              ],
              [
                -86.29969029999998,
                32.35194509999998
              ],
              [
                -86.29969240382212,
                32.35202449980573
              ],
              [
                -86.29969892819963,
                32.352034938562845
              ],
              [
                -86.29969892640301,
                32.35308983216033
              ],
              [
                -86.2996984,
                32.35309013922341
              ]
            ]
          ],
          [
            [
              [
                -86.39853620208217,
                32.31055107726496
              ],
              [
                -86.3969270544053,
                32.310745486030584
              ],
              [
                -86.39691534306895,
                32.31074548678982
              ],
              [
                -86.3968966033138,
                32.310384774581564
              ],
              [
                -86.39852448984749,
                32.31018568137516
              ],
              [
                -86.39852563270085,
                32.31022133587957
              ],
              [
                -86.3985672,
                32.310220500000014
              ],
              [
                -86.3985707,
                32.310456700000024
              ],
              [
                -86.3985707,
                32.31053050000001
              ],
              [
                -86.39853570334341,
                32.31053551771568
              ],
              [
                -86.39853620208217,
                32.31055107726496
              ]
            ]
          ],
          [
            [
              [
                -86.38221669336853,
                32.31462028716526
              ],
              [
                -86.3822191443668,
                32.31463540171065
              ],
              [
                -86.3823382,
                32.31465039999996
              ],
              [
                -86.3823028,
                32.314788
              ],
              [
                -86.38226923242621,
                32.314944279223276
              ],
              [
                -86.38234250062743,
                32.31539610147424
              ],
              [
                -86.38235840529954,
                32.31549418098163
              ],
              [
                -86.38242631254512,
                32.31552843525745
              ],
              [
                -86.38277337935008,
                32.31570350386067
              ],
              [
                -86.38280322677373,
                32.31571855991791
              ],
              [
                -86.3827962315926,
                32.3157247123116
              ],
              [
                -86.38215732453072,
                32.31628658709306
              ],
              [
                -86.3821259,
                32.3163314
              ],
              [
                -86.3818215,
                32.3166185
              ],
              [
                -86.381687,
                32.3167322
              ],
              [
                -86.38134019999998,
                32.3166185
              ],
              [
                -86.38100749999998,
                32.3165108
              ],
              [
                -86.38072440000002,
                32.31638520000003
              ],
              [
                -86.3804625,
                32.3162297
              ],
              [
                -86.3804412,
                32.31597249999999
              ],
              [
                -86.38042,
                32.3155238
              ],
              [
                -86.3804129,
                32.3152307
              ],
              [
                -86.38047659999998,
                32.31506919999999
              ],
              [
                -86.38085179999999,
                32.314937599999986
              ],
              [
                -86.3815738,
                32.314782
              ],
              [
                -86.3820056,
                32.3146085
              ],
              [
                -86.38218353214071,
                32.314630915383916
              ],
              [
                -86.38220894899247,
                32.31462276895444
              ],
              [
                -86.38221669336853,
                32.31462028716526
              ]
            ]
          ],
          [
            [
              [
                -86.3643601,
                32.34939349999997
              ],
              [
                -86.3635249,
                32.3494354
              ],
              [
                -86.36346819999999,
                32.3492679
              ],
              [
                -86.36348669999998,
                32.34894
              ],
              [
                -86.36349371719488,
                32.34887619450136
              ],
              [
                -86.36345279240997,
                32.34731084487491
              ],
              [
                -86.36382916944603,
                32.34730085679401
              ],
              [
                -86.36645240817916,
                32.347231208094215
              ],
              [
                -86.36643913557086,
                32.34904955859235
              ],
              [
                -86.36641618271703,
                32.34904977639679
              ],
              [
                -86.36629372670183,
                32.34905093157798
              ],
              [
                -86.3662936,
                32.34905449999999
              ],
              [
                -86.36515290000001,
                32.34932769999998
              ],
              [
                -86.36507104501895,
                32.34933449371562
              ],
              [
                -86.36507205421863,
                32.349341557956926
              ],
              [
                -86.36498593057355,
                32.34934155795692
              ],
              [
                -86.3643601,
                32.34939349999997
              ]
            ]
          ],
          [
            [
              [
                -86.37221901917805,
                32.36214840140879
              ],
              [
                -86.37217797694935,
                32.362176774857694
              ],
              [
                -86.37212488471943,
                32.35942933946141
              ],
              [
                -86.37212524853712,
                32.35942912699362
              ],
              [
                -86.37212781760472,
                32.35942762837726
              ],
              [
                -86.372126,
                32.3593597
              ],
              [
                -86.37270966361172,
                32.3590153894567
              ],
              [
                -86.37272732279673,
                32.358998907649436
              ],
              [
                -86.37273542649892,
                32.35899134300308
              ],
              [
                -86.37432814398925,
                32.36069024014707
              ],
              [
                -86.37432398568778,
                32.360693116009415
              ],
              [
                -86.37221901917805,
                32.36214840140879
              ]
            ]
          ],
          [
            [
              [
                -86.36801029999998,
                32.36736229999998
              ],
              [
                -86.36821719999999,
                32.36736229999999
              ],
              [
                -86.36842409999998,
                32.3673978
              ],
              [
                -86.368598,
                32.36747379999998
              ],
              [
                -86.36867979027583,
                32.3675370050676
              ],
              [
                -86.36867979027583,
                32.36753700520066
              ],
              [
                -86.368811,
                32.3676384
              ],
              [
                -86.3681212,
                32.36820329999997
              ],
              [
                -86.3680522,
                32.3682109
              ],
              [
                -86.36738649999998,
                32.3676308
              ],
              [
                -86.3675484,
                32.36750669999998
              ],
              [
                -86.3677814749917,
                32.367403266122984
              ],
              [
                -86.3677814749917,
                32.36740326612169
              ],
              [
                -86.36778229999999,
                32.367402899999966
              ],
              [
                -86.36801029999998,
                32.36736229999998
              ]
            ]
          ],
          [
            [
              [
                -86.36778147499172,
                32.3681521981501
              ],
              [
                -86.36794129999998,
                32.368307099999974
              ],
              [
                -86.3679263,
                32.36836789999999
              ],
              [
                -86.3672485,
                32.3689429
              ],
              [
                -86.3670296,
                32.3686795
              ],
              [
                -86.36694259999999,
                32.36846419999998
              ],
              [
                -86.3669396,
                32.36826909999998
              ],
              [
                -86.3669816,
                32.36809179999998
              ],
              [
                -86.3670716,
                32.3679297
              ],
              [
                -86.36717359999999,
                32.367808099999976
              ],
              [
                -86.3673115,
                32.3676967
              ],
              [
                -86.3677814749917,
                32.36815219942457
              ],
              [
                -86.36778147499172,
                32.3681521981501
              ]
            ]
          ],
          [
            [
              [
                -86.3682442,
                32.36837050000002
              ],
              [
                -86.3682412,
                32.36831469999998
              ],
              [
                -86.36867979027583,
                32.36796167764316
              ],
              [
                -86.36867979027583,
                32.36796167915176
              ],
              [
                -86.3689429,
                32.3677499
              ],
              [
                -86.3691408,
                32.3679703
              ],
              [
                -86.3692428,
                32.368183
              ],
              [
                -86.3692518,
                32.3684161
              ],
              [
                -86.3691708,
                32.36865669999999
              ],
              [
                -86.36903589999999,
                32.3688391
              ],
              [
                -86.3689039,
                32.368948
              ],
              [
                -86.3682442,
                32.36837050000002
              ]
            ]
          ],
          [
            [
              [
                -86.3680252,
                32.36931519999998
              ],
              [
                -86.3677973,
                32.3692823
              ],
              [
                -86.3676054,
                32.3692063
              ],
              [
                -86.36735950000002,
                32.369024
              ],
              [
                -86.3677814749917,
                32.3686691544974
              ],
              [
                -86.3677814749917,
                32.3686691530714
              ],
              [
                -86.3680252,
                32.368464199999984
              ],
              [
                -86.3681302,
                32.368459099999974
              ],
              [
                -86.36867979027583,
                32.36894628561247
              ],
              [
                -86.36867979027583,
                32.36894628656513
              ],
              [
                -86.368796,
                32.3690493
              ],
              [
                -86.368592,
                32.3691987
              ],
              [
                -86.3683221,
                32.3692975
              ],
              [
                -86.3680252,
                32.36931519999998
              ]
            ]
          ],
          [
            [
              [
                -86.3505285,
                32.37961839999998
              ],
              [
                -86.3505207,
                32.37928819999997
              ],
              [
                -86.350878,
                32.37928220000003
              ],
              [
                -86.3508857,
                32.37961239999997
              ],
              [
                -86.3505285,
                32.37961839999998
              ]
            ]
          ],
          [
            [
              [
                -86.34854319999998,
                32.38047919999999
              ],
              [
                -86.34871529999998,
                32.380476399999985
              ],
              [
                -86.34871879999999,
                32.38062929999999
              ],
              [
                -86.34854669999999,
                32.3806321
              ],
              [
                -86.34854319999998,
                32.38047919999999
              ]
            ]
          ],
          [
            [
              [
                -86.35015019999999,
                32.38180019999998
              ],
              [
                -86.35014909999997,
                32.381743599999986
              ],
              [
                -86.3500183,
                32.3817453
              ],
              [
                -86.3500119,
                32.3814045
              ],
              [
                -86.3511465,
                32.38138950000001
              ],
              [
                -86.3511506,
                32.38160950000001
              ],
              [
                -86.3512241,
                32.3816085
              ],
              [
                -86.3512256,
                32.381690599999985
              ],
              [
                -86.3511275,
                32.381691899999986
              ],
              [
                -86.3511282,
                32.381729
              ],
              [
                -86.3510617,
                32.3817299
              ],
              [
                -86.351064,
                32.381854
              ],
              [
                -86.35091829999999,
                32.381855899999984
              ],
              [
                -86.350916,
                32.3817319
              ],
              [
                -86.3504665,
                32.381737800000025
              ],
              [
                -86.3504676,
                32.381796
              ],
              [
                -86.35015019999999,
                32.38180019999998
              ]
            ]
          ],
          [
            [
              [
                -86.3576081,
                32.38508179999997
              ],
              [
                -86.3576031,
                32.38486379999997
              ],
              [
                -86.3577665,
                32.3848611
              ],
              [
                -86.3577714,
                32.3850792
              ],
              [
                -86.3576081,
                32.38508179999997
              ]
            ]
          ],
          [
            [
              [
                -86.35735539999999,
                32.385085899999986
              ],
              [
                -86.3573505,
                32.384867799999974
              ],
              [
                -86.3575138,
                32.384865199999986
              ],
              [
                -86.3575188,
                32.38508320000001
              ],
              [
                -86.35735539999999,
                32.385085899999986
              ]
            ]
          ],
          [
            [
              [
                -86.3571076,
                32.3850879
              ],
              [
                -86.3571026,
                32.384869899999984
              ],
              [
                -86.357266,
                32.3848672
              ],
              [
                -86.3572709,
                32.38508529999998
              ],
              [
                -86.3571076,
                32.3850879
              ]
            ]
          ],
          [
            [
              [
                -86.3565999,
                32.38509809999998
              ],
              [
                -86.3565949,
                32.38488
              ],
              [
                -86.3567583,
                32.3848774
              ],
              [
                -86.35676319999997,
                32.3850954
              ],
              [
                -86.3565999,
                32.38509809999998
              ]
            ]
          ],
          [
            [
              [
                -86.35685249999999,
                32.3850981
              ],
              [
                -86.35684759999998,
                32.38488
              ],
              [
                -86.3570109,
                32.3848774
              ],
              [
                -86.3570159,
                32.3850954
              ],
              [
                -86.35685249999999,
                32.3850981
              ]
            ]
          ],
          [
            [
              [
                -86.3370396,
                32.35836919999998
              ],
              [
                -86.33731029999998,
                32.35835270000001
              ],
              [
                -86.3373262,
                32.3584902
              ],
              [
                -86.3370519,
                32.3585067
              ],
              [
                -86.3370396,
                32.35836919999998
              ]
            ]
          ],
          [
            [
              [
                -86.3330842,
                32.3598188
              ],
              [
                -86.33375119999998,
                32.35991789999997
              ],
              [
                -86.33352659999998,
                32.360996
              ],
              [
                -86.3328598,
                32.3608969
              ],
              [
                -86.3330842,
                32.3598188
              ]
            ]
          ],
          [
            [
              [
                -86.33489179999998,
                32.361034
              ],
              [
                -86.3349195,
                32.3611433
              ],
              [
                -86.334938,
                32.3613047
              ],
              [
                -86.3349287,
                32.3614921
              ],
              [
                -86.334901,
                32.36159619999999
              ],
              [
                -86.3347531,
                32.3617887
              ],
              [
                -86.33458059999998,
                32.361916299999976
              ],
              [
                -86.33434950000002,
                32.3619631
              ],
              [
                -86.3340352,
                32.36198129999999
              ],
              [
                -86.3339058,
                32.3617757
              ],
              [
                -86.3338535,
                32.3615649
              ],
              [
                -86.3337703,
                32.36114849999997
              ],
              [
                -86.33385040000002,
                32.36104180000001
              ],
              [
                -86.33470379999999,
                32.3609846
              ],
              [
                -86.33489179999998,
                32.361034
              ]
            ]
          ],
          [
            [
              [
                -86.3421284,
                32.3631685
              ],
              [
                -86.341902,
                32.36315250000001
              ],
              [
                -86.3417412,
                32.3631181
              ],
              [
                -86.34162769999999,
                32.3630491
              ],
              [
                -86.3415366,
                32.362924
              ],
              [
                -86.34145539999999,
                32.3627518
              ],
              [
                -86.3414607,
                32.3626721
              ],
              [
                -86.3414621,
                32.362605
              ],
              [
                -86.342058,
                32.3625886
              ],
              [
                -86.34212709999998,
                32.3626341
              ],
              [
                -86.3421284,
                32.3631685
              ]
            ]
          ],
          [
            [
              [
                -86.29360629999998,
                32.358137
              ],
              [
                -86.29374259999999,
                32.3581789
              ],
              [
                -86.29389649999999,
                32.35820429999998
              ],
              [
                -86.293463,
                32.3582267
              ],
              [
                -86.29339463018113,
                32.35822789065085
              ],
              [
                -86.2929852484206,
                32.358253370832124
              ],
              [
                -86.29295329999998,
                32.35825659999998
              ],
              [
                -86.2929518419569,
                32.35825545007169
              ],
              [
                -86.29294099394536,
                32.35825612525882
              ],
              [
                -86.29292884872271,
                32.35825438831257
              ],
              [
                -86.29291843904524,
                32.35823877476539
              ],
              [
                -86.29307733223226,
                32.35802162032199
              ],
              [
                -86.2930807,
                32.358016
              ],
              [
                -86.29308524710365,
                32.35801080331013
              ],
              [
                -86.29312664157861,
                32.35795423075128
              ],
              [
                -86.29313271511833,
                32.35795655415046
              ],
              [
                -86.29314089999998,
                32.35794719999998
              ],
              [
                -86.29321995327088,
                32.35798992662528
              ],
              [
                -86.29338515964939,
                32.358053125415594
              ],
              [
                -86.29349062072781,
                32.35809372370574
              ],
              [
                -86.29360629999998,
                32.358137
              ]
            ]
          ],
          [
            [
              [
                -86.2980973,
                32.361360199999986
              ],
              [
                -86.2982737,
                32.36136149999996
              ],
              [
                -86.2984271,
                32.361362699999965
              ],
              [
                -86.29860019999998,
                32.361364099999975
              ],
              [
                -86.2985967,
                32.3616835
              ],
              [
                -86.29842369999999,
                32.3616822
              ],
              [
                -86.2983462,
                32.3616816
              ],
              [
                -86.29834250000002,
                32.3620143
              ],
              [
                -86.2984425,
                32.36201379999998
              ],
              [
                -86.29858659999998,
                32.362015
              ],
              [
                -86.29861359999998,
                32.36203959999999
              ],
              [
                -86.29861279999999,
                32.36231329999998
              ],
              [
                -86.29858,
                32.362338700000016
              ],
              [
                -86.29843879999999,
                32.36233749999999
              ],
              [
                -86.2982994,
                32.3623384
              ],
              [
                -86.2982661,
                32.3623099
              ],
              [
                -86.298232,
                32.362336599999985
              ],
              [
                -86.29809029999998,
                32.36233769999998
              ],
              [
                -86.2979469,
                32.3623371
              ],
              [
                -86.2979171,
                32.3623115
              ],
              [
                -86.297919,
                32.362011
              ],
              [
                -86.29786439999998,
                32.3620106
              ],
              [
                -86.29768879999999,
                32.3620092
              ],
              [
                -86.2976889,
                32.3617075
              ],
              [
                -86.2977398,
                32.3616769
              ],
              [
                -86.2977433,
                32.36135739999999
              ],
              [
                -86.2979243,
                32.36135879999998
              ],
              [
                -86.2980973,
                32.361360199999986
              ]
            ],
            [
              [
                -86.2980571,
                32.361679399999986
              ],
              [
                -86.2980535,
                32.362012
              ],
              [
                -86.2980929,
                32.3620124
              ],
              [
                -86.2981199,
                32.36201259999998
              ],
              [
                -86.29812349999999,
                32.3616799
              ],
              [
                -86.2980939,
                32.36167969999999
              ],
              [
                -86.2980571,
                32.361679399999986
              ]
            ]
          ],
          [
            [
              [
                -86.30513922706989,
                32.36264454887792
              ],
              [
                -86.30512285437553,
                32.3622598092386
              ],
              [
                -86.30563038274812,
                32.36226799581887
              ],
              [
                -86.30563038274812,
                32.3626410402498
              ],
              [
                -86.30513922706989,
                32.36264454887792
              ]
            ]
          ],
          [
            [
              [
                -86.2974672,
                32.3643295
              ],
              [
                -86.2973841,
                32.364318199999985
              ],
              [
                -86.2973958,
                32.364257
              ],
              [
                -86.29747890000002,
                32.3642683
              ],
              [
                -86.2974738,
                32.3642936
              ],
              [
                -86.2974716,
                32.3643049
              ],
              [
                -86.2974672,
                32.3643295
              ]
            ]
          ],
          [
            [
              [
                -86.2977187,
                32.3644738
              ],
              [
                -86.29771109999999,
                32.36446949999997
              ],
              [
                -86.2977093,
                32.36446189999998
              ],
              [
                -86.29771440000002,
                32.3644554
              ],
              [
                -86.29772339999998,
                32.3644539
              ],
              [
                -86.297731,
                32.36445819999996
              ],
              [
                -86.2977328,
                32.3644658
              ],
              [
                -86.29772769999998,
                32.3644723
              ],
              [
                -86.2977187,
                32.3644738
              ]
            ]
          ],
          [
            [
              [
                -86.2989589,
                32.36455609999999
              ],
              [
                -86.29895659999998,
                32.3645674
              ],
              [
                -86.2989548,
                32.36457570000002
              ],
              [
                -86.2988558,
                32.3645608
              ],
              [
                -86.2988564,
                32.3645525
              ],
              [
                -86.2988588,
                32.36454120000001
              ],
              [
                -86.29886170000002,
                32.3645327
              ],
              [
                -86.29896069999998,
                32.36454770000001
              ],
              [
                -86.2989589,
                32.36455609999999
              ]
            ]
          ],
          [
            [
              [
                -86.2979293,
                32.3650423
              ],
              [
                -86.2980214,
                32.36461079999999
              ],
              [
                -86.2991672,
                32.364785099999985
              ],
              [
                -86.2990751,
                32.3652167
              ],
              [
                -86.2979293,
                32.3650423
              ]
            ]
          ],
          [
            [
              [
                -86.29707869999999,
                32.3647589
              ],
              [
                -86.2971172,
                32.364760900000014
              ],
              [
                -86.2971198,
                32.364783
              ],
              [
                -86.29716469999998,
                32.3647834
              ],
              [
                -86.29716369999998,
                32.36481040000001
              ],
              [
                -86.2972112,
                32.36480959999999
              ],
              [
                -86.297212,
                32.364861
              ],
              [
                -86.2972332,
                32.3648606
              ],
              [
                -86.2974187,
                32.3648571
              ],
              [
                -86.2974222,
                32.3649854
              ],
              [
                -86.2972122,
                32.36498919999999
              ],
              [
                -86.29721539999998,
                32.3650373
              ],
              [
                -86.29712209999998,
                32.36503809999998
              ],
              [
                -86.29712309999998,
                32.365086599999984
              ],
              [
                -86.297338,
                32.365084
              ],
              [
                -86.2973474,
                32.36531750000001
              ],
              [
                -86.2967691,
                32.36532440000001
              ],
              [
                -86.296763,
                32.36509109999998
              ],
              [
                -86.2967965,
                32.36509109999999
              ],
              [
                -86.29690369999999,
                32.3650909
              ],
              [
                -86.2968957,
                32.3648095
              ],
              [
                -86.2969046,
                32.3648099
              ],
              [
                -86.29690449999998,
                32.364760399999966
              ],
              [
                -86.2969509,
                32.36476
              ],
              [
                -86.296949,
                32.364717
              ],
              [
                -86.2970753,
                32.364717699999986
              ],
              [
                -86.29707869999999,
                32.3647589
              ]
            ]
          ],
          [
            [
              [
                -86.3410548,
                32.36314030000002
              ],
              [
                -86.3414421,
                32.36313509999999
              ],
              [
                -86.34144509999999,
                32.36329949999998
              ],
              [
                -86.34105779999999,
                32.3633046
              ],
              [
                -86.3410548,
                32.36314030000002
              ]
            ]
          ],
          [
            [
              [
                -86.3303976489018,
                32.365727253347856
              ],
              [
                -86.3303976489018,
                32.36572725334699
              ],
              [
                -86.33040639999999,
                32.36572329999997
              ],
              [
                -86.3304678,
                32.36573660000001
              ],
              [
                -86.3306264,
                32.3654224
              ],
              [
                -86.33006429988207,
                32.36533844933418
              ],
              [
                -86.33005628233002,
                32.365346763803245
              ],
              [
                -86.33000069999999,
                32.36541380000002
              ],
              [
                -86.3299143,
                32.36530720000001
              ],
              [
                -86.3298859,
                32.36520320000001
              ],
              [
                -86.32990415389776,
                32.3650643580453
              ],
              [
                -86.3298992567858,
                32.36493410455923
              ],
              [
                -86.33023741152702,
                32.36498828376153
              ],
              [
                -86.3303976489018,
                32.365005681296225
              ],
              [
                -86.3303976489018,
                32.36500568127569
              ],
              [
                -86.33041439999998,
                32.36500749999998
              ],
              [
                -86.33054030002405,
                32.36503681260101
              ],
              [
                -86.33075287679857,
                32.365070871683045
              ],
              [
                -86.3309835,
                32.3650899
              ],
              [
                -86.33129596418593,
                32.365025425974196
              ],
              [
                -86.33129596418593,
                32.365025426057464
              ],
              [
                -86.33134939999998,
                32.3650144
              ],
              [
                -86.3316462,
                32.364853
              ],
              [
                -86.3317113,
                32.364993799999986
              ],
              [
                -86.3318007,
                32.3652307
              ],
              [
                -86.3318739,
                32.36550540000001
              ],
              [
                -86.33187460532594,
                32.365546573401986
              ],
              [
                -86.33193258624487,
                32.36575121035625
              ],
              [
                -86.3317245983638,
                32.36578605654356
              ],
              [
                -86.33169909999998,
                32.3657939
              ],
              [
                -86.331447,
                32.3658351
              ],
              [
                -86.33142994395531,
                32.365835422798234
              ],
              [
                -86.33141751202388,
                32.36583750563791
              ],
              [
                -86.33106917140785,
                32.36584237763291
              ],
              [
                -86.33104351148629,
                32.36584273631831
              ],
              [
                -86.33102981110231,
                32.3658429956082
              ],
              [
                -86.33092997925121,
                32.36584766087515
              ],
              [
                -86.33083480567244,
                32.36585210828744
              ],
              [
                -86.330722,
                32.36586489999998
              ],
              [
                -86.33067219999998,
                32.3658686
              ],
              [
                -86.33063571767686,
                32.36586447270687
              ],
              [
                -86.33063397448362,
                32.36586447270686
              ],
              [
                -86.33062737186629,
                32.36586447270687
              ],
              [
                -86.33062430548786,
                32.36586318163094
              ],
              [
                -86.3306227,
                32.365863
              ],
              [
                -86.3305758,
                32.36584840000001
              ],
              [
                -86.33054119999997,
                32.365830199999984
              ],
              [
                -86.3305109,
                32.36580719999997
              ],
              [
                -86.330486,
                32.3657799
              ],
              [
                -86.330463,
                32.3657688
              ],
              [
                -86.33043809999998,
                32.3657611
              ],
              [
                -86.33041479999999,
                32.365757399999985
              ],
              [
                -86.3303912,
                32.3657567
              ],
              [
                -86.3303855,
                32.3657463
              ],
              [
                -86.33038360000002,
                32.3657336
              ],
              [
                -86.3303976489018,
                32.365727253347856
              ]
            ]
          ],
          [
            [
              [
                -86.34358579999999,
                32.368356900000016
              ],
              [
                -86.343715,
                32.3683539
              ],
              [
                -86.34388310000001,
                32.3683539
              ],
              [
                -86.3438866,
                32.3685408
              ],
              [
                -86.3438884,
                32.3687635
              ],
              [
                -86.3438902,
                32.368896499999956
              ],
              [
                -86.34389549999999,
                32.3690041
              ],
              [
                -86.34389549999999,
                32.3690968
              ],
              [
                -86.343784,
                32.36909829999998
              ],
              [
                -86.34367779999998,
                32.36910119999999
              ],
              [
                -86.3436247,
                32.3690968
              ],
              [
                -86.34360529999998,
                32.36896819999997
              ],
              [
                -86.34360349999999,
                32.3687889
              ],
              [
                -86.3435964,
                32.36865729999999
              ],
              [
                -86.3435929,
                32.3684899
              ],
              [
                -86.34358579999999,
                32.368356900000016
              ]
            ]
          ],
          [
            [
              [
                -86.32476509999998,
                32.370261
              ],
              [
                -86.3245549,
                32.370259
              ],
              [
                -86.3243238,
                32.370259
              ],
              [
                -86.3243284,
                32.37013079999998
              ],
              [
                -86.3242957,
                32.3698646
              ],
              [
                -86.3242887,
                32.3696753
              ],
              [
                -86.3245036,
                32.369669399999985
              ],
              [
                -86.3247627,
                32.36966539999999
              ],
              [
                -86.3247604,
                32.36984489999997
              ],
              [
                -86.32477909999999,
                32.3700914
              ],
              [
                -86.32476509999998,
                32.370261
              ]
            ]
          ],
          [
            [
              [
                -86.2994999,
                32.36528419999998
              ],
              [
                -86.2994655,
                32.36527179999998
              ],
              [
                -86.29961839999999,
                32.36502939999997
              ],
              [
                -86.2996535,
                32.36504919999999
              ],
              [
                -86.29968129999999,
                32.3650759
              ],
              [
                -86.2997001,
                32.3651077
              ],
              [
                -86.2997086,
                32.3651426
              ],
              [
                -86.29970619999999,
                32.3651781
              ],
              [
                -86.2996999,
                32.3651942
              ],
              [
                -86.2997334,
                32.36521369999997
              ],
              [
                -86.29969889999998,
                32.36525679999998
              ],
              [
                -86.29967,
                32.3652418
              ],
              [
                -86.2996426,
                32.3652633
              ],
              [
                -86.2996101,
                32.365279
              ],
              [
                -86.2995742,
                32.3652879
              ],
              [
                -86.29953680000001,
                32.365289699999984
              ],
              [
                -86.2994999,
                32.36528419999998
              ]
            ]
          ],
          [
            [
              [
                -86.300718,
                32.36655910000001
              ],
              [
                -86.3009777,
                32.36656090000004
              ],
              [
                -86.3009762,
                32.36670919999999
              ],
              [
                -86.3007165,
                32.366707399999974
              ],
              [
                -86.300718,
                32.36655910000001
              ]
            ]
          ],
          [
            [
              [
                -86.29807193862545,
                32.366681345678835
              ],
              [
                -86.2982407048282,
                32.36682346487855
              ],
              [
                -86.29825970000002,
                32.3668373
              ],
              [
                -86.2982601391267,
                32.36683983063725
              ],
              [
                -86.29827476699596,
                32.366852148868254
              ],
              [
                -86.29826267022273,
                32.366854417056636
              ],
              [
                -86.29828879999998,
                32.367005
              ],
              [
                -86.29833653115539,
                32.36705881969645
              ],
              [
                -86.29837237793474,
                32.36700419713518
              ],
              [
                -86.29838134423024,
                32.36714765789665
              ],
              [
                -86.29843179999999,
                32.36727110000002
              ],
              [
                -86.29838947285494,
                32.367277715922164
              ],
              [
                -86.29839114913094,
                32.367304536344314
              ],
              [
                -86.29768534910039,
                32.367437812473426
              ],
              [
                -86.29767030420146,
                32.36738297256598
              ],
              [
                -86.29762949999999,
                32.36738959999998
              ],
              [
                -86.2976136,
                32.3673449
              ],
              [
                -86.29758709999999,
                32.3671817
              ],
              [
                -86.2977301,
                32.3669804
              ],
              [
                -86.29788629999999,
                32.3668261
              ],
              [
                -86.29806109999998,
                32.366669499999986
              ],
              [
                -86.29807193862545,
                32.366681345678835
              ]
            ]
          ],
          [
            [
              [
                -86.2954908,
                32.373125
              ],
              [
                -86.2954331,
                32.373125
              ],
              [
                -86.29542,
                32.3729455
              ],
              [
                -86.29568749999999,
                32.372941099999984
              ],
              [
                -86.2956928,
                32.3731201
              ],
              [
                -86.2954908,
                32.373125
              ]
            ]
          ],
          [
            [
              [
                -86.29391213809599,
                32.37298630047103
              ],
              [
                -86.294048,
                32.37298629999999
              ],
              [
                -86.29407579999999,
                32.3730228
              ],
              [
                -86.29421180000001,
                32.3730594
              ],
              [
                -86.2944836,
                32.3731064
              ],
              [
                -86.29469989999998,
                32.37309590000001
              ],
              [
                -86.2948266,
                32.3730959
              ],
              [
                -86.29490380000001,
                32.37310369999999
              ],
              [
                -86.2949564,
                32.3731481
              ],
              [
                -86.29496869999998,
                32.3732734
              ],
              [
                -86.2930717,
                32.3732446
              ],
              [
                -86.2930933,
                32.3730046
              ],
              [
                -86.29312729999998,
                32.3729863
              ],
              [
                -86.29391213809599,
                32.3729863
              ],
              [
                -86.29391213809599,
                32.37298630047103
              ]
            ]
          ],
          [
            [
              [
                -86.299857,
                32.3782243
              ],
              [
                -86.29984789999999,
                32.3782032
              ],
              [
                -86.2998317,
                32.378187599999976
              ],
              [
                -86.29978649999997,
                32.3773717
              ],
              [
                -86.2997946,
                32.3773493
              ],
              [
                -86.29981759999998,
                32.3773111
              ],
              [
                -86.2998256,
                32.37727219999998
              ],
              [
                -86.2997956,
                32.376676199999984
              ],
              [
                -86.301089,
                32.376630200000015
              ],
              [
                -86.3012153,
                32.3788149
              ],
              [
                -86.299912,
                32.378870900000024
              ],
              [
                -86.2999091,
                32.37881329999998
              ],
              [
                -86.2998897,
                32.3788141
              ],
              [
                -86.299857,
                32.3782243
              ]
            ]
          ],
          [
            [
              [
                -86.3091794,
                32.3777887
              ],
              [
                -86.30905639999999,
                32.3778801
              ],
              [
                -86.308931,
                32.3779619
              ],
              [
                -86.3089208,
                32.37756829999997
              ],
              [
                -86.3089459,
                32.377577
              ],
              [
                -86.3090484,
                32.3776213
              ],
              [
                -86.30915549999999,
                32.37767130000002
              ],
              [
                -86.30925809999998,
                32.3777262
              ],
              [
                -86.3091794,
                32.3777887
              ]
            ]
          ],
          [
            [
              [
                -86.3083239,
                32.3775952
              ],
              [
                -86.30841340000002,
                32.3775912
              ],
              [
                -86.3084273,
                32.3778897
              ],
              [
                -86.3084352,
                32.3780213
              ],
              [
                -86.30834929999999,
                32.3780257
              ],
              [
                -86.3083399,
                32.377901
              ],
              [
                -86.3083239,
                32.3775952
              ]
            ]
          ],
          [
            [
              [
                -86.3309694130612,
                32.374376471469056
              ],
              [
                -86.33093979999998,
                32.3742487
              ],
              [
                -86.3309291,
                32.373986
              ],
              [
                -86.3310685,
                32.3738138
              ],
              [
                -86.33129596418593,
                32.37359608730762
              ],
              [
                -86.33129596418593,
                32.373596087665405
              ],
              [
                -86.33139039999999,
                32.3735057
              ],
              [
                -86.33166939999998,
                32.373474
              ],
              [
                -86.33178254924536,
                32.373479216372004
              ],
              [
                -86.33179016194983,
                32.37347845505562
              ],
              [
                -86.33191541404989,
                32.373469509277584
              ],
              [
                -86.33201382538759,
                32.37346950776023
              ],
              [
                -86.3320719769292,
                32.37481148670978
              ],
              [
                -86.33204513796345,
                32.37482490707387
              ],
              [
                -86.33130722316152,
                32.37491558343503
              ],
              [
                -86.33098944772304,
                32.37495463134077
              ],
              [
                -86.3309892473987,
                32.37494881755263
              ],
              [
                -86.3309694130612,
                32.374376471469056
              ]
            ]
          ],
          [
            [
              [
                -86.31726939304873,
                32.37884906079634
              ],
              [
                -86.31721167180014,
                32.378521979499666
              ],
              [
                -86.31703209857483,
                32.37825902920656
              ],
              [
                -86.31673708195406,
                32.3780024941143
              ],
              [
                -86.3163843440847,
                32.37789987957003
              ],
              [
                -86.31623550886387,
                32.3778540843343
              ],
              [
                -86.3160555,
                32.3778318
              ],
              [
                -86.3160522683607,
                32.37779770290798
              ],
              [
                -86.31596747369058,
                32.377771612363794
              ],
              [
                -86.3169625602815,
                32.37775023810839
              ],
              [
                -86.3172172,
                32.3777419
              ],
              [
                -86.3181779,
                32.377721
              ],
              [
                -86.319658,
                32.37768849999998
              ],
              [
                -86.32113169999998,
                32.37764739999999
              ],
              [
                -86.32113181193908,
                32.37766068343985
              ],
              [
                -86.3213418955078,
                32.37765617088799
              ],
              [
                -86.32147016415058,
                32.37798325455997
              ],
              [
                -86.32080317134034,
                32.37802814659421
              ],
              [
                -86.31996943055209,
                32.37811152146576
              ],
              [
                -86.31943711766081,
                32.378175655229754
              ],
              [
                -86.318975355757,
                32.37826544211938
              ],
              [
                -86.31814161317213,
                32.37848349833219
              ],
              [
                -86.31726939304873,
                32.37884906079634
              ]
            ]
          ],
          [
            [
              [
                -86.31262692032162,
                32.383826001331414
              ],
              [
                -86.31278619162151,
                32.38390563774379
              ],
              [
                -86.31290564599472,
                32.38403836367727
              ],
              [
                -86.31298528164466,
                32.3841578168507
              ],
              [
                -86.31307819080124,
                32.38450290594332
              ],
              [
                -86.31311800862622,
                32.384901085077885
              ],
              [
                -86.31140583766098,
                32.38487454016032
              ],
              [
                -86.31132620201105,
                32.38398527256865
              ],
              [
                -86.31137929244434,
                32.38360036811527
              ],
              [
                -86.31140000669649,
                32.38353082475387
              ],
              [
                -86.31143459452984,
                32.38341471243721
              ],
              [
                -86.31146634349956,
                32.38330812622958
              ],
              [
                -86.3114584,
                32.383300300000016
              ],
              [
                -86.31148383464223,
                32.383249405755144
              ],
              [
                -86.31156510985917,
                32.382976552266484
              ],
              [
                -86.31164028717038,
                32.382896006212775
              ],
              [
                -86.3119684219807,
                32.38254443389077
              ],
              [
                -86.31212256120536,
                32.38237928383775
              ],
              [
                -86.3123802537244,
                32.38221879445679
              ],
              [
                -86.31293921145848,
                32.38187067188512
              ],
              [
                -86.3132191,
                32.381682
              ],
              [
                -86.3132493,
                32.38166169999999
              ],
              [
                -86.3132866,
                32.3816366
              ],
              [
                -86.3132917,
                32.38163169999998
              ],
              [
                -86.31330374220721,
                32.38164363918452
              ],
              [
                -86.31363564124912,
                32.38143692562989
              ],
              [
                -86.31371455153865,
                32.381521906787256
              ],
              [
                -86.3139797,
                32.3813432
              ],
              [
                -86.3140065,
                32.38138969999997
              ],
              [
                -86.3139725,
                32.3816726
              ],
              [
                -86.3140271,
                32.38170789999999
              ],
              [
                -86.31397034706892,
                32.381797379578614
              ],
              [
                -86.31398072996382,
                32.38180856032128
              ],
              [
                -86.31390268073868,
                32.38190813972132
              ],
              [
                -86.31388913669662,
                32.381925420012074
              ],
              [
                -86.3136168,
                32.3823548
              ],
              [
                -86.31361619999998,
                32.3824026
              ],
              [
                -86.3133413,
                32.38281709999998
              ],
              [
                -86.3133169,
                32.38291610000001
              ],
              [
                -86.3132388,
                32.383224
              ],
              [
                -86.3131632,
                32.383204
              ],
              [
                -86.3131235,
                32.38330689999998
              ],
              [
                -86.31310847391141,
                32.38332523285608
              ],
              [
                -86.31309146251124,
                32.38341454933565
              ],
              [
                -86.31293219121136,
                32.38353400333391
              ],
              [
                -86.31287796530758,
                32.383539167198755
              ],
              [
                -86.31265346643659,
                32.38356054788681
              ],
              [
                -86.3126275668745,
                32.383551914705656
              ],
              [
                -86.31259559999998,
                32.383554
              ],
              [
                -86.3124815,
                32.38353469999997
              ],
              [
                -86.31235959999998,
                32.383504099999975
              ],
              [
                -86.31220939999999,
                32.383436199999984
              ],
              [
                -86.31197983583627,
                32.38336518679614
              ],
              [
                -86.31195486999633,
                32.38336206626758
              ],
              [
                -86.31195001550054,
                32.38336145937766
              ],
              [
                -86.3116978359424,
                32.38338800398123
              ],
              [
                -86.31157838246749,
                32.383547275990665
              ],
              [
                -86.31157838246749,
                32.3836932743273
              ],
              [
                -86.31176419988233,
                32.383839273945235
              ],
              [
                -86.31185710814057,
                32.383865819167056
              ],
              [
                -86.31202965204878,
                32.383865819925695
              ],
              [
                -86.31224201378195,
                32.38385254579851
              ],
              [
                -86.31240128598014,
                32.38381272871566
              ],
              [
                -86.31262692032162,
                32.383826001331414
              ]
            ]
          ],
          [
            [
              [
                -86.339907,
                32.3834032
              ],
              [
                -86.3400092,
                32.383355199999976
              ],
              [
                -86.3401318,
                32.3835414
              ],
              [
                -86.34002959999998,
                32.3835894
              ],
              [
                -86.339907,
                32.3834032
              ]
            ]
          ],
          [
            [
              [
                -86.30184189999999,
                32.3784036
              ],
              [
                -86.30172789999999,
                32.37850169999998
              ],
              [
                -86.30155979999998,
                32.378516799999986
              ],
              [
                -86.3015173,
                32.378554499999986
              ],
              [
                -86.3015062,
                32.3786432
              ],
              [
                -86.30145909999999,
                32.37864640000002
              ],
              [
                -86.30142559999999,
                32.37782149999996
              ],
              [
                -86.30210049999998,
                32.3777894
              ],
              [
                -86.3021011,
                32.3779955
              ],
              [
                -86.3020832,
                32.3780974
              ],
              [
                -86.3020743,
                32.3781691
              ],
              [
                -86.3020273,
                32.3782469
              ],
              [
                -86.3019938,
                32.3782809
              ],
              [
                -86.3018904,
                32.378199
              ],
              [
                -86.30175189999999,
                32.378331199999984
              ],
              [
                -86.30184189999999,
                32.3784036
              ]
            ]
          ],
          [
            [
              [
                -86.3074428,
                32.3787551
              ],
              [
                -86.30745679999998,
                32.3790885
              ],
              [
                -86.3074707,
                32.37940720000001
              ],
              [
                -86.3074812,
                32.3797052
              ],
              [
                -86.30733449999998,
                32.37971109999998
              ],
              [
                -86.3071912,
                32.3797258
              ],
              [
                -86.3071773,
                32.37962249999998
              ],
              [
                -86.3071493,
                32.37936
              ],
              [
                -86.30714230000001,
                32.37910620000001
              ],
              [
                -86.30711789999998,
                32.3787669
              ],
              [
                -86.3072401,
                32.37876390000002
              ],
              [
                -86.3074428,
                32.3787551
              ]
            ]
          ],
          [
            [
              [
                -86.2927238,
                32.3790487
              ],
              [
                -86.29301382281187,
                32.379035141513306
              ],
              [
                -86.29301382281187,
                32.37903514122257
              ],
              [
                -86.29323930000001,
                32.3790246
              ],
              [
                -86.293303,
                32.3799966
              ],
              [
                -86.29278739999998,
                32.38002070000001
              ],
              [
                -86.2927238,
                32.3790487
              ]
            ]
          ],
          [
            [
              [
                -86.3082506,
                32.381482200000015
              ],
              [
                -86.308184,
                32.3814834
              ],
              [
                -86.3081778,
                32.38122949999999
              ],
              [
                -86.30889149999999,
                32.3812171
              ],
              [
                -86.30890829999998,
                32.3819067
              ],
              [
                -86.30782910000002,
                32.3819254
              ],
              [
                -86.3078262,
                32.3818072
              ],
              [
                -86.30825849999998,
                32.38179959999999
              ],
              [
                -86.3082506,
                32.381482200000015
              ]
            ]
          ],
          [
            [
              [
                -86.2854389,
                32.31629069999999
              ],
              [
                -86.2854651,
                32.316346799999984
              ],
              [
                -86.2854865,
                32.3164182
              ],
              [
                -86.28549589999999,
                32.31647489999999
              ],
              [
                -86.2855006,
                32.3165809
              ],
              [
                -86.2849166,
                32.316582
              ],
              [
                -86.284883,
                32.31656610000001
              ],
              [
                -86.2848388,
                32.3165338
              ],
              [
                -86.28479249999998,
                32.3164907
              ],
              [
                -86.28478910000001,
                32.3160374
              ],
              [
                -86.28497889999998,
                32.3160363
              ],
              [
                -86.2850728,
                32.3160419
              ],
              [
                -86.28515059999998,
                32.31605610000001
              ],
              [
                -86.28521489999999,
                32.3160759
              ],
              [
                -86.2852726,
                32.31610819999999
              ],
              [
                -86.285335,
                32.316153
              ],
              [
                -86.2854007,
                32.31622330000001
              ],
              [
                -86.2854389,
                32.31629069999999
              ]
            ]
          ],
          [
            [
              [
                -86.2845954,
                32.31721610000001
              ],
              [
                -86.28450749999999,
                32.3171985
              ],
              [
                -86.2844358,
                32.317176399999965
              ],
              [
                -86.2843727,
                32.31714809999998
              ],
              [
                -86.2843265,
                32.3171226
              ],
              [
                -86.2842661,
                32.317082899999974
              ],
              [
                -86.28421649999999,
                32.3170404
              ],
              [
                -86.2841709,
                32.31699339999999
              ],
              [
                -86.2841327,
                32.3169407
              ],
              [
                -86.2841079,
                32.3168937
              ],
              [
                -86.28408169999999,
                32.31684149999999
              ],
              [
                -86.2840676,
                32.31679050000002
              ],
              [
                -86.2840569,
                32.3167361
              ],
              [
                -86.28405349999998,
                32.3166874
              ],
              [
                -86.28405290000002,
                32.3166494
              ],
              [
                -86.2840569,
                32.31660639999998
              ],
              [
                -86.284698,
                32.31657689999998
              ],
              [
                -86.2847328,
                32.3165911
              ],
              [
                -86.2847663,
                32.3166115
              ],
              [
                -86.28479379999999,
                32.3166358
              ],
              [
                -86.28481189999998,
                32.316671
              ],
              [
                -86.284771,
                32.31717529999999
              ],
              [
                -86.28472209999998,
                32.317189499999984
              ],
              [
                -86.2847006,
                32.31722059999998
              ],
              [
                -86.28466439999998,
                32.3172223
              ],
              [
                -86.2845954,
                32.31721610000001
              ]
            ]
          ],
          [
            [
              [
                -86.2855502,
                32.3169628
              ],
              [
                -86.2855241,
                32.317005899999984
              ],
              [
                -86.28549659999999,
                32.3170404
              ],
              [
                -86.2854684,
                32.31707049999997
              ],
              [
                -86.28542549999999,
                32.31711069999998
              ],
              [
                -86.28537649999998,
                32.3171453
              ],
              [
                -86.2853303,
                32.3171725
              ],
              [
                -86.285278,
                32.31719739999998
              ],
              [
                -86.2852223,
                32.3172184
              ],
              [
                -86.2851626,
                32.31723479999999
              ],
              [
                -86.2850963,
                32.317245
              ],
              [
                -86.2850305,
                32.317249
              ],
              [
                -86.2849742,
                32.31724559999998
              ],
              [
                -86.2849534,
                32.316931099999984
              ],
              [
                -86.2849561,
                32.3167271
              ],
              [
                -86.2850077,
                32.31669309999999
              ],
              [
                -86.28524779999998,
                32.31670159999999
              ],
              [
                -86.28560649999999,
                32.316739
              ],
              [
                -86.28560649999999,
                32.3167781
              ],
              [
                -86.2855978,
                32.31682449999999
              ],
              [
                -86.28558779999999,
                32.3168727
              ],
              [
                -86.285573,
                32.31691690000001
              ],
              [
                -86.2855502,
                32.3169628
              ]
            ]
          ],
          [
            [
              [
                -86.2836817,
                32.34779629999998
              ],
              [
                -86.2837061,
                32.347868399999975
              ],
              [
                -86.2837163,
                32.34793449999999
              ],
              [
                -86.2837153,
                32.3479921
              ],
              [
                -86.2836817,
                32.3481037
              ],
              [
                -86.2836421,
                32.348166399999975
              ],
              [
                -86.28305769999999,
                32.3481724
              ],
              [
                -86.28297739999998,
                32.3481097
              ],
              [
                -86.2829723,
                32.34761169999999
              ],
              [
                -86.2830617,
                32.347573899999965
              ],
              [
                -86.28314510000001,
                32.3475516
              ],
              [
                -86.28321829999999,
                32.347543
              ],
              [
                -86.2833077,
                32.34754809999998
              ],
              [
                -86.28341039999998,
                32.34757049999998
              ],
              [
                -86.2834764,
                32.347597100000016
              ],
              [
                -86.28352930000001,
                32.347627099999976
              ],
              [
                -86.2835821,
                32.3476649
              ],
              [
                -86.283639,
                32.3477276
              ],
              [
                -86.2836817,
                32.34779629999998
              ]
            ]
          ],
          [
            [
              [
                -86.2799511,
                32.3355981
              ],
              [
                -86.2800708,
                32.3355963
              ],
              [
                -86.28007519999998,
                32.3358102
              ],
              [
                -86.2799555,
                32.335812
              ],
              [
                -86.2799511,
                32.3355981
              ]
            ]
          ],
          [
            [
              [
                -86.279956,
                32.3359187
              ],
              [
                -86.2800757,
                32.33591689999999
              ],
              [
                -86.2800801,
                32.336130799999985
              ],
              [
                -86.2799604,
                32.3361326
              ],
              [
                -86.279956,
                32.3359187
              ]
            ]
          ],
          [
            [
              [
                -86.27059960000001,
                32.3370671
              ],
              [
                -86.27077340000001,
                32.33706439999999
              ],
              [
                -86.27077289999998,
                32.3372089
              ],
              [
                -86.2707716,
                32.3372161
              ],
              [
                -86.270772,
                32.33722289999998
              ],
              [
                -86.27077749999998,
                32.3372227
              ],
              [
                -86.2707773,
                32.337225299999986
              ],
              [
                -86.2707518,
                32.3372679
              ],
              [
                -86.2707405,
                32.3372783
              ],
              [
                -86.2707212,
                32.3372875
              ],
              [
                -86.27044610000002,
                32.3372885
              ],
              [
                -86.27044779999999,
                32.33719519999997
              ],
              [
                -86.2704479,
                32.33706629999997
              ],
              [
                -86.27059960000001,
                32.3370671
              ]
            ]
          ],
          [
            [
              [
                -86.27617389999999,
                32.3377084
              ],
              [
                -86.2762971,
                32.33770280000001
              ],
              [
                -86.27631189999998,
                32.337934599999976
              ],
              [
                -86.27618860000001,
                32.33794019999998
              ],
              [
                -86.27617389999999,
                32.3377084
              ]
            ]
          ],
          [
            [
              [
                -86.2639636,
                32.3433464
              ],
              [
                -86.26383439999998,
                32.3433521
              ],
              [
                -86.2633912,
                32.3433736
              ],
              [
                -86.26336180000001,
                32.343371899999966
              ],
              [
                -86.2633445,
                32.3433633
              ],
              [
                -86.2633272,
                32.34335389999998
              ],
              [
                -86.263312,
                32.3433427
              ],
              [
                -86.26330379999999,
                32.3433255
              ],
              [
                -86.2633008,
                32.34330829999998
              ],
              [
                -86.26330379999999,
                32.34329029999996
              ],
              [
                -86.263315,
                32.343280899999975
              ],
              [
                -86.2633181,
                32.3432714
              ],
              [
                -86.263312,
                32.3427893
              ],
              [
                -86.26334739999999,
                32.342788
              ],
              [
                -86.2633982,
                32.34278539999998
              ],
              [
                -86.2634337,
                32.34278409999998
              ],
              [
                -86.26348909999999,
                32.3427815
              ],
              [
                -86.2635184,
                32.34278020000002
              ],
              [
                -86.26354919999999,
                32.342780199999986
              ],
              [
                -86.2636262,
                32.3427802
              ],
              [
                -86.2636832,
                32.342785399999975
              ],
              [
                -86.263731,
                32.3428036
              ],
              [
                -86.26379879999999,
                32.3428362
              ],
              [
                -86.26385109999998,
                32.3428765
              ],
              [
                -86.2638974,
                32.34292209999999
              ],
              [
                -86.263922,
                32.3429794
              ],
              [
                -86.2639436,
                32.343044399999975
              ],
              [
                -86.26394970000001,
                32.34308609999998
              ],
              [
                -86.2639513,
                32.34313029999998
              ],
              [
                -86.2639544,
                32.3431772
              ],
              [
                -86.2639574,
                32.343221399999976
              ],
              [
                -86.2639636,
                32.3433464
              ]
            ]
          ],
          [
            [
              [
                -86.2641734,
                32.34275109999999
              ],
              [
                -86.2647548,
                32.3427427
              ],
              [
                -86.2647751,
                32.343735
              ],
              [
                -86.2641937,
                32.3437435
              ],
              [
                -86.2641734,
                32.34275109999999
              ]
            ]
          ],
          [
            [
              [
                -86.2637774,
                32.34378269999995
              ],
              [
                -86.26381630000002,
                32.3438058
              ],
              [
                -86.2638402,
                32.3438208
              ],
              [
                -86.2638685,
                32.3438387
              ],
              [
                -86.2638915,
                32.343859699999975
              ],
              [
                -86.26390726165273,
                32.34387431117003
              ],
              [
                -86.26390726165585,
                32.34387431117003
              ],
              [
                -86.2639189,
                32.34388509999998
              ],
              [
                -86.2639393,
                32.34391719999997
              ],
              [
                -86.26395259999998,
                32.343965800000014
              ],
              [
                -86.26394989999999,
                32.3440129
              ],
              [
                -86.2639455,
                32.34406
              ],
              [
                -86.26394459999999,
                32.3441191
              ],
              [
                -86.2635287,
                32.3441138
              ],
              [
                -86.263481,
                32.3440749
              ],
              [
                -86.26347480000001,
                32.3437602
              ],
              [
                -86.26354469999998,
                32.343755
              ],
              [
                -86.2635721,
                32.343755
              ],
              [
                -86.2636137,
                32.34375579999998
              ],
              [
                -86.26365259999999,
                32.34375729999997
              ],
              [
                -86.26370219999998,
                32.3437655
              ],
              [
                -86.26374459999998,
                32.3437729
              ],
              [
                -86.2637774,
                32.34378269999995
              ]
            ]
          ],
          [
            [
              [
                -86.27364879999999,
                32.349913
              ],
              [
                -86.27365130000001,
                32.35001479999998
              ],
              [
                -86.27341,
                32.3500189
              ],
              [
                -86.2734075,
                32.3499172
              ],
              [
                -86.27364879999999,
                32.349913
              ]
            ]
          ],
          [
            [
              [
                -86.29198636686932,
                32.34871129327812
              ],
              [
                -86.29172224690446,
                32.347811857162455
              ],
              [
                -86.29259669844303,
                32.34779758053143
              ],
              [
                -86.2925467305537,
                32.34830440486653
              ],
              [
                -86.29246463890976,
                32.34854711048174
              ],
              [
                -86.2922326409028,
                32.3491324578001
              ],
              [
                -86.2921933800333,
                32.34915744229319
              ],
              [
                -86.29215768817043,
                32.349157442293205
              ],
              [
                -86.29212556711083,
                32.349118180618525
              ],
              [
                -86.29198636686932,
                32.34871129327812
              ]
            ]
          ],
          [
            [
              [
                -86.282702,
                32.3482759
              ],
              [
                -86.28384049999998,
                32.34828819999998
              ],
              [
                -86.2838316,
                32.34888019999999
              ],
              [
                -86.2826931,
                32.348868
              ],
              [
                -86.282702,
                32.3482759
              ]
            ]
          ],
          [
            [
              [
                -86.28272880000002,
                32.34899559999999
              ],
              [
                -86.2828545,
                32.34900849999997
              ],
              [
                -86.2828243,
                32.34921840000001
              ],
              [
                -86.28269849999998,
                32.34920539999997
              ],
              [
                -86.28272880000002,
                32.34899559999999
              ]
            ]
          ],
          [
            [
              [
                -86.2828737,
                32.34901349999997
              ],
              [
                -86.28299939999998,
                32.3490264
              ],
              [
                -86.2829692,
                32.3492363
              ],
              [
                -86.2828434,
                32.34922329999996
              ],
              [
                -86.2828737,
                32.34901349999997
              ]
            ]
          ],
          [
            [
              [
                -86.2087161,
                32.3370546
              ],
              [
                -86.2088313,
                32.33705459999999
              ],
              [
                -86.208833,
                32.3372738
              ],
              [
                -86.20871769999997,
                32.33727239999999
              ],
              [
                -86.2087161,
                32.3370546
              ]
            ]
          ],
          [
            [
              [
                -86.20840409999998,
                32.33705609999997
              ],
              [
                -86.2085194,
                32.33705609999996
              ],
              [
                -86.20852109999998,
                32.3372752
              ],
              [
                -86.20840579999998,
                32.3372738
              ],
              [
                -86.20840409999998,
                32.33705609999997
              ]
            ]
          ],
          [
            [
              [
                -86.20855840000002,
                32.3370561
              ],
              [
                -86.2086737,
                32.3370561
              ],
              [
                -86.2086754,
                32.3372752
              ],
              [
                -86.2085601,
                32.33727380000002
              ],
              [
                -86.20855840000002,
                32.3370561
              ]
            ]
          ],
          [
            [
              [
                -86.2160275,
                32.3388235
              ],
              [
                -86.21596639999999,
                32.3388751
              ],
              [
                -86.2155899,
                32.3388729
              ],
              [
                -86.2148826,
                32.338845
              ],
              [
                -86.21488520000001,
                32.33852679999998
              ],
              [
                -86.2149182,
                32.3383678
              ],
              [
                -86.21502,
                32.3382152
              ],
              [
                -86.2151752,
                32.338069
              ],
              [
                -86.2152185,
                32.3380346
              ],
              [
                -86.2154067,
                32.3379529
              ],
              [
                -86.2156204,
                32.33791419999998
              ],
              [
                -86.2158011,
                32.3379078
              ],
              [
                -86.21592829999999,
                32.3379379
              ],
              [
                -86.2159639,
                32.3379938
              ],
              [
                -86.2160122,
                32.3385204
              ],
              [
                -86.2160275,
                32.3388235
              ]
            ]
          ],
          [
            [
              [
                -86.2482262,
                32.3323696
              ],
              [
                -86.2481448,
                32.3323765
              ],
              [
                -86.2480737,
                32.3323782
              ],
              [
                -86.2479761,
                32.3323714
              ],
              [
                -86.24789319999998,
                32.332352499999985
              ],
              [
                -86.24780169999998,
                32.332335300000025
              ],
              [
                -86.2477305,
                32.3323044
              ],
              [
                -86.2476716,
                32.3322786
              ],
              [
                -86.2476187,
                32.33224939999999
              ],
              [
                -86.2475659,
                32.332221899999986
              ],
              [
                -86.2475191,
                32.3321824
              ],
              [
                -86.2474683,
                32.3321412
              ],
              [
                -86.24742559999999,
                32.3321
              ],
              [
                -86.247387,
                32.3320553
              ],
              [
                -86.2473484,
                32.3319969
              ],
              [
                -86.2473159,
                32.33194019999998
              ],
              [
                -86.2472935,
                32.3318939
              ],
              [
                -86.24726910000001,
                32.33182690000001
              ],
              [
                -86.24725489999999,
                32.33176679999996
              ],
              [
                -86.2472467,
                32.331717
              ],
              [
                -86.24785449999999,
                32.3314233
              ],
              [
                -86.24821839999998,
                32.33133739999998
              ],
              [
                -86.2483607,
                32.3314061
              ],
              [
                -86.24845620000002,
                32.3317101
              ],
              [
                -86.2484644,
                32.33230949999999
              ],
              [
                -86.24837049999998,
                32.3323387
              ],
              [
                -86.24828709999998,
                32.3323576
              ],
              [
                -86.2482262,
                32.3323696
              ]
            ]
          ],
          [
            [
              [
                -86.2482657,
                32.33307890000001
              ],
              [
                -86.24821489999998,
                32.33307109999998
              ],
              [
                -86.24816709999999,
                32.3330554
              ],
              [
                -86.2481301,
                32.33304239999998
              ],
              [
                -86.2480824,
                32.3330216
              ],
              [
                -86.2480531,
                32.3330099
              ],
              [
                -86.2480162,
                32.3329917
              ],
              [
                -86.2479823,
                32.3329708
              ],
              [
                -86.2479592,
                32.33295
              ],
              [
                -86.2479283,
                32.33292789999999
              ],
              [
                -86.24790059999998,
                32.332907
              ],
              [
                -86.2478713,
                32.3328771
              ],
              [
                -86.2478559,
                32.3328524
              ],
              [
                -86.2478328,
                32.33281980000001
              ],
              [
                -86.2478005,
                32.3327782
              ],
              [
                -86.24778659999998,
                32.3327482
              ],
              [
                -86.24776809999999,
                32.3327001
              ],
              [
                -86.2477543,
                32.33266359999998
              ],
              [
                -86.24774659999999,
                32.33261549999998
              ],
              [
                -86.24773729999998,
                32.3325673
              ],
              [
                -86.2481178,
                32.33248659999999
              ],
              [
                -86.24841509999999,
                32.3324684
              ],
              [
                -86.248466,
                32.332509
              ],
              [
                -86.2484829,
                32.332755
              ],
              [
                -86.2484475,
                32.3330895
              ],
              [
                -86.2484059,
                32.3330893
              ],
              [
                -86.2483289,
                32.33308670000001
              ],
              [
                -86.2482657,
                32.33307890000001
              ]
            ]
          ],
          [
            [
              [
                -86.2588491,
                32.349515
              ],
              [
                -86.2594168,
                32.3495082
              ],
              [
                -86.2594336,
                32.350495599999974
              ],
              [
                -86.2588658,
                32.35050239999997
              ],
              [
                -86.2588491,
                32.349515
              ]
            ]
          ],
          [
            [
              [
                -86.26011329999999,
                32.3501125
              ],
              [
                -86.2602297,
                32.35011209999998
              ],
              [
                -86.2602308,
                32.350329399999985
              ],
              [
                -86.2601144,
                32.3503299
              ],
              [
                -86.26011329999999,
                32.3501125
              ]
            ]
          ],
          [
            [
              [
                -86.21509059999998,
                32.3400272
              ],
              [
                -86.21507409999998,
                32.3390116
              ],
              [
                -86.2156313,
                32.3390051
              ],
              [
                -86.21564779999999,
                32.3400208
              ],
              [
                -86.21509059999998,
                32.3400272
              ]
            ]
          ],
          [
            [
              [
                -86.2160173,
                32.3392899
              ],
              [
                -86.2166839,
                32.33928559999998
              ],
              [
                -86.21668139999998,
                32.33936089999999
              ],
              [
                -86.21667369999999,
                32.33946409999999
              ],
              [
                -86.21660759999999,
                32.339618799999975
              ],
              [
                -86.21646770000001,
                32.3397521
              ],
              [
                -86.2163125,
                32.3398488
              ],
              [
                -86.21615979999999,
                32.339894
              ],
              [
                -86.21598430000002,
                32.33990469999997
              ],
              [
                -86.21596639999999,
                32.33933939999998
              ],
              [
                -86.2160173,
                32.3392899
              ]
            ]
          ],
          [
            [
              [
                -86.20716782222173,
                32.341871231700786
              ],
              [
                -86.20712974982334,
                32.34179509046158
              ],
              [
                -86.20712975072165,
                32.34153810732924
              ],
              [
                -86.20715160044432,
                32.34132506984039
              ],
              [
                -86.2071678213234,
                32.34116691197788
              ],
              [
                -86.20949969329075,
                32.34146196429178
              ],
              [
                -86.20949869077089,
                32.34161132677793
              ],
              [
                -86.209490174742,
                32.3428801238251
              ],
              [
                -86.20826237358135,
                32.34256603547937
              ],
              [
                -86.208005392528,
                32.34248989178895
              ],
              [
                -86.20770082052756,
                32.34233760649279
              ],
              [
                -86.20745335712466,
                32.3422614641281
              ],
              [
                -86.20730107202277,
                32.342137731984685
              ],
              [
                -86.20723444667308,
                32.342004481561375
              ],
              [
                -86.20716782222173,
                32.341871231700786
              ]
            ]
          ],
          [
            [
              [
                -86.2174452,
                32.34801980000001
              ],
              [
                -86.21756229999998,
                32.34801310000001
              ],
              [
                -86.2175797,
                32.34822850000001
              ],
              [
                -86.21746270000001,
                32.34823529999998
              ],
              [
                -86.2174452,
                32.34801980000001
              ]
            ]
          ],
          [
            [
              [
                -86.2598784,
                32.350441
              ],
              [
                -86.2599979,
                32.3504417
              ],
              [
                -86.25999629999998,
                32.350657
              ],
              [
                -86.2598768,
                32.3506563
              ],
              [
                -86.2598784,
                32.350441
              ]
            ]
          ],
          [
            [
              [
                -86.2601106,
                32.3504393
              ],
              [
                -86.2602293,
                32.3504401
              ],
              [
                -86.26022719999999,
                32.350659399999984
              ],
              [
                -86.2601084,
                32.3506586
              ],
              [
                -86.2601106,
                32.3504393
              ]
            ]
          ],
          [
            [
              [
                -86.2374756,
                32.35278790000002
              ],
              [
                -86.2375928,
                32.35278550000001
              ],
              [
                -86.237599,
                32.35299959999998
              ],
              [
                -86.23748169999999,
                32.353002
              ],
              [
                -86.2374756,
                32.35278790000002
              ]
            ]
          ],
          [
            [
              [
                -86.237327,
                32.3530059
              ],
              [
                -86.23732109999999,
                32.35279039999999
              ],
              [
                -86.23743779999998,
                32.3527881
              ],
              [
                -86.2374436,
                32.35300359999998
              ],
              [
                -86.237327,
                32.3530059
              ]
            ]
          ],
          [
            [
              [
                -86.2831082,
                32.349038199999974
              ],
              [
                -86.2832339,
                32.349051099999976
              ],
              [
                -86.28320369999999,
                32.349261
              ],
              [
                -86.2830779,
                32.349248
              ],
              [
                -86.2831082,
                32.349038199999974
              ]
            ]
          ],
          [
            [
              [
                -86.2832548,
                32.3490493
              ],
              [
                -86.2833805,
                32.34906219999998
              ],
              [
                -86.28335029999998,
                32.349272099999986
              ],
              [
                -86.28322449999999,
                32.34925909999998
              ],
              [
                -86.2832548,
                32.3490493
              ]
            ]
          ],
          [
            [
              [
                -86.2835328,
                32.34962539999998
              ],
              [
                -86.2836494,
                32.349622
              ],
              [
                -86.2836578,
                32.34983339999999
              ],
              [
                -86.2835413,
                32.34983669999998
              ],
              [
                -86.2835328,
                32.34962539999998
              ]
            ]
          ],
          [
            [
              [
                -86.2828127,
                32.350229099999964
              ],
              [
                -86.2829293,
                32.35022569999998
              ],
              [
                -86.2829377,
                32.350437099999986
              ],
              [
                -86.2828212,
                32.35044039999998
              ],
              [
                -86.2828127,
                32.350229099999964
              ]
            ]
          ],
          [
            [
              [
                -86.2803448,
                32.3502467
              ],
              [
                -86.2804225,
                32.350453799999976
              ],
              [
                -86.2803112,
                32.3504836
              ],
              [
                -86.28023349999998,
                32.3502765
              ],
              [
                -86.2803448,
                32.3502467
              ]
            ]
          ],
          [
            [
              [
                -86.28016539999999,
                32.3502963
              ],
              [
                -86.2802431,
                32.35050349999998
              ],
              [
                -86.2801318,
                32.350533300000016
              ],
              [
                -86.280054,
                32.3503261
              ],
              [
                -86.28016539999999,
                32.3502963
              ]
            ]
          ],
          [
            [
              [
                -86.26026649999999,
                32.350441299999986
              ],
              [
                -86.26038529999998,
                32.3504421
              ],
              [
                -86.26038309999998,
                32.350660099999985
              ],
              [
                -86.26026439999998,
                32.35065929999998
              ],
              [
                -86.26026649999999,
                32.350441299999986
              ]
            ]
          ],
          [
            [
              [
                -86.2605401,
                32.350659
              ],
              [
                -86.2604802,
                32.350659
              ],
              [
                -86.2604214,
                32.350659
              ],
              [
                -86.2604219,
                32.350537
              ],
              [
                -86.2604214,
                32.350445
              ],
              [
                -86.2605401,
                32.350445
              ],
              [
                -86.2605401,
                32.350659
              ]
            ]
          ],
          [
            [
              [
                -86.28296990000001,
                32.3502314
              ],
              [
                -86.28308649999998,
                32.350228
              ],
              [
                -86.28309489999998,
                32.3504394
              ],
              [
                -86.2829784,
                32.35044269999999
              ],
              [
                -86.28296990000001,
                32.3502314
              ]
            ]
          ],
          [
            [
              [
                -86.2826583,
                32.35023489999997
              ],
              [
                -86.2827749,
                32.35023149999998
              ],
              [
                -86.2827833,
                32.35044289999998
              ],
              [
                -86.2826668,
                32.35044619999998
              ],
              [
                -86.2826583,
                32.35023489999997
              ]
            ]
          ],
          [
            [
              [
                -86.2805605,
                32.3505939
              ],
              [
                -86.28063819999998,
                32.3508011
              ],
              [
                -86.2805269,
                32.350830899999984
              ],
              [
                -86.2804492,
                32.3506237
              ],
              [
                -86.2805605,
                32.3505939
              ]
            ]
          ],
          [
            [
              [
                -86.28037459999999,
                32.35064619999997
              ],
              [
                -86.2804523,
                32.350853399999984
              ],
              [
                -86.280341,
                32.3508832
              ],
              [
                -86.2802633,
                32.350676
              ],
              [
                -86.28037459999999,
                32.35064619999997
              ]
            ]
          ],
          [
            [
              [
                -86.2802272,
                32.3506896
              ],
              [
                -86.2803049,
                32.3508968
              ],
              [
                -86.2801936,
                32.3509266
              ],
              [
                -86.2801159,
                32.350719399999974
              ],
              [
                -86.2802272,
                32.3506896
              ]
            ]
          ],
          [
            [
              [
                -86.2803656,
                32.3510295
              ],
              [
                -86.2804433,
                32.3512367
              ],
              [
                -86.280332,
                32.3512665
              ],
              [
                -86.28025429999997,
                32.3510593
              ],
              [
                -86.2803656,
                32.3510295
              ]
            ]
          ],
          [
            [
              [
                -86.28021909999998,
                32.35106879999998
              ],
              [
                -86.2802968,
                32.3512759
              ],
              [
                -86.2801855,
                32.3513057
              ],
              [
                -86.2801078,
                32.3510986
              ],
              [
                -86.28021909999998,
                32.35106879999998
              ]
            ]
          ],
          [
            [
              [
                -86.2800096,
                32.35111279999998
              ],
              [
                -86.2800873,
                32.35132
              ],
              [
                -86.27997610000001,
                32.3513498
              ],
              [
                -86.27989829999999,
                32.35114259999998
              ],
              [
                -86.2800096,
                32.35111279999998
              ]
            ]
          ],
          [
            [
              [
                -86.3279517,
                32.3494134
              ],
              [
                -86.327415,
                32.34946489999999
              ],
              [
                -86.3269597,
                32.3494649
              ],
              [
                -86.3268824,
                32.3493962
              ],
              [
                -86.32687429999999,
                32.3492074
              ],
              [
                -86.32686619999998,
                32.3490459
              ],
              [
                -86.3269353,
                32.3485514
              ],
              [
                -86.32732149999998,
                32.348547900000014
              ],
              [
                -86.32777679999998,
                32.3486853
              ],
              [
                -86.3279476,
                32.34907
              ],
              [
                -86.3279517,
                32.3494134
              ]
            ]
          ],
          [
            [
              [
                -86.3228501,
                32.3493961
              ],
              [
                -86.32345640000001,
                32.349382699999985
              ],
              [
                -86.3234873,
                32.350385400000015
              ],
              [
                -86.32288119999998,
                32.3503988
              ],
              [
                -86.3228501,
                32.3493961
              ]
            ]
          ],
          [
            [
              [
                -86.32251890000002,
                32.34992719999998
              ],
              [
                -86.3225067,
                32.3499274
              ],
              [
                -86.3224946,
                32.3499275
              ],
              [
                -86.322483,
                32.34992769999999
              ],
              [
                -86.3224815,
                32.34985779999999
              ],
              [
                -86.32251729999999,
                32.3498572
              ],
              [
                -86.32251890000002,
                32.34992719999998
              ]
            ]
          ],
          [
            [
              [
                -86.3226877,
                32.3503835
              ],
              [
                -86.3226226,
                32.3503846
              ],
              [
                -86.3226214,
                32.350335
              ],
              [
                -86.3226453,
                32.3503346
              ],
              [
                -86.3226554,
                32.3503344
              ],
              [
                -86.3226865,
                32.3503339
              ],
              [
                -86.3226877,
                32.3503835
              ]
            ]
          ],
          [
            [
              [
                -86.3224368,
                32.350620399999976
              ],
              [
                -86.322433,
                32.350489
              ],
              [
                -86.3227602,
                32.350482299999975
              ],
              [
                -86.3227639,
                32.3506137
              ],
              [
                -86.3224368,
                32.350620399999976
              ]
            ]
          ],
          [
            [
              [
                -86.31853857420461,
                32.35290895918036
              ],
              [
                -86.31850187892357,
                32.35291157955169
              ],
              [
                -86.31847042441389,
                32.35290371691984
              ],
              [
                -86.31846256235853,
                32.35286964146006
              ],
              [
                -86.31845994107454,
                32.352806735044986
              ],
              [
                -86.31845994107454,
                32.35247909356583
              ],
              [
                -86.3187613698698,
                32.3524817154673
              ],
              [
                -86.31900251362468,
                32.35218552890673
              ],
              [
                -86.31898678592069,
                32.35166654631824
              ],
              [
                -86.31971808013897,
                32.35167440905763
              ],
              [
                -86.32023182126005,
                32.35172945200847
              ],
              [
                -86.32027900167712,
                32.351753042484816
              ],
              [
                -86.32033142466213,
                32.35178711760638
              ],
              [
                -86.32038646713455,
                32.35183429776389
              ],
              [
                -86.32041529946191,
                32.35190244641523
              ],
              [
                -86.32045723731093,
                32.35219339084219
              ],
              [
                -86.3205699462347,
                32.35259704490825
              ],
              [
                -86.32066430617047,
                32.352843430142876
              ],
              [
                -86.31938781901633,
                32.352882747874645
              ],
              [
                -86.31936947182498,
                32.35242405031223
              ],
              [
                -86.31893960640195,
                32.352439776417505
              ],
              [
                -86.31853857420461,
                32.35290895918036
              ]
            ]
          ],
          [
            [
              [
                -86.32824629999999,
                32.35315259999996
              ],
              [
                -86.328316,
                32.35315689999997
              ],
              [
                -86.328384,
                32.35317039999999
              ],
              [
                -86.32844869999998,
                32.35319259999998
              ],
              [
                -86.3285085,
                32.3532231
              ],
              [
                -86.3285619,
                32.3532612
              ],
              [
                -86.3286076,
                32.35330589999998
              ],
              [
                -86.32864449999998,
                32.353356
              ],
              [
                -86.3286716,
                32.353410399999966
              ],
              [
                -86.3286883,
                32.35346769999999
              ],
              [
                -86.32869420000002,
                32.3535265
              ],
              [
                -86.3287133,
                32.3545008
              ],
              [
                -86.32869740000001,
                32.354558199999985
              ],
              [
                -86.32867109999998,
                32.3546129
              ],
              [
                -86.3286349,
                32.354663399999986
              ],
              [
                -86.3285899,
                32.35470849999999
              ],
              [
                -86.328537,
                32.35474710000001
              ],
              [
                -86.32847769999998,
                32.3547783
              ],
              [
                -86.3284133,
                32.35480120000001
              ],
              [
                -86.32834540000002,
                32.3548153
              ],
              [
                -86.32827579999999,
                32.3548203
              ],
              [
                -86.3282061,
                32.354816
              ],
              [
                -86.3281381,
                32.3548026
              ],
              [
                -86.3280734,
                32.3547803
              ],
              [
                -86.3280136,
                32.3547498
              ],
              [
                -86.3279602,
                32.35471170000002
              ],
              [
                -86.3279145,
                32.354667099999986
              ],
              [
                -86.3278776,
                32.354616900000025
              ],
              [
                -86.32785049999998,
                32.354562499999986
              ],
              [
                -86.3278338,
                32.35450520000001
              ],
              [
                -86.32782789999999,
                32.35444639999997
              ],
              [
                -86.3278088,
                32.35347220000002
              ],
              [
                -86.3278247,
                32.3534147
              ],
              [
                -86.327851,
                32.35336
              ],
              [
                -86.3278872,
                32.3533095
              ],
              [
                -86.3279322,
                32.353264399999986
              ],
              [
                -86.3279851,
                32.353225799999976
              ],
              [
                -86.3280445,
                32.35319470000004
              ],
              [
                -86.3281088,
                32.3531718
              ],
              [
                -86.32817669999999,
                32.35315760000001
              ],
              [
                -86.32824629999999,
                32.35315259999996
              ]
            ]
          ],
          [
            [
              [
                -86.3311496,
                32.3566517
              ],
              [
                -86.33124089999998,
                32.35675449999998
              ],
              [
                -86.33129596418593,
                32.35678662351789
              ],
              [
                -86.33129596418593,
                32.356786623655886
              ],
              [
                -86.33157550000001,
                32.3569497
              ],
              [
                -86.3319891,
                32.35731459999997
              ],
              [
                -86.3322628,
                32.357617699999984
              ],
              [
                -86.33226109078015,
                32.357618753043305
              ],
              [
                -86.3323056646672,
                32.35765441214867
              ],
              [
                -86.33232750271175,
                32.357671881890205
              ],
              [
                -86.33142510222066,
                32.358230510911305
              ],
              [
                -86.3313139,
                32.3583782
              ],
              [
                -86.33130239600449,
                32.35840109997226
              ],
              [
                -86.33151787090911,
                32.358494785454056
              ],
              [
                -86.33139841833253,
                32.35856114889362
              ],
              [
                -86.33116193863061,
                32.35856457648619
              ],
              [
                -86.33107963759173,
                32.358565769167
              ],
              [
                -86.33097319999999,
                32.3585786
              ],
              [
                -86.3305961,
                32.35858890000002
              ],
              [
                -86.33059883380864,
                32.3585727368245
              ],
              [
                -86.33055034492394,
                32.35857343951019
              ],
              [
                -86.3304826056633,
                32.35857442142391
              ],
              [
                -86.3306281340707,
                32.358098147995946
              ],
              [
                -86.33062649999998,
                32.3580596
              ],
              [
                -86.3305961,
                32.3577616
              ],
              [
                -86.3306387,
                32.3573608
              ],
              [
                -86.3306934,
                32.3571296
              ],
              [
                -86.330955,
                32.35685209999998
              ],
              [
                -86.33103360614498,
                32.356771151020276
              ],
              [
                -86.33106660222613,
                32.35666316231489
              ],
              [
                -86.33110704872176,
                32.3566955195075
              ],
              [
                -86.3311496,
                32.3566517
              ]
            ]
          ],
          [
            [
              [
                -86.3120195,
                32.355097499999985
              ],
              [
                -86.311924,
                32.3550616
              ],
              [
                -86.3118514,
                32.3550303
              ],
              [
                -86.3117647,
                32.3549929
              ],
              [
                -86.311701,
                32.35494649999998
              ],
              [
                -86.31164790000001,
                32.35491219999998
              ],
              [
                -86.3115877,
                32.3548673
              ],
              [
                -86.3115223,
                32.354813499999985
              ],
              [
                -86.3114639,
                32.3547642
              ],
              [
                -86.3113736,
                32.354667
              ],
              [
                -86.3113276,
                32.35460720000001
              ],
              [
                -86.3112851,
                32.354556400000014
              ],
              [
                -86.31124979999998,
                32.3544921
              ],
              [
                -86.3112126,
                32.354423299999986
              ],
              [
                -86.3111896,
                32.3543576
              ],
              [
                -86.3111613,
                32.3542888
              ],
              [
                -86.3111507,
                32.354235
              ],
              [
                -86.3111383,
                32.3541647
              ],
              [
                -86.3121753,
                32.3541617
              ],
              [
                -86.31223719999998,
                32.3541752
              ],
              [
                -86.3122768,
                32.35419989999997
              ],
              [
                -86.3122956,
                32.35422939999998
              ],
              [
                -86.31232509999998,
                32.3549862
              ],
              [
                -86.312242,
                32.354983899999986
              ],
              [
                -86.31225270000002,
                32.3551402
              ],
              [
                -86.31218939999998,
                32.3551364
              ],
              [
                -86.3121009,
                32.35512290000001
              ],
              [
                -86.3120195,
                32.355097499999985
              ]
            ]
          ],
          [
            [
              [
                -86.3108224,
                32.3550319
              ],
              [
                -86.3111857,
                32.354714
              ],
              [
                -86.3120303,
                32.3554028
              ],
              [
                -86.31166720000002,
                32.3557206
              ],
              [
                -86.3108224,
                32.3550319
              ]
            ]
          ],
          [
            [
              [
                -86.31088119999998,
                32.3552685
              ],
              [
                -86.3109596,
                32.3553324
              ],
              [
                -86.31095270000002,
                32.3553384
              ],
              [
                -86.3109443,
                32.3553457
              ],
              [
                -86.3109361,
                32.3553529
              ],
              [
                -86.31085769999999,
                32.355289
              ],
              [
                -86.31088119999998,
                32.3552685
              ]
            ]
          ],
          [
            [
              [
                -86.3107728,
                32.35539839999998
              ],
              [
                -86.3107454,
                32.3553989
              ],
              [
                -86.3107324,
                32.3553991
              ],
              [
                -86.31070119999998,
                32.35539949999998
              ],
              [
                -86.3106999,
                32.3553398
              ],
              [
                -86.3107715,
                32.3553387
              ],
              [
                -86.3107728,
                32.35539839999998
              ]
            ]
          ],
          [
            [
              [
                -86.2921825,
                32.3564536
              ],
              [
                -86.292204,
                32.35666339999998
              ],
              [
                -86.29219859853686,
                32.35671184078108
              ],
              [
                -86.29220702274752,
                32.35678886274083
              ],
              [
                -86.29215797922458,
                32.35683790626467
              ],
              [
                -86.29209912609875,
                32.356872237474356
              ],
              [
                -86.29202065825869,
                32.356891853351335
              ],
              [
                -86.29191276340653,
                32.356901662805896
              ],
              [
                -86.2918441015761,
                32.35689675845813
              ],
              [
                -86.29174601632687,
                32.356867332366214
              ],
              [
                -86.29167245149162,
                32.3567839591458
              ],
              [
                -86.29162340617204,
                32.356676062535044
              ],
              [
                -86.29163812057641,
                32.35656326370629
              ],
              [
                -86.29172009131803,
                32.356429129297275
              ],
              [
                -86.29186990419132,
                32.35607747985946
              ],
              [
                -86.29256013521434,
                32.353924731732214
              ],
              [
                -86.2930505686471,
                32.35402772332786
              ],
              [
                -86.29303398988418,
                32.35406912059717
              ],
              [
                -86.29304019999998,
                32.35407089999998
              ],
              [
                -86.29301430598598,
                32.35411827140765
              ],
              [
                -86.29223154495816,
                32.356072830334675
              ],
              [
                -86.29219231013981,
                32.35628862107265
              ],
              [
                -86.29218496872176,
                32.35635836431035
              ],
              [
                -86.2921825,
                32.3564536
              ]
            ]
          ],
          [
            [
              [
                -86.31148880000002,
                32.3557631
              ],
              [
                -86.31156319999998,
                32.3558237
              ],
              [
                -86.31154069999998,
                32.35584350000002
              ],
              [
                -86.3114662,
                32.3557828
              ],
              [
                -86.31147319999998,
                32.3557767
              ],
              [
                -86.31148159999998,
                32.355769399999986
              ],
              [
                -86.31148880000002,
                32.3557631
              ]
            ]
          ],
          [
            [
              [
                -86.3111185,
                32.3557062
              ],
              [
                -86.3111508,
                32.35572960000001
              ],
              [
                -86.3111678,
                32.3557452
              ],
              [
                -86.311194,
                32.35577519999998
              ],
              [
                -86.31122009999999,
                32.355818099999986
              ],
              [
                -86.311234,
                32.3558519
              ],
              [
                -86.31124169999998,
                32.35589229999996
              ],
              [
                -86.3112432,
                32.35592739999996
              ],
              [
                -86.3112432,
                32.35597169999998
              ],
              [
                -86.3112386,
                32.3560042
              ],
              [
                -86.3112355,
                32.3560549
              ],
              [
                -86.310815,
                32.3560601
              ],
              [
                -86.31078419999999,
                32.3560575
              ],
              [
                -86.3107672,
                32.35605360000002
              ],
              [
                -86.31075639999999,
                32.3560341
              ],
              [
                -86.310758,
                32.3556437
              ],
              [
                -86.3108566,
                32.355638499999976
              ],
              [
                -86.3109013,
                32.3556411
              ],
              [
                -86.3109598,
                32.3556515
              ],
              [
                -86.3109968,
                32.3556606
              ],
              [
                -86.3110522,
                32.355678900000015
              ],
              [
                -86.3110907,
                32.355691899999975
              ],
              [
                -86.3111185,
                32.3557062
              ]
            ]
          ],
          [
            [
              [
                -86.3124193,
                32.3559709
              ],
              [
                -86.3123909,
                32.356019699999976
              ],
              [
                -86.3123493,
                32.3560531
              ],
              [
                -86.3123128,
                32.35607409999995
              ],
              [
                -86.31224289999999,
                32.356080900000016
              ],
              [
                -86.3121734,
                32.35607839999999
              ],
              [
                -86.31210040000002,
                32.35605610000001
              ],
              [
                -86.31219989999998,
                32.355946
              ],
              [
                -86.31217439999999,
                32.3559149
              ],
              [
                -86.3122217,
                32.3558872
              ],
              [
                -86.3122472,
                32.3559183
              ],
              [
                -86.3122956,
                32.3558964
              ],
              [
                -86.3124016,
                32.355869399999975
              ],
              [
                -86.3124203,
                32.35592459999997
              ],
              [
                -86.3124193,
                32.3559709
              ]
            ]
          ],
          [
            [
              [
                -86.35634719999999,
                32.3851021
              ],
              [
                -86.3563423,
                32.3848841
              ],
              [
                -86.3565056,
                32.3848814
              ],
              [
                -86.3565106,
                32.3850995
              ],
              [
                -86.35634719999999,
                32.3851021
              ]
            ]
          ],
          [
            [
              [
                -86.3562555,
                32.3851076
              ],
              [
                -86.3560922,
                32.3851102
              ],
              [
                -86.3560872,
                32.38489219999998
              ],
              [
                -86.3562505,
                32.3848896
              ],
              [
                -86.3562555,
                32.3851076
              ]
            ]
          ],
          [
            [
              [
                -86.3558323,
                32.3851163
              ],
              [
                -86.35582729999999,
                32.3848983
              ],
              [
                -86.3559907,
                32.3848957
              ],
              [
                -86.3559956,
                32.3851137
              ],
              [
                -86.3558323,
                32.3851163
              ]
            ]
          ],
          [
            [
              [
                -86.3576129,
                32.3853521
              ],
              [
                -86.3576079,
                32.385134
              ],
              [
                -86.35777129999998,
                32.3851314
              ],
              [
                -86.3577762,
                32.3853494
              ],
              [
                -86.3576129,
                32.3853521
              ]
            ]
          ],
          [
            [
              [
                -86.35735779999999,
                32.3853561
              ],
              [
                -86.35735289999998,
                32.38513809999998
              ],
              [
                -86.3575162,
                32.3851354
              ],
              [
                -86.3575212,
                32.3853535
              ],
              [
                -86.35735779999999,
                32.3853561
              ]
            ]
          ],
          [
            [
              [
                -86.3571076,
                32.3853642
              ],
              [
                -86.3571026,
                32.3851462
              ],
              [
                -86.357266,
                32.3851436
              ],
              [
                -86.3572709,
                32.3853616
              ],
              [
                -86.3571076,
                32.3853642
              ]
            ]
          ],
          [
            [
              [
                -86.35685729999999,
                32.3853683
              ],
              [
                -86.3568524,
                32.3851503
              ],
              [
                -86.3570157,
                32.38514759999998
              ],
              [
                -86.3570207,
                32.385365699999966
              ],
              [
                -86.35685729999999,
                32.3853683
              ]
            ]
          ],
          [
            [
              [
                -86.3566071,
                32.38537639999998
              ],
              [
                -86.35660209999999,
                32.3851584
              ],
              [
                -86.3567655,
                32.385155799999964
              ],
              [
                -86.35677039999999,
                32.38537379999999
              ],
              [
                -86.3566071,
                32.38537639999998
              ]
            ]
          ],
          [
            [
              [
                -86.3563496,
                32.3853785
              ],
              [
                -86.35634469999998,
                32.3851604
              ],
              [
                -86.356508,
                32.38515779999999
              ],
              [
                -86.356513,
                32.3853758
              ],
              [
                -86.3563496,
                32.3853785
              ]
            ]
          ],
          [
            [
              [
                -86.356097,
                32.3853825
              ],
              [
                -86.356092,
                32.3851645
              ],
              [
                -86.3562554,
                32.38516179999998
              ],
              [
                -86.35626029999999,
                32.38537989999998
              ],
              [
                -86.356097,
                32.3853825
              ]
            ]
          ],
          [
            [
              [
                -86.3555917,
                32.38538660000001
              ],
              [
                -86.3555867,
                32.385168599999986
              ],
              [
                -86.3557501,
                32.3851659
              ],
              [
                -86.355755,
                32.385384
              ],
              [
                -86.3555917,
                32.38538660000001
              ]
            ]
          ],
          [
            [
              [
                -86.3558491,
                32.385388599999985
              ],
              [
                -86.3558442,
                32.3851706
              ],
              [
                -86.35600750000002,
                32.38516789999998
              ],
              [
                -86.3560125,
                32.385386
              ],
              [
                -86.3558491,
                32.385388599999985
              ]
            ]
          ],
          [
            [
              [
                -86.3576208,
                32.38562549999997
              ],
              [
                -86.3576159,
                32.385407499999985
              ],
              [
                -86.3577792,
                32.38540479999999
              ],
              [
                -86.3577842,
                32.38562289999999
              ],
              [
                -86.3576208,
                32.38562549999997
              ]
            ]
          ],
          [
            [
              [
                -86.35736749999998,
                32.38562640000002
              ],
              [
                -86.3573625,
                32.38540829999999
              ],
              [
                -86.3575258,
                32.38540569999997
              ],
              [
                -86.3575308,
                32.38562369999998
              ],
              [
                -86.35736749999998,
                32.38562640000002
              ]
            ]
          ],
          [
            [
              [
                -86.3571196,
                32.38563249999998
              ],
              [
                -86.3571147,
                32.38541439999999
              ],
              [
                -86.357278,
                32.38541179999998
              ],
              [
                -86.357283,
                32.3856298
              ],
              [
                -86.3571196,
                32.38563249999998
              ]
            ]
          ],
          [
            [
              [
                -86.356867,
                32.38563449999999
              ],
              [
                -86.356862,
                32.38541650000001
              ],
              [
                -86.3570254,
                32.385413799999974
              ],
              [
                -86.3570303,
                32.3856319
              ],
              [
                -86.356867,
                32.38563449999999
              ]
            ]
          ],
          [
            [
              [
                -86.33999549999999,
                32.38360489999999
              ],
              [
                -86.3398932,
                32.383653
              ],
              [
                -86.3397706,
                32.38346679999999
              ],
              [
                -86.3398728,
                32.383418800000015
              ],
              [
                -86.33999549999999,
                32.38360489999999
              ]
            ]
          ],
          [
            [
              [
                -86.34714609999999,
                32.38740719999998
              ],
              [
                -86.34722389999999,
                32.387333
              ],
              [
                -86.3474133,
                32.387474699999984
              ],
              [
                -86.34733549999999,
                32.3875489
              ],
              [
                -86.34714609999999,
                32.38740719999998
              ]
            ]
          ],
          [
            [
              [
                -86.347121,
                32.3874305
              ],
              [
                -86.3473105,
                32.3875722
              ],
              [
                -86.3472326,
                32.3876464
              ],
              [
                -86.3470432,
                32.387504599999986
              ],
              [
                -86.347121,
                32.3874305
              ]
            ]
          ],
          [
            [
              [
                -86.31123250413364,
                32.381990854802915
              ],
              [
                -86.31136523021686,
                32.38258812276506
              ],
              [
                -86.30997160364802,
                32.38347738969601
              ],
              [
                -86.30959996971667,
                32.38317211937905
              ],
              [
                -86.309161973642,
                32.3833844817447
              ],
              [
                -86.30918851796035,
                32.382309397398245
              ],
              [
                -86.30994505843138,
                32.381937764008285
              ],
              [
                -86.31031669236273,
                32.38168558401472
              ],
              [
                -86.31054232760255,
                32.381619220102735
              ],
              [
                -86.31084759759396,
                32.38164576521819
              ],
              [
                -86.31108650544209,
                32.38172540127651
              ],
              [
                -86.31123250413364,
                32.381990854802915
              ]
            ]
          ],
          [
            [
              [
                -86.30406252343835,
                32.382933268681
              ],
              [
                -86.30404242992206,
                32.38217474960999
              ],
              [
                -86.30472560139059,
                32.38215716777567
              ],
              [
                -86.30472642389797,
                32.38224025964003
              ],
              [
                -86.3047492,
                32.3822399
              ],
              [
                -86.3047607,
                32.38312160000001
              ],
              [
                -86.304069,
                32.38314089999998
              ],
              [
                -86.30406664294875,
                32.38293317610779
              ],
              [
                -86.30406252343835,
                32.382933268681
              ]
            ]
          ],
          [
            [
              [
                -86.30390367255002,
                32.40857960601268
              ],
              [
                -86.30410798986982,
                32.40836344489952
              ],
              [
                -86.30414027227386,
                32.40838215929233
              ],
              [
                -86.3043207,
                32.4081724
              ],
              [
                -86.304524,
                32.40828570000003
              ],
              [
                -86.3048655,
                32.40848469999998
              ],
              [
                -86.30514189999998,
                32.4087044
              ],
              [
                -86.30484511194295,
                32.408972089227966
              ],
              [
                -86.30486899496779,
                32.40902081054733
              ],
              [
                -86.30391551863366,
                32.409796620684496
              ],
              [
                -86.30391492257813,
                32.40973538455394
              ],
              [
                -86.30386129999998,
                32.4097718
              ],
              [
                -86.3038898,
                32.409548699999974
              ],
              [
                -86.303906,
                32.4092742
              ],
              [
                -86.30390189999999,
                32.4090545
              ],
              [
                -86.3038776,
                32.408725
              ],
              [
                -86.30390472005485,
                32.40868722206382
              ],
              [
                -86.30390367255002,
                32.40857960601268
              ]
            ]
          ],
          [
            [
              [
                -86.35635439999999,
                32.385642599999976
              ],
              [
                -86.3563495,
                32.385424599999986
              ],
              [
                -86.3565128,
                32.3854219
              ],
              [
                -86.3565178,
                32.38564
              ],
              [
                -86.35635439999999,
                32.385642599999976
              ]
            ]
          ],
          [
            [
              [
                -86.3566095,
                32.3856447
              ],
              [
                -86.3566045,
                32.38542659999999
              ],
              [
                -86.35676789999998,
                32.385424
              ],
              [
                -86.35677279999999,
                32.385642
              ],
              [
                -86.3566095,
                32.3856447
              ]
            ]
          ],
          [
            [
              [
                -86.3561042,
                32.385648699999976
              ],
              [
                -86.3560992,
                32.38543069999998
              ],
              [
                -86.3562626,
                32.385428
              ],
              [
                -86.35626749999999,
                32.38564609999999
              ],
              [
                -86.3561042,
                32.385648699999976
              ]
            ]
          ],
          [
            [
              [
                -86.3558515,
                32.385650800000015
              ],
              [
                -86.3558466,
                32.38543269999999
              ],
              [
                -86.35600990000002,
                32.385430100000015
              ],
              [
                -86.3560149,
                32.3856481
              ],
              [
                -86.3558515,
                32.385650800000015
              ]
            ]
          ],
          [
            [
              [
                -86.359404,
                32.385857
              ],
              [
                -86.359695,
                32.38585169999999
              ],
              [
                -86.35970829999998,
                32.386375499999986
              ],
              [
                -86.35941720000001,
                32.38638069999997
              ],
              [
                -86.359404,
                32.385857
              ]
            ]
          ],
          [
            [
              [
                -86.35895179999999,
                32.38586440000001
              ],
              [
                -86.3592429,
                32.3858591
              ],
              [
                -86.3592562,
                32.3863829
              ],
              [
                -86.358965,
                32.38638820000002
              ],
              [
                -86.35895179999999,
                32.38586440000001
              ]
            ]
          ],
          [
            [
              [
                -86.35849860000002,
                32.385872
              ],
              [
                -86.3587896,
                32.38586670000002
              ],
              [
                -86.35880289999999,
                32.3863905
              ],
              [
                -86.3585118,
                32.38639569999998
              ],
              [
                -86.35849860000002,
                32.385872
              ]
            ]
          ],
          [
            [
              [
                -86.35804389999998,
                32.3858799
              ],
              [
                -86.358335,
                32.3858747
              ],
              [
                -86.35834830000002,
                32.38639850000001
              ],
              [
                -86.35805709999998,
                32.38640369999999
              ],
              [
                -86.35804389999998,
                32.3858799
              ]
            ]
          ],
          [
            [
              [
                -86.3569475,
                32.3858989
              ],
              [
                -86.3572385,
                32.38589360000003
              ],
              [
                -86.35725179999999,
                32.38641740000002
              ],
              [
                -86.35696070000002,
                32.3864226
              ],
              [
                -86.3569475,
                32.3858989
              ]
            ]
          ],
          [
            [
              [
                -86.3566395,
                32.386427199999986
              ],
              [
                -86.35634839999999,
                32.3864325
              ],
              [
                -86.3563352,
                32.3859087
              ],
              [
                -86.35662619999998,
                32.3859035
              ],
              [
                -86.3566395,
                32.386427199999986
              ]
            ]
          ],
          [
            [
              [
                -86.35572139999998,
                32.38591749999996
              ],
              [
                -86.35601239999998,
                32.3859122
              ],
              [
                -86.3560257,
                32.386436
              ],
              [
                -86.3557346,
                32.3864412
              ],
              [
                -86.35572139999998,
                32.38591749999996
              ]
            ]
          ],
          [
            [
              [
                -86.35510330000001,
                32.385927
              ],
              [
                -86.35539439999998,
                32.3859218
              ],
              [
                -86.3554077,
                32.38644559999999
              ],
              [
                -86.3551165,
                32.3864508
              ],
              [
                -86.35510330000001,
                32.385927
              ]
            ]
          ],
          [
            [
              [
                -86.3575914,
                32.3858863
              ],
              [
                -86.3578824,
                32.385881099999956
              ],
              [
                -86.35789569999999,
                32.38640479999999
              ],
              [
                -86.3576046,
                32.386410099999985
              ],
              [
                -86.3575914,
                32.3858863
              ]
            ]
          ],
          [
            [
              [
                -86.4827085,
                33.2286594
              ],
              [
                -86.48339819999998,
                33.2286298
              ],
              [
                -86.4834226,
                33.22975479999998
              ],
              [
                -86.4817352,
                33.229748899999954
              ],
              [
                -86.4827085,
                33.2286594
              ]
            ]
          ],
          [
            [
              [
                -86.4738066,
                33.23856170000003
              ],
              [
                -86.4739889,
                33.238721199999986
              ],
              [
                -86.4741033,
                33.23889839999999
              ],
              [
                -86.4741669,
                33.239065
              ],
              [
                -86.47417529999998,
                33.239167799999976
              ],
              [
                -86.47328529999999,
                33.23930959999998
              ],
              [
                -86.4731667,
                33.23927410000002
              ],
              [
                -86.4730438,
                33.2384518
              ],
              [
                -86.4733616,
                33.238434
              ],
              [
                -86.4736074,
                33.23846589999999
              ],
              [
                -86.4738066,
                33.23856170000003
              ]
            ]
          ],
          [
            [
              [
                -86.35794624188921,
                33.271667956225365
              ],
              [
                -86.35789151292883,
                33.26947885177008
              ],
              [
                -86.3589337167619,
                33.269469334820414
              ],
              [
                -86.35895037422223,
                33.26985242821655
              ],
              [
                -86.35800334779184,
                33.27159657222955
              ],
              [
                -86.35794624188921,
                33.271667956225365
              ]
            ]
          ],
          [
            [
              [
                -86.3545047,
                32.3864622
              ],
              [
                -86.35449149999998,
                32.38593839999998
              ],
              [
                -86.35478249999998,
                32.3859332
              ],
              [
                -86.3547958,
                32.3864569
              ],
              [
                -86.3545047,
                32.3864622
              ]
            ]
          ],
          [
            [
              [
                -86.3538748,
                32.385945900000024
              ],
              [
                -86.35416580000002,
                32.38594069999998
              ],
              [
                -86.3541792,
                32.3864644
              ],
              [
                -86.353888,
                32.386469699999985
              ],
              [
                -86.3538748,
                32.385945900000024
              ]
            ]
          ],
          [
            [
              [
                -86.3509059,
                33.27607339999998
              ],
              [
                -86.3508837,
                33.27608969999998
              ],
              [
                -86.35083769999999,
                33.2761001
              ],
              [
                -86.3503275,
                33.27606679999999
              ],
              [
                -86.3498619,
                33.27550640000001
              ],
              [
                -86.3506325,
                33.27531740000001
              ],
              [
                -86.35067669999998,
                33.2753256
              ],
              [
                -86.3506997,
                33.27534329999999
              ],
              [
                -86.350713,
                33.27537140000001
              ],
              [
                -86.3509209,
                33.2760157
              ],
              [
                -86.3509209,
                33.276045299999986
              ],
              [
                -86.3509059,
                33.27607339999998
              ]
            ]
          ],
          [
            [
              [
                -86.3622594,
                33.2799846
              ],
              [
                -86.36227549999998,
                33.279742400000025
              ],
              [
                -86.36245265391457,
                33.27973196690726
              ],
              [
                -86.36245265391457,
                33.279731967100396
              ],
              [
                -86.3627,
                33.27971739999997
              ],
              [
                -86.363104,
                33.2795998
              ],
              [
                -86.3634535,
                33.2794552
              ],
              [
                -86.3639814,
                33.2792346
              ],
              [
                -86.3644484,
                33.2792276
              ],
              [
                -86.3652989,
                33.279273199999984
              ],
              [
                -86.3656238,
                33.279294399999976
              ],
              [
                -86.36560909999999,
                33.2802602
              ],
              [
                -86.3655701,
                33.2802867
              ],
              [
                -86.36366169999998,
                33.28030229999998
              ],
              [
                -86.36365779999998,
                33.2800427
              ],
              [
                -86.3622594,
                33.2799846
              ]
            ]
          ],
          [
            [
              [
                -86.6241138,
                33.408171399999986
              ],
              [
                -86.6241936,
                33.40801529999999
              ],
              [
                -86.6244026,
                33.40771689999998
              ],
              [
                -86.6244768,
                33.40766410000001
              ],
              [
                -86.6245346,
                33.4076985
              ],
              [
                -86.6246061,
                33.4077444
              ],
              [
                -86.62460059999998,
                33.4078041
              ],
              [
                -86.6245676,
                33.407895899999986
              ],
              [
                -86.6245208,
                33.40799229999999
              ],
              [
                -86.6244438,
                33.408052
              ],
              [
                -86.6243668,
                33.408187499999976
              ],
              [
                -86.6243008,
                33.40825859999999
              ],
              [
                -86.62422379999998,
                33.40834359999999
              ],
              [
                -86.6241578,
                33.4084056
              ],
              [
                -86.6241221,
                33.4083895
              ],
              [
                -86.6240726,
                33.4083505
              ],
              [
                -86.62406979999999,
                33.4082816
              ],
              [
                -86.6240781,
                33.408226499999984
              ],
              [
                -86.6241138,
                33.408171399999986
              ]
            ]
          ],
          [
            [
              [
                -86.6280131,
                33.4083086
              ],
              [
                -86.6277744,
                33.4082952
              ],
              [
                -86.6273372,
                33.408284
              ],
              [
                -86.62714409999998,
                33.4082974
              ],
              [
                -86.627136,
                33.40816980000001
              ],
              [
                -86.6273426,
                33.4081743
              ],
              [
                -86.62778779999998,
                33.4082191
              ],
              [
                -86.62816869999999,
                33.4082213
              ],
              [
                -86.628166,
                33.4083198
              ],
              [
                -86.6280131,
                33.4083086
              ]
            ]
          ],
          [
            [
              [
                -86.6264682,
                33.40829290000001
              ],
              [
                -86.62665589999999,
                33.40824589999997
              ],
              [
                -86.62686779999999,
                33.40819889999999
              ],
              [
                -86.6270422,
                33.40817650000001
              ],
              [
                -86.6270583,
                33.40831309999998
              ],
              [
                -86.626892,
                33.4083355
              ],
              [
                -86.6266801,
                33.4083601
              ],
              [
                -86.62646280000001,
                33.408420599999985
              ],
              [
                -86.6262911,
                33.4084743
              ],
              [
                -86.6261114,
                33.40848769999998
              ],
              [
                -86.62612749999998,
                33.408355599999965
              ],
              [
                -86.62625089999999,
                33.4083355
              ],
              [
                -86.6264682,
                33.40829290000001
              ]
            ]
          ],
          [
            [
              [
                -86.6290286,
                33.40856489999999
              ],
              [
                -86.6289214,
                33.4085458
              ],
              [
                -86.62880149999998,
                33.40850959999999
              ],
              [
                -86.6286561,
                33.4084606
              ],
              [
                -86.628526,
                33.4084158
              ],
              [
                -86.628378,
                33.408369
              ],
              [
                -86.62826569999999,
                33.408352
              ],
              [
                -86.62826569999999,
                33.408254
              ],
              [
                -86.6283091,
                33.4082497
              ],
              [
                -86.6286101,
                33.40826679999998
              ],
              [
                -86.62890609999998,
                33.4082923
              ],
              [
                -86.6291077,
                33.408296599999986
              ],
              [
                -86.6294266,
                33.408300799999985
              ],
              [
                -86.62943170000001,
                33.40860330000001
              ],
              [
                -86.6293016,
                33.40860110000001
              ],
              [
                -86.62918679999999,
                33.4085862
              ],
              [
                -86.6290286,
                33.40856489999999
              ]
            ]
          ],
          [
            [
              [
                -86.626072,
                33.41010329999999
              ],
              [
                -86.6266719,
                33.41051
              ],
              [
                -86.62653659999998,
                33.41067569999998
              ],
              [
                -86.6259141,
                33.41028409999998
              ],
              [
                -86.626072,
                33.41010329999999
              ]
            ]
          ],
          [
            [
              [
                -86.6285722,
                33.4113716
              ],
              [
                -86.62838989999999,
                33.4114671
              ],
              [
                -86.6281459,
                33.4115185
              ],
              [
                -86.6280997,
                33.4114256
              ],
              [
                -86.6281034,
                33.41141189999998
              ],
              [
                -86.6280145,
                33.4113
              ],
              [
                -86.6279359,
                33.4112344
              ],
              [
                -86.6277679,
                33.4110971
              ],
              [
                -86.62758560000002,
                33.41098969999998
              ],
              [
                -86.62772140000001,
                33.4108017
              ],
              [
                -86.6278608,
                33.41066149999998
              ],
              [
                -86.6280145,
                33.41053309999998
              ],
              [
                -86.62815039999998,
                33.4104466
              ],
              [
                -86.6283791,
                33.4103123
              ],
              [
                -86.6285829,
                33.41021679999998
              ],
              [
                -86.6287009,
                33.4102407
              ],
              [
                -86.62895469999998,
                33.4102735
              ],
              [
                -86.6293586,
                33.41031229999999
              ],
              [
                -86.629398,
                33.410381
              ],
              [
                -86.6291584,
                33.4107241
              ],
              [
                -86.6288296,
                33.41114490000002
              ],
              [
                -86.6285722,
                33.4113716
              ]
            ]
          ],
          [
            [
              [
                -86.6274131,
                33.4115103
              ],
              [
                -86.6273822,
                33.41149979999998
              ],
              [
                -86.62737629999998,
                33.4114843
              ],
              [
                -86.6273842,
                33.4114659
              ],
              [
                -86.6273963,
                33.41144340000002
              ],
              [
                -86.62749119999998,
                33.4112387
              ],
              [
                -86.6277782,
                33.4113307
              ],
              [
                -86.6277724,
                33.41135149999999
              ],
              [
                -86.6277517,
                33.41140570000002
              ],
              [
                -86.6277234,
                33.4114627
              ],
              [
                -86.627708,
                33.4114667
              ],
              [
                -86.6276017,
                33.4114347
              ],
              [
                -86.6275443,
                33.41154789999999
              ],
              [
                -86.62751869999998,
                33.41154149999998
              ],
              [
                -86.6274739,
                33.4115273
              ],
              [
                -86.6274131,
                33.4115103
              ]
            ]
          ],
          [
            [
              [
                -86.62659259999998,
                33.41232979999998
              ],
              [
                -86.6266878,
                33.41263239999997
              ],
              [
                -86.6264929,
                33.4126778
              ],
              [
                -86.62648,
                33.4126378
              ],
              [
                -86.6263932,
                33.41236759999998
              ],
              [
                -86.62659259999998,
                33.41232979999998
              ]
            ]
          ],
          [
            [
              [
                -86.62648,
                33.4126378
              ],
              [
                -86.62629349999999,
                33.41267779999997
              ],
              [
                -86.62618470000001,
                33.412379
              ],
              [
                -86.6263796,
                33.4123374
              ],
              [
                -86.62648,
                33.4126378
              ]
            ]
          ],
          [
            [
              [
                -86.62001750000003,
                33.41372530000002
              ],
              [
                -86.6201982,
                33.41383540000002
              ],
              [
                -86.6203887,
                33.4139741
              ],
              [
                -86.6204278,
                33.4140189
              ],
              [
                -86.6203839,
                33.4141861
              ],
              [
                -86.6203692,
                33.41430839999999
              ],
              [
                -86.6203008,
                33.414394
              ],
              [
                -86.6201933,
                33.414463399999974
              ],
              [
                -86.6201054,
                33.414496
              ],
              [
                -86.61999309999999,
                33.414516399999975
              ],
              [
                -86.61990509999998,
                33.414504099999974
              ],
              [
                -86.6198221,
                33.4144919
              ],
              [
                -86.6197586,
                33.4144552
              ],
              [
                -86.61966089999999,
                33.4144063
              ],
              [
                -86.61958759999999,
                33.4143247
              ],
              [
                -86.619485,
                33.4142554
              ],
              [
                -86.6193678,
                33.414161599999964
              ],
              [
                -86.61931889999998,
                33.4140964
              ],
              [
                -86.61931889999998,
                33.4140108
              ],
              [
                -86.61931409999998,
                33.4139088
              ],
              [
                -86.61931889999998,
                33.41383130000001
              ],
              [
                -86.619358,
                33.413770199999966
              ],
              [
                -86.619446,
                33.413709
              ],
              [
                -86.6195632,
                33.41363559999998
              ],
              [
                -86.61968039999998,
                33.413603
              ],
              [
                -86.6198319,
                33.4136112
              ],
              [
                -86.6199296,
                33.4136479
              ],
              [
                -86.62001750000003,
                33.41372530000002
              ]
            ]
          ],
          [
            [
              [
                -86.6147604,
                33.438438599999984
              ],
              [
                -86.6143809,
                33.438557
              ],
              [
                -86.6142417,
                33.4382463
              ],
              [
                -86.6146212,
                33.438127899999984
              ],
              [
                -86.6147604,
                33.438438599999984
              ]
            ]
          ],
          [
            [
              [
                -86.5115818,
                33.4736014
              ],
              [
                -86.5116739,
                33.473932
              ],
              [
                -86.51163029999998,
                33.4747562
              ],
              [
                -86.5109278,
                33.47474809999998
              ],
              [
                -86.5106412,
                33.47470970000001
              ],
              [
                -86.51060219999998,
                33.474441
              ],
              [
                -86.50983779999999,
                33.4744381
              ],
              [
                -86.509614,
                33.4740558
              ],
              [
                -86.50984529956142,
                33.47387017029079
              ],
              [
                -86.50984529956142,
                33.47387017308223
              ],
              [
                -86.5107743,
                33.47312459999997
              ],
              [
                -86.5112421,
                33.473323899999976
              ],
              [
                -86.5115818,
                33.4736014
              ]
            ]
          ],
          [
            [
              [
                -86.46120230000001,
                33.60978309999998
              ],
              [
                -86.4612517,
                33.609506
              ],
              [
                -86.46131909999998,
                33.60932259999998
              ],
              [
                -86.4614315,
                33.60922149999996
              ],
              [
                -86.4616293,
                33.6091728
              ],
              [
                -86.46204289999999,
                33.6091354
              ],
              [
                -86.4622587,
                33.60915039999997
              ],
              [
                -86.4623801,
                33.609771899999984
              ],
              [
                -86.4623891,
                33.6100601
              ],
              [
                -86.4622722,
                33.610142500000016
              ],
              [
                -86.4620879,
                33.6101388
              ],
              [
                -86.4611303,
                33.610019
              ],
              [
                -86.46120230000001,
                33.60978309999998
              ]
            ]
          ],
          [
            [
              [
                -86.4608786,
                33.6099291
              ],
              [
                -86.46072130000002,
                33.610019
              ],
              [
                -86.460465,
                33.6100639
              ],
              [
                -86.4603751,
                33.6094948
              ],
              [
                -86.46042009999998,
                33.60943489999999
              ],
              [
                -86.4610944,
                33.609375
              ],
              [
                -86.46111689999998,
                33.6095285
              ],
              [
                -86.4610809,
                33.60970819999998
              ],
              [
                -86.460991,
                33.6098355
              ],
              [
                -86.4608786,
                33.6099291
              ]
            ]
          ],
          [
            [
              [
                -86.61684889999998,
                33.765906700000016
              ],
              [
                -86.6168756,
                33.7656025
              ],
              [
                -86.616945,
                33.76542350000002
              ],
              [
                -86.617435,
                33.7655442
              ],
              [
                -86.6174088,
                33.76568719999998
              ],
              [
                -86.6175098,
                33.76574919999998
              ],
              [
                -86.61745329999998,
                33.765901
              ],
              [
                -86.61738010000002,
                33.766099
              ],
              [
                -86.61684889999998,
                33.765906700000016
              ]
            ]
          ],
          [
            [
              [
                -86.58078539999998,
                33.8323692
              ],
              [
                -86.5807188,
                33.832350800000015
              ],
              [
                -86.5806544,
                33.8323233
              ],
              [
                -86.5806034,
                33.8322972
              ],
              [
                -86.58055769999999,
                33.83227019999998
              ],
              [
                -86.58051990000001,
                33.832242
              ],
              [
                -86.5804154,
                33.8321416
              ],
              [
                -86.5807259,
                33.8319295
              ],
              [
                -86.5807993,
                33.8318793
              ],
              [
                -86.580939,
                33.83178389999998
              ],
              [
                -86.5810258,
                33.83179489999998
              ],
              [
                -86.58111489999999,
                33.8319049
              ],
              [
                -86.58117959999998,
                33.8319849
              ],
              [
                -86.5814046,
                33.83226269999999
              ],
              [
                -86.58131339999998,
                33.83231239999998
              ],
              [
                -86.5812291,
                33.8323487
              ],
              [
                -86.58115709999998,
                33.83237
              ],
              [
                -86.581078,
                33.8323845
              ],
              [
                -86.581001,
                33.8323939
              ],
              [
                -86.58088569999998,
                33.83239039999999
              ],
              [
                -86.5808354,
                33.832382
              ],
              [
                -86.58078539999998,
                33.8323692
              ]
            ]
          ],
          [
            [
              [
                -86.58173879999998,
                33.833283
              ],
              [
                -86.58169479999998,
                33.83328289999997
              ],
              [
                -86.5816432,
                33.8332799
              ],
              [
                -86.58156889999998,
                33.8332703
              ],
              [
                -86.5815108,
                33.833258399999984
              ],
              [
                -86.58145629999999,
                33.8332453
              ],
              [
                -86.581365,
                33.8332196
              ],
              [
                -86.58128,
                33.83318889999997
              ],
              [
                -86.581237,
                33.8331666
              ],
              [
                -86.58118620000002,
                33.8331337
              ],
              [
                -86.58118559999998,
                33.833133299999986
              ],
              [
                -86.581118,
                33.83308490000002
              ],
              [
                -86.58103889999998,
                33.8330197
              ],
              [
                -86.580986,
                33.83296220000001
              ],
              [
                -86.58094710000002,
                33.83291
              ],
              [
                -86.58094669999998,
                33.8329094
              ],
              [
                -86.58091909999999,
                33.8328675
              ],
              [
                -86.580899,
                33.8328296
              ],
              [
                -86.5808867,
                33.832807
              ],
              [
                -86.58087419999998,
                33.832776199999984
              ],
              [
                -86.5808679,
                33.8327519
              ],
              [
                -86.5808621,
                33.83271649999998
              ],
              [
                -86.5808615,
                33.832692
              ],
              [
                -86.580864,
                33.832669399999986
              ],
              [
                -86.5809061,
                33.8325037
              ],
              [
                -86.581508,
                33.832340899999984
              ],
              [
                -86.58162969999998,
                33.832308
              ],
              [
                -86.581868,
                33.832243599999984
              ],
              [
                -86.5819723,
                33.83229119999998
              ],
              [
                -86.5820085,
                33.83248359999999
              ],
              [
                -86.5820268,
                33.832581
              ],
              [
                -86.58202859999999,
                33.8325904
              ],
              [
                -86.5821259,
                33.833107699999964
              ],
              [
                -86.58210289999998,
                33.83313690000002
              ],
              [
                -86.5820819,
                33.8331602
              ],
              [
                -86.58205759999998,
                33.8331829
              ],
              [
                -86.5820103,
                33.8332156
              ],
              [
                -86.5819573,
                33.8332486
              ],
              [
                -86.58191759999998,
                33.833261499999985
              ],
              [
                -86.58185829999998,
                33.8332721
              ],
              [
                -86.5818045,
                33.8332787
              ],
              [
                -86.58173879999998,
                33.833283
              ]
            ]
          ],
          [
            [
              [
                -86.5801689,
                33.83443559999998
              ],
              [
                -86.5803433,
                33.833457
              ],
              [
                -86.58086719999999,
                33.83352149999999
              ],
              [
                -86.58069279999998,
                33.8345
              ],
              [
                -86.5801689,
                33.83443559999998
              ]
            ]
          ]
        ]
      }
    }
  ]
}