{
  "type": "FeatureCollection",
  "name": "Selma",
  "crs": {
    "type": "name",
    "properties": {
      "name": "urn:ogc:def:crs:OGC:1.3:CRS84"
    }
  },
  "features": [
    {
      "type": "Feature",
      "properties": {
        "largest_city": "Selma",
        "all_cities": "Brookwood, Camden, Center Point, Cottondale, Demopolis, Eva, Excel, Frisco City, Fultondale, Gardendale, Holt, Hueytown, Monroeville, Morris, Moundville, Mulga, Northport, Pleasant Grove, Rainbow City, Selma, Selmont-West Selmont, Sylvan Springs, Tarrant, Trafford, Valley Grande, Warrior",
        "total_area_ft2": 19953274.325748198
      },
      "geometry": {
        "type": "MultiPolygon",
        "coordinates": [
          [
            [
              [
                -86.81970189999998,
                33.596813
              ],
              [
                -86.8197161,
                33.59678169999997
              ],
              [
                -86.8200244,
                33.5966902
              ],
              [
                -86.8200677,
                33.596705599999986
              ],
              [
                -86.8201754,
                33.5969665
              ],
              [
                -86.8201577,
                33.5969978
              ],
              [
                -86.8198451,
                33.5970875
              ],
              [
                -86.81981249999998,
                33.5970763
              ],
              [
                -86.81970189999998,
                33.596813
              ]
            ]
          ],
          [
            [
              [
                -86.7973632,
                33.59442629999999
              ],
              [
                -86.79706679999998,
                33.5942503
              ],
              [
                -86.797082,
                33.5942258
              ],
              [
                -86.7970986,
                33.5941989
              ],
              [
                -86.79714279999999,
                33.5941475
              ],
              [
                -86.7971816,
                33.5941121
              ],
              [
                -86.79722779999999,
                33.594078299999985
              ],
              [
                -86.7973243,
                33.5940224
              ],
              [
                -86.7974062,
                33.5939957
              ],
              [
                -86.7974933,
                33.5939809
              ],
              [
                -86.7975769,
                33.5939741
              ],
              [
                -86.7976623,
                33.5939777
              ],
              [
                -86.79778829999998,
                33.59400459999997
              ],
              [
                -86.7978557,
                33.59403329999998
              ],
              [
                -86.797893,
                33.594049199999986
              ],
              [
                -86.7977456,
                33.594346299999984
              ],
              [
                -86.79763549999998,
                33.5945144
              ],
              [
                -86.7975728,
                33.5945265
              ],
              [
                -86.7973632,
                33.59442629999999
              ]
            ]
          ],
          [
            [
              [
                -86.7985837,
                33.594726
              ],
              [
                -86.798526,
                33.59474969999998
              ],
              [
                -86.7982785,
                33.5946867
              ],
              [
                -86.79784239999998,
                33.59455220000002
              ],
              [
                -86.79786549999999,
                33.59449229999998
              ],
              [
                -86.7978873,
                33.59444750000002
              ],
              [
                -86.79791670000002,
                33.5943946
              ],
              [
                -86.79795259999999,
                33.594348299999986
              ],
              [
                -86.7979908,
                33.59430780000002
              ],
              [
                -86.79804330000002,
                33.5942617
              ],
              [
                -86.7981061,
                33.59421590000003
              ],
              [
                -86.79819840000002,
                33.59416860000001
              ],
              [
                -86.79826149999998,
                33.5941451
              ],
              [
                -86.7983236,
                33.59412709999999
              ],
              [
                -86.7983944,
                33.594114499999975
              ],
              [
                -86.7984704,
                33.59410519999999
              ],
              [
                -86.79855949999998,
                33.5941059
              ],
              [
                -86.79864059999998,
                33.59411289999998
              ],
              [
                -86.7987257,
                33.594131699999984
              ],
              [
                -86.7986462,
                33.5945219
              ],
              [
                -86.7985837,
                33.594726
              ]
            ]
          ],
          [
            [
              [
                -86.79958159999998,
                33.5950016
              ],
              [
                -86.7991214,
                33.59487549999998
              ],
              [
                -86.7988875,
                33.59479109999998
              ],
              [
                -86.7988701,
                33.5947407
              ],
              [
                -86.7989716,
                33.594559900000014
              ],
              [
                -86.7992037,
                33.59420619999998
              ],
              [
                -86.79927829999998,
                33.594235
              ],
              [
                -86.7993476,
                33.5942696
              ],
              [
                -86.7994047,
                33.5943012
              ],
              [
                -86.7994513,
                33.59434009999997
              ],
              [
                -86.799495,
                33.594381
              ],
              [
                -86.7995337,
                33.5944233
              ],
              [
                -86.7995656,
                33.594471699999986
              ],
              [
                -86.7996009,
                33.5945346
              ],
              [
                -86.79962469999998,
                33.59460109999996
              ],
              [
                -86.7996422,
                33.5946666
              ],
              [
                -86.79964990000002,
                33.59474309999999
              ],
              [
                -86.7996444,
                33.5948191
              ],
              [
                -86.7996265,
                33.59489150000001
              ],
              [
                -86.7996108,
                33.5949416
              ],
              [
                -86.79958159999998,
                33.5950016
              ]
            ]
          ],
          [
            [
              [
                -86.7983232,
                33.5954916
              ],
              [
                -86.7982163,
                33.595473
              ],
              [
                -86.798144,
                33.5954493
              ],
              [
                -86.79808569999999,
                33.59541779999997
              ],
              [
                -86.7980098,
                33.59537409999999
              ],
              [
                -86.79790909999998,
                33.5952915
              ],
              [
                -86.7978554,
                33.59522269999997
              ],
              [
                -86.7978111,
                33.59515189999998
              ],
              [
                -86.7977827,
                33.59508059999999
              ],
              [
                -86.79776720000001,
                33.5950227
              ],
              [
                -86.79775989999999,
                33.5949648
              ],
              [
                -86.7977591,
                33.5949001
              ],
              [
                -86.79776840000001,
                33.5948249
              ],
              [
                -86.79778359999999,
                33.59477159999998
              ],
              [
                -86.79824829999998,
                33.5948256
              ],
              [
                -86.79849909999999,
                33.594867
              ],
              [
                -86.79853929999999,
                33.594914
              ],
              [
                -86.79847419999999,
                33.595125199999984
              ],
              [
                -86.7983232,
                33.5954916
              ]
            ]
          ],
          [
            [
              [
                -86.79864349999998,
                33.5955665
              ],
              [
                -86.7985676,
                33.5955451
              ],
              [
                -86.7986822,
                33.595151299999976
              ],
              [
                -86.7987654,
                33.5949558
              ],
              [
                -86.7988223,
                33.59493339999999
              ],
              [
                -86.79905779999999,
                33.59500259999999
              ],
              [
                -86.79949389999999,
                33.595173299999985
              ],
              [
                -86.7994646,
                33.59523409999998
              ],
              [
                -86.7994272,
                33.5952915
              ],
              [
                -86.7993991,
                33.595333
              ],
              [
                -86.7993629,
                33.59537859999999
              ],
              [
                -86.79931579999999,
                33.59541819999998
              ],
              [
                -86.7992687,
                33.595453599999985
              ],
              [
                -86.7992226,
                33.5954843
              ],
              [
                -86.7991563,
                33.595517600000015
              ],
              [
                -86.7991044,
                33.5955408
              ],
              [
                -86.79904439999999,
                33.59556019999998
              ],
              [
                -86.79896159999998,
                33.5955777
              ],
              [
                -86.79888419999999,
                33.595586
              ],
              [
                -86.79880720000001,
                33.59558710000004
              ],
              [
                -86.7987084,
                33.59557739999997
              ],
              [
                -86.79864349999998,
                33.5955665
              ]
            ]
          ],
          [
            [
              [
                -86.7983828,
                33.595602399999976
              ],
              [
                -86.7981902,
                33.59597879999998
              ],
              [
                -86.79727949999999,
                33.595653
              ],
              [
                -86.7974721,
                33.59527279999999
              ],
              [
                -86.7983828,
                33.595602399999976
              ]
            ]
          ],
          [
            [
              [
                -86.7977028,
                33.59891949999997
              ],
              [
                -86.7974101,
                33.6000051
              ],
              [
                -86.79680009999998,
                33.599887
              ],
              [
                -86.797102,
                33.59881429999998
              ],
              [
                -86.7977028,
                33.59891949999997
              ]
            ]
          ],
          [
            [
              [
                -86.797526,
                33.60786309999998
              ],
              [
                -86.7975353,
                33.6077508
              ],
              [
                -86.7975452,
                33.607583499999976
              ],
              [
                -86.7977236,
                33.607579
              ],
              [
                -86.797724,
                33.6079045
              ],
              [
                -86.7977197,
                33.6079212
              ],
              [
                -86.7976466,
                33.6080678
              ],
              [
                -86.7975626,
                33.6081175
              ],
              [
                -86.7972564,
                33.6082471
              ],
              [
                -86.7972341,
                33.608252199999974
              ],
              [
                -86.7972075,
                33.6082516
              ],
              [
                -86.797186,
                33.60824680000001
              ],
              [
                -86.7971686,
                33.60823389999999
              ],
              [
                -86.7971605,
                33.608221100000016
              ],
              [
                -86.7971544,
                33.6082073
              ],
              [
                -86.7971921,
                33.60800549999998
              ],
              [
                -86.7971941,
                33.607998
              ],
              [
                -86.7972256,
                33.607875
              ],
              [
                -86.7972437,
                33.607850599999985
              ],
              [
                -86.7972645,
                33.6078282
              ],
              [
                -86.79726530000002,
                33.6078654
              ],
              [
                -86.7974396,
                33.60786389999997
              ],
              [
                -86.797526,
                33.60786309999998
              ]
            ]
          ],
          [
            [
              [
                -86.79830930000001,
                33.60839249999999
              ],
              [
                -86.7981041,
                33.6084171
              ],
              [
                -86.7980275,
                33.6081621
              ],
              [
                -86.7980814,
                33.60815370000001
              ],
              [
                -86.7983076,
                33.6083631
              ],
              [
                -86.79830930000001,
                33.60839249999999
              ]
            ]
          ],
          [
            [
              [
                -86.79839409999998,
                33.608587300000025
              ],
              [
                -86.79851109999998,
                33.6085754
              ],
              [
                -86.79857739999999,
                33.6089114
              ],
              [
                -86.79843159999999,
                33.608927899999976
              ],
              [
                -86.798208,
                33.6089532
              ],
              [
                -86.79818219999999,
                33.6088301
              ],
              [
                -86.7981417,
                33.6086372
              ],
              [
                -86.7981678,
                33.6086105
              ],
              [
                -86.79839409999998,
                33.608587300000025
              ]
            ]
          ],
          [
            [
              [
                -86.79535959999998,
                33.614352899999986
              ],
              [
                -86.795392,
                33.61437859999997
              ],
              [
                -86.7953973,
                33.6146595
              ],
              [
                -86.7953681,
                33.6146845
              ],
              [
                -86.79507539999999,
                33.614689700000014
              ],
              [
                -86.7950438,
                33.6146615
              ],
              [
                -86.79503459999998,
                33.614386299999985
              ],
              [
                -86.7950654,
                33.6143593
              ],
              [
                -86.79535959999998,
                33.614352899999986
              ]
            ]
          ],
          [
            [
              [
                -86.80367407598897,
                33.61909287845153
              ],
              [
                -86.80370879999998,
                33.6191141
              ],
              [
                -86.8036712,
                33.6192548
              ],
              [
                -86.80339759999998,
                33.619534
              ],
              [
                -86.803175,
                33.619811
              ],
              [
                -86.8028478,
                33.62007669999998
              ],
              [
                -86.8024662244988,
                33.61956290481673
              ],
              [
                -86.80241993690356,
                33.619515931572074
              ],
              [
                -86.80184172818608,
                33.61879852294334
              ],
              [
                -86.80255199733514,
                33.61825600594068
              ],
              [
                -86.80290748764253,
                33.61788909303824
              ],
              [
                -86.80416741345606,
                33.61848871818824
              ],
              [
                -86.80367407598897,
                33.61909287845153
              ]
            ]
          ],
          [
            [
              [
                -86.77085432449407,
                33.5836937776123
              ],
              [
                -86.77060942488299,
                33.58352470929298
              ],
              [
                -86.77097615311459,
                33.58319900585601
              ],
              [
                -86.77133542173608,
                33.583448877797956
              ],
              [
                -86.77085432449407,
                33.5836937776123
              ]
            ]
          ],
          [
            [
              [
                -86.7508203,
                33.6067727
              ],
              [
                -86.75066119999998,
                33.6068573
              ],
              [
                -86.7498174,
                33.606835299999986
              ],
              [
                -86.7496892,
                33.60680579999998
              ],
              [
                -86.74944179999999,
                33.6066329
              ],
              [
                -86.7492253,
                33.6063459
              ],
              [
                -86.74877909999998,
                33.6054554
              ],
              [
                -86.7505375,
                33.6047783
              ],
              [
                -86.7521501,
                33.6044398
              ],
              [
                -86.7524108,
                33.60463849999997
              ],
              [
                -86.7526538,
                33.6051757
              ],
              [
                -86.75224289999998,
                33.605724
              ],
              [
                -86.7514609,
                33.6063311
              ],
              [
                -86.7508203,
                33.6067727
              ]
            ]
          ],
          [
            [
              [
                -86.77579439999998,
                33.6322191
              ],
              [
                -86.77579439999998,
                33.6322503
              ],
              [
                -86.77547350000002,
                33.6331049
              ],
              [
                -86.7750836,
                33.63303190000001
              ],
              [
                -86.77485220000001,
                33.6329777
              ],
              [
                -86.77473339999999,
                33.63291619999997
              ],
              [
                -86.7746676,
                33.63282879999998
              ],
              [
                -86.77462279999999,
                33.632726099999985
              ],
              [
                -86.7745951,
                33.6326307
              ],
              [
                -86.7745816,
                33.6325244
              ],
              [
                -86.77457669999998,
                33.6324356
              ],
              [
                -86.7745847,
                33.6323775
              ],
              [
                -86.7747027,
                33.6320248
              ],
              [
                -86.7750702,
                33.6320739
              ],
              [
                -86.77531933742634,
                33.63210457629854
              ],
              [
                -86.77531933742634,
                33.632104576149366
              ],
              [
                -86.7754511,
                33.63212079999997
              ],
              [
                -86.77562269999999,
                33.6321409
              ],
              [
                -86.7756951,
                33.632145399999985
              ],
              [
                -86.7757461,
                33.632161
              ],
              [
                -86.7757836,
                33.6321923
              ],
              [
                -86.77579439999998,
                33.6322191
              ]
            ]
          ],
          [
            [
              [
                -86.68320180802579,
                33.645690876606025
              ],
              [
                -86.68317731635786,
                33.64403909149308
              ],
              [
                -86.68376818772757,
                33.6440736014751
              ],
              [
                -86.68379728146468,
                33.6457217926079
              ],
              [
                -86.68320180802579,
                33.645690876606025
              ]
            ]
          ],
          [
            [
              [
                -87.6196012,
                32.99799680000001
              ],
              [
                -87.6195019,
                32.9979473
              ],
              [
                -87.6194322,
                32.99789
              ],
              [
                -87.6193759,
                32.9978304
              ],
              [
                -87.61932889999999,
                32.9977662
              ],
              [
                -87.61929269999999,
                32.9976988
              ],
              [
                -87.6192632,
                32.997609899999986
              ],
              [
                -87.6192565,
                32.9975154
              ],
              [
                -87.61931959999998,
                32.9974356
              ],
              [
                -87.61993380000001,
                32.9974446
              ],
              [
                -87.6199888,
                32.99748949999997
              ],
              [
                -87.61997129999999,
                32.998015899999984
              ],
              [
                -87.61988279999998,
                32.9980474
              ],
              [
                -87.619793,
                32.9980474
              ],
              [
                -87.6197071,
                32.9980306
              ],
              [
                -87.6196012,
                32.99799680000001
              ]
            ]
          ],
          [
            [
              [
                -87.62892709741115,
                32.997723347751254
              ],
              [
                -87.62892709745351,
                32.99772334775126
              ],
              [
                -87.6289366,
                32.9975919
              ],
              [
                -87.62893930799623,
                32.99759190541697
              ],
              [
                -87.62893785164017,
                32.997551127208
              ],
              [
                -87.62954575416936,
                32.99754132155677
              ],
              [
                -87.62955040316173,
                32.99759578199109
              ],
              [
                -87.6297185,
                32.99760310000001
              ],
              [
                -87.6296715,
                32.99775049999998
              ],
              [
                -87.62957492991615,
                32.997883099670254
              ],
              [
                -87.62961438725368,
                32.99834532106549
              ],
              [
                -87.62922542558734,
                32.99836300148776
              ],
              [
                -87.6292062,
                32.9983894
              ],
              [
                -87.629115,
                32.9983961
              ],
              [
                -87.62901039999998,
                32.9983747
              ],
              [
                -87.6290079194494,
                32.99837288832417
              ],
              [
                -87.62896726607582,
                32.99837473624101
              ],
              [
                -87.62896610951479,
                32.9983423523421
              ],
              [
                -87.6289366,
                32.99832079999999
              ],
              [
                -87.62890579999998,
                32.9982825
              ],
              [
                -87.6288977,
                32.998215
              ],
              [
                -87.6289031,
                32.9980553
              ],
              [
                -87.62892709741115,
                32.997723347751254
              ]
            ]
          ],
          [
            [
              [
                -87.61847343061203,
                32.998476754564344
              ],
              [
                -87.61847343058773,
                32.99847675456434
              ],
              [
                -87.6185176,
                32.998395
              ],
              [
                -87.61860480000001,
                32.9982938
              ],
              [
                -87.6186973,
                32.9982027
              ],
              [
                -87.6187925,
                32.99812949999997
              ],
              [
                -87.61889309999998,
                32.9980688
              ],
              [
                -87.6189789,
                32.9980272
              ],
              [
                -87.6190674,
                32.9980002
              ],
              [
                -87.61918679999998,
                32.9979979
              ],
              [
                -87.6193316,
                32.998018199999976
              ],
              [
                -87.6194966,
                32.9980643
              ],
              [
                -87.61964949999998,
                32.9981318
              ],
              [
                -87.6197702,
                32.99820039999999
              ],
              [
                -87.61988279999998,
                32.998296
              ],
              [
                -87.61984589999999,
                32.998436599999984
              ],
              [
                -87.6193712,
                32.99906929999999
              ],
              [
                -87.61927189999999,
                32.9990895
              ],
              [
                -87.61846529999998,
                32.9986323
              ],
              [
                -87.6184532,
                32.99851420000001
              ],
              [
                -87.61847343061203,
                32.998476754564344
              ]
            ]
          ],
          [
            [
              [
                -87.58687918997512,
                33.21923280596315
              ],
              [
                -87.58688458166345,
                33.21923297881116
              ],
              [
                -87.58688438942399,
                33.21923627494716
              ],
              [
                -87.58687918997512,
                33.21923280596315
              ]
            ]
          ],
          [
            [
              [
                -87.59700338177552,
                33.22023801274125
              ],
              [
                -87.59603923141432,
                33.22020335929917
              ],
              [
                -87.59603875252789,
                33.2202033293689
              ],
              [
                -87.59595923135436,
                33.22019835928811
              ],
              [
                -87.59494683655808,
                33.22016388696204
              ],
              [
                -87.59494890000002,
                33.2198829
              ],
              [
                -87.5949498,
                33.219759400000015
              ],
              [
                -87.5977873,
                33.2199204
              ],
              [
                -87.5989752,
                33.220262799999986
              ],
              [
                -87.59894881602685,
                33.22084758221666
              ],
              [
                -87.59779223547952,
                33.22026636091655
              ],
              [
                -87.59779223270182,
                33.22026635952063
              ],
              [
                -87.5977922327018,
                33.22026635952063
              ],
              [
                -87.59700338177552,
                33.22023801274125
              ]
            ]
          ],
          [
            [
              [
                -87.6020329,
                33.23352
              ],
              [
                -87.60167439999998,
                33.23363359999998
              ],
              [
                -87.60153549999998,
                33.2333265
              ],
              [
                -87.6018939,
                33.233213
              ],
              [
                -87.6020329,
                33.23352
              ]
            ]
          ],
          [
            [
              [
                -87.5826823,
                33.234937
              ],
              [
                -87.5819693,
                33.2349339
              ],
              [
                -87.5819713,
                33.2346103
              ],
              [
                -87.58268429999998,
                33.234613399999986
              ],
              [
                -87.5826823,
                33.234937
              ]
            ]
          ],
          [
            [
              [
                -87.59357715975001,
                33.23919595314782
              ],
              [
                -87.59350906772549,
                33.23919595314782
              ],
              [
                -87.59350906772549,
                33.23907059204742
              ],
              [
                -87.5937007322745,
                33.239048022280244
              ],
              [
                -87.5937007322745,
                33.23918137307509
              ],
              [
                -87.59357715975001,
                33.23919595314782
              ]
            ]
          ],
          [
            [
              [
                -87.59059863875439,
                33.24101314859172
              ],
              [
                -87.59066193227453,
                33.241013148591705
              ],
              [
                -87.59066193227453,
                33.24117345133478
              ],
              [
                -87.5904702677255,
                33.24117345133481
              ],
              [
                -87.5904702677255,
                33.241038447991734
              ],
              [
                -87.59059863875439,
                33.24101314859172
              ]
            ]
          ],
          [
            [
              [
                -87.616579,
                33.25360409999998
              ],
              [
                -87.6166257,
                33.25324
              ],
              [
                -87.617495,
                33.2532911
              ],
              [
                -87.61753819999998,
                33.25330450000003
              ],
              [
                -87.6175542,
                33.2533393
              ],
              [
                -87.61753819999998,
                33.25338470000001
              ],
              [
                -87.617479,
                33.25347829999996
              ],
              [
                -87.6173575,
                33.253550499999974
              ],
              [
                -87.61727009999998,
                33.2536937
              ],
              [
                -87.6172549,
                33.253809700000026
              ],
              [
                -87.61730810000002,
                33.2539414
              ],
              [
                -87.6174072,
                33.2540336
              ],
              [
                -87.6175191,
                33.2540831
              ],
              [
                -87.61762619999999,
                33.2540884
              ],
              [
                -87.6177653,
                33.25416059999998
              ],
              [
                -87.61781969999998,
                33.254240799999984
              ],
              [
                -87.618085,
                33.25476660000002
              ],
              [
                -87.61716,
                33.25478279999998
              ],
              [
                -87.61669890000002,
                33.25501449999999
              ],
              [
                -87.61665750000002,
                33.25414770000001
              ],
              [
                -87.616579,
                33.25360409999998
              ]
            ]
          ],
          [
            [
              [
                -87.63790869999998,
                33.2837856
              ],
              [
                -87.63793189999998,
                33.2840266
              ],
              [
                -87.6376069,
                33.2840272
              ],
              [
                -87.6375824,
                33.28379659999998
              ],
              [
                -87.63790869999998,
                33.2837856
              ]
            ]
          ],
          [
            [
              [
                -87.59976729999998,
                33.2948299
              ],
              [
                -87.59989249999998,
                33.294752299999985
              ],
              [
                -87.600067,
                33.2947221
              ],
              [
                -87.600103,
                33.2950059
              ],
              [
                -87.6000594,
                33.295050299999986
              ],
              [
                -87.59971229999998,
                33.2950915
              ],
              [
                -87.59971229999998,
                33.29492659999997
              ],
              [
                -87.59976729999998,
                33.2948299
              ]
            ]
          ],
          [
            [
              [
                -87.60822339999999,
                33.3041187
              ],
              [
                -87.60829529999998,
                33.30407309999998
              ],
              [
                -87.60836320000001,
                33.3040408
              ],
              [
                -87.6084351,
                33.30401740000001
              ],
              [
                -87.6085044,
                33.304004
              ],
              [
                -87.6085843,
                33.3039962
              ],
              [
                -87.6086549,
                33.303990699999986
              ],
              [
                -87.6087295,
                33.3039896
              ],
              [
                -87.6087947,
                33.303990699999986
              ],
              [
                -87.6087455,
                33.30456729999997
              ],
              [
                -87.6086945,
                33.304602
              ],
              [
                -87.6080521,
                33.3045785
              ],
              [
                -87.6080622,
                33.3044137
              ],
              [
                -87.6080809,
                33.3043413
              ],
              [
                -87.6081195,
                33.3042601
              ],
              [
                -87.6081341,
                33.3042345
              ],
              [
                -87.60817139999999,
                33.30417209999997
              ],
              [
                -87.60822339999999,
                33.3041187
              ]
            ]
          ],
          [
            [
              [
                -87.609188,
                33.3039945
              ],
              [
                -87.6092631,
                33.304008
              ],
              [
                -87.6093476,
                33.30403039999998
              ],
              [
                -87.60942410000001,
                33.3040696
              ],
              [
                -87.6094965,
                33.3041066
              ],
              [
                -87.60956889999999,
                33.304157
              ],
              [
                -87.60959810591989,
                33.30418699796097
              ],
              [
                -87.60959810591989,
                33.30418699794483
              ],
              [
                -87.6096279,
                33.3042176
              ],
              [
                -87.6096775,
                33.3042859
              ],
              [
                -87.60971509999999,
                33.3043487
              ],
              [
                -87.6097392,
                33.3044328
              ],
              [
                -87.609754,
                33.3045336
              ],
              [
                -87.6097433,
                33.3046424
              ],
              [
                -87.6090673,
                33.3046155
              ],
              [
                -87.6090231,
                33.3045673
              ],
              [
                -87.6090486,
                33.3039777
              ],
              [
                -87.60912230000001,
                33.3039822
              ],
              [
                -87.609188,
                33.3039945
              ]
            ]
          ],
          [
            [
              [
                -87.61041710000002,
                33.304469799999985
              ],
              [
                -87.610453,
                33.3044316
              ],
              [
                -87.61049642120399,
                33.30439847912248
              ],
              [
                -87.61049642120399,
                33.3043984791254
              ],
              [
                -87.61050189999999,
                33.3043943
              ],
              [
                -87.6105574,
                33.3043643
              ],
              [
                -87.6106181,
                33.30434229999999
              ],
              [
                -87.6106823,
                33.304329
              ],
              [
                -87.61074829999998,
                33.3043247
              ],
              [
                -87.61077909999999,
                33.3043269
              ],
              [
                -87.61076259999999,
                33.304488099999986
              ],
              [
                -87.61041710000002,
                33.304469799999985
              ]
            ]
          ],
          [
            [
              [
                -87.6113654,
                33.3046556
              ],
              [
                -87.6113547,
                33.30465469999998
              ],
              [
                -87.6113421,
                33.30465369999998
              ],
              [
                -87.6113356,
                33.304653199999976
              ],
              [
                -87.611346,
                33.30456089999998
              ],
              [
                -87.61137590000001,
                33.3045632
              ],
              [
                -87.6113654,
                33.3046556
              ]
            ]
          ],
          [
            [
              [
                -87.44979659999998,
                33.193436
              ],
              [
                -87.44985449999999,
                33.193504099999984
              ],
              [
                -87.44985449999999,
                33.1938352
              ],
              [
                -87.4497856,
                33.1939072
              ],
              [
                -87.44977310000002,
                33.19398709999999
              ],
              [
                -87.4493508,
                33.19397
              ],
              [
                -87.44917719999998,
                33.1938444
              ],
              [
                -87.4490896,
                33.193542
              ],
              [
                -87.44925229999998,
                33.19352369999998
              ],
              [
                -87.4493445,
                33.1934582
              ],
              [
                -87.44979659999998,
                33.193436
              ]
            ]
          ],
          [
            [
              [
                -87.4488089,
                33.19429909999998
              ],
              [
                -87.4490544,
                33.194369100000024
              ],
              [
                -87.4490935,
                33.1943862
              ],
              [
                -87.4490953,
                33.19442669999998
              ],
              [
                -87.44885539999999,
                33.1949341
              ],
              [
                -87.44868609999999,
                33.19483610000001
              ],
              [
                -87.4485485,
                33.19467259999998
              ],
              [
                -87.448474,
                33.19453570000002
              ],
              [
                -87.4484461,
                33.1943613
              ],
              [
                -87.4484778,
                33.194219699999984
              ],
              [
                -87.44875120000002,
                33.19431
              ],
              [
                -87.4488089,
                33.19429909999998
              ]
            ]
          ],
          [
            [
              [
                -87.3183006,
                33.25676729999998
              ],
              [
                -87.31782320000002,
                33.2571711
              ],
              [
                -87.3177159,
                33.25717559999999
              ],
              [
                -87.3172492,
                33.2567943
              ],
              [
                -87.3173404,
                33.2567001
              ],
              [
                -87.3174584,
                33.2566328
              ],
              [
                -87.3176301,
                33.25657450000001
              ],
              [
                -87.31781779999999,
                33.2565655
              ],
              [
                -87.318086,
                33.2566373
              ],
              [
                -87.3183006,
                33.25676729999998
              ]
            ]
          ],
          [
            [
              [
                -87.31340789999999,
                33.2594802
              ],
              [
                -87.3136425,
                33.2594477
              ],
              [
                -87.31368939999999,
                33.25965749999997
              ],
              [
                -87.31345119999999,
                33.259687599999985
              ],
              [
                -87.31340789999999,
                33.2594802
              ]
            ]
          ],
          [
            [
              [
                -87.4835852,
                33.22571029999998
              ],
              [
                -87.483611,
                33.225505
              ],
              [
                -87.48394219999999,
                33.22553419999996
              ],
              [
                -87.48391639999998,
                33.2257394
              ],
              [
                -87.4835852,
                33.22571029999998
              ]
            ]
          ],
          [
            [
              [
                -87.5800357,
                33.22649660000001
              ],
              [
                -87.5800555,
                33.2263417
              ],
              [
                -87.58020939999999,
                33.2263015
              ],
              [
                -87.5809442,
                33.22635059999998
              ],
              [
                -87.581139,
                33.2263182
              ],
              [
                -87.58144719885988,
                33.227262673766724
              ],
              [
                -87.58159789629698,
                33.227717102730445
              ],
              [
                -87.5816396,
                33.2278049
              ],
              [
                -87.58166359999998,
                33.2278401
              ],
              [
                -87.58167059999998,
                33.22786509999999
              ],
              [
                -87.5817271,
                33.227958699999974
              ],
              [
                -87.58078777691226,
                33.22793252372497
              ],
              [
                -87.58067571388051,
                33.22794622931473
              ],
              [
                -87.58038931569658,
                33.22795313127398
              ],
              [
                -87.58034488339383,
                33.22792018153653
              ],
              [
                -87.5802666,
                33.227918
              ],
              [
                -87.5800687,
                33.2277575
              ],
              [
                -87.5799405,
                33.22765989999998
              ],
              [
                -87.57984159999998,
                33.2275843
              ],
              [
                -87.5797965,
                33.22752149999998
              ],
              [
                -87.57976558063484,
                33.227502753613244
              ],
              [
                -87.57971990462157,
                33.2274838531614
              ],
              [
                -87.57971180781553,
                33.22747015119522
              ],
              [
                -87.5796568,
                33.2274368
              ],
              [
                -87.57966134273192,
                33.22734764724931
              ],
              [
                -87.57965779240789,
                33.227332026400234
              ],
              [
                -87.57965779240789,
                33.22723541100935
              ],
              [
                -87.5796734400225,
                33.22711023356394
              ],
              [
                -87.57969149999998,
                33.2267558
              ],
              [
                -87.5796921,
                33.22668179999999
              ],
              [
                -87.5797,
                33.2265822
              ],
              [
                -87.57998989999999,
                33.2265599
              ],
              [
                -87.5800357,
                33.22649660000001
              ]
            ]
          ],
          [
            [
              [
                -87.5736869,
                33.2292321
              ],
              [
                -87.5736991,
                33.2290434
              ],
              [
                -87.57378549999999,
                33.2290106
              ],
              [
                -87.57394609999999,
                33.229046799999985
              ],
              [
                -87.5739691,
                33.2291683
              ],
              [
                -87.5739871,
                33.2292622
              ],
              [
                -87.5739217,
                33.22933839999999
              ],
              [
                -87.5736818,
                33.2293231
              ],
              [
                -87.5736869,
                33.2292321
              ]
            ]
          ],
          [
            [
              [
                -87.56707549999999,
                33.22923209999998
              ],
              [
                -87.5671561,
                33.229353399999965
              ],
              [
                -87.5671722,
                33.22946789999999
              ],
              [
                -87.56703059999998,
                33.2297505
              ],
              [
                -87.5668602,
                33.229893
              ],
              [
                -87.5666897,
                33.2300415
              ],
              [
                -87.5665799,
                33.23014279999999
              ],
              [
                -87.56621929999999,
                33.23033129999999
              ],
              [
                -87.5661784,
                33.23040670000004
              ],
              [
                -87.5663489,
                33.2307284
              ],
              [
                -87.56561079999999,
                33.2314082
              ],
              [
                -87.5650107,
                33.2309487
              ],
              [
                -87.5648816,
                33.230421
              ],
              [
                -87.5648657,
                33.2303561
              ],
              [
                -87.56480509999999,
                33.22973979999998
              ],
              [
                -87.56476989999999,
                33.2294205
              ],
              [
                -87.564802,
                33.2290353
              ],
              [
                -87.5649139,
                33.2289088
              ],
              [
                -87.56499839999998,
                33.228921899999975
              ],
              [
                -87.5663062,
                33.2291242
              ],
              [
                -87.5664794,
                33.2291242
              ],
              [
                -87.56663649999999,
                33.2291714
              ],
              [
                -87.5667614,
                33.2291175
              ],
              [
                -87.56693049999998,
                33.229131
              ],
              [
                -87.56701110000002,
                33.2291546
              ],
              [
                -87.56707549999999,
                33.22923209999998
              ]
            ]
          ],
          [
            [
              [
                -87.58063029999998,
                33.2320732
              ],
              [
                -87.5806151,
                33.23216209999998
              ],
              [
                -87.5805734,
                33.2322826
              ],
              [
                -87.5804824,
                33.23239689999997
              ],
              [
                -87.5803913,
                33.2324794
              ],
              [
                -87.5802301,
                33.23256029999998
              ],
              [
                -87.5800575,
                33.23260469999998
              ],
              [
                -87.57989439999999,
                33.232603099999984
              ],
              [
                -87.5798963,
                33.2320272
              ],
              [
                -87.5799361,
                33.2319907
              ],
              [
                -87.5806265,
                33.2319749
              ],
              [
                -87.58063029999998,
                33.2320732
              ]
            ]
          ],
          [
            [
              [
                -87.58226409999999,
                33.2345978
              ],
              [
                -87.5815097,
                33.23460710000001
              ],
              [
                -87.5815016,
                33.234142599999984
              ],
              [
                -87.58141219999999,
                33.2338358
              ],
              [
                -87.58142019999998,
                33.233709
              ],
              [
                -87.5815016,
                33.2336383
              ],
              [
                -87.5819625,
                33.233637
              ],
              [
                -87.5819912,
                33.2336757
              ],
              [
                -87.58207729999998,
                33.233665
              ],
              [
                -87.5821379,
                33.2335743
              ],
              [
                -87.5826612,
                33.233572399999986
              ],
              [
                -87.5826642,
                33.23416
              ],
              [
                -87.58226409999999,
                33.2345978
              ]
            ]
          ],
          [
            [
              [
                -87.5811038,
                33.234208
              ],
              [
                -87.58105230000001,
                33.2352408
              ],
              [
                -87.5804396,
                33.2352195
              ],
              [
                -87.58049109999999,
                33.2341866
              ],
              [
                -87.5811038,
                33.234208
              ]
            ]
          ],
          [
            [
              [
                -87.488698,
                33.23485189999999
              ],
              [
                -87.4887168,
                33.235249
              ],
              [
                -87.48862019999999,
                33.2355114
              ],
              [
                -87.48828489999998,
                33.23574669999997
              ],
              [
                -87.4875312,
                33.2357422
              ],
              [
                -87.4874788,
                33.234826
              ],
              [
                -87.4875699,
                33.2347658
              ],
              [
                -87.488698,
                33.23485189999999
              ]
            ]
          ],
          [
            [
              [
                -87.4860928,
                33.2351799
              ],
              [
                -87.4861289,
                33.2351572
              ],
              [
                -87.48729729999998,
                33.235181799999964
              ],
              [
                -87.4873618,
                33.2352062
              ],
              [
                -87.4873591,
                33.2357514
              ],
              [
                -87.48731880000001,
                33.23579619999998
              ],
              [
                -87.4861145,
                33.235751399999984
              ],
              [
                -87.4860716,
                33.2357267
              ],
              [
                -87.4860928,
                33.2351799
              ]
            ]
          ],
          [
            [
              [
                -87.48598589999999,
                33.236236
              ],
              [
                -87.48610160000001,
                33.2361709
              ],
              [
                -87.4862116,
                33.23616779999998
              ],
              [
                -87.48662320000001,
                33.236228
              ],
              [
                -87.4865416,
                33.2366532
              ],
              [
                -87.48650749999999,
                33.2366786
              ],
              [
                -87.4858797,
                33.2365961
              ],
              [
                -87.4858968,
                33.236347
              ],
              [
                -87.48598589999999,
                33.236236
              ]
            ]
          ],
          [
            [
              [
                -87.55485506772548,
                33.237603230279234
              ],
              [
                -87.5548928,
                33.2376065
              ],
              [
                -87.55489789999999,
                33.2375657
              ],
              [
                -87.55492289999997,
                33.23756779999997
              ],
              [
                -87.5549680417392,
                33.23753714540486
              ],
              [
                -87.5550467322745,
                33.23753714540488
              ],
              [
                -87.5550467322745,
                33.23769745452161
              ],
              [
                -87.55485506772548,
                33.237697454521616
              ],
              [
                -87.55485506772548,
                33.237603230279234
              ]
            ]
          ],
          [
            [
              [
                -87.55994186772548,
                33.237737854484585
              ],
              [
                -87.55994186772548,
                33.237577545441894
              ],
              [
                -87.5601335322745,
                33.237577545441894
              ],
              [
                -87.5601335322745,
                33.2377378544846
              ],
              [
                -87.55994186772548,
                33.237737854484585
              ]
            ]
          ],
          [
            [
              [
                -87.48442330948701,
                33.23833635418098
              ],
              [
                -87.48441880124426,
                33.23836579031873
              ],
              [
                -87.48390969701912,
                33.23827851439966
              ],
              [
                -87.4831752,
                33.238195799999986
              ],
              [
                -87.4829084,
                33.238158599999984
              ],
              [
                -87.482906,
                33.237868
              ],
              [
                -87.4829,
                33.237793
              ],
              [
                -87.482878,
                33.237734
              ],
              [
                -87.482865,
                33.237388
              ],
              [
                -87.48346832084904,
                33.23740623138168
              ],
              [
                -87.48346832084904,
                33.237406232907794
              ],
              [
                -87.48404639999998,
                33.23742369999997
              ],
              [
                -87.4846028,
                33.2374992
              ],
              [
                -87.484574,
                33.237651
              ],
              [
                -87.484513,
                33.238011
              ],
              [
                -87.4844998,
                33.2380959
              ],
              [
                -87.4844906,
                33.238155599999985
              ],
              [
                -87.48446189999999,
                33.2383407
              ],
              [
                -87.48442330948701,
                33.23833635418098
              ]
            ]
          ],
          [
            [
              [
                -87.557264,
                33.2386253
              ],
              [
                -87.5574762,
                33.23863449999999
              ],
              [
                -87.55745549999999,
                33.2389674
              ],
              [
                -87.5572433,
                33.23895819999998
              ],
              [
                -87.557264,
                33.2386253
              ]
            ]
          ],
          [
            [
              [
                -87.55292579999998,
                33.2387114
              ],
              [
                -87.5531337,
                33.23872269999998
              ],
              [
                -87.5531077,
                33.23905650000001
              ],
              [
                -87.5528998,
                33.23904520000002
              ],
              [
                -87.55292579999998,
                33.2387114
              ]
            ]
          ],
          [
            [
              [
                -87.49614959999998,
                33.24003769999999
              ],
              [
                -87.4959096,
                33.2400648
              ],
              [
                -87.4957256,
                33.2400588
              ],
              [
                -87.49550180000001,
                33.23997579999998
              ],
              [
                -87.4953232,
                33.23982189999999
              ],
              [
                -87.49588429999999,
                33.2393918
              ],
              [
                -87.49600159999999,
                33.2394053
              ],
              [
                -87.49642379999999,
                33.23992449999999
              ],
              [
                -87.49614959999998,
                33.24003769999999
              ]
            ]
          ],
          [
            [
              [
                -87.55933570000002,
                33.240554
              ],
              [
                -87.559495,
                33.2402506
              ],
              [
                -87.559684,
                33.24032
              ],
              [
                -87.5595247,
                33.24062339999998
              ],
              [
                -87.55933570000002,
                33.240554
              ]
            ]
          ],
          [
            [
              [
                -87.5786962,
                33.24645409999998
              ],
              [
                -87.57928549999998,
                33.2460758
              ],
              [
                -87.5794272,
                33.2464056
              ],
              [
                -87.5799448,
                33.24716319999999
              ],
              [
                -87.5798772,
                33.2473243
              ],
              [
                -87.5798018,
                33.24726319999997
              ],
              [
                -87.5796628,
                33.24707349999996
              ],
              [
                -87.5796054,
                33.24709660000001
              ],
              [
                -87.579722,
                33.247309
              ],
              [
                -87.57972220000002,
                33.2474668
              ],
              [
                -87.5795939,
                33.247514499999966
              ],
              [
                -87.5790205,
                33.247060099999985
              ],
              [
                -87.5786962,
                33.24645409999998
              ]
            ]
          ],
          [
            [
              [
                -87.58110049573733,
                33.26051403468794
              ],
              [
                -87.58123009837833,
                33.259320329424824
              ],
              [
                -87.58166324265213,
                33.2593646671345
              ],
              [
                -87.5819231097486,
                33.25941416519024
              ],
              [
                -87.582097,
                33.259414
              ],
              [
                -87.58254440202523,
                33.25955637311094
              ],
              [
                -87.58298996090198,
                33.25966479809591
              ],
              [
                -87.58297865278651,
                33.259694561202004
              ],
              [
                -87.5831183,
                33.259739
              ],
              [
                -87.58260069999999,
                33.2607334
              ],
              [
                -87.58258359565282,
                33.26073435668381
              ],
              [
                -87.58256363933276,
                33.260786881976145
              ],
              [
                -87.58235156646082,
                33.26074733458778
              ],
              [
                -87.5820107,
                33.2607664
              ],
              [
                -87.5816795,
                33.2607849
              ],
              [
                -87.58168560215594,
                33.260623145441066
              ],
              [
                -87.58110049573733,
                33.26051403468794
              ]
            ]
          ],
          [
            [
              [
                -87.5740102,
                33.309105099999975
              ],
              [
                -87.5740645,
                33.30911540000001
              ],
              [
                -87.5742521,
                33.309328
              ],
              [
                -87.5742505,
                33.3093655
              ],
              [
                -87.5741291,
                33.30944249999999
              ],
              [
                -87.5740195,
                33.309512
              ],
              [
                -87.5739683,
                33.30951069999998
              ],
              [
                -87.5737714,
                33.309302
              ],
              [
                -87.57377449999998,
                33.3092567
              ],
              [
                -87.5740102,
                33.309105099999975
              ]
            ]
          ],
          [
            [
              [
                -87.61048448289803,
                33.30502867170992
              ],
              [
                -87.61048448296567,
                33.30502867170993
              ],
              [
                -87.61049642120399,
                33.304909741666506
              ],
              [
                -87.61049642120399,
                33.30490974423558
              ],
              [
                -87.6105319,
                33.3045563
              ],
              [
                -87.61104509999998,
                33.30459230000001
              ],
              [
                -87.61095549999999,
                33.30548489999998
              ],
              [
                -87.6104423,
                33.30544889999999
              ],
              [
                -87.61046137348538,
                33.305258888916875
              ],
              [
                -87.61046137353567,
                33.30525888900571
              ],
              [
                -87.61048448289803,
                33.30502867170992
              ]
            ]
          ],
          [
            [
              [
                -87.61133829999999,
                33.3050446
              ],
              [
                -87.6113315,
                33.30510469999997
              ],
              [
                -87.61130520000002,
                33.3051027
              ],
              [
                -87.61129339999998,
                33.3051017
              ],
              [
                -87.611263,
                33.3050993
              ],
              [
                -87.6112698,
                33.3050392
              ],
              [
                -87.6112983,
                33.30504149999999
              ],
              [
                -87.61131080000001,
                33.3050425
              ],
              [
                -87.61133829999999,
                33.3050446
              ]
            ]
          ],
          [
            [
              [
                -87.608464,
                33.30527689999999
              ],
              [
                -87.60853430370649,
                33.30502867170992
              ],
              [
                -87.60853430398815,
                33.30502867170992
              ],
              [
                -87.6086166,
                33.3047381
              ],
              [
                -87.60959810591989,
                33.30493227918334
              ],
              [
                -87.60959810591989,
                33.30493227812624
              ],
              [
                -87.6098186,
                33.3049759
              ],
              [
                -87.609666,
                33.3055147
              ],
              [
                -87.608464,
                33.30527689999999
              ]
            ]
          ],
          [
            [
              [
                -87.61124909999998,
                33.305494
              ],
              [
                -87.6112609,
                33.3054949
              ],
              [
                -87.6112693,
                33.305495599999965
              ],
              [
                -87.6112591,
                33.3055861
              ],
              [
                -87.6112286,
                33.3055837
              ],
              [
                -87.6112388,
                33.3054932
              ],
              [
                -87.61124909999998,
                33.305494
              ]
            ]
          ],
          [
            [
              [
                -87.61049642120399,
                33.307490845790454
              ],
              [
                -87.61049642120399,
                33.30749084651578
              ],
              [
                -87.611019,
                33.3076597
              ],
              [
                -87.6104314,
                33.308930099999984
              ],
              [
                -87.609668,
                33.3086835
              ],
              [
                -87.6102555,
                33.307413
              ],
              [
                -87.61049642120399,
                33.307490845790454
              ]
            ]
          ],
          [
            [
              [
                -87.606629,
                33.309978499999986
              ],
              [
                -87.6067165,
                33.30977679999998
              ],
              [
                -87.606828,
                33.3098106
              ],
              [
                -87.6067405,
                33.31001219999999
              ],
              [
                -87.606629,
                33.309978499999986
              ]
            ]
          ],
          [
            [
              [
                -87.606777,
                33.31002620000001
              ],
              [
                -87.6068645,
                33.3098245
              ],
              [
                -87.606976,
                33.3098582
              ],
              [
                -87.60688849999998,
                33.310059899999985
              ],
              [
                -87.606777,
                33.31002620000001
              ]
            ]
          ],
          [
            [
              [
                -87.60959810591989,
                33.309457325886534
              ],
              [
                -87.60959810591989,
                33.30945732586348
              ],
              [
                -87.60964310000001,
                33.3094525
              ],
              [
                -87.609757,
                33.3094525
              ],
              [
                -87.6098916,
                33.30948159999997
              ],
              [
                -87.61006860000002,
                33.30952889999998
              ],
              [
                -87.6102031,
                33.31012639999998
              ],
              [
                -87.6101677,
                33.3104873
              ],
              [
                -87.6100578,
                33.310566899999976
              ],
              [
                -87.60989109999998,
                33.31055670000002
              ],
              [
                -87.60958619999998,
                33.310556700000014
              ],
              [
                -87.6092325,
                33.3104819
              ],
              [
                -87.6089276,
                33.310407199999965
              ],
              [
                -87.6089154,
                33.310349399999986
              ],
              [
                -87.608891,
                33.3102577
              ],
              [
                -87.6088829,
                33.3100878
              ],
              [
                -87.60890730000001,
                33.3099757
              ],
              [
                -87.6089723,
                33.309799
              ],
              [
                -87.6090537,
                33.3096699
              ],
              [
                -87.60916339999999,
                33.309568
              ],
              [
                -87.6092732,
                33.309517
              ],
              [
                -87.6094846,
                33.30946949999996
              ],
              [
                -87.60959810591989,
                33.309457325886534
              ]
            ]
          ],
          [
            [
              [
                -86.7752003,
                33.63185879999998
              ],
              [
                -86.7751168,
                33.6318348
              ],
              [
                -86.7750477,
                33.6318085
              ],
              [
                -86.7749988,
                33.6317653
              ],
              [
                -86.7749672,
                33.63173179999998
              ],
              [
                -86.77493260000001,
                33.631671899999965
              ],
              [
                -86.77493260000001,
                33.6316335
              ],
              [
                -86.7749269,
                33.6315856
              ],
              [
                -86.77515139999998,
                33.630579099999984
              ],
              [
                -86.7751859,
                33.630536
              ],
              [
                -86.77524059999999,
                33.6304832
              ],
              [
                -86.77530390000001,
                33.6304449
              ],
              [
                -86.77531933742634,
                33.63043989327036
              ],
              [
                -86.77531933742634,
                33.63043989326713
              ],
              [
                -86.7753557,
                33.6304281
              ],
              [
                -86.775419,
                33.63041609999996
              ],
              [
                -86.7754766,
                33.630409
              ],
              [
                -86.77553989999998,
                33.6304066
              ],
              [
                -86.7755946,
                33.63041849999997
              ],
              [
                -86.77564639999999,
                33.63043769999998
              ],
              [
                -86.7756982,
                33.6304689
              ],
              [
                -86.77575,
                33.6304976
              ],
              [
                -86.77579029999998,
                33.6305288
              ],
              [
                -86.77580180000001,
                33.63056229999999
              ],
              [
                -86.77582489999999,
                33.6306174
              ],
              [
                -86.77582489999999,
                33.63065579999998
              ],
              [
                -86.7758277,
                33.63070369999997
              ],
              [
                -86.7755658,
                33.6317078
              ],
              [
                -86.775537,
                33.631751
              ],
              [
                -86.7754881,
                33.6317869
              ],
              [
                -86.7754421,
                33.63182050000002
              ],
              [
                -86.7753787,
                33.63184679999998
              ],
              [
                -86.7753298,
                33.6318564
              ],
              [
                -86.77526359999999,
                33.63185879999999
              ],
              [
                -86.7752003,
                33.63185879999998
              ]
            ]
          ],
          [
            [
              [
                -86.80707580000002,
                33.63182489999997
              ],
              [
                -86.80671639999998,
                33.6319768
              ],
              [
                -86.8064321,
                33.631501100000015
              ],
              [
                -86.8067888,
                33.63135589999998
              ],
              [
                -86.80707580000002,
                33.63182489999997
              ]
            ]
          ],
          [
            [
              [
                -86.79148601426945,
                33.63604786415566
              ],
              [
                -86.79154045272514,
                33.6360480835207
              ],
              [
                -86.79593560612861,
                33.63606570935722
              ],
              [
                -86.79593624483077,
                33.63699736809007
              ],
              [
                -86.79570360901997,
                33.636898521205794
              ],
              [
                -86.7914562710504,
                33.63698180119978
              ],
              [
                -86.79145757476984,
                33.636940864902925
              ],
              [
                -86.79148601426945,
                33.63604786415566
              ]
            ]
          ],
          [
            [
              [
                -86.68241371872195,
                33.65552892748262
              ],
              [
                -86.68209721709455,
                33.65755166492983
              ],
              [
                -86.68016602787989,
                33.65748915275661
              ],
              [
                -86.68020357835708,
                33.65664969906816
              ],
              [
                -86.68036451064192,
                33.65625229622239
              ],
              [
                -86.68077757128093,
                33.655448552470524
              ],
              [
                -86.68241371872196,
                33.65551999643092
              ],
              [
                -86.68241371872195,
                33.65552892748262
              ]
            ]
          ],
          [
            [
              [
                -86.6975314,
                33.65745839999998
              ],
              [
                -86.697513,
                33.6574776
              ],
              [
                -86.69741219999999,
                33.6574105
              ],
              [
                -86.69739529999998,
                33.6574287
              ],
              [
                -86.6973444,
                33.6573946
              ],
              [
                -86.6973588,
                33.6573769
              ],
              [
                -86.6972556,
                33.65731369999998
              ],
              [
                -86.69727549999999,
                33.65729160000003
              ],
              [
                -86.6972981,
                33.65727459999999
              ],
              [
                -86.6973205,
                33.6572633
              ],
              [
                -86.6973524,
                33.65725670000004
              ],
              [
                -86.6973858,
                33.6572586
              ],
              [
                -86.69742329999998,
                33.6572646
              ],
              [
                -86.6974715,
                33.6572882
              ],
              [
                -86.69749579999998,
                33.65730559999998
              ],
              [
                -86.69751739999998,
                33.65733119999998
              ],
              [
                -86.6975371,
                33.657361500000015
              ],
              [
                -86.6975443,
                33.65738709999997
              ],
              [
                -86.6975466,
                33.65741039999998
              ],
              [
                -86.697539,
                33.6574414
              ],
              [
                -86.6975314,
                33.65745839999998
              ]
            ]
          ],
          [
            [
              [
                -86.6975814,
                33.6575265
              ],
              [
                -86.69757159999999,
                33.65752919999998
              ],
              [
                -86.69756229999999,
                33.65752540000001
              ],
              [
                -86.6975591,
                33.65751719999998
              ],
              [
                -86.6975637,
                33.6575095
              ],
              [
                -86.6975736,
                33.6575068
              ],
              [
                -86.6975828,
                33.657510699999975
              ],
              [
                -86.6975861,
                33.6575188
              ],
              [
                -86.6975814,
                33.6575265
              ]
            ]
          ],
          [
            [
              [
                -86.69748289999998,
                33.65770789999998
              ],
              [
                -86.6974745,
                33.65770249999997
              ],
              [
                -86.69752859999998,
                33.65764439999999
              ],
              [
                -86.697554,
                33.6576608
              ],
              [
                -86.6974999,
                33.6577189
              ],
              [
                -86.69749390000001,
                33.657715
              ],
              [
                -86.69748289999998,
                33.65770789999998
              ]
            ]
          ],
          [
            [
              [
                -86.6975394,
                33.65758779999997
              ],
              [
                -86.6968106,
                33.658365499999974
              ],
              [
                -86.6963955,
                33.6580959
              ],
              [
                -86.69712429999998,
                33.65731820000001
              ],
              [
                -86.6975394,
                33.65758779999997
              ]
            ]
          ],
          [
            [
              [
                -86.69633219999999,
                33.65817730000003
              ],
              [
                -86.6963716,
                33.658135199999975
              ],
              [
                -86.69641989999998,
                33.6581665
              ],
              [
                -86.696403,
                33.65818450000003
              ],
              [
                -86.6963968,
                33.658191199999976
              ],
              [
                -86.6963805,
                33.6582086
              ],
              [
                -86.69633219999999,
                33.65817730000003
              ]
            ]
          ],
          [
            [
              [
                -86.6969568,
                33.65830420000001
              ],
              [
                -86.6969003,
                33.6583649
              ],
              [
                -86.69687209999998,
                33.65834670000001
              ],
              [
                -86.6969286,
                33.6582861
              ],
              [
                -86.6969383,
                33.658292399999986
              ],
              [
                -86.6969494,
                33.65829949999998
              ],
              [
                -86.6969568,
                33.65830420000001
              ]
            ]
          ],
          [
            [
              [
                -86.69670039999998,
                33.65844950000001
              ],
              [
                -86.69670389999999,
                33.658443
              ],
              [
                -86.69649879999999,
                33.6584239
              ],
              [
                -86.6965193,
                33.6583659
              ],
              [
                -86.69655719999999,
                33.65831149999998
              ],
              [
                -86.6967101,
                33.65843120000002
              ],
              [
                -86.69671310000001,
                33.65842549999998
              ],
              [
                -86.69674179999998,
                33.658436
              ],
              [
                -86.6967291,
                33.65846
              ],
              [
                -86.69670039999998,
                33.65844950000001
              ]
            ]
          ],
          [
            [
              [
                -86.69624429999999,
                33.6587985
              ],
              [
                -86.69613329999999,
                33.658757399999985
              ],
              [
                -86.6962392,
                33.6585592
              ],
              [
                -86.6963503,
                33.658600300000025
              ],
              [
                -86.69624429999999,
                33.6587985
              ]
            ]
          ],
          [
            [
              [
                -86.6962777,
                33.65880839999998
              ],
              [
                -86.6963826,
                33.6586113
              ],
              [
                -86.69649339999998,
                33.65865220000001
              ],
              [
                -86.6963884,
                33.6588492
              ],
              [
                -86.6962777,
                33.65880839999998
              ]
            ]
          ],
          [
            [
              [
                -86.69653419999999,
                33.6589015
              ],
              [
                -86.6964249,
                33.65886189999998
              ],
              [
                -86.6965282,
                33.65866439999998
              ],
              [
                -86.69663739999999,
                33.658704
              ],
              [
                -86.69653419999999,
                33.6589015
              ]
            ]
          ],
          [
            [
              [
                -86.69667829999999,
                33.65895549999998
              ],
              [
                -86.696569,
                33.6589159
              ],
              [
                -86.69667159999999,
                33.658719399999974
              ],
              [
                -86.696781,
                33.658759
              ],
              [
                -86.69667829999999,
                33.65895549999998
              ]
            ]
          ],
          [
            [
              [
                -86.8609615,
                33.635392799999984
              ],
              [
                -86.8610306,
                33.63526949999998
              ],
              [
                -86.86133659999999,
                33.6349941
              ],
              [
                -86.8618056,
                33.634727
              ],
              [
                -86.86229430000002,
                33.6344516
              ],
              [
                -86.8628323,
                33.6340119
              ],
              [
                -86.8631433,
                33.6337077
              ],
              [
                -86.8633407,
                33.633346099999976
              ],
              [
                -86.8630298,
                33.6327789
              ],
              [
                -86.8631672,
                33.6325836
              ],
              [
                -86.8634671,
                33.6321575
              ],
              [
                -86.86340989999998,
                33.63272129999998
              ],
              [
                -86.86336049999998,
                33.6356969
              ],
              [
                -86.8616476,
                33.63561879999998
              ],
              [
                -86.8609467,
                33.635701
              ],
              [
                -86.8603444,
                33.6356558
              ],
              [
                -86.86048759999998,
                33.635401
              ],
              [
                -86.8607541,
                33.63544620000001
              ],
              [
                -86.8609615,
                33.635392799999984
              ]
            ]
          ],
          [
            [
              [
                -86.86548559999999,
                33.636069
              ],
              [
                -86.8655205,
                33.6360959
              ],
              [
                -86.8655211,
                33.6363763
              ],
              [
                -86.86549,
                33.6364028
              ],
              [
                -86.8653612,
                33.636402799999985
              ],
              [
                -86.86532759999999,
                33.63637529999998
              ],
              [
                -86.8653187,
                33.6361022
              ],
              [
                -86.8653485,
                33.6360753
              ],
              [
                -86.86548559999999,
                33.636069
              ]
            ]
          ],
          [
            [
              [
                -86.8163904,
                33.6455573
              ],
              [
                -86.8164102,
                33.64541409999998
              ],
              [
                -86.8164107,
                33.6453353
              ],
              [
                -86.8164563,
                33.6448366
              ],
              [
                -86.81645849999998,
                33.6448126
              ],
              [
                -86.81682129999999,
                33.644819
              ],
              [
                -86.8170513,
                33.6449377
              ],
              [
                -86.81719610000002,
                33.6450515
              ],
              [
                -86.8173007,
                33.6451788
              ],
              [
                -86.8173765,
                33.645303499999976
              ],
              [
                -86.8174107,
                33.6454356
              ],
              [
                -86.81742479999998,
                33.645567
              ],
              [
                -86.8167211,
                33.645618
              ],
              [
                -86.8167189,
                33.64559159999999
              ],
              [
                -86.81645990000001,
                33.64561009999998
              ],
              [
                -86.8164059,
                33.645569
              ],
              [
                -86.8163904,
                33.6455573
              ]
            ]
          ],
          [
            [
              [
                -86.8215527,
                33.65608659999998
              ],
              [
                -86.82158759999999,
                33.656135700000014
              ],
              [
                -86.8214056,
                33.6569011
              ],
              [
                -86.821263,
                33.6568747
              ],
              [
                -86.82108329999998,
                33.65681439999999
              ],
              [
                -86.820904,
                33.65670009999998
              ],
              [
                -86.8207431,
                33.6565505
              ],
              [
                -86.8206461,
                33.65636349999997
              ],
              [
                -86.8206086,
                33.65623169999997
              ],
              [
                -86.8206059,
                33.6561022
              ],
              [
                -86.8206139,
                33.655966
              ],
              [
                -86.8215527,
                33.65608659999998
              ]
            ]
          ],
          [
            [
              [
                -86.82246509999999,
                33.6567292
              ],
              [
                -86.8222156,
                33.656843
              ],
              [
                -86.8219796,
                33.6568765
              ],
              [
                -86.82173509999998,
                33.6568591
              ],
              [
                -86.8218612,
                33.6560866
              ],
              [
                -86.8219255,
                33.6560464
              ],
              [
                -86.8228455,
                33.6561982
              ],
              [
                -86.8227758,
                33.65643270000002
              ],
              [
                -86.8226444,
                33.6565956
              ],
              [
                -86.82246509999999,
                33.6567292
              ]
            ]
          ],
          [
            [
              [
                -86.8202814,
                33.65690819999997
              ],
              [
                -86.8201338,
                33.6568569
              ],
              [
                -86.82002919999998,
                33.6567854
              ],
              [
                -86.81995139999998,
                33.6566805
              ],
              [
                -86.81991929999998,
                33.6565778
              ],
              [
                -86.8199166,
                33.65649739999998
              ],
              [
                -86.8204503,
                33.6564349
              ],
              [
                -86.8205147,
                33.6564885
              ],
              [
                -86.82059249999999,
                33.656926099999986
              ],
              [
                -86.8204101,
                33.6569305
              ],
              [
                -86.8202814,
                33.65690819999997
              ]
            ]
          ],
          [
            [
              [
                -86.8171834,
                33.6678361
              ],
              [
                -86.8171593,
                33.6677177
              ],
              [
                -86.8171968,
                33.667691
              ],
              [
                -86.8180712,
                33.6679678
              ],
              [
                -86.8181168,
                33.66803249999999
              ],
              [
                -86.81778189999999,
                33.6687709
              ],
              [
                -86.81757229999998,
                33.6686754
              ],
              [
                -86.81745429999998,
                33.6685973
              ],
              [
                -86.8172907,
                33.6684365
              ],
              [
                -86.8172075,
                33.6683249
              ],
              [
                -86.8171432,
                33.66817759999998
              ],
              [
                -86.8171539,
                33.668037
              ],
              [
                -86.8171727,
                33.6679075
              ],
              [
                -86.8171834,
                33.6678361
              ]
            ]
          ],
          [
            [
              [
                -86.818615,
                33.67574669999998
              ],
              [
                -86.8174523,
                33.6759237
              ],
              [
                -86.8173539,
                33.675476
              ],
              [
                -86.81851659999998,
                33.675299
              ],
              [
                -86.818615,
                33.67574669999998
              ]
            ]
          ],
          [
            [
              [
                -86.8122723,
                33.64455659999999
              ],
              [
                -86.8124842,
                33.644619099999986
              ],
              [
                -86.8126531,
                33.644704
              ],
              [
                -86.812798,
                33.64484469999998
              ],
              [
                -86.81289719999998,
                33.6450144
              ],
              [
                -86.8129187,
                33.6451751
              ],
              [
                -86.8128999,
                33.645342599999985
              ],
              [
                -86.81283019999998,
                33.6454877
              ],
              [
                -86.8122964,
                33.6456128
              ],
              [
                -86.8117684,
                33.6456414
              ],
              [
                -86.8116393,
                33.64555919999999
              ],
              [
                -86.81162319999999,
                33.645110399999986
              ],
              [
                -86.8117224,
                33.64464369999999
              ],
              [
                -86.8118699,
                33.644585599999985
              ],
              [
                -86.8120684,
                33.6445455
              ],
              [
                -86.8122723,
                33.64455659999999
              ]
            ]
          ],
          [
            [
              [
                -86.81565559999999,
                33.64512609999998
              ],
              [
                -86.8157124,
                33.64521769999999
              ],
              [
                -86.81572579999998,
                33.645289699999985
              ],
              [
                -86.8157259,
                33.64531909999999
              ],
              [
                -86.81572169999998,
                33.64534889999999
              ],
              [
                -86.81570629999999,
                33.6453866
              ],
              [
                -86.8156828,
                33.64543209999999
              ],
              [
                -86.8156625,
                33.6454603
              ],
              [
                -86.8156505,
                33.6454629
              ],
              [
                -86.81554589999999,
                33.6455943
              ],
              [
                -86.8151292,
                33.646134899999986
              ],
              [
                -86.8150691,
                33.64620680000002
              ],
              [
                -86.8150317,
                33.6462349
              ],
              [
                -86.81499279999998,
                33.6462611
              ],
              [
                -86.8149342,
                33.64628459999999
              ],
              [
                -86.8148907,
                33.6462968
              ],
              [
                -86.8148311,
                33.6463056
              ],
              [
                -86.81475909999999,
                33.6463047
              ],
              [
                -86.8147107,
                33.6463065
              ],
              [
                -86.8146827,
                33.646300299999986
              ],
              [
                -86.8145965,
                33.64626090000003
              ],
              [
                -86.81454489999999,
                33.6462223
              ],
              [
                -86.81451069999999,
                33.6461904
              ],
              [
                -86.81447819999998,
                33.6461468
              ],
              [
                -86.8144552,
                33.64610059999998
              ],
              [
                -86.81444140000002,
                33.6460338
              ],
              [
                -86.8144416,
                33.64598929999998
              ],
              [
                -86.8144435,
                33.6459419
              ],
              [
                -86.8144935,
                33.6458618
              ],
              [
                -86.8145693,
                33.6457628
              ],
              [
                -86.8150981,
                33.645085
              ],
              [
                -86.81520819999999,
                33.64502390000001
              ],
              [
                -86.8153548,
                33.64499569999998
              ],
              [
                -86.81546579999998,
                33.64501
              ],
              [
                -86.8155756,
                33.64505879999999
              ],
              [
                -86.81565559999999,
                33.64512609999998
              ]
            ]
          ],
          [
            [
              [
                -86.81600729999998,
                33.6467201
              ],
              [
                -86.81602979999998,
                33.64681379999998
              ],
              [
                -86.8160392,
                33.6468222
              ],
              [
                -86.8160439,
                33.646838199999976
              ],
              [
                -86.8160381,
                33.647153500000016
              ],
              [
                -86.81581279999999,
                33.6471624
              ],
              [
                -86.81567870000002,
                33.647142299999985
              ],
              [
                -86.81554730000002,
                33.6470932
              ],
              [
                -86.815427,
                33.6469989
              ],
              [
                -86.81533649999999,
                33.646902
              ],
              [
                -86.81532309999999,
                33.64688769999998
              ],
              [
                -86.81530849999999,
                33.6468721
              ],
              [
                -86.8152914,
                33.646830299999976
              ],
              [
                -86.81527449999999,
                33.64678929999999
              ],
              [
                -86.81523309999999,
                33.646691199999985
              ],
              [
                -86.81535640000001,
                33.6466445
              ],
              [
                -86.8153285,
                33.64659119999998
              ],
              [
                -86.81535419999999,
                33.6465868
              ],
              [
                -86.8155184,
                33.64654380000001
              ],
              [
                -86.81556149999999,
                33.6465436
              ],
              [
                -86.8156071,
                33.6465433
              ],
              [
                -86.815622,
                33.6465901
              ],
              [
                -86.8157333,
                33.64657219999998
              ],
              [
                -86.81574340000002,
                33.646557
              ],
              [
                -86.81591239999999,
                33.6465282
              ],
              [
                -86.8159823,
                33.6465642
              ],
              [
                -86.81602169999998,
                33.64671729999998
              ],
              [
                -86.81600729999998,
                33.6467201
              ]
            ]
          ],
          [
            [
              [
                -86.80079470544949,
                33.73963202924008
              ],
              [
                -86.80084214941324,
                33.73975482424539
              ],
              [
                -86.80078504261233,
                33.742595900908796
              ],
              [
                -86.80011998796743,
                33.74260894110587
              ],
              [
                -86.80012769958799,
                33.74219997473314
              ],
              [
                -86.80013687302096,
                33.74171348108361
              ],
              [
                -86.80014097854767,
                33.741495751551575
              ],
              [
                -86.80015597483276,
                33.7407707513802
              ],
              [
                -86.80015597395462,
                33.74060075133626
              ],
              [
                -86.80015797371067,
                33.740552751326014
              ],
              [
                -86.80016451410195,
                33.74054771345821
              ],
              [
                -86.80023197356412,
                33.740495751391194
              ],
              [
                -86.80039397296277,
                33.740316751520254
              ],
              [
                -86.80051797250722,
                33.7401807516197
              ],
              [
                -86.80067597179325,
                33.73998175174033
              ],
              [
                -86.80073197135658,
                33.739875751774264
              ],
              [
                -86.80077797065672,
                33.7397227517856
              ],
              [
                -86.80079470544949,
                33.73963202924008
              ]
            ]
          ],
          [
            [
              [
                -86.80008342526702,
                33.744547884347405
              ],
              [
                -86.8000712035583,
                33.746265029081236
              ],
              [
                -86.79657339650561,
                33.746179369055625
              ],
              [
                -86.79657328091668,
                33.74616969889172
              ],
              [
                -86.80005100289236,
                33.746244752687645
              ],
              [
                -86.80006100082142,
                33.745839752592865
              ],
              [
                -86.80008199458439,
                33.74462375229923
              ],
              [
                -86.80008342526702,
                33.744547884347405
              ]
            ]
          ],
          [
            [
              [
                -86.8089576,
                33.7478614
              ],
              [
                -86.80870269999998,
                33.747882799999985
              ],
              [
                -86.80827019999998,
                33.7460547
              ],
              [
                -86.8085405,
                33.74590269999999
              ],
              [
                -86.8089576,
                33.7478614
              ]
            ]
          ],
          [
            [
              [
                -86.8103348,
                33.7552569
              ],
              [
                -86.8105387,
                33.7552095
              ],
              [
                -86.811043,
                33.7551037
              ],
              [
                -86.81131879999998,
                33.75596859999998
              ],
              [
                -86.811319,
                33.7559955
              ],
              [
                -86.8113068,
                33.7560181
              ],
              [
                -86.811283,
                33.7560421
              ],
              [
                -86.8112522,
                33.756055799999984
              ],
              [
                -86.811051,
                33.75607929999999
              ],
              [
                -86.81086329999998,
                33.756102699999985
              ],
              [
                -86.81018459999999,
                33.7561651
              ],
              [
                -86.8101404,
                33.7559857
              ],
              [
                -86.8101096,
                33.75580619999997
              ],
              [
                -86.81007529999998,
                33.7556191
              ],
              [
                -86.8100867,
                33.755532400000014
              ],
              [
                -86.8101129,
                33.7554401
              ],
              [
                -86.810128,
                33.75539509999998
              ],
              [
                -86.8101565,
                33.7553567
              ],
              [
                -86.8101887,
                33.7553218
              ],
              [
                -86.8102356,
                33.755289
              ],
              [
                -86.8103348,
                33.7552569
              ]
            ]
          ],
          [
            [
              [
                -86.8103858,
                33.7566859
              ],
              [
                -86.8104106,
                33.75663
              ],
              [
                -86.8104902,
                33.75653289999999
              ],
              [
                -86.8105723,
                33.756466399999965
              ],
              [
                -86.8106442,
                33.7564299
              ],
              [
                -86.8107495,
                33.75638689999998
              ],
              [
                -86.81082990000002,
                33.7563674
              ],
              [
                -86.8109043,
                33.7563541
              ],
              [
                -86.81105959999998,
                33.7568754
              ],
              [
                -86.81106289999998,
                33.75688779999999
              ],
              [
                -86.8110648,
                33.75690079999998
              ],
              [
                -86.81106409999998,
                33.7569124
              ],
              [
                -86.81106119999998,
                33.756924199999986
              ],
              [
                -86.8110509,
                33.7569415
              ],
              [
                -86.811034,
                33.75695169999997
              ],
              [
                -86.81101609999999,
                33.7569587
              ],
              [
                -86.8109923,
                33.756964
              ],
              [
                -86.81089549999999,
                33.7569801
              ],
              [
                -86.8103466,
                33.7570631
              ],
              [
                -86.8103358,
                33.757007
              ],
              [
                -86.8103289,
                33.75692510000001
              ],
              [
                -86.810332,
                33.7568461
              ],
              [
                -86.81034789999998,
                33.75678009999998
              ],
              [
                -86.8103649,
                33.7567317
              ],
              [
                -86.8103858,
                33.7566859
              ]
            ]
          ],
          [
            [
              [
                -86.81509326203238,
                33.79066583891874
              ],
              [
                -86.81515419924968,
                33.78881162002836
              ],
              [
                -86.8168604278593,
                33.788855146588894
              ],
              [
                -86.81684301671245,
                33.79049173473264
              ],
              [
                -86.81698230139558,
                33.7905004389798
              ],
              [
                -86.81702582746604,
                33.790700661057336
              ],
              [
                -86.81509326203238,
                33.79066583891874
              ]
            ]
          ],
          [
            [
              [
                -86.8067644,
                33.8088554
              ],
              [
                -86.8067554,
                33.80989509999998
              ],
              [
                -86.80611269999999,
                33.809891299999975
              ],
              [
                -86.8061217,
                33.808851599999976
              ],
              [
                -86.8067644,
                33.8088554
              ]
            ]
          ],
          [
            [
              [
                -86.8053088,
                33.81056959999998
              ],
              [
                -86.8049901,
                33.8105858
              ],
              [
                -86.8049694,
                33.8103057
              ],
              [
                -86.8052881,
                33.8102895
              ],
              [
                -86.8053088,
                33.81056959999998
              ]
            ]
          ],
          [
            [
              [
                -86.8076736677255,
                33.817237819126206
              ],
              [
                -86.8076736677255,
                33.8170797082932
              ],
              [
                -86.8078055,
                33.81708029999998
              ],
              [
                -86.80780442138742,
                33.817237819126206
              ],
              [
                -86.8076736677255,
                33.817237819126206
              ]
            ]
          ],
          [
            [
              [
                -86.69831519999998,
                33.65932449999998
              ],
              [
                -86.69801409999998,
                33.66002779999998
              ],
              [
                -86.697516,
                33.6598801
              ],
              [
                -86.697817,
                33.659176799999976
              ],
              [
                -86.69831519999998,
                33.65932449999998
              ]
            ]
          ],
          [
            [
              [
                -86.7430696369728,
                33.818831153202254
              ],
              [
                -86.7432041,
                33.8200513
              ],
              [
                -86.7430936,
                33.8200563
              ],
              [
                -86.74293459999998,
                33.8199343
              ],
              [
                -86.7428605,
                33.8195155
              ],
              [
                -86.7427166,
                33.818328199999975
              ],
              [
                -86.7426455,
                33.81779869999998
              ],
              [
                -86.7425819,
                33.817318299999975
              ],
              [
                -86.7425819,
                33.81717489999996
              ],
              [
                -86.742644,
                33.8171133
              ],
              [
                -86.7428544,
                33.8171007
              ],
              [
                -86.7428892,
                33.8171938
              ],
              [
                -86.74298739140693,
                33.81808482818041
              ],
              [
                -86.74298739239683,
                33.81808482818041
              ],
              [
                -86.74302210354945,
                33.81839981494226
              ],
              [
                -86.74306963832838,
                33.81883115320225
              ],
              [
                -86.7430696369728,
                33.818831153202254
              ]
            ]
          ],
          [
            [
              [
                -86.06169422110658,
                33.935816408743776
              ],
              [
                -86.06343991091,
                33.935571146762975
              ],
              [
                -86.06437767750646,
                33.9372591276726
              ],
              [
                -86.06327399836525,
                33.93780014674457
              ],
              [
                -86.06259592034438,
                33.93824739004989
              ],
              [
                -86.06118205473219,
                33.936783029715016
              ],
              [
                -86.06169422110658,
                33.935816408743776
              ]
            ]
          ],
          [
            [
              [
                -86.0648768,
                33.94698709999997
              ],
              [
                -86.0635291,
                33.9468224
              ],
              [
                -86.06362559999998,
                33.94627909999998
              ],
              [
                -86.0649733,
                33.9464438
              ],
              [
                -86.0648768,
                33.94698709999997
              ]
            ]
          ],
          [
            [
              [
                -86.0647906,
                33.9475772
              ],
              [
                -86.06504270000002,
                33.94645579999999
              ],
              [
                -86.0653538,
                33.94650919999998
              ],
              [
                -86.06541669999999,
                33.9476216
              ],
              [
                -86.0647906,
                33.9475772
              ]
            ]
          ],
          [
            [
              [
                -86.06330809999999,
                33.948881099999966
              ],
              [
                -86.06330479999998,
                33.9478043
              ],
              [
                -86.0654287,
                33.947799799999984
              ],
              [
                -86.065432,
                33.9488766
              ],
              [
                -86.06330809999999,
                33.948881099999966
              ]
            ]
          ],
          [
            [
              [
                -86.04104449999998,
                33.956488
              ],
              [
                -86.0414666,
                33.9563017
              ],
              [
                -86.04162519999998,
                33.956348
              ],
              [
                -86.04190710000002,
                33.95679449999999
              ],
              [
                -86.0417305,
                33.9568689
              ],
              [
                -86.0413862,
                33.9570209
              ],
              [
                -86.04104449999998,
                33.956488
              ]
            ]
          ],
          [
            [
              [
                -86.0500971,
                33.9601464
              ],
              [
                -86.05009827280033,
                33.960337534898905
              ],
              [
                -86.0500982728066,
                33.960337534898905
              ],
              [
                -86.05010069999999,
                33.9607331
              ],
              [
                -86.05007432240816,
                33.960733004792125
              ],
              [
                -86.05007458207679,
                33.96074546820068
              ],
              [
                -86.04795522725114,
                33.96075415435574
              ],
              [
                -86.04796391395993,
                33.96017654322831
              ],
              [
                -86.04798122975288,
                33.96017646938411
              ],
              [
                -86.04798070000001,
                33.96015549999996
              ],
              [
                -86.0500971,
                33.9601464
              ]
            ]
          ],
          [
            [
              [
                -86.03374689999998,
                33.96404140000002
              ],
              [
                -86.0334243,
                33.96404489999998
              ],
              [
                -86.03341589999997,
                33.9635112
              ],
              [
                -86.0337385,
                33.96350769999999
              ],
              [
                -86.03374689999998,
                33.96404140000002
              ]
            ]
          ],
          [
            [
              [
                -86.03415639999999,
                33.9664345
              ],
              [
                -86.03416759999999,
                33.9667344
              ],
              [
                -86.03381669999999,
                33.966735
              ],
              [
                -86.0338159,
                33.9664125
              ],
              [
                -86.034132,
                33.966412
              ],
              [
                -86.03415639999999,
                33.9664345
              ]
            ]
          ],
          [
            [
              [
                -86.763982,
                34.3339675
              ],
              [
                -86.7635454,
                34.3339779
              ],
              [
                -86.7635378,
                34.33376329999999
              ],
              [
                -86.7639643,
                34.3337466
              ],
              [
                -86.7639723,
                34.3337922
              ],
              [
                -86.764035,
                34.33379040000001
              ],
              [
                -86.7640501,
                34.33391539999998
              ],
              [
                -86.76397549999997,
                34.3339185
              ],
              [
                -86.763982,
                34.3339675
              ]
            ]
          ],
          [
            [
              [
                -86.76473879999998,
                34.334514
              ],
              [
                -86.7651003,
                34.33452959999998
              ],
              [
                -86.7650815,
                34.3347056
              ],
              [
                -86.76472,
                34.3346849
              ],
              [
                -86.76473719999998,
                34.3345286
              ],
              [
                -86.76473879999998,
                34.334514
              ]
            ]
          ]
        ]
      }
    }
  ]
}